locus_tag	product	protein_id	go_function	go_process	go_component	gene	GOs	Description	KEGG_ko	KEGG_Module	BRITE	KEGG_TC	CAZy	PFAMs
NCS66_RS00010	hypothetical protein	WP_250480179.1					-	viral genome integration into host DNA	-	-	-	-	-	-
NCS66_RS00025	hypothetical protein	WP_250480182.1					-	unidirectional conjugation	-	-	-	-	-	DUF87,T4SS-DNA_transf,TraG-D_C,TrwB_AAD_bind
NCS66_RS00030	hypothetical protein	WP_250480183.1					-	-	-	-	-	-	-	-
NCS66_RS00035	helicase-related protein	WP_250480184.1					-	PFAM helicase domain protein	-	-	-	-	-	Helicase_C,SNF2_N
NCS66_RS00040	DUF4391 domain-containing protein	WP_250480185.1					-	Domain of unknown function (DUF4391)	-	-	-	-	-	DUF4391
NCS66_RS00045	site-specific DNA-methyltransferase	WP_250480186.1	S-adenosyl-L-methionine binding|1904047||IEA	obsolete DNA methylation|0006306||IEA			-	DNA methylase	ko:K07316	-	ko00000,ko01000,ko02048	-	-	N6_N4_Mtase
NCS66_RS00050	DEAD/DEAH box helicase family protein	WP_250480187.1	hydrolase activity|0016787||IEA				-	PFAM type III restriction	ko:K01156	-	ko00000,ko01000,ko02048	-	-	ResIII
NCS66_RS00055	site-specific integrase	WP_250480188.1	DNA binding|0003677||IEA	DNA integration|0015074||IEA			-	Belongs to the 'phage' integrase family	-	-	-	-	-	Phage_integrase
NCS66_RS00060	VOC family protein	WP_175979693.1					-	PFAM Glyoxalase bleomycin resistance protein dioxygenase	ko:K08234	-	ko00000	-	-	Glyoxalase
NCS66_RS00070	surface attachment protein Sap1	WP_008352233.1				sap1	-	-	-	-	-	-	-	-
NCS66_RS00075	LysE family translocator	WP_175979694.1					-	LysE type translocator	-	-	-	-	-	LysE
NCS66_RS00080	SgcJ/EcaC family oxidoreductase	WP_175979695.1					-	SnoaL-like domain	-	-	-	-	-	SnoaL_3
NCS66_RS00090	transcriptional regulator	WP_008352229.1					-	Catalyzes the phosphorylation of the 3'-hydroxyl group of dephosphocoenzyme A to form coenzyme A	-	-	-	-	-	-
NCS66_RS00100	membrane protein insertion efficiency factor YidD	WP_033536595.1				yidD	-	Could be involved in insertion of integral membrane proteins into the membrane	ko:K08998	-	ko00000	-	-	Haemolytic
NCS66_RS00110	50S ribosomal protein L34	WP_004198824.1	structural constituent of ribosome|0003735||IEA	translation|0006412||IEA	cytosolic large ribosomal subunit|0022625||IEA	rpmH	-	Belongs to the bacterial ribosomal protein bL34 family	ko:K02914	M00178	br01610,ko00000,ko00001,ko00002,ko03011	-	-	Ribosomal_L34
NCS66_RS00115	chromosomal replication initiator protein DnaA	WP_008352222.1	ATP binding|0005524||IEA	regulation of DNA replication|0006275||IEA		dnaA	-	it binds specifically double-stranded DNA at a 9 bp consensus (dnaA box) 5'-TTATC CA A CA A-3'. DnaA binds to ATP and to acidic phospholipids	ko:K02313	-	ko00000,ko00001,ko03032,ko03036	-	-	Bac_DnaA,Bac_DnaA_C,DnaA_N
NCS66_RS00130	AraC family transcriptional regulator	WP_250480205.1					-	AraC family transcriptional regulator	ko:K13652	-	ko00000,ko03000	-	-	GyrI-like,HTH_18
NCS66_RS00135	hypothetical protein	WP_008352215.1					-	-	-	-	-	-	-	-
NCS66_RS00150	DUF488 family protein	WP_034470746.1					-	Protein of unknown function, DUF488	-	-	-	-	-	DUF488
NCS66_RS00160	PaaI family thioesterase	WP_250480189.1	fatty acyl-CoA hydrolase activity|0047617||IEA				-	PFAM thioesterase superfamily protein	-	-	-	-	-	4HBT
NCS66_RS00165	patatin-like phospholipase family protein	WP_034470311.1					-	PFAM Patatin	-	-	-	-	-	Patatin
NCS66_RS00170	OsmC family protein	WP_175979696.1					-	PFAM OsmC family protein	-	-	-	-	-	OsmC
NCS66_RS00185	LysR family transcriptional regulator	WP_250480191.1	DNA-binding transcription activator activity|0001216||IEA				-	Transcriptional regulator, LysR family	-	-	-	-	-	HTH_1,LysR_substrate
NCS66_RS00190	DNA topoisomerase III	WP_034470315.1	DNA topoisomerase activity|0003916||IEA	DNA topological change|0006265||IEA			-	dna topoisomerase III	ko:K03169	-	ko00000,ko01000,ko03032	-	-	SWIB,Topoisom_bac,Toprim,Toprim_Crpt
NCS66_RS00195	thioredoxin family protein	WP_175979698.1					-	Thioredoxin	-	-	-	-	-	Thioredoxin
NCS66_RS00220	zinc metalloprotease HtpX	WP_008352188.1	metalloendopeptidase activity|0004222||IEA	proteolysis|0006508||IEA		htpX	-	Belongs to the peptidase M48B family	ko:K03799	M00743	ko00000,ko00002,ko01000,ko01002	-	-	Peptidase_M48
NCS66_RS00230	DUF4390 domain-containing protein	WP_008352184.1					-	signal peptide protein	-	-	-	-	-	DUF4390
NCS66_RS00235	PAS domain-containing sensor histidine kinase	WP_284502244.1					-	Histidine kinase	-	-	-	-	-	HAMP,HATPase_c,HisKA,PAS_4,PAS_7,PAS_8
NCS66_RS00240	response regulator transcription factor EsaR	WP_250438795.1				esaR	-	response regulator	-	-	-	-	-	HTH_8,Response_reg,Sigma54_activ_2
NCS66_RS00250	glycosyl hydrolase	WP_250435417.1					-	6-phospho-beta-galactosidase activity	-	-	-	-	-	Glyco_hydro_cc
NCS66_RS00275	tetratricopeptide repeat protein	WP_034470327.1	protein binding|0005515||IEA				-	PFAM Sel1 domain protein repeat-containing protein	ko:K07126	-	ko00000	-	-	Sel1
NCS66_RS00305	Asp-tRNA(Asn)/Glu-tRNA(Gln) amidotransferase subunit GatC	WP_008352020.1	glutaminyl-tRNA synthase (glutamine-hydrolyzing) activity|0050567||IEA	regulation of translational fidelity|0006450||IEA	glutamyl-tRNA(Gln) amidotransferase complex|0030956||IEA	gatC	-	Allows the formation of correctly charged Asn-tRNA(Asn) or Gln-tRNA(Gln) through the transamidation of misacylated Asp- tRNA(Asn) or Glu-tRNA(Gln) in organisms which lack either or both of asparaginyl-tRNA or glutaminyl-tRNA synthetases. The reaction takes place in the presence of glutamine and ATP through an activated phospho-Asp-tRNA(Asn) or phospho-Glu-tRNA(Gln)	ko:K02435	-	ko00000,ko00001,ko01000,ko03029	-	-	Glu-tRNAGln
NCS66_RS00310	Asp-tRNA(Asn)/Glu-tRNA(Gln) amidotransferase subunit GatA	WP_250480197.1	glutaminyl-tRNA synthase (glutamine-hydrolyzing) activity|0050567||IEA	glutamyl-tRNA aminoacylation|0006424||IEA	glutamyl-tRNA(Gln) amidotransferase complex|0030956||IEA	gatA	-	Allows the formation of correctly charged Gln-tRNA(Gln) through the transamidation of misacylated Glu-tRNA(Gln) in organisms which lack glutaminyl-tRNA synthetase. The reaction takes place in the presence of glutamine and ATP through an activated gamma-phospho-Glu-tRNA(Gln)	ko:K02433	-	ko00000,ko00001,ko01000,ko03029	-	-	Amidase
NCS66_RS00315	Asp-tRNA(Asn)/Glu-tRNA(Gln) amidotransferase subunit GatB	WP_175979710.1	carbon-nitrogen ligase activity, with glutamine as amido-N-donor|0016884||IEA			gatB	-	Allows the formation of correctly charged Asn-tRNA(Asn) or Gln-tRNA(Gln) through the transamidation of misacylated Asp- tRNA(Asn) or Glu-tRNA(Gln) in organisms which lack either or both of asparaginyl-tRNA or glutaminyl-tRNA synthetases. The reaction takes place in the presence of glutamine and ATP through an activated phospho-Asp-tRNA(Asn) or phospho-Glu-tRNA(Gln)	ko:K02434	-	ko00000,ko00001,ko01000,ko03029	-	-	GatB_N,GatB_Yqey
NCS66_RS00320	PPK2 family polyphosphate kinase	WP_175979711.1	phosphotransferase activity, phosphate group as acceptor|0016776||IEA	polyphosphate metabolic process|0006797||IEA	cellular_component|0005575||IEA		-	Polyphosphate kinase 2 (PPK2)	ko:K00937	-	ko00000,ko00001,ko01000,ko03019	-	-	PPK2
NCS66_RS00325	exodeoxyribonuclease III	WP_250480198.1	nuclease activity|0004518||IEA	DNA repair|0006281||IEA			-	Exodeoxyribonuclease III	ko:K01142	-	ko00000,ko00001,ko01000,ko03400	-	-	Exo_endo_phos
NCS66_RS00330	M48 family metallopeptidase	WP_250480199.1					-	Peptidase M48	-	-	-	-	-	Peptidase_M48
NCS66_RS00340	methionine biosynthesis protein MetW	WP_008352006.1		methionine biosynthetic process|0009086||IEA		metW	-	Methionine biosynthesis protein MetW	-	-	-	-	-	MetW
NCS66_RS00345	homoserine O-acetyltransferase	WP_008352005.1	acyltransferase activity, transferring groups other than amino-acyl groups|0016747||IEA	biosynthetic process|0009058||IEA			-	Transfers a succinyl group from succinyl-CoA to L- homoserine, forming succinyl-L-homoserine	ko:K00641	-	ko00000,ko00001,ko01000	-	-	Abhydrolase_1
NCS66_RS00350	type II toxin-antitoxin system Phd/YefM family antitoxin	WP_250480200.1			toxin-antitoxin complex|0110001||IEA		-	Antitoxin component of a toxin-antitoxin (TA) module	-	-	-	-	-	PhdYeFM_antitox
NCS66_RS00355	type II toxin-antitoxin system RelE/ParE family toxin	WP_008352003.1	protein homodimerization activity|0042803||IEA	protein heterotetramerization|0051290||IEA			-	ParE toxin of type II toxin-antitoxin system, parDE	-	-	-	-	-	ParE_toxin
NCS66_RS00360	pyrimidine 5'-nucleotidase	WP_008352002.1					-	had-superfamily hydrolase subfamily ia, variant 3	ko:K07025	-	ko00000	-	-	HAD_2
NCS66_RS00370	cysteine-rich CWC family protein	WP_235366273.1					-	Cysteine-rich CWC	-	-	-	-	-	Cys_rich_CWC
NCS66_RS00375	ATP-binding protein	WP_008351999.1					-	histidine kinase A domain protein	ko:K15011	M00523	ko00000,ko00001,ko00002,ko01000,ko01001,ko02022	-	-	HATPase_c
NCS66_RS00380	response regulator transcription factor	WP_250480201.1					-	response regulator	ko:K15012	M00523	ko00000,ko00001,ko00002,ko02022	-	-	HTH_8,Response_reg
NCS66_RS00385	methyl-accepting chemotaxis protein	WP_175979717.1		signal transduction|0007165||IEA	membrane|0016020||IEA		-	Chemotaxis sensory transducer	-	-	-	-	-	4HB_MCP_1,HAMP,MCPsignal,PAS_3,TarH
NCS66_RS00395	hypothetical protein	WP_250480202.1					-	-	-	-	-	-	-	-
NCS66_RS00400	PAAR domain-containing protein	WP_250480203.1					-	PAAR motif	-	-	-	-	-	PAAR_motif
NCS66_RS00405	hypothetical protein	WP_250480204.1					-	-	-	-	-	-	-	-
NCS66_RS00410	hypothetical protein	WP_250480206.1					-	-	-	-	-	-	-	-
NCS66_RS00425	EAL domain-containing protein	WP_008351986.1					-	PFAM EAL domain protein	-	-	-	-	-	EAL
NCS66_RS00430	indolepyruvate ferredoxin oxidoreductase family protein	WP_250480208.1					-	oxidoreductase	ko:K04090	-	br01601,ko00000,ko01000	-	-	POR,TPP_enzyme_C
NCS66_RS00440	hypothetical protein	WP_008351976.1					-	-	-	-	-	-	-	-
NCS66_RS00445	hypothetical protein	WP_008351974.1					-	-	-	-	-	-	-	-
NCS66_RS00455	AGE family epimerase/isomerase	WP_250480209.1					-	N-acylglucosamine 2-epimerase	-	-	-	-	-	GlcNAc_2-epim
NCS66_RS00460	LacI family DNA-binding transcriptional regulator	WP_008351968.1	sequence-specific DNA binding|0043565||IEA	negative regulation of DNA-templated transcription|0045892||IEA			-	periplasmic binding protein LacI transcriptional regulator	-	-	-	-	-	LacI,Peripla_BP_3
NCS66_RS00465	SAM-dependent methyltransferase	WP_034470354.1	S-adenosylmethionine-dependent methyltransferase activity|0008757||IEA	nodulation|0009877||IEA			-	Nodulation protein S (NodS)	-	-	-	-	-	Methyltransf_25,NodS
NCS66_RS00470	PIG-L family deacetylase	WP_034470357.1	deacetylase activity|0019213||IEA				-	GlcNAc-PI de-N-acetylase	-	-	-	-	-	PIG-L
NCS66_RS00475	acyl-CoA dehydrogenase	WP_250478604.1					-	acyl-CoA dehydrogenase	-	-	-	-	-	-
NCS66_RS00485	hypothetical protein	WP_250480210.1					-	-	-	-	-	-	-	-
NCS66_RS00490	porin	WP_008351956.1	porin activity|0015288||IEA		cell outer membrane|0009279||IEA		-	PFAM porin Gram-negative type	-	-	-	-	-	Porin_4
NCS66_RS00495	nitronate monooxygenase family protein	WP_250480211.1	monooxygenase activity|0004497||IEA				-	2-Nitropropane dioxygenase	ko:K00459	-	ko00000,ko00001,ko01000	-	-	NMO
NCS66_RS00500	alpha/beta hydrolase	WP_250456646.1	hydrolase activity|0016787||IEA				-	Alpha beta hydrolase	ko:K01561	-	ko00000,ko00001,ko01000	-	-	Abhydrolase_1
NCS66_RS00505	MBL fold metallo-hydrolase	WP_250478606.1	metal ion binding|0046872||IEA				-	beta-lactamase	-	-	-	-	-	Lactamase_B
NCS66_RS00510	DUF1289 domain-containing protein	WP_250480307.1					-	PFAM MaoC domain protein dehydratase	-	-	-	-	-	DUF1289,MaoC_dehydrat_N,MaoC_dehydratas
NCS66_RS00515	YbaK/EbsC family protein	WP_250480212.1					-	ybak prolyl-trna synthetase associated region	-	-	-	-	-	tRNA_edit
NCS66_RS00550	CocE/NonD family hydrolase	WP_034470383.1	hydrolase activity|0016787||IEA				-	X-Pro dipeptidyl-peptidase (S15 family)	-	-	-	-	-	Peptidase_S15,Peptidase_S9
NCS66_RS00565	SDR family oxidoreductase	WP_008351935.1	oxidoreductase activity|0016491||IEA				-	short-chain dehydrogenase	-	-	-	-	-	adh_short
NCS66_RS00570	5-demethoxyubiquinol-8 5-hydroxylase UbiM	WP_250480217.1	FAD binding|0071949||IEA	ubiquinone biosynthetic process|0006744||IEA		ubiM	-	FAD binding domain	ko:K03184	M00117	ko00000,ko00001,ko00002,ko01000	-	-	FAD_binding_3
NCS66_RS00600	MerR family DNA-binding transcriptional regulator	WP_008351922.1	DNA-binding transcription factor activity|0003700||IEA				-	Transcriptional regulator	-	-	-	-	-	MerR,MerR-DNA-bind,MerR_1
NCS66_RS00605	MBL fold metallo-hydrolase	WP_250480221.1					-	PFAM beta-lactamase domain protein	-	-	-	-	-	Lactamase_B
NCS66_RS00620	hypothetical protein	WP_250433464.1					-	-	-	-	-	-	-	-
NCS66_RS00625	hypothetical protein	WP_250433467.1					-	ATP-grasp	-	-	-	-	-	ATP-grasp_3
NCS66_RS00630	dTDP-4-amino-4,6-dideoxy-D-glucose aminotransferase VioA	WP_250480222.1				vioA	-	Belongs to the DegT DnrJ EryC1 family	ko:K20429	-	ko00000,ko01000	-	-	DegT_DnrJ_EryC1
NCS66_RS00635	tetratricopeptide repeat protein	WP_250478616.1					-	Tetratricopeptide TPR_2 repeat protein	-	-	-	-	-	Glyco_tranf_2_5,Glyco_transf_41,Methyltransf_12,TPR_1,TPR_11,TPR_16,TPR_19,TPR_2,TPR_8
NCS66_RS00640	flagellar protein FliT	WP_250433483.1					-	Flagellar protein FliT	-	-	-	-	-	FliT
NCS66_RS00645	flagellar filament capping protein FliD	WP_250480223.1		cell adhesion|0007155||IEA	bacterial-type flagellum|0009288||IEA	fliD	-	Required for morphogenesis and for the elongation of the flagellar filament by facilitating polymerization of the flagellin monomers at the tip of growing filament. Forms a capping structure, which prevents flagellin subunits (transported through the central channel of the flagellum) from leaking out without polymerization at the distal end	ko:K02407	-	ko00000,ko00001,ko02035	-	-	Flagellin_IN,FliD_C,FliD_N
NCS66_RS00650	flagellin	WP_250433509.1					GO:0005575,GO:0005576,GO:0005623,GO:0009288,GO:0042995,GO:0043226,GO:0043228,GO:0044464	Flagellin is the subunit protein which polymerizes to form the filaments of bacterial flagella	ko:K02406	-	ko00000,ko00001,ko02035	-	-	Flagellin_C,Flagellin_N,FliC,FliC_SP
NCS66_RS00665	hypothetical protein	WP_239294315.1					-	-	-	-	-	-	-	-
NCS66_RS00670	hypothetical protein	WP_175979735.1					-	-	-	-	-	-	-	-
NCS66_RS00690	hypothetical protein	WP_008351896.1					-	-	-	-	-	-	-	PXPV
NCS66_RS00700	glycosyltransferase family 4 protein	WP_008351894.1					-	PFAM glycosyl transferase group 1	-	-	-	-	-	Glyco_trans_4_4,Glyco_transf_4,Glycos_transf_1
NCS66_RS00705	flagellar transcriptional regulator FlhD	WP_008351892.1	DNA binding|0003677||IEA	regulation of bacterial-type flagellum assembly|1902208||IEA		flhD	-	Functions in complex with FlhC as a master transcriptional regulator that regulates transcription of several flagellar and non-flagellar operons by binding to their promoter region. Activates expression of class 2 flagellar genes, including fliA, which is a flagellum-specific sigma factor that turns on the class 3 genes. Also regulates genes whose products function in a variety of physiological pathways	ko:K02403	-	ko00000,ko00001,ko02035	-	-	FlhD
NCS66_RS00715	hypothetical protein	WP_250480224.1					-	-	-	-	-	-	-	-
NCS66_RS00730	response regulator	WP_008351883.1		phosphorelay signal transduction system|0000160||IEA			-	Pfam Response regulator receiver	ko:K03413	M00506	ko00000,ko00001,ko00002,ko02022,ko02035	-	-	Response_reg
NCS66_RS00755	chemoreceptor glutamine deamidase CheD	WP_033536555.1				cheD	-	Probably deamidates glutamine residues to glutamate on methyl-accepting chemotaxis receptors (MCPs), playing an important role in chemotaxis	ko:K03411	-	ko00000,ko00001,ko01000,ko02035	-	-	CheD
NCS66_RS00775	DUF2844 domain-containing protein	WP_034470771.1					-	Protein of unknown function (DUF2844)	-	-	-	-	-	DUF2844
NCS66_RS00780	DUF3443 domain-containing protein	WP_034470435.1					-	Protein of unknown function (DUF3443)	-	-	-	-	-	DUF3443
NCS66_RS00785	SDR family oxidoreductase	WP_250480226.1	oxidoreductase activity|0016491||IEA				-	Belongs to the short-chain dehydrogenases reductases (SDR) family	-	-	-	-	-	adh_short
NCS66_RS00790	thiol:disulfide interchange protein DsbA/DsbL	WP_034470441.1	protein-disulfide reductase activity|0015035||IEA				-	Thiol disulfide interchange protein	ko:K03673	M00728	ko00000,ko00001,ko00002,ko03110	-	-	DSBA,Thioredoxin
NCS66_RS00795	SPOR domain-containing protein	WP_008351857.1	peptidoglycan binding|0042834||IEA				-	cell division protein	-	-	-	-	-	SPOR
NCS66_RS00800	arginine--tRNA ligase	WP_250480227.1	ATP binding|0005524||IEA	arginyl-tRNA aminoacylation|0006420||IEA	cytoplasm|0005737||IEA	argS	-	Arginyl-tRNA synthetase	ko:K01887	M00359,M00360	ko00000,ko00001,ko00002,ko01000,ko01007,ko03016,ko03029	-	-	Arg_tRNA_synt_N,DALR_1,tRNA-synt_1d
NCS66_RS00805	DUF1840 domain-containing protein	WP_008351853.1					-	Domain of unknown function (DUF1840)	-	-	-	-	-	DUF1840
NCS66_RS00810	hypothetical protein	WP_008351852.1					-	-	-	-	-	-	-	-
NCS66_RS00825	DUF3567 domain-containing protein	WP_008351849.1					-	Protein of unknown function (DUF3567)	-	-	-	-	-	DUF3567
NCS66_RS00835	DUF3108 domain-containing protein	WP_250480228.1					-	Protein of unknown function (DUF3108)	-	-	-	-	-	DUF3108
NCS66_RS00840	IclR family transcriptional regulator	WP_250438904.1	DNA-binding transcription factor activity|0003700||IEA	regulation of DNA-templated transcription|0006355||IEA			-	Transcriptional regulator	-	-	-	-	-	HTH_IclR,IclR
NCS66_RS00860	PhaM family polyhydroxyalkanoate granule multifunctional regulatory protein	WP_250438926.1					-	-	-	-	-	-	-	-
NCS66_RS00865	MerR family transcriptional regulator	WP_239294312.1	DNA binding|0003677||IEA	regulation of DNA-templated transcription|0006355||IEA			-	B12 binding domain	ko:K22491	-	ko00000,ko03000	-	-	B12-binding,B12-binding_2,MerR_1
NCS66_RS00870	acyl-ACP desaturase	WP_033536551.1					-	Catalyzes the formation of the isocyclic ring in chlorophyll biosynthesis. Mediates the cyclase reaction, which results in the formation of divinylprotochlorophyllide (Pchlide) characteristic of all chlorophylls from magnesium-protoporphyrin IX 13-monomethyl ester (MgPMME)	-	-	-	-	-	-
NCS66_RS00875	D-glycero-beta-D-manno-heptose 1-phosphate adenylyltransferase	WP_250480229.1	nucleotidyltransferase activity|0016779||IEA	carbohydrate metabolic process|0005975||IEA		rfaE2	-	Catalyzes the ADP transfer from ATP to D-glycero-beta-D- manno-heptose 1-phosphate, yielding ADP-D-glycero-beta-D-manno- heptose	ko:K21345	M00064	ko00000,ko00001,ko00002,ko01000	-	-	CTP_transf_like
NCS66_RS00880	hypothetical protein	WP_008351832.1					-	-	-	-	-	-	-	-
NCS66_RS00895	type II toxin-antitoxin system RelE/ParE family toxin	WP_309779193.1	protein homodimerization activity|0042803||IEA	protein heterotetramerization|0051290||IEA			-	ParE toxin of type II toxin-antitoxin system, parDE	-	-	-	-	-	ParE_toxin
NCS66_RS00900	antitoxin	WP_250433546.1					-	Addiction module antitoxin, RelB DinJ family	-	-	-	-	-	-
NCS66_RS00925	VanZ family protein	WP_250480230.1					-	PFAM VanZ family protein	-	-	-	-	-	VanZ
NCS66_RS00930	ferredoxin	WP_008351817.1					-	Ferredoxin	-	-	-	-	-	2Fe-2S_thioredx
NCS66_RS00935	alpha/beta hydrolase	WP_250480231.1					-	Alpha beta	ko:K07018	-	ko00000	-	-	Hydrolase_4,Peptidase_S15
NCS66_RS00955	DUF493 family protein	WP_250480233.1					-	Belongs to the UPF0250 family	ko:K09158	-	ko00000	-	-	DUF493
NCS66_RS00965	DUF2917 domain-containing protein	WP_250480234.1					-	Protein of unknown function (DUF2917)	-	-	-	-	-	DUF2917
NCS66_RS00985	ATP-binding protein	WP_235366265.1					-	PFAM ATP-binding region, ATPase domain protein	ko:K10125	M00504	ko00000,ko00001,ko00002,ko01000,ko01001,ko02022	-	-	HATPase_c,HisKA,dCache_1
NCS66_RS00995	TlpA disulfide reductase family protein	WP_008351800.1	oxidoreductase activity|0016491||IEA				-	Redoxin domain protein	-	-	-	-	-	AhpC-TSA,Redoxin
NCS66_RS01000	hypothetical protein	WP_250480237.1					-	-	-	-	-	-	-	-
NCS66_RS01010	accessory factor UbiK family protein	WP_008351796.1					-	Membrane fusogenic activity	ko:K09806	-	ko00000	-	-	BMFP
NCS66_RS01055	S41 family peptidase	WP_008351783.1	serine-type peptidase activity|0008236||IEA	proteolysis|0006508||IEA			-	Belongs to the peptidase S41A family	ko:K03797	-	ko00000,ko01000,ko01002	-	-	PDZ,PDZ_2,Peptidase_S41
NCS66_RS01095	ComF family protein	WP_250480240.1					-	Competence protein	-	-	-	-	-	Pribosyltran
NCS66_RS01100	methyltransferase domain-containing protein	WP_250480241.1	S-adenosylmethionine-dependent methyltransferase activity|0008757||IEA				-	Converts the free carboxyl group of a malonyl-thioester to its methyl ester by transfer of a methyl group from S-adenosyl- L-methionine (SAM). It allows to synthesize pimeloyl-ACP via the fatty acid synthetic pathway	ko:K02169	M00572	ko00000,ko00001,ko00002,ko01000	-	-	Methyltransf_11
NCS66_RS01105	DUF2244 domain-containing protein	WP_008351769.1					-	Integral membrane protein (DUF2244)	-	-	-	-	-	DUF2244
NCS66_RS01120	cytochrome oxidase small assembly protein	WP_008351762.1					-	-	-	-	-	-	-	-
NCS66_RS01130	DUF2970 domain-containing protein	WP_008351758.1					-	Protein of unknown function (DUF2970)	-	-	-	-	-	DUF2970
NCS66_RS01140	twin transmembrane helix small protein	WP_008351753.1					-	Protein of unknown function (DUF2909)	-	-	-	-	-	DUF2909
NCS66_RS01150	cytochrome c oxidase subunit I	WP_008351749.1					-	signal sequence binding	-	-	-	-	-	-
NCS66_RS01160	heme o synthase	WP_008351745.1	protoheme IX farnesyltransferase activity|0008495||IEA	heme biosynthetic process|0006783||IEA	membrane|0016020||IEA	cyoE	-	Converts heme B (protoheme IX) to heme O by substitution of the vinyl group on carbon 2 of heme B porphyrin ring with a hydroxyethyl farnesyl side group	ko:K02257	M00154	ko00000,ko00001,ko00002,ko01000,ko01006,ko03029	-	-	UbiA
NCS66_RS01165	SCO family protein	WP_008351744.1					-	Electron transport protein SCO1 SenC	ko:K07152	-	ko00000,ko03029	-	-	SCO1-SenC
NCS66_RS01170	YciI family protein	WP_034470513.1					-	PFAM YCII-related	-	-	-	-	-	YCII
NCS66_RS01180	GNAT family N-acetyltransferase	WP_008351741.1	acyltransferase activity, transferring groups other than amino-acyl groups|0016747||IEA				-	Regulatory protein MarR	-	-	-	-	-	Acetyltransf_1,Acetyltransf_10,MarR_2
NCS66_RS01190	GntR family transcriptional regulator	WP_008351740.1	DNA-binding transcription factor activity|0003700||IEA				-	regulatory protein GntR HTH	ko:K03710	-	ko00000,ko03000	-	-	GntR,UTRA
NCS66_RS01220	acyloxyacyl hydrolase	WP_034470522.1					GO:0003674,GO:0003824,GO:0005488,GO:0005515,GO:0005575,GO:0005623,GO:0005975,GO:0005976,GO:0006629,GO:0006643,GO:0006644,GO:0006664,GO:0006793,GO:0006796,GO:0008150,GO:0008152,GO:0008653,GO:0009279,GO:0009311,GO:0009987,GO:0016020,GO:0016021,GO:0016787,GO:0016788,GO:0019637,GO:0019867,GO:0030312,GO:0030313,GO:0031224,GO:0031975,GO:0042802,GO:0042803,GO:0043170,GO:0044237,GO:0044238,GO:0044255,GO:0044260,GO:0044262,GO:0044264,GO:0044425,GO:0044462,GO:0044464,GO:0046493,GO:0046983,GO:0050528,GO:0052689,GO:0071704,GO:0071944,GO:1901135,GO:1901269,GO:1903509	Has lipid A 3-O-deacylase activity. Hydrolyzes the ester bond at the 3 position of lipid A, a bioactive component of lipopolysaccharide (LPS), thereby releasing the primary fatty acyl moiety	ko:K12976	-	ko00000,ko01000,ko01005	-	-	PagL
NCS66_RS01225	nuclear transport factor 2 family protein	WP_008351729.1					-	Domain of unknown function (DUF4440)	-	-	-	-	-	DUF4440
NCS66_RS01240	fumarylacetoacetate hydrolase family protein	WP_008351720.1	catalytic activity|0003824||IEA				-	fumarylacetoacetate (FAA) hydrolase	ko:K16165	-	ko00000,ko00001,ko01000	-	-	FAA_hydrolase
NCS66_RS01285	50S ribosomal protein L25/general stress protein Ctc	WP_034470532.1	5S rRNA binding|0008097||IEA	translation|0006412||IEA			-	This is one of the proteins that binds to the 5S RNA in the ribosome where it forms part of the central protuberance	ko:K02897	M00178	ko00000,ko00001,ko00002,ko03011	-	-	Ribosomal_L25p,Ribosomal_TL5_C
NCS66_RS01305	lipoprotein insertase outer membrane protein LolB	WP_250480247.1		protein transport|0015031||IEA	cell outer membrane|0009279||IEA	lolB	-	Plays a critical role in the incorporation of lipoproteins in the outer membrane after they are released by the LolA protein	ko:K02494	-	ko00000	-	-	LolB
NCS66_RS01310	tetratricopeptide repeat protein	WP_008351697.1					-	TPR repeat-containing protein	-	-	-	-	-	TPR_16,TPR_19,TPR_8
NCS66_RS01325	LON peptidase substrate-binding domain-containing protein	WP_008351694.1					-	PFAM peptidase S16 lon domain protein	ko:K07157	-	ko00000	-	-	LON_substr_bdg
NCS66_RS01335	HPr(Ser) kinase/phosphatase	WP_008351692.1	ATP binding|0005524||IEA	regulation of carbohydrate metabolic process|0006109||IEA		hprK	-	Catalyzes the ATP- as well as the pyrophosphate- dependent phosphorylation of a specific serine residue in HPr, a phosphocarrier protein of the phosphoenolpyruvate-dependent sugar phosphotransferase system (PTS). HprK P also catalyzes the pyrophosphate-producing, inorganic phosphate-dependent dephosphorylation (phosphorolysis) of seryl-phosphorylated HPr (P- Ser-HPr)	ko:K06023	-	ko00000,ko01000	-	-	Hpr_kinase_C,Hpr_kinase_N
NCS66_RS01390	LysE family translocator	WP_250433608.1					-	Lysine transporter LysE	-	-	-	-	-	LysE
NCS66_RS01395	NUDIX hydrolase family protein	WP_250480250.1					-	Domain of unknown function (DUF4743)	-	-	-	-	-	DUF4743,NUDIX
NCS66_RS01405	membrane protein	WP_008351668.1					-	membrane	-	-	-	-	-	AI-2E_transport
NCS66_RS01420	single-stranded DNA-binding protein	WP_008351662.1					GO:0000725,GO:0003674,GO:0003676,GO:0003677,GO:0003697,GO:0005488,GO:0005515,GO:0005575,GO:0005622,GO:0005623,GO:0005737,GO:0005829,GO:0006139,GO:0006259,GO:0006281,GO:0006298,GO:0006310,GO:0006725,GO:0006807,GO:0006950,GO:0006974,GO:0007154,GO:0008047,GO:0008150,GO:0008152,GO:0009432,GO:0009605,GO:0009987,GO:0009991,GO:0030234,GO:0031668,GO:0033554,GO:0034641,GO:0042802,GO:0043085,GO:0043170,GO:0044093,GO:0044237,GO:0044238,GO:0044260,GO:0044424,GO:0044444,GO:0044464,GO:0046483,GO:0050790,GO:0050896,GO:0051716,GO:0065007,GO:0065009,GO:0071496,GO:0071704,GO:0090304,GO:0097159,GO:0098772,GO:1901360,GO:1901363	Plays an important role in DNA replication, recombination and repair. Binds to ssDNA and to an array of partner proteins to recruit them to their sites of action during DNA metabolism	ko:K03111	-	ko00000,ko00001,ko03029,ko03032,ko03400	-	-	SSB
NCS66_RS01430	response regulator transcription factor	WP_033536541.1	DNA binding|0003677||IEA	regulation of DNA-templated transcription|0006355||IEA			-	Response regulator receiver	ko:K07687	M00474	ko00000,ko00001,ko00002,ko02022	-	-	GerE,Response_reg
NCS66_RS01435	response regulator transcription factor	WP_250480251.1	DNA binding|0003677||IEA	regulation of DNA-templated transcription|0006355||IEA			-	PFAM regulatory protein LuxR	ko:K07687	M00474	ko00000,ko00001,ko00002,ko02022	-	-	GerE,Response_reg
NCS66_RS01445	ATP-binding protein	WP_250480252.1					-	histidine kinase A domain protein	-	-	-	-	-	HATPase_c,HisKA,Hpt,PAS_3,PAS_4,Response_reg,SBP_bac_3
NCS66_RS01450	LysR family transcriptional regulator	WP_008351657.1	DNA-binding transcription activator activity|0001216||IEA				-	Transcriptional regulator	-	-	-	-	-	HTH_1,LysR_substrate
NCS66_RS01455	porin	WP_175979781.1	porin activity|0015288||IEA		cell outer membrane|0009279||IEA		-	PFAM porin Gram-negative type	-	-	-	-	-	Porin_4
NCS66_RS01460	CHRD domain-containing protein	WP_250480309.1					-	PFAM CHRD domain containing protein	-	-	-	-	-	CHRD
NCS66_RS01465	alpha/beta hydrolase	WP_250480253.1	hydrolase activity|0016787||IEA				-	Alpha beta hydrolase	ko:K14731	-	ko00000,ko00001,ko01000	-	-	Abhydrolase_3
NCS66_RS01470	EcsC family protein	WP_008351653.1					-	EcsC protein family	-	-	-	-	-	EcsC
NCS66_RS01475	MFS transporter	WP_175979783.1	transmembrane transporter activity|0022857||IEA	transmembrane transport|0055085||IEA			-	Major facilitator superfamily	-	-	-	-	-	MFS_1
NCS66_RS01480	MarR family transcriptional regulator	WP_008351651.1	DNA-binding transcription factor activity|0003700||IEA	regulation of DNA-templated transcription|0006355||IEA			-	Regulatory protein MarR	-	-	-	-	-	MarR,MarR_2
NCS66_RS01490	MurR/RpiR family transcriptional regulator	WP_250480254.1	DNA-binding transcription factor activity|0003700||IEA	regulation of DNA-templated transcription|0006355||IEA			-	Transcriptional regulator	ko:K19337	-	ko00000,ko03000	-	-	HTH_6,SIS
NCS66_RS01495	D-aminoacylase	WP_250480255.1	N-acyl-D-amino-acid deacylase activity|0047420||IEA				-	D-aminoacylase	ko:K01461,ko:K06015	-	ko00000,ko01000	-	-	Amidohydro_3
NCS66_RS01500	RidA family protein	WP_008351642.1	hydrolase activity|0016787||IEA				-	endoribonuclease L-PSP	-	-	-	-	-	Ribonuc_L-PSP
NCS66_RS01520	FAD/FMN-binding oxidoreductase	WP_034470575.1					-	FAD linked oxidase domain protein	-	-	-	-	-	CCG,DUF3400,DUF3683,FAD-oxidase_C,FAD_binding_4,Fer4_8
NCS66_RS01525	HIT family protein	WP_008351633.1	S-adenosyl-L-methionine binding|1904047||IEA				-	Histidine triad (HIT) protein	-	-	-	-	-	HIT
NCS66_RS01530	DUF971 domain-containing protein	WP_250480256.1					-	Protein of unknown function (DUF971)	-	-	-	-	-	DUF971
NCS66_RS01540	Tim44-like domain-containing protein	WP_008351625.1					-	import inner membrane translocase, subunit Tim44	-	-	-	-	-	Tim44
NCS66_RS01545	SCP2 sterol-binding domain-containing protein	WP_034470790.1					-	PFAM Sterol-binding domain protein	ko:K03690	-	ko00000	-	-	SCP2
NCS66_RS01555	methyltransferase	WP_250433651.1					-	Thiopurine S-methyltransferase	-	-	-	-	-	TPMT
NCS66_RS01560	FmdB family zinc ribbon protein	WP_250480258.1					-	Regulatory protein, FmdB family	-	-	-	-	-	Zn-ribbon_8
NCS66_RS01565	DUF502 domain-containing protein	WP_008351614.1					-	Protein of unknown function (DUF502)	-	-	-	-	-	DUF502
NCS66_RS01585	TetR/AcrR family transcriptional regulator	WP_008351607.1	DNA-binding transcription factor activity|0003700||IEA	regulation of DNA-templated transcription|0006355||IEA			-	regulatory protein TetR	-	-	-	-	-	TetR_N
NCS66_RS01590	acyl-CoA dehydrogenase C-terminal domain-containing protein	WP_250480260.1					-	acyl-CoA dehydrogenase	-	-	-	-	-	Acyl-CoA_dh_1,Acyl-CoA_dh_C,Acyl-CoA_dh_M,Acyl-CoA_dh_N,AcylCoA_DH_N
NCS66_RS01605	enoyl-CoA hydratase	WP_008351601.1					-	enoyl-CoA hydratase	-	-	-	-	-	ECH_1
NCS66_RS01615	nitrate reductase associated protein	WP_008351596.1					-	PFAM conserved	-	-	-	-	-	Nitr_red_assoc
NCS66_RS01620	EAL domain-containing protein	WP_250480262.1					-	GGDEF domain containing protein	-	-	-	-	-	EAL,GAF_2,GGDEF,HAMP,PAS_3,PAS_4,PAS_9,Response_reg
NCS66_RS01640	LysR family transcriptional regulator	WP_008351590.1	DNA-binding transcription factor activity|0003700||IEA	regulation of DNA-templated transcription|0006355||IEA			-	Transcriptional regulator	ko:K21645	-	ko00000,ko03000	-	-	HTH_1,LysR_substrate
NCS66_RS01680	DUF3025 domain-containing protein	WP_309791262.1					-	Protein of unknown function (DUF3025)	-	-	-	-	-	DUF3025
NCS66_RS01720	tyrosine--tRNA ligase	WP_008351563.1	ATP binding|0005524||IEA	tyrosyl-tRNA aminoacylation|0006437||IEA		tyrS	-	Catalyzes the attachment of tyrosine to tRNA(Tyr) in a two-step reaction tyrosine is first activated by ATP to form Tyr- AMP and then transferred to the acceptor end of tRNA(Tyr)	ko:K01866	M00359,M00360	ko00000,ko00001,ko00002,ko01000,ko01007,ko03016,ko03029	-	-	S4,S4_2,tRNA-synt_1b
NCS66_RS01765	UbiH/UbiF/VisC/COQ6 family ubiquinone biosynthesis hydroxylase	WP_250480268.1	FAD binding|0071949||IEA	ubiquinone biosynthetic process|0006744||IEA			-	Ubiquinone biosynthesis hydroxylase, UbiH UbiF VisC COQ6 family	ko:K03185	M00117	ko00000,ko00001,ko00002,ko01000	-	-	FAD_binding_3
NCS66_RS01775	class I SAM-dependent RNA methyltransferase	WP_250478660.1					-	Belongs to the methyltransferase superfamily	ko:K07444	-	ko00000,ko01000	-	-	THUMP,UPF0020
NCS66_RS01805	TetR/AcrR family transcriptional regulator	WP_175979799.1	DNA-binding transcription factor activity|0003700||IEA	regulation of DNA-templated transcription|0006355||IEA			-	Transcriptional regulator	ko:K16137	-	ko00000,ko03000	-	-	TetR_C_13,TetR_N
NCS66_RS01815	PqiC family protein	WP_250480270.1					-	ABC-type transport auxiliary lipoprotein component	ko:K09857	-	ko00000	-	-	ABC_trans_aux
NCS66_RS01820	MlaD family protein	WP_008351531.1					-	PFAM Mammalian cell entry related domain protein	ko:K06192	-	ko00000	-	-	MlaD
NCS66_RS01825	paraquat-inducible protein A	WP_008351528.1					-	paraquat-inducible protein A	ko:K03808	-	ko00000	-	-	PqiA
NCS66_RS01830	paraquat-inducible protein A	WP_008351526.1					-	paraquat-inducible protein A	ko:K03808	-	ko00000	-	-	PqiA
NCS66_RS01835	cytochrome b	WP_250480271.1	metal ion binding|0046872||IEA	respiratory electron transport chain|0022904||IEA	membrane|0016020||IEA		-	Cytochrome b561	ko:K12262	-	ko00000	-	-	Ni_hydr_CYTB
NCS66_RS01840	YceI family protein	WP_008351522.1					-	Belongs to the UPF0312 family	-	-	-	-	-	YceI
NCS66_RS01850	hypothetical protein	WP_250480272.1					-	-	-	-	-	-	-	-
NCS66_RS01905	Dps family protein	WP_008351500.1	oxidoreductase activity|0016491||IEA				-	Belongs to the Dps family	ko:K04047	-	ko00000,ko03036	-	-	Ferritin
NCS66_RS01915	class I SAM-dependent methyltransferase	WP_250480275.1	S-adenosylmethionine-dependent methyltransferase activity|0008757||IEA	methylation|0032259||IEA			-	methyltransferase	-	-	-	-	-	MetW,Methyltransf_11,Methyltransf_23
NCS66_RS01955	DUF4209 domain-containing protein	WP_250480279.1					-	Domain of unknown function (DUF4209)	-	-	-	-	-	DUF4209
NCS66_RS01975	AsmA-like C-terminal region-containing protein	WP_250480281.1					-	Protein of unknown function	-	-	-	-	-	AsmA_2,DUF3971
NCS66_RS01995	heat-inducible transcriptional repressor HrcA	WP_008351475.1	DNA binding|0003677||IEA	regulation of DNA-templated transcription|0006355||IEA		hrcA	-	Negative regulator of class I heat shock genes (grpE- dnaK-dnaJ and groELS operons). Prevents heat-shock induction of these operons	ko:K03705	-	ko00000,ko03000	-	-	HrcA,HrcA_DNA-bdg
NCS66_RS02010	hypothetical protein	WP_008351472.1					-	-	-	-	-	-	-	-
NCS66_RS02015	nucleotide exchange factor GrpE	WP_008351471.1	protein-folding chaperone binding|0051087||IEA	protein folding|0006457||IEA		grpE	-	Participates actively in the response to hyperosmotic and heat shock by preventing the aggregation of stress-denatured proteins, in association with DnaK and GrpE. It is the nucleotide exchange factor for DnaK and may function as a thermosensor. Unfolded proteins bind initially to DnaJ	ko:K03687	-	ko00000,ko03029,ko03110	-	-	GrpE
NCS66_RS02040	FadR/GntR family transcriptional regulator	WP_250480311.1	DNA-binding transcription factor activity|0003700||IEA				-	PFAM regulatory protein GntR HTH	-	-	-	-	-	FCD,GntR
NCS66_RS02045	MBL fold metallo-hydrolase	WP_034470664.1					-	PFAM beta-lactamase domain protein	-	-	-	-	-	Lactamase_B
NCS66_RS02050	DedA family protein/thiosulfate sulfurtransferase GlpE	WP_008351458.1					-	SNARE associated Golgi protein	-	-	-	-	-	Rhodanese,SNARE_assoc
NCS66_RS02055	DMT family transporter	WP_250480285.1	transporter activity|0005215||IEA	transmembrane transport|0055085||IEA			-	EamA-like transporter family	-	-	-	-	-	EamA
NCS66_RS02065	SprT family zinc-dependent metalloprotease	WP_034470804.1	metal ion binding|0046872||IEA	proteolysis|0006508||IEA			-	Metal-dependent hydrolase	ko:K07043	-	ko00000	-	-	DUF45
NCS66_RS02070	lysophospholipid acyltransferase family protein	WP_008351449.1					-	Acyl-transferase	ko:K00655	M00089	ko00000,ko00001,ko00002,ko01000,ko01004	-	-	Acyltransferase
NCS66_RS02090	apolipoprotein N-acyltransferase	WP_175979816.1	N-acyltransferase activity|0016410||IEA	lipoprotein biosynthetic process|0042158||IEA	membrane|0016020||IEA	lnt	-	Transfers the fatty acyl group on membrane lipoproteins	ko:K03820	-	ko00000,ko01000	-	GT2	CN_hydrolase
NCS66_RS02120	LysR family transcriptional regulator	WP_200889180.1	DNA-binding transcription activator activity|0001216||IEA				-	LysR substrate binding domain	-	-	-	-	-	HTH_1,LysR_substrate
NCS66_RS02130	HAD family hydrolase	WP_008351424.1	hydrolase activity|0016787||IEA				-	TIGRFAM HAD-superfamily hydrolase, subfamily IA, variant 3	-	-	-	-	-	HAD_2
NCS66_RS02145	hypothetical protein	WP_250480290.1					-	-	-	-	-	-	-	-
NCS66_RS02150	hypothetical protein	WP_008351420.1					-	-	-	-	-	-	-	Phage_TAC_6
NCS66_RS02165	ferritin-like domain-containing protein	WP_008351417.1					-	catalase activity	-	-	-	-	-	FA_desaturase_2
NCS66_RS02170	hypothetical protein	WP_250480291.1					-	-	-	-	-	-	-	-
NCS66_RS02185	cytochrome c	WP_008351407.1	heme binding|0020037||IEA				-	PFAM cytochrome c, class I	-	-	-	-	-	Cytochrom_C
NCS66_RS02190	c-type cytochrome	WP_008351405.1	heme binding|0020037||IEA				-	PFAM cytochrome c, class I	-	-	-	-	-	Cytochrom_C,Cytochrome_CBB3
NCS66_RS02200	hypothetical protein	WP_008351402.1					-	-	-	-	-	-	-	-
NCS66_RS02210	deoxynucleoside kinase	WP_008351398.1	deoxynucleoside kinase activity|0019136||IEA				-	deoxynucleoside kinase	-	-	-	-	-	dNK
NCS66_RS02225	HAD family hydrolase	WP_008351393.1	metal ion binding|0046872||IEA	dephosphorylation|0016311||IEA			-	HAD-superfamily hydrolase, subfamily IB (PSPase-like)	-	-	-	-	-	HAD
NCS66_RS02230	DnaA regulatory inactivator Hda	WP_008351391.1	hydrolase activity, acting on acid anhydrides, in phosphorus-containing anhydrides|0016818||IEA	negative regulation of DNA-templated DNA replication initiation|0032297||IEA		hda	-	Belongs to the DnaA family	ko:K10763	-	ko00000,ko03032	-	-	Bac_DnaA
NCS66_RS02255	lipase	WP_152563179.1					-	acetyltransferases and hydrolases with the alpha beta hydrolase fold	ko:K01046	M00098	ko00000,ko00001,ko00002,ko01000	-	-	-
NCS66_RS02265	GlsB/YeaQ/YmgE family stress response membrane protein	WP_250456666.1			membrane|0016020||IEA		-	PFAM Transglycosylase-associated protein	-	-	-	-	-	Transgly_assoc
NCS66_RS02275	outer membrane protein assembly factor BamE	WP_244808099.1					-	(Lipo)protein	-	-	-	-	-	SmpA_OmlA
NCS66_RS02280	hypothetical protein	WP_250480295.1					-	-	-	-	-	-	-	DUF4379
NCS66_RS02285	hypothetical protein	WP_008351375.1					-	-	-	-	-	-	-	-
NCS66_RS02295	carboxymuconolactone decarboxylase family protein	WP_175979832.1					-	decarboxylase	ko:K01607	-	ko00000,ko00001,ko01000	-	-	CMD
NCS66_RS02300	aspartate aminotransferase family protein	WP_250480297.1					-	Belongs to the class-III pyridoxal-phosphate-dependent aminotransferase family	-	-	-	-	-	Aminotran_3
NCS66_RS02305	MurR/RpiR family transcriptional regulator	WP_250480298.1	DNA-binding transcription factor activity|0003700||IEA	regulation of DNA-templated transcription|0006355||IEA			-	Transcriptional regulator	-	-	-	-	-	HTH_6,SIS
NCS66_RS02315	MFS transporter	WP_250480299.1	transmembrane transporter activity|0022857||IEA	transmembrane transport|0055085||IEA			-	Major Facilitator	-	-	-	-	-	Sugar_tr
NCS66_RS02320	sensor histidine kinase	WP_008351363.1					-	Histidine kinase	ko:K07649	M00457	ko00000,ko00001,ko00002,ko01000,ko01001,ko02022	-	-	2CSK_N,HATPase_c,HisKA
NCS66_RS02335	recombination regulator RecX	WP_250456566.1		regulation of DNA repair|0006282||IEA		recX	-	Modulates RecA activity	ko:K03565	-	ko00000,ko03400	-	-	RecX
NCS66_RS02340	DUF2889 domain-containing protein	WP_034470713.1					-	Protein of unknown function (DUF2889)	-	-	-	-	-	DUF2889
NCS66_RS02355	TerC family protein	WP_008351349.1			membrane|0016020||IEA		-	Integral membrane protein TerC	-	-	-	-	-	TerC
NCS66_RS02365	Wzy polymerase domain-containing protein	WP_250433790.1					-	Pfam O-Antigen Polymerase	-	-	-	-	-	PglL_A,Wzy_C,Wzy_C_2
NCS66_RS02375	M48 family metalloprotease	WP_250480301.1	metalloendopeptidase activity|0004222||IEA	proteolysis|0006508||IEA			-	Peptidase M48	-	-	-	-	-	Peptidase_M48,TPR_19
NCS66_RS02380	DUF2946 family protein	WP_008351340.1					-	Protein of unknown function (DUF2946)	-	-	-	-	-	DUF2944
NCS66_RS02390	nuclear transport factor 2 family protein	WP_008351336.1					-	SnoaL-like domain	-	-	-	-	-	SnoaL_3
NCS66_RS02400	zinc-finger domain-containing protein	WP_008351333.1					-	Zinc-finger domain	-	-	-	-	-	zf-CHCC
NCS66_RS02410	AzlC family ABC transporter permease	WP_244808100.1					-	PFAM AzlC family protein	-	-	-	-	-	AzlC
NCS66_RS02415	AzlD domain-containing protein	WP_008351327.1					-	Pfam Branched-chain amino acid transport	-	-	-	-	-	AzlD
NCS66_RS02455	L-threonylcarbamoyladenylate synthase	WP_034470722.1	L-threonylcarbamoyladenylate synthase|0061710||IEA	tRNA modification|0006400||IEA			-	Required for the formation of a threonylcarbamoyl group on adenosine at position 37 (t(6)A37) in tRNAs that read codons beginning with adenine	ko:K07566	-	ko00000,ko01000,ko03009,ko03016	-	-	SUA5,Sua5_yciO_yrdC
NCS66_RS02460	SGNH/GDSL hydrolase family protein	WP_008351318.1					-	PFAM lipolytic protein G-D-S-L family	-	-	-	-	-	Lipase_GDSL
NCS66_RS02465	D-alanyl-D-alanine carboxypeptidase/D-alanyl-D-alanine-endopeptidase	WP_033536528.1	serine-type D-Ala-D-Ala carboxypeptidase activity|0009002||IEA	peptidoglycan biosynthetic process|0009252||IEA		dacB	-	D-alanyl-d-alanine carboxypeptidase	ko:K07259	-	ko00000,ko00001,ko01000,ko01002,ko01011	-	-	Peptidase_S13
NCS66_RS02475	ATP-binding protein	WP_008351315.1					-	Histidine kinase	ko:K02484,ko:K07645	M00453	ko00000,ko00001,ko00002,ko01000,ko01001,ko02022	-	-	2CSK_N,HATPase_c,HisKA
NCS66_RS02485	hypothetical protein	WP_008351312.1					-	-	-	-	-	-	-	CarboxypepD_reg
NCS66_RS02490	DUF427 domain-containing protein	WP_008351311.1					-	Domain of unknown function (DUF427)	-	-	-	-	-	NTP_transf_9
NCS66_RS02495	SRPBCC domain-containing protein	WP_250433807.1					-	PFAM carbon monoxide dehydrogenase subunit G	-	-	-	-	-	COXG
NCS66_RS02540	FGGY family carbohydrate kinase	WP_250480305.1	phosphotransferase activity, alcohol group as acceptor|0016773||IEA	carbohydrate metabolic process|0005975||IEA			-	Carbohydrate kinase	ko:K00854	M00014	ko00000,ko00001,ko00002,ko01000	-	-	FGGY_C,FGGY_N
NCS66_RS02545	AGE family epimerase/isomerase	WP_034474373.1					-	N-acylglucosamine 2-epimerase (GlcNAc 2-epimerase)	-	-	-	-	-	GlcNAc_2-epim
NCS66_RS02600	HAD-IA family hydrolase	WP_008351254.1	hydrolase activity|0016787||IEA	metabolic process|0008152||IEA			-	TIGRFAM HAD-superfamily hydrolase, subfamily IA, variant 3	-	-	-	-	-	HAD_2
NCS66_RS02615	hypothetical protein	WP_175979864.1					-	Glycosyltransferase family 25 (LPS biosynthesis protein)	-	-	-	-	-	Glyco_transf_25
NCS66_RS02620	MOSC N-terminal beta barrel domain-containing protein	WP_008351246.1					-	MOSC domain protein beta barrel domain protein	ko:K07140	-	ko00000	-	-	MOSC,MOSC_N
NCS66_RS02625	sugar-binding transcriptional regulator	WP_008351245.1	carbohydrate binding|0030246||IEA				-	Transcriptional regulator	-	-	-	-	-	Sugar-bind
NCS66_RS02640	EAL domain-containing protein	WP_008351242.1					-	EAL domain protein	-	-	-	-	-	EAL
NCS66_RS02660	MFS transporter	WP_250480314.1	transmembrane transporter activity|0022857||IEA	transmembrane transport|0055085||IEA			-	PFAM major facilitator superfamily MFS_1	-	-	-	-	-	MFS_1,MFS_1_like,Sugar_tr
NCS66_RS34305	hypothetical protein	WP_308196659.1					-	-	-	-	-	-	-	-
NCS66_RS02675	ligase-associated DNA damage response endonuclease PdeM	WP_250480315.1	hydrolase activity|0016787||IEA			pdeM	-	Calcineurin-like phosphoesterase	ko:K06953	-	ko00000	-	-	Metallophos,Metallophos_2
NCS66_RS02680	ligase-associated DNA damage response DEXH box helicase	WP_250480316.1	hydrolase activity, acting on acid anhydrides, in phosphorus-containing anhydrides|0016818||IEA				-	DEAD DEAH box helicase	ko:K03724	-	ko00000,ko01000,ko03400	-	-	DEAD,DEAD_assoc,Helicase_C
NCS66_RS02685	ATP-dependent DNA ligase	WP_034472974.1	ATP binding|0005524||IEA	DNA recombination|0006310||IEA			-	Catalyzes the ATP-dependent formation of a phosphodiester at the site of a single strand break in duplex DNA	ko:K10747	-	ko00000,ko00001,ko01000,ko03032,ko03400	-	-	DNA_ligase_A_C,DNA_ligase_A_M,DNA_ligase_A_N
NCS66_RS02690	ligase-associated DNA damage response exonuclease	WP_250480317.1					-	Exonuclease of the beta-lactamase fold involved in RNA processing	ko:K07577	-	ko00000	-	-	-
NCS66_RS02695	hypothetical protein	WP_008351228.1					-	-	-	-	-	-	-	-
NCS66_RS02700	LysR family transcriptional regulator	WP_239295376.1	DNA-binding transcription activator activity|0001216||IEA				-	Transcriptional regulator	-	-	-	-	-	HTH_1,LysR_substrate
NCS66_RS02705	aspartate-alanine antiporter	WP_250480318.1	aspartate:alanine antiporter activity|0070906||IEA			aspT	-	Aspartate alanine antiporter	-	-	-	-	-	Asp-Al_Ex,TrkA_C
NCS66_RS02720	Rap1a/Tai family immunity protein	WP_008351222.1					-	-	-	-	-	-	-	-
NCS66_RS02745	cupin domain-containing protein	WP_033537126.1					-	Cupin 2, conserved barrel domain protein	-	-	-	-	-	Cupin_2
NCS66_RS02755	DUF192 domain-containing protein	WP_250480322.1					-	Uncharacterized ACR, COG1430	ko:K09005	-	ko00000	-	-	DUF192
NCS66_RS02790	hypothetical protein	WP_175982816.1					-	Glycerophosphoryl diester phosphodiesterase family	-	-	-	-	-	GDPD
NCS66_RS02825	RsmB/NOP family class I SAM-dependent RNA methyltransferase	WP_008351189.1	S-adenosyl-L-methionine binding|1904047||IEA				GO:0000154,GO:0001510,GO:0003674,GO:0003824,GO:0005575,GO:0005622,GO:0005623,GO:0005634,GO:0005730,GO:0006139,GO:0006364,GO:0006396,GO:0006725,GO:0006807,GO:0008150,GO:0008152,GO:0008168,GO:0008173,GO:0008757,GO:0009451,GO:0009987,GO:0010467,GO:0016070,GO:0016072,GO:0016740,GO:0016741,GO:0022613,GO:0031167,GO:0031974,GO:0031981,GO:0032259,GO:0034470,GO:0034641,GO:0034660,GO:0042254,GO:0043170,GO:0043226,GO:0043227,GO:0043228,GO:0043229,GO:0043231,GO:0043232,GO:0043233,GO:0043412,GO:0043414,GO:0044085,GO:0044237,GO:0044238,GO:0044260,GO:0044422,GO:0044424,GO:0044428,GO:0044446,GO:0044464,GO:0046483,GO:0070013,GO:0070475,GO:0071704,GO:0071840,GO:0090304,GO:0140098,GO:1901360	Belongs to the class I-like SAM-binding methyltransferase superfamily. RsmB NOP family	ko:K03500	-	ko00000,ko01000,ko03009	-	-	Methyltr_RsmB-F,Methyltr_RsmF_N
NCS66_RS02830	mechanosensitive ion channel domain-containing protein	WP_250480326.1		transmembrane transport|0055085||IEA	membrane|0016020||IEA		-	mechanosensitive ion channel	-	-	-	-	-	MS_channel
NCS66_RS02835	acyl-CoA desaturase	WP_175982811.1					-	fatty acid desaturase	ko:K00507	-	ko00000,ko00001,ko01000,ko01004	-	-	DDE_Tnp_ISL3,FA_desaturase
NCS66_RS02905	hypothetical protein	WP_244807748.1					-	-	-	-	-	-	-	-
NCS66_RS02910	hypothetical protein	WP_250480328.1					-	-	-	-	-	-	-	-
NCS66_RS02930	NAD-dependent epimerase/dehydratase family protein	WP_250480331.1	catalytic activity|0003824||IEA				-	Nad-dependent epimerase dehydratase	-	-	-	-	-	Epimerase,NAD_binding_10,RmlD_sub_bind,TrkA_N
NCS66_RS02935	hypothetical protein	WP_008351142.1					-	-	-	-	-	-	-	-
NCS66_RS02945	TIGR03118 family protein	WP_250480332.1					-	amine dehydrogenase activity	-	-	-	-	-	-
NCS66_RS02950	hypothetical protein	WP_250480333.1					-	-	-	-	-	-	-	-
NCS66_RS02955	hypothetical protein	WP_175982805.1					-	-	-	-	-	-	-	-
NCS66_RS02985	DUF934 domain-containing protein	WP_034472943.1					-	conserved protein ucp030820	-	-	-	-	-	DUF934
NCS66_RS02990	phosphoadenylyl-sulfate reductase	WP_008351123.1	phosphoadenylyl-sulfate reductase (thioredoxin) activity|0004604||IEA	sulfate assimilation, phosphoadenylyl sulfate reduction by phosphoadenylyl-sulfate reductase (thioredoxin)|0019379||IEA			-	Reduction of activated sulfate into sulfite	ko:K00390	M00176	ko00000,ko00001,ko00002,ko01000	-	-	PAPS_reduct
NCS66_RS03005	uroporphyrinogen-III C-methyltransferase	WP_250480335.1	uroporphyrin-III C-methyltransferase activity|0004851||IEA	siroheme biosynthetic process|0019354||IEA		cobA	-	Belongs to the precorrin methyltransferase family	ko:K02303	M00121	ko00000,ko00001,ko00002,ko01000	-	-	TP_methylase
NCS66_RS03010	CbiX/SirB N-terminal domain-containing protein	WP_008351118.1					-	PFAM cobalamin (vitamin B12) biosynthesis CbiX protein	ko:K03795	-	ko00000,ko00001,ko01000	-	-	CbiX
NCS66_RS03030	DNA polymerase III subunit chi	WP_250480337.1					-	dna polymerase III (Chi subunit)	ko:K02339	M00260	ko00000,ko00001,ko00002,ko01000,ko03032,ko03400	-	-	DNA_pol3_chi
NCS66_RS03035	DUF2486 family protein	WP_008351113.1					-	Protein of unknown function (DUF2486)	-	-	-	-	-	DUF2486
NCS66_RS03060	SIMPL domain-containing protein	WP_250480340.1					-	Protein of unknown function (DUF541)	-	-	-	-	-	SIMPL
NCS66_RS03065	EVE domain-containing protein	WP_250480394.1					-	EVE domain	-	-	-	-	-	EVE
NCS66_RS03075	cell division protein ZapA	WP_008351102.1		division septum assembly|0000917||IEA			-	Activator of cell division through the inhibition of FtsZ GTPase activity, therefore promoting FtsZ assembly into bundles of protofilaments necessary for the formation of the division Z ring. It is recruited early at mid-cell but it is not essential for cell division	ko:K09888	-	ko00000,ko03036	-	-	ZapA
NCS66_RS03080	ATPase	WP_008351100.1					-	-	-	-	-	-	-	-
NCS66_RS03135	cobyric acid synthase	WP_250480347.1	catalytic activity|0003824||IEA	cobalamin biosynthetic process|0009236||IEA			-	Catalyzes amidations at positions B, D, E, and G on adenosylcobyrinic A,C-diamide. NH(2) groups are provided by glutamine, and one molecule of ATP is hydrogenolyzed for each amidation	ko:K02232	M00122	ko00000,ko00001,ko00002,ko01000	-	-	AAA_26,CbiA,GATase_3
NCS66_RS03140	PaaI family thioesterase	WP_034472911.1	fatty acyl-CoA hydrolase activity|0047617||IEA				-	Thioesterase superfamily	-	-	-	-	-	4HBT
NCS66_RS03145	ParA family protein	WP_008351074.1	ATP binding|0005524||IEA				-	Cobyrinic acid ac-diamide synthase	ko:K03496	-	ko00000,ko03036,ko04812	-	-	AAA_31,CbiA
NCS66_RS03160	ScpA family protein	WP_034472990.1		cell division|0051301||IEA			-	Participates in chromosomal partition during cell division. May act via the formation of a condensin-like complex containing Smc and ScpB that pull DNA away from mid-cell into both cell halves	ko:K05896	-	ko00000,ko03036	-	-	SMC_ScpA
NCS66_RS03165	DUF3460 family protein	WP_174447747.1					-	Protein of unknown function (DUF3460)	-	-	-	-	-	DUF3460
NCS66_RS03175	translocation/assembly module TamB domain-containing protein	WP_250480348.1		protein secretion|0009306||IEA	plasma membrane|0005886||IEA		-	TamB, inner membrane protein subunit of TAM complex	ko:K09800	-	ko00000,ko02000	-	-	TamB
NCS66_RS03195	superoxide dismutase family protein	WP_008351054.1	metal ion binding|0046872||IEA	superoxide metabolic process|0006801||IEA			-	Superoxide dismutase	ko:K04565	-	ko00000,ko00001,ko01000	-	-	Sod_Cu
NCS66_RS03210	spore coat U domain-containing protein	WP_250439150.1					-	Spore Coat Protein U domain	-	-	-	-	-	SCPU
NCS66_RS03220	molecular chaperone	WP_034472900.1		chaperone-mediated protein folding|0061077||IEA			-	Pili and flagellar-assembly chaperone, PapD N-terminal domain	ko:K07346	-	ko00000,ko02035,ko02044,ko03110	-	-	PapD_N
NCS66_RS03225	spore coat U domain-containing protein	WP_250480350.1					-	Spore Coat Protein U domain	-	-	-	-	-	SCPU
NCS66_RS03230	lytic polysaccharide monooxygenase	WP_250480351.1					-	Pfam:Chitin_bind_3	ko:K03933,ko:K21712	-	ko00000,ko00001	-	AA10,CBM73	LPMO_10
NCS66_RS03240	lytic transglycosylase domain-containing protein	WP_250439172.1	hydrolase activity, acting on glycosyl bonds|0016798||IEA				-	Transglycosylase SLT domain	-	-	-	-	-	SLT
NCS66_RS03250	type II secretion system protein	WP_008351032.1			plasma membrane|0005886||IEA		-	Type II secretory pathway, pseudopilin	-	-	-	-	-	-
NCS66_RS03270	hypothetical protein	WP_034474455.1					-	-	-	-	-	-	-	-
NCS66_RS03275	hypothetical protein	WP_250480353.1					-	carbon utilization	ko:K02664,ko:K02665	-	ko00000,ko02035,ko02044	-	-	PilO,T2SSM_b
NCS66_RS03280	hypothetical protein	WP_250480354.1					-	-	-	-	-	-	-	-
NCS66_RS03285	hypothetical protein	WP_250480355.1					-	-	-	-	-	-	-	-
NCS66_RS03305	glycosyl hydrolase family 18 protein	WP_250480358.1		carbohydrate metabolic process|0005975||IEA			-	Glyco_18	ko:K01183	-	ko00000,ko00001,ko01000	-	GH18	Glyco_hydro_18
NCS66_RS03315	spore coat U domain-containing protein	WP_008351013.1					-	Spore Coat Protein U domain	-	-	-	-	-	SCPU
NCS66_RS03335	helix-turn-helix transcriptional regulator	WP_008351005.1	DNA binding|0003677||IEA				-	SMART helix-turn-helix domain protein	-	-	-	-	-	HTH_31
NCS66_RS03360	heme biosynthesis protein HemY	WP_008350996.1					-	PFAM HemY domain protein	ko:K02498	-	ko00000	-	-	HemY_N,TPR_12
NCS66_RS03365	GDSL-type esterase/lipase family protein	WP_250480364.1					-	G-D-S-L family	-	-	-	-	-	B_lectin,Lipase_GDSL_2
NCS66_RS03370	rhodanese-like domain-containing protein	WP_008350991.1					-	PFAM Rhodanese domain protein	-	-	-	-	-	Rhodanese
NCS66_RS03375	protein-L-isoaspartate O-methyltransferase	WP_008350990.1					-	O-Methyltransferase	ko:K00573	-	ko00000,ko01000	-	-	PCMT
NCS66_RS03385	Smr/MutS family protein	WP_250480365.1					-	Smr protein MutS2	-	-	-	-	-	Smr
NCS66_RS03400	outer membrane lipoprotein chaperone LolA	WP_250480366.1				lolA	-	Participates in the translocation of lipoproteins from the inner membrane to the outer membrane. Only forms a complex with a lipoprotein if the residue after the N-terminal Cys is not an aspartate (The Asp acts as a targeting signal to indicate that the lipoprotein should stay in the inner membrane)	ko:K03634	-	ko00000	-	-	LolA
NCS66_RS03405	LysR family transcriptional regulator	WP_175981749.1	DNA-binding transcription factor activity|0003700||IEA	regulation of DNA-templated transcription|0006355||IEA			-	LysR substrate binding domain	-	-	-	-	-	HTH_1,LysR_substrate
NCS66_RS03435	hypothetical protein	WP_034471379.1					-	-	-	-	-	-	-	-
NCS66_RS03445	GNAT family N-acetyltransferase	WP_008350962.1	N-acetyltransferase activity|0008080||IEA				-	PFAM GCN5-related N-acetyltransferase	-	-	-	-	-	Acetyltransf_1
NCS66_RS03450	septum site-determining protein MinC	WP_008350959.1	enzyme inhibitor activity|0004857||IEA	division septum site selection|0000918||IEA		minC	-	Cell division inhibitor that blocks the formation of polar Z ring septums. Rapidly oscillates between the poles of the cell to destabilize FtsZ filaments that have formed before they mature into polar Z rings. Prevents FtsZ polymerization	ko:K03610	-	ko00000,ko03036,ko04812	-	-	MinC_C,MinC_N
NCS66_RS03465	hypothetical protein	WP_034471375.1					-	-	-	-	-	-	-	-
NCS66_RS03470	OpgC domain-containing protein	WP_250480369.1					-	PFAM Uncharacterised conserved protein UCP028704, OpgC	-	-	-	-	-	OpgC_C
NCS66_RS03485	hypothetical protein	WP_008350949.1					-	-	-	-	-	-	-	-
NCS66_RS03495	hypothetical protein	WP_008350948.1					-	-	-	-	-	-	-	-
NCS66_RS03505	MFS transporter	WP_175981895.1	transmembrane transporter activity|0022857||IEA	transmembrane transport|0055085||IEA			-	Major facilitator superfamily MFS_1	-	-	-	-	-	MFS_1,MFS_3
NCS66_RS03545	phage protein NinX family protein	WP_008350926.1					-	Protein of unknown function (DUF2591)	-	-	-	-	-	DUF2591
NCS66_RS03570	exonuclease domain-containing protein	WP_250480370.1	exonuclease activity|0004527||IEA				-	DNA polymerase III, epsilon subunit	ko:K02342	M00260	ko00000,ko00001,ko00002,ko01000,ko03032,ko03400	-	-	GIY-YIG,RNase_T
NCS66_RS03580	hypothetical protein	WP_008350916.1					-	-	-	-	-	-	-	-
NCS66_RS03605	DUF4136 domain-containing protein	WP_250480373.1					-	Domain of unknown function (DUF4136)	-	-	-	-	-	DUF4136
NCS66_RS03610	CDP-alcohol phosphatidyltransferase family protein	WP_250480374.1	phosphotransferase activity, for other substituted phosphate groups|0016780||IEA	phospholipid biosynthetic process|0008654||IEA	plasma membrane|0005886||IEA		-	Belongs to the CDP-alcohol phosphatidyltransferase class-I family	-	-	-	-	-	CDP-OH_P_transf
NCS66_RS03615	2OG-Fe(II) oxygenase	WP_008350907.1					-	2OG-Fe(II) oxygenase	-	-	-	-	-	-
NCS66_RS03620	flippase-like domain-containing protein	WP_008350904.1					-	membrane	-	-	-	-	-	LPG_synthase_TM
NCS66_RS03625	phosphocholine cytidylyltransferase family protein	WP_008350902.1					-	MobA-like NTP transferase domain	-	-	-	-	-	NTP_transf_3
NCS66_RS03630	phosphoenolpyruvate mutase	WP_008350901.1	phosphoenolpyruvate mutase activity|0050188||IEA	organic phosphonate metabolic process|0019634||IEA		aepX	-	Phosphoenolpyruvate phosphomutase	ko:K01841	-	ko00000,ko00001,ko01000	-	-	NTP_transf_3,PEP_mutase
NCS66_RS03635	phosphonopyruvate decarboxylase	WP_008350898.1	phosphonopyruvate decarboxylase activity|0033980||IEA	antibiotic biosynthetic process|0017000||IEA		aepY	-	Thiamine pyrophosphate enzyme, N-terminal TPP binding domain	ko:K09459	-	ko00000,ko00001,ko01000	-	-	TPP_enzyme_C,TPP_enzyme_N
NCS66_RS03645	hypothetical protein	WP_008350894.1					-	-	-	-	-	-	-	-
NCS66_RS03675	amidase	WP_250480376.1					-	Belongs to the amidase family	ko:K02433	-	ko00000,ko00001,ko01000,ko03029	-	-	Amidase
NCS66_RS03690	DUF1439 domain-containing protein	WP_244807807.1					-	Protein of unknown function (DUF1439)	-	-	-	-	-	DUF1439
NCS66_RS03715	hypothetical protein	WP_250480378.1					-	-	-	-	-	-	-	-
NCS66_RS03730	asparaginase	WP_244807809.1					-	PFAM L-asparaginase II	-	-	-	-	-	Asparaginase_II
NCS66_RS03740	lytic transglycosylase domain-containing protein	WP_250434218.1					-	PFAM Lytic transglycosylase catalytic	-	-	-	-	-	SLT
NCS66_RS03745	pyridoxal phosphate-dependent aminotransferase	WP_250480381.1	pyridoxal phosphate binding|0030170||IEA	biosynthetic process|0009058||IEA			-	PFAM aminotransferase class I and II	-	-	-	-	-	Aminotran_1_2
NCS66_RS03765	type II toxin-antitoxin system Phd/YefM family antitoxin	WP_250480395.1			toxin-antitoxin complex|0110001||IEA		-	Antitoxin component of a toxin-antitoxin (TA) module	-	-	-	-	-	PhdYeFM_antitox
NCS66_RS03770	hypothetical protein	WP_250480382.1					-	ParE toxin of type II toxin-antitoxin system, parDE	-	-	-	-	-	ParE_toxin
NCS66_RS03775	riboflavin synthase	WP_175981801.1					-	riboflavin synthase alpha	ko:K00793	M00125	ko00000,ko00001,ko00002,ko01000	-	-	Lum_binding
NCS66_RS03790	hypothetical protein	WP_250480383.1					-	HNH endonuclease	-	-	-	-	-	-
NCS66_RS03805	prolyl oligopeptidase family serine peptidase	WP_250480384.1	serine-type peptidase activity|0008236||IEA	proteolysis|0006508||IEA			-	Prolyl oligopeptidase	ko:K01322	-	ko00000,ko00001,ko01000,ko01002	-	-	Peptidase_S9,Peptidase_S9_N
NCS66_RS03845	porin	WP_250480386.1	porin activity|0015288||IEA		cell outer membrane|0009279||IEA		-	PFAM porin Gram-negative type	-	-	-	-	-	Porin_4
NCS66_RS03850	porin	WP_008350822.1	porin activity|0015288||IEA		cell outer membrane|0009279||IEA		-	Gram-negative porin	-	-	-	-	-	Porin_4
NCS66_RS03875	periplasmic heavy metal sensor	WP_250480387.1					-	Heavy-metal resistance	-	-	-	-	-	LTXXQ,Metal_resist
NCS66_RS03885	ATP-binding protein	WP_008350808.1					-	HAMP (Histidine kinases, Adenylyl cyclases, Methyl binding proteins, Phosphatases) domain	ko:K07638	M00445,M00742,M00743	ko00000,ko00001,ko00002,ko01000,ko01001,ko02022	-	-	HAMP,HATPase_c,HisKA
NCS66_RS03890	hypothetical protein	WP_008350806.1					-	-	-	-	-	-	-	-
NCS66_RS03895	sensor domain-containing diguanylate cyclase	WP_034471417.1	cyclase activity|0009975||IEA	regulation of signal transduction|0009966||IEA			-	Diguanylate cyclase	-	-	-	-	-	GGDEF,dCache_1
NCS66_RS03915	type II toxin-antitoxin system HicA family toxin	WP_075644177.1	mRNA binding|0003729||IEA				-	PFAM YcfA family protein	-	-	-	-	-	HicA_toxin
NCS66_RS03920	type II toxin-antitoxin system HicB family antitoxin	WP_033536674.1					-	HicB_like antitoxin of bacterial toxin-antitoxin system	-	-	-	-	-	HicB_lk_antitox
NCS66_RS03925	hypothetical protein	WP_008350799.1					-	-	-	-	-	-	-	-
NCS66_RS03930	hypothetical protein	WP_008350798.1					-	-	-	-	-	-	-	-
NCS66_RS03940	hypothetical protein	WP_008350796.1					-	-	-	-	-	-	-	-
NCS66_RS03945	DUF883 family protein	WP_008350795.1					-	Bacterial protein of unknown function (DUF883)	-	-	-	-	-	DUF883
NCS66_RS03950	hypothetical protein	WP_008350794.1					-	-	-	-	-	-	-	-
NCS66_RS03965	hypothetical protein	WP_175981823.1					-	-	-	-	-	-	-	-
NCS66_RS03975	hypothetical protein	WP_008350784.1					-	-	-	-	-	-	-	-
NCS66_RS03980	YihY/virulence factor BrkB family protein	WP_250480389.1					-	Virulence factor BrkB	ko:K07058	-	ko00000	-	-	Virul_fac_BrkB
NCS66_RS03990	BON domain-containing protein	WP_008350779.1					-	SMART Transport-associated and nodulation region	ko:K04065	-	ko00000	-	-	BON
NCS66_RS03995	hypothetical protein	WP_008350777.1					-	-	-	-	-	-	-	-
NCS66_RS04000	PA2169 family four-helix-bundle protein	WP_008350776.1					-	Domain of unknown function (DUF2383)	-	-	-	-	-	DUF2383
NCS66_RS04005	hypothetical protein	WP_144403751.1					-	-	-	-	-	-	-	-
NCS66_RS04010	glycine zipper domain-containing protein	WP_034471300.1					-	-	-	-	-	-	-	Gly-zipper_Omp
NCS66_RS04015	DUF1488 domain-containing protein	WP_033536693.1					-	Protein of unknown function (DUF1488)	-	-	-	-	-	DUF1488
NCS66_RS04020	DUF4142 domain-containing protein	WP_250439402.1					-	Domain of unknown function (DUF4142)	ko:K08995	-	ko00000	-	-	DUF4142
NCS66_RS04040	sensor domain-containing diguanylate cyclase	WP_250480391.1	diguanylate cyclase activity|0052621||IEA	signal transduction|0007165||IEA			-	Diguanylate cyclase	-	-	-	-	-	GGDEF,PAS_8,PAS_9
NCS66_RS04045	hypothetical protein	WP_239295192.1					-	-	-	-	-	-	-	-
NCS66_RS04050	TetR family transcriptional regulator	WP_008350756.1	DNA binding|0003677||IEA	regulation of DNA-templated transcription|0006355||IEA			-	PFAM regulatory protein TetR	-	-	-	-	-	TetR_N
NCS66_RS04065	hypothetical protein	WP_008350750.1					-	-	-	-	-	-	-	-
NCS66_RS34310	TniQ family protein	WP_350029963.1					-	Transcriptional regulator	-	-	-	-	-	HTH_18
NCS66_RS04090	hypothetical protein	WP_250480397.1					-	-	-	-	-	-	-	-
NCS66_RS04095	recombinase family protein	WP_250480398.1	DNA binding|0003677||IEA	DNA recombination|0006310||IEA			-	Resolvase, N terminal domain	ko:K14060	-	ko00000	-	-	HTH_7,Resolvase
NCS66_RS04100	DNA sulfur modification protein DndB	WP_250480399.1					-	DNA-sulfur modification-associated	-	-	-	-	-	DndB
NCS66_RS04105	HNH endonuclease	WP_250480400.1	zinc ion binding|0008270||IEA				-	endonuclease activity	-	-	-	-	-	HNH,HNH_5
NCS66_RS04115	hypothetical protein	WP_250480402.1					-	-	-	-	-	-	-	-
NCS66_RS04120	class I SAM-dependent methyltransferase	WP_250480403.1	S-adenosyl-L-methionine binding|1904047||IEA				-	Methyltransferase type 11	-	-	-	-	-	Methyltransf_25
NCS66_RS04125	glycosyltransferase	WP_250480404.1					-	Glycosyltransferase like family 2	-	-	-	-	-	Glycos_transf_2
NCS66_RS04130	HAD family hydrolase	WP_008350742.1					-	Hydrolase	-	-	-	-	-	HAD_2,Hydrolase_like
NCS66_RS04135	hypothetical protein	WP_250480405.1					-	Glycosyl transferases group 1	-	-	-	-	-	Glyco_trans_1_2,Glyco_trans_1_4,Glyco_transf_4,Glycos_transf_1
NCS66_RS04140	rubredoxin	WP_008350739.1					-	PFAM Rubredoxin-type Fe(Cys)4 protein	-	-	-	-	-	Rubredoxin
NCS66_RS04145	DUF4399 domain-containing protein	WP_033536673.1					-	Domain of unknown function (DUF4399)	-	-	-	-	-	DUF4399
NCS66_RS34170	XRE family transcriptional regulator	WP_277621788.1					-	Helix-turn-helix domain	-	-	-	-	-	HTH_37
NCS66_RS04170	CopD family protein	WP_008350729.1			membrane|0016020||IEA		-	Copper resistance protein D	-	-	-	-	-	CopD
NCS66_RS04175	EAL domain-containing protein	WP_034471280.1					-	GGDEF domain containing protein	-	-	-	-	-	EAL,GGDEF,dCache_1
NCS66_RS04180	PhzF family phenazine biosynthesis protein	WP_250480406.1	isomerase activity|0016853||IEA	biosynthetic process|0009058||IEA	cytoplasm|0005737||IEA		-	phenazine biosynthesis protein PhzF family	ko:K06998	M00835	ko00000,ko00001,ko00002,ko01000	-	-	PhzC-PhzF
NCS66_RS04185	hypothetical protein	WP_008350723.1					-	dienelactone hydrolase	-	-	-	-	-	-
NCS66_RS04190	RidA family protein	WP_008350722.1					-	endoribonuclease L-PSP	-	-	-	-	-	YjgF_endoribonc
NCS66_RS04200	DMT family transporter	WP_250480407.1	transporter activity|0005215||IEA	transmembrane transport|0055085||IEA			-	EamA-like transporter family	-	-	-	-	-	EamA
NCS66_RS04205	VOC family protein	WP_051079033.1					-	Glyoxalase-like domain	-	-	-	-	-	Glyoxalase_3
NCS66_RS04210	PLP-dependent aminotransferase family protein	WP_034471274.1	pyridoxal phosphate binding|0030170||IEA				-	Regulatory protein GntR HTH	-	-	-	-	-	Aminotran_1_2,GntR
NCS66_RS04225	hypothetical protein	WP_008350714.1					-	-	-	-	-	-	-	-
NCS66_RS04235	DNA-deoxyinosine glycosylase	WP_250480409.1	DNA-deoxyinosine glycosylase activity|0033958||IEA	base-excision repair, AP site formation|0006285||IEA			-	glycosylase	ko:K03649	-	ko00000,ko00001,ko01000,ko03400	-	-	UDG
NCS66_RS04245	DUF3311 domain-containing protein	WP_008350708.1					-	Protein of unknown function (DUF3311)	-	-	-	-	-	DUF3311
NCS66_RS04255	FUSC family protein	WP_250480410.1	transmembrane transporter activity|0022857||IEA	transmembrane transport|0055085||IEA	plasma membrane|0005886||IEA		-	Fusaric acid resistance protein-like	-	-	-	-	-	FUSC,FUSC_2
NCS66_RS04270	energy transducer TonB	WP_250480411.1			membrane|0016020||IEA		-	-	-	-	-	-	-	-
NCS66_RS04280	VWA domain-containing protein	WP_008350694.1					-	VWA containing CoxE family protein	ko:K09989	-	ko00000	-	-	VWA_CoxE
NCS66_RS04285	GNAT family protein	WP_008350692.1					-	Acetyltransferase (GNAT) domain	-	-	-	-	-	Acetyltransf_3
NCS66_RS04290	MoxR family ATPase	WP_008350690.1	ATP hydrolysis activity|0016887||IEA				-	ATPase associated with various cellular activities, AAA_5	-	-	-	-	-	AAA,AAA_5
NCS66_RS04295	c-type cytochrome	WP_008350687.1	heme binding|0020037||IEA				-	Cytochrome c class	-	-	-	-	-	Cytochrom_C,Cytochrome_CBB3
NCS66_RS04300	c-type cytochrome	WP_008350685.1	heme binding|0020037||IEA				-	PFAM cytochrome c, class I	-	-	-	-	-	Cytochrom_C
NCS66_RS04305	DUF1841 family protein	WP_008350683.1					-	Domain of unknown function (DUF1841)	-	-	-	-	-	DUF1841
NCS66_RS04315	electron transport complex subunit RsxB	WP_034471253.1	iron-sulfur cluster binding|0051536||IEA	electron transport chain|0022900||IEA		rsxB	-	Part of a membrane complex involved in electron transport	ko:K03616	-	ko00000	-	-	FeS,Fer4_21
NCS66_RS04320	TetR/AcrR family transcriptional regulator	WP_008350673.1	DNA binding|0003677||IEA	regulation of DNA-templated transcription|0006355||IEA			-	PFAM regulatory protein TetR	-	-	-	-	-	TetR_C_9,TetR_N
NCS66_RS04325	polyhydroxyalkanoate depolymerase	WP_008350671.1				phaZ	-	PFAM PHB de-polymerase domain protein	ko:K05973	-	ko00000,ko00001,ko01000	-	-	PHB_depo_C
NCS66_RS04330	glycoside hydrolase family 15 protein	WP_250480412.1					-	PFAM glycoside hydrolase 15-related	-	-	-	-	-	Glyco_hydro_15
NCS66_RS04335	hypothetical protein	WP_033536686.1					-	-	-	-	-	-	-	-
NCS66_RS04340	DUF3096 domain-containing protein	WP_008350665.1					-	Protein of unknown function (DUF3096)	-	-	-	-	-	DUF3096
NCS66_RS04350	phospholipid:lipid A palmitoyltransferase	WP_008350661.1					GO:0003674,GO:0003824,GO:0005575,GO:0005623,GO:0005975,GO:0006629,GO:0006643,GO:0006644,GO:0006664,GO:0006793,GO:0006796,GO:0008150,GO:0008152,GO:0008374,GO:0008610,GO:0008654,GO:0009058,GO:0009245,GO:0009247,GO:0009279,GO:0009311,GO:0009312,GO:0009987,GO:0016020,GO:0016051,GO:0016409,GO:0016416,GO:0016740,GO:0016746,GO:0016747,GO:0019637,GO:0019867,GO:0030312,GO:0030313,GO:0031975,GO:0044237,GO:0044238,GO:0044249,GO:0044255,GO:0044462,GO:0044464,GO:0046467,GO:0046493,GO:0071704,GO:0071944,GO:0090407,GO:1901135,GO:1901137,GO:1901269,GO:1901271,GO:1901576,GO:1903509	Transfers a palmitate residue from the sn-1 position of a phospholipid to the N-linked hydroxymyristate on the proximal unit of lipid A or its precursors	ko:K12973	M00724	ko00000,ko00001,ko00002,ko01000,ko01005	-	-	OMP_b-brl,PagP
NCS66_RS04365	META domain-containing protein	WP_008350655.1					-	META domain	-	-	-	-	-	META
NCS66_RS04375	DUF6726 family protein	WP_308196654.1					-	-	-	-	-	-	-	-
NCS66_RS04380	MliC family protein	WP_008350649.1					-	Membrane-bound lysozyme-inhibitor of c-type lysozyme	-	-	-	-	-	MliC
NCS66_RS04400	sulfurtransferase	WP_244807851.1					-	Belongs to the UPF0176 family	ko:K07146	-	ko00000	-	-	Rhodanese
NCS66_RS04410	glycosyltransferase family 4 protein	WP_008350640.1	glycosyltransferase activity|0016757||IEA				-	glycosyl transferase	-	-	-	-	-	Glyco_trans_1_4,Glyco_transf_4,Glycos_transf_1
NCS66_RS04420	glycosyltransferase	WP_250434308.1					-	glycosyl transferase family 2	-	-	-	-	-	Glycos_transf_2
NCS66_RS04450	ribosome silencing factor	WP_008350631.1	ribosome binding|0043022||IEA	negative regulation of translation|0017148||IEA		rsfS	-	Functions as a ribosomal silencing factor. Interacts with ribosomal protein L14 (rplN), blocking formation of intersubunit bridge B8. Prevents association of the 30S and 50S ribosomal subunits and the formation of functional ribosomes, thus repressing translation	ko:K09710	-	ko00000,ko03009	-	-	RsfS
NCS66_RS04500	SDR family oxidoreductase	WP_250480416.1					-	NmrA-like family	-	-	-	-	-	NAD_binding_10
NCS66_RS04520	IclR family transcriptional regulator	WP_008350606.1	DNA-binding transcription factor activity|0003700||IEA	regulation of DNA-templated transcription|0006355||IEA			-	Transcriptional regulator	ko:K20329	-	ko00000,ko00001,ko03000	-	-	HTH_IclR,IclR
NCS66_RS04525	hypothetical protein	WP_250480417.1					-	-	-	-	-	-	-	-
NCS66_RS04530	DJ-1/PfpI family protein	WP_008350603.1					-	Intracellular protease, PfpI family	ko:K05520	-	ko00000,ko01000,ko01002	-	-	DJ-1_PfpI
NCS66_RS04535	hypothetical protein	WP_250480418.1					-	-	-	-	-	-	-	-
NCS66_RS04545	cysteine dioxygenase family protein	WP_250480420.1					-	Cysteine dioxygenase type I	-	-	-	-	-	CDO_I
NCS66_RS04555	hypothetical protein	WP_008350594.1					-	-	-	-	-	-	-	-
NCS66_RS04560	FUSC family membrane protein	WP_250439453.1					-	FUSC-like inner membrane protein yccS	-	-	-	-	-	FUSC-like,FUSC_2
NCS66_RS04565	exodeoxyribonuclease V subunit gamma	WP_250480421.1	exodeoxyribonuclease V activity|0008854||IEA	DNA recombination|0006310||IEA	exodeoxyribonuclease V complex|0009338||IEA	recC	-	A helicase nuclease that prepares dsDNA breaks (DSB) for recombinational DNA repair. Binds to DSBs and unwinds DNA via a highly rapid and processive ATP-dependent bidirectional helicase activity. Unwinds dsDNA until it encounters a Chi (crossover hotspot instigator) sequence from the 3' direction. Cuts ssDNA a few nucleotides 3' to the Chi site. The properties and activities of the enzyme are changed at Chi. The Chi-altered holoenzyme produces a long 3'-ssDNA overhang and facilitates RecA-binding to the ssDNA for homologous DNA recombination and repair. Holoenzyme degrades any linearized DNA that is unable to undergo homologous recombination. In the holoenzyme this subunit recognizes the wild- type Chi sequence, and when added to isolated RecB increases its ATP-dependent helicase processivity	ko:K03583	-	ko00000,ko00001,ko01000,ko03400	-	-	Exonuc_V_gamma
NCS66_RS04570	exodeoxyribonuclease V subunit beta	WP_250480422.1	exodeoxyribonuclease V activity|0008854||IEA	DNA recombination|0006310||IEA	exodeoxyribonuclease V complex|0009338||IEA	recB	-	A helicase nuclease that prepares dsDNA breaks (DSB) for recombinational DNA repair. Binds to DSBs and unwinds DNA via a highly rapid and processive ATP-dependent bidirectional helicase activity. Unwinds dsDNA until it encounters a Chi (crossover hotspot instigator) sequence from the 3' direction. Cuts ssDNA a few nucleotides 3' to the Chi site. The properties and activities of the enzyme are changed at Chi. The Chi-altered holoenzyme produces a long 3'-ssDNA overhang and facilitates RecA-binding to the ssDNA for homologous DNA recombination and repair. Holoenzyme degrades any linearized DNA that is unable to undergo homologous recombination. In the holoenzyme this subunit contributes ATPase, 3'-5' helicase, exonuclease activity and loads RecA onto ssDNA	ko:K03582,ko:K16898	-	ko00000,ko00001,ko01000,ko03400	-	-	PDDEXK_1,UvrD-helicase,UvrD_C
NCS66_RS04585	hypothetical protein	WP_008350584.1					-	-	-	-	-	-	-	-
NCS66_RS04590	DMT family transporter	WP_250480424.1	transporter activity|0005215||IEA	transmembrane transport|0055085||IEA			-	Drug metabolite transporter (DMT) superfamily	-	-	-	-	-	EamA
NCS66_RS04605	glycine zipper 2TM domain-containing protein	WP_008350577.1			outer membrane|0019867||IEA		-	Glycine zipper 2TM domain	ko:K04062	-	ko00000	-	-	Rick_17kDa_Anti
NCS66_RS04625	DUF4397 domain-containing protein	WP_250480427.1					-	Domain of unknown function (DUF4397)	-	-	-	-	-	DUF4397
NCS66_RS04630	dihydrofolate reductase family protein	WP_175980118.1					-	RibD C-terminal domain	-	-	-	-	-	RibD_C
NCS66_RS04640	sensor histidine kinase	WP_244807862.1	ATP binding|0005524||IEA				-	Histidine kinase	ko:K05962	-	ko00000,ko01000	-	-	CHASE3,HATPase_c,HisKA_3
NCS66_RS04645	DUF1328 domain-containing protein	WP_008350561.1					-	UPF0391 membrane protein	-	-	-	-	-	DUF1328
NCS66_RS04650	DUF1328 family protein	WP_008350559.1			plasma membrane|0005886||IEA		-	UPF0391 membrane protein	-	-	-	-	-	DUF1328
NCS66_RS04665	response regulator	WP_239295414.1		phosphorelay signal transduction system|0000160||IEA			-	Response regulator receiver	-	-	-	-	-	Response_reg
NCS66_RS04675	hypothetical protein	WP_008350549.1					-	-	-	-	-	-	-	-
NCS66_RS04680	hypothetical protein	WP_008350548.1					-	-	-	-	-	-	-	-
NCS66_RS04695	metallophosphoesterase family protein	WP_175979903.1	metal ion binding|0046872||IEA				-	Phosphoesterase	ko:K07095	-	ko00000	-	-	Metallophos_2
NCS66_RS04720	beta-propeller fold lactonase family protein	WP_034474119.1					-	40-residue YVTN family beta-propeller repeat protein	-	-	-	-	-	Cytochrom_D1,Lactonase
NCS66_RS04725	sterol desaturase family protein	WP_008350532.1	oxidoreductase activity|0016491||IEA	lipid metabolic process|0006629||IEA			-	Fatty acid hydroxylase	-	-	-	-	-	FA_hydroxylase
NCS66_RS04730	EI24 domain-containing protein	WP_008350531.1					-	Etoposide-induced protein 2.4 (EI24)	-	-	-	-	-	EI24
NCS66_RS04735	molybdopterin-binding protein	WP_008350529.1					-	PFAM molybdopterin binding domain	-	-	-	-	-	MoCF_biosynth
NCS66_RS04745	rhodanese-like domain-containing protein	WP_250480432.1					-	SMART Rhodanese domain protein	-	-	-	-	-	Rhodanese
NCS66_RS04775	lysophospholipid acyltransferase family protein	WP_034474110.1					-	Acyl-transferase	ko:K00655	M00089	ko00000,ko00001,ko00002,ko01000,ko01004	-	-	Acyltransferase
NCS66_RS04790	phosphatase PAP2/dual specificity phosphatase family protein	WP_250480434.1					-	Dual specificity phosphatase, catalytic domain	-	-	-	-	-	DSPc,PAP2_3
NCS66_RS04795	hypothetical protein	WP_250480435.1					-	-	-	-	-	-	-	-
NCS66_RS04800	DUF2628 domain-containing protein	WP_250480436.1					-	Protein of unknown function (DUF2628)	-	-	-	-	-	DUF2628
NCS66_RS04805	tetratricopeptide repeat protein	WP_250480437.1					-	Tetratricopeptide repeats	-	-	-	-	-	TPR_11,TPR_12,TPR_2,TPR_7,TPR_8
NCS66_RS04810	polysaccharide deacetylase family protein	WP_250480438.1	metal ion binding|0046872||IEA				-	Polysaccharide deacetylase	-	-	-	-	-	Polysacc_deac_1
NCS66_RS04815	hypothetical protein	WP_175979916.1					-	-	-	-	-	-	-	-
NCS66_RS04825	K(+)-transporting ATPase subunit F	WP_008350504.1		regulation of ATP-dependent activity|0043462||IEA	potassium ion-transporting ATPase complex|0031004||IEA	kdpF	-	F subunit of K+-transporting ATPase (Potass_KdpF)	-	-	-	-	-	Potass_KdpF
NCS66_RS04850	GNAT family protein	WP_008350495.1					-	PFAM GCN5-related N-acetyltransferase	-	-	-	-	-	Acetyltransf_3
NCS66_RS04855	LysR substrate-binding domain-containing protein	WP_250480441.1					-	LysR substrate binding domain	-	-	-	-	-	HTH_1,LysR_substrate
NCS66_RS04860	hypothetical protein	WP_250480442.1					-	PFAM Nitrilase cyanide hydratase and apolipoprotein N-acyltransferase	-	-	-	-	-	CN_hydrolase
NCS66_RS04885	hypothetical protein	WP_239294958.1					-	-	-	-	-	-	-	-
NCS66_RS04890	DUF2950 domain-containing protein	WP_250480444.1					-	Protein of unknown function (DUF2950)	-	-	-	-	-	DUF2950
NCS66_RS04895	DUF3300 domain-containing protein	WP_175979923.1					-	Protein of unknown function (DUF3300)	-	-	-	-	-	DUF3300
NCS66_RS04900	oxygen response regulator transcription factor FixJ	WP_008350478.1				fixJ	GO:0000976,GO:0001067,GO:0001130,GO:0001216,GO:0003674,GO:0003676,GO:0003677,GO:0003690,GO:0003700,GO:0005488,GO:0005575,GO:0006355,GO:0008150,GO:0009889,GO:0009891,GO:0009893,GO:0010468,GO:0010556,GO:0010557,GO:0010604,GO:0010628,GO:0019219,GO:0019222,GO:0031323,GO:0031325,GO:0031326,GO:0031328,GO:0032991,GO:0032993,GO:0043565,GO:0044212,GO:0045893,GO:0045935,GO:0048518,GO:0048522,GO:0050789,GO:0050794,GO:0051171,GO:0051173,GO:0051252,GO:0051254,GO:0060255,GO:0065007,GO:0080090,GO:0097159,GO:0140110,GO:1901363,GO:1902680,GO:1903506,GO:1903508,GO:1990837,GO:2000112,GO:2001141	response regulator	ko:K13041	M00514	ko00000,ko00001,ko00002,ko02022	-	-	GerE,Response_reg
NCS66_RS04905	oxygen sensor histidine kinase FixL	WP_008350476.1				fixL	-	PFAM ATP-binding region, ATPase domain protein	-	-	-	-	-	HATPase_c,HisKA,PAS,PAS_4,PAS_8,PAS_9
NCS66_RS04925	phasin family protein	WP_008350468.1					-	TIGRFAM phasin family protein	-	-	-	-	-	Phasin_2
NCS66_RS04930	D-alanyl-D-alanine endopeptidase	WP_033537204.1	serine-type D-Ala-D-Ala carboxypeptidase activity|0009002||IEA	proteolysis|0006508||IEA		pbpG	-	Belongs to the peptidase S11 family	ko:K07262	-	ko00000,ko01000,ko01002,ko01011	-	-	Peptidase_S11
NCS66_RS04935	IclR family transcriptional regulator	WP_008350464.1	DNA-binding transcription factor activity|0003700||IEA	regulation of DNA-templated transcription|0006355||IEA			-	Transcriptional regulator	-	-	-	-	-	HTH_IclR,IclR
NCS66_RS04950	hypothetical protein	WP_008350459.1					-	-	-	-	-	-	-	-
NCS66_RS04955	hypothetical protein	WP_008350456.1					-	-	-	-	-	-	-	-
NCS66_RS04975	cupredoxin domain-containing protein	WP_034472134.1					-	Cupredoxin-like domain	-	-	-	-	-	Cupredoxin_1
NCS66_RS04985	4Fe-4S binding protein	WP_200889199.1					-	4Fe-4S binding domain	-	-	-	-	-	Fer4_5
NCS66_RS04995	hemin uptake protein HemP	WP_008350441.1					-	Hemin uptake protein HemP	-	-	-	-	-	hemP
NCS66_RS05000	SRPBCC family protein	WP_008350440.1	binding|0005488||IEA				-	Domain of unknown function (DUF1857)	-	-	-	-	-	DUF1857
NCS66_RS05005	OsmC family protein	WP_034472128.1					-	PFAM OsmC family protein	ko:K07397	-	ko00000	-	-	OsmC
NCS66_RS05010	pirin family protein	WP_250480447.1					-	Belongs to the pirin family	ko:K06911	-	ko00000	-	-	Pirin,Pirin_C
NCS66_RS05015	LysR family transcriptional regulator	WP_008350437.1					-	Transcriptional regulator, LysR family	-	-	-	-	-	HTH_1,LysR_substrate
NCS66_RS05035	(2Fe-2S)-binding protein	WP_008350432.1					-	PFAM BFD domain protein 2Fe-2S -binding domain protein	ko:K02192	-	ko00000	-	-	Fer2_BFD
NCS66_RS05060	DMT family transporter	WP_244807894.1	transporter activity|0005215||IEA	transmembrane transport|0055085||IEA			-	Multidrug DMT transporter permease	-	-	-	-	-	EamA
NCS66_RS05070	DUF4212 domain-containing protein	WP_008350418.1					-	solute symporter protein	-	-	-	-	-	DUF4212
NCS66_RS05100	hypothetical protein	WP_244807913.1					-	-	-	-	-	-	-	-
NCS66_RS05110	hypothetical protein	WP_244807915.1					-	-	-	-	-	-	-	-
NCS66_RS05115	hypothetical protein	WP_008350403.1					-	-	-	-	-	-	-	-
NCS66_RS05120	DUF2968 domain-containing protein	WP_244807916.1					-	Protein of unknown function (DUF2968)	-	-	-	-	-	DUF2968
NCS66_RS05125	hypothetical protein	WP_034472108.1					-	-	-	-	-	-	-	-
NCS66_RS05130	hypothetical protein	WP_250480450.1					-	-	-	-	-	-	-	-
NCS66_RS05135	PRC-barrel domain-containing protein	WP_008350394.1	bacteriochlorophyll binding|0042314||IEA	photosynthesis, light reaction|0019684||IEA			-	PFAM PRC-barrel domain protein	-	-	-	-	-	PRC
NCS66_RS05140	ribonuclease HI family protein	WP_244807917.1	RNA binding|0003723||IEA				-	Reverse transcriptase-like	ko:K03469	-	ko00000,ko00001,ko01000,ko03032	-	-	RVT_3
NCS66_RS05145	SDR family oxidoreductase	WP_244807918.1	oxidoreductase activity|0016491||IEA				-	short-chain dehydrogenase	-	-	-	-	-	adh_short
NCS66_RS05155	LysE family translocator	WP_008350388.1					-	LysE type translocator	-	-	-	-	-	LysE
NCS66_RS05175	2Fe-2S iron-sulfur cluster-binding protein	WP_033537218.1	iron-sulfur cluster binding|0051536||IEA				-	Ferredoxin	-	-	-	-	-	Fer2
NCS66_RS05190	EAL domain-containing protein	WP_250480453.1					-	CSS motif domain associated with EAL	-	-	-	-	-	CSS-motif,EAL
NCS66_RS05195	hypothetical protein	WP_033537211.1					-	-	-	-	-	-	-	-
NCS66_RS05215	GlxA family transcriptional regulator	WP_235366349.1	DNA-binding transcription factor activity|0003700||IEA				-	PFAM helix-turn-helix- domain containing protein AraC type	ko:K21825	-	ko00000,ko03000	-	-	HTH_18
NCS66_RS05265	FUSC family protein	WP_244807925.1		transport|0006810||IEA	plasma membrane|0005886||IEA		-	Fusaric acid resistance protein	-	-	-	-	-	FUSC
NCS66_RS05270	efflux transporter outer membrane subunit	WP_244807926.1	porin activity|0015288||IEA	transport|0006810||IEA	cell outer membrane|0009279||IEA		-	RND efflux system, outer membrane lipoprotein, NodT family	-	-	-	-	-	OEP
NCS66_RS05275	LysR family transcriptional regulator	WP_244807927.1	DNA-binding transcription activator activity|0001216||IEA				-	transcriptional Regulator, LysR family	-	-	-	-	-	HTH_1,LysR_substrate
NCS66_RS05290	metallophosphoesterase	WP_244807930.1	hydrolase activity|0016787||IEA				-	Calcineurin-like phosphoesterase superfamily domain	-	-	-	-	-	Metallophos,Metallophos_2
NCS66_RS05295	FAD-binding oxidoreductase	WP_244807931.1	flavin adenine dinucleotide binding|0050660||IEA				-	PFAM FAD linked oxidase domain protein	ko:K00102	-	ko00000,ko00001,ko01000	-	-	FAD-oxidase_C,FAD_binding_4
NCS66_RS05300	DUF2069 domain-containing protein	WP_008350344.1					-	Predicted membrane protein (DUF2069)	-	-	-	-	-	DUF2069
NCS66_RS05310	YihY family inner membrane protein	WP_244807932.1	molecular_function|0003674||IEA	biological_process|0008150||IEA	plasma membrane|0005886||IEA		-	UPF0761 membrane protein	ko:K07058	-	ko00000	-	-	Virul_fac_BrkB
NCS66_RS05315	Mpo1-like protein	WP_244807933.1					-	membrane	-	-	-	-	-	DUF962
NCS66_RS05320	alpha/beta hydrolase	WP_244807934.1	hydrolase activity|0016787||IEA				-	Alpha beta hydrolase	-	-	-	-	-	Abhydrolase_1,Abhydrolase_6,DLH,FSH1,Hydrolase_4
NCS66_RS05325	O-acetylhomoserine aminocarboxypropyltransferase	WP_244808108.1					-	o-acetylhomoserine	ko:K01740	-	ko00000,ko00001,ko01000	-	-	Cys_Met_Meta_PP
NCS66_RS05330	CBS domain-containing protein	WP_008350333.1					-	CBS domain containing protein	-	-	-	-	-	CBS
NCS66_RS05335	MFS transporter	WP_244807935.1	transmembrane transporter activity|0022857||IEA	transmembrane transport|0055085||IEA			-	Glycerol acyltransferase	ko:K05939	-	ko00000,ko00001,ko01000	-	-	Acyltransferase,MFS_1
NCS66_RS05345	electron transfer flavoprotein-ubiquinone oxidoreductase	WP_250480456.1	4 iron, 4 sulfur cluster binding|0051539||IEA	electron transport chain|0022900||IEA			-	electron transfer flavoprotein-ubiquinone oxidoreductase	ko:K00311	-	ko00000,ko01000	-	-	ETF_QO,FAD_binding_2,NAD_binding_8
NCS66_RS05350	SDR family oxidoreductase	WP_008350325.1					-	short-chain dehydrogenase	-	-	-	-	-	adh_short_C2
NCS66_RS05355	thioesterase family protein	WP_008350323.1					-	Thioesterase-like superfamily	ko:K07107	-	ko00000,ko01000	-	-	4HBT,4HBT_2
NCS66_RS05360	LuxR C-terminal-related transcriptional regulator	WP_244807937.1		regulation of DNA-templated transcription|0006355||IEA			-	PFAM regulatory protein LuxR	-	-	-	-	-	GerE,PAS_9
NCS66_RS05375	alpha/beta hydrolase	WP_244807938.1	hydrolase activity|0016787||IEA				-	Alpha beta hydrolase	-	-	-	-	-	Abhydrolase_1,Abhydrolase_6
NCS66_RS05430	MerR family transcriptional regulator	WP_008350188.1	DNA-binding transcription factor activity|0003700||IEA				-	PFAM regulatory protein, MerR	-	-	-	-	-	MerR_1
NCS66_RS05435	hypothetical protein	WP_244807941.1					-	-	-	-	-	-	-	-
NCS66_RS05445	hypothetical protein	WP_175979959.1					-	-	-	-	-	-	-	-
NCS66_RS05450	LysR family transcriptional regulator	WP_250434526.1	DNA-binding transcription activator activity|0001216||IEA				-	Transcriptional regulator	-	-	-	-	-	HTH_1,LysR_substrate
NCS66_RS05455	DoxX family protein	WP_008350180.1			membrane|0016020||IEA		-	DoxX	ko:K15977	-	ko00000	-	-	DoxX
NCS66_RS05460	LysR family transcriptional regulator	WP_008350178.1					-	Transcriptional regulator	-	-	-	-	-	HTH_1,LysR_substrate
NCS66_RS05465	IclR family transcriptional regulator	WP_008350176.1	DNA-binding transcription factor activity|0003700||IEA	regulation of DNA-templated transcription|0006355||IEA			-	Transcriptional regulator	ko:K02624	-	ko00000,ko03000	-	-	HTH_IclR,IclR
NCS66_RS05485	3-carboxy-cis,cis-muconate cycloisomerase	WP_244808010.1	3-carboxy-cis,cis-muconate cycloisomerase activity|0047472||IEA	3,4-dihydroxybenzoate catabolic process|0019619||IEA			-	3-carboxy-cis,cis-muconate cycloisomerase	ko:K01857	-	ko00000,ko00001,ko01000	-	-	ADSL_C,Lyase_1
NCS66_RS05495	4-carboxymuconolactone decarboxylase	WP_008350165.1	4-carboxymuconolactone decarboxylase activity|0047575||IEA			pcaC	-	4-carboxymuconolactone decarboxylase	ko:K01607	-	ko00000,ko00001,ko01000	-	-	CMD
NCS66_RS05500	DUF3443 domain-containing protein	WP_034472026.1					-	Protein of unknown function (DUF3443)	-	-	-	-	-	DUF3443
NCS66_RS05505	DUF2844 domain-containing protein	WP_008350161.1					-	Protein of unknown function (DUF2844)	-	-	-	-	-	DUF2844
NCS66_RS05515	putative quinol monooxygenase	WP_008350158.1	monooxygenase activity|0004497||IEA				-	Antibiotic biosynthesis monooxygenase	-	-	-	-	-	ABM
NCS66_RS05520	hypothetical protein	WP_008350156.1					-	-	-	-	-	-	-	-
NCS66_RS05530	haloacid dehalogenase type II	WP_250480460.1	(S)-2-haloacid dehalogenase activity|0018784||IEA	xenobiotic metabolic process|0006805||IEA			-	Haloacid dehalogenase, type II	ko:K01560	-	ko00000,ko00001,ko01000	-	-	HAD_2,Hydrolase
NCS66_RS05535	LysR family transcriptional regulator	WP_008350150.1	DNA-binding transcription activator activity|0001216||IEA				-	Transcriptional regulator	-	-	-	-	-	HTH_1,LysR_substrate
NCS66_RS05540	universal stress protein	WP_008350148.1					-	Belongs to the universal stress protein A family	-	-	-	-	-	Usp
NCS66_RS05555	acyl-CoA-binding protein	WP_008350142.1	fatty-acyl-CoA binding|0000062||IEA				-	acyl-coa-binding protein	-	-	-	-	-	ACBP
NCS66_RS05560	tRNA (adenosine(37)-N6)-threonylcarbamoyltransferase complex dimerization subunit type 1 TsaB	WP_244808014.1		tRNA threonylcarbamoyladenosine modification|0002949||IEA		tsaB	-	PFAM peptidase M22 glycoprotease	ko:K14742	-	ko00000,ko03016	-	-	Peptidase_M22
NCS66_RS05565	ribosomal protein S18-alanine N-acetyltransferase	WP_008350138.1	peptide-alanine-alpha-N-acetyltransferase activity|0008999||IEA	ribosome biogenesis|0042254||IEA		rimI	-	Ribosomal-protein-alanine acetyltransferase	ko:K03789,ko:K14742	-	ko00000,ko01000,ko03009,ko03016	-	-	Acetyltransf_1,Peptidase_M22
NCS66_RS05570	uracil-DNA glycosylase	WP_250439596.1	4 iron, 4 sulfur cluster binding|0051539||IEA	DNA repair|0006281||IEA			-	TIGRFAM phage SPO1 DNA polymerase-related protein	ko:K21929	-	ko00000,ko00001,ko01000,ko03400	-	-	UDG
NCS66_RS05575	DUF1853 family protein	WP_175979971.1					-	Domain of unknown function (DUF1853)	ko:K09977	-	ko00000	-	-	DUF1853
NCS66_RS05610	DUF2866 domain-containing protein	WP_008350121.1					-	Protein of unknown function (DUF2866)	-	-	-	-	-	DUF2866
NCS66_RS05615	CaiB/BaiF CoA-transferase family protein	WP_250480464.1					-	L-carnitine dehydratase bile acid-inducible protein F	-	-	-	-	-	CoA_transf_3
NCS66_RS05630	cardiolipin synthase	WP_033537247.1	phosphotransferase activity, for other substituted phosphate groups|0016780||IEA	cardiolipin biosynthetic process|0032049||IEA		cls	-	Catalyzes the reversible phosphatidyl group transfer from one phosphatidylglycerol molecule to another to form cardiolipin (CL) (diphosphatidylglycerol) and glycerol	ko:K06131	-	ko00000,ko00001,ko01000	-	-	PLDc_2,PLDc_N
NCS66_RS05660	DMT family transporter	WP_250480466.1	transporter activity|0005215||IEA	transmembrane transport|0055085||IEA			-	EamA-like transporter family	-	-	-	-	-	EamA
NCS66_RS05665	chromosome segregation protein SMC	WP_250480467.1	ATP binding|0005524||IEA	chromosome condensation|0030261||IEA		smc	-	Required for chromosome condensation and partitioning	ko:K03529	-	ko00000,ko03036	-	-	SMC_N,SMC_hinge
NCS66_RS05670	cell division protein ZipA C-terminal FtsZ-binding domain-containing protein	WP_008350095.1		cell septum assembly|0090529||IEA			-	Essential cell division protein that stabilizes the FtsZ protofilaments by cross-linking them and that serves as a cytoplasmic membrane anchor for the Z ring. Also required for the recruitment to the septal ring of downstream cell division proteins	-	-	-	-	-	ZipA_C
NCS66_RS05685	hypothetical protein	WP_008350092.1					-	-	-	-	-	-	-	-
NCS66_RS05690	pseudouridine synthase	WP_250480469.1	pseudouridine synthase activity|0009982||IEA	RNA modification|0009451||IEA			-	Belongs to the pseudouridine synthase RsuA family	ko:K06182	-	ko00000,ko01000,ko03009	-	-	PseudoU_synth_2,S4
NCS66_RS05730	phosphatidate cytidylyltransferase	WP_008350082.1					-	Belongs to the CDS family	ko:K00981	M00093	ko00000,ko00001,ko00002,ko01000	-	-	CTP_transf_1
NCS66_RS05750	OmpH family outer membrane protein	WP_008350075.1					-	Belongs to the skp family	ko:K06142	-	ko00000	-	-	OmpH
NCS66_RS05780	RNA methyltransferase	WP_250480474.1	transferase activity|0016740||IEA	RNA methylation|0001510||IEA			-	trna rrna methyltransferase	ko:K03437	-	ko00000,ko03016	-	-	SpoU_methylase
NCS66_RS05795	NfeD family protein	WP_008350058.1					-	NfeD-like C-terminal, partner-binding	-	-	-	-	-	NfeD
NCS66_RS05820	DMT family transporter	WP_034471975.1	transporter activity|0005215||IEA	transmembrane transport|0055085||IEA			-	EamA-like transporter family	-	-	-	-	-	EamA
NCS66_RS05830	hypothetical protein	WP_175979992.1					-	-	-	-	-	-	-	-
NCS66_RS05840	RNA 2',3'-cyclic phosphodiesterase	WP_175979993.1	RNA 2',3'-cyclic 3'-phosphodiesterase activity|0008664||IEA	tRNA processing|0008033||IEA		thpR	-	Hydrolyzes RNA 2',3'-cyclic phosphodiester to an RNA 2'- phosphomonoester	ko:K01975	-	ko00000,ko01000,ko03016	-	-	2_5_RNA_ligase2,LigT_PEase
NCS66_RS05890	GntR family transcriptional regulator	WP_250480477.1	DNA-binding transcription factor activity|0003700||IEA				-	FCD	-	-	-	-	-	FCD,GntR
NCS66_RS05900	aspartate/glutamate racemase family protein	WP_008350020.1					-	Racemase	ko:K16841	-	ko00000,ko00001,ko01000	-	-	Asp_Glu_race
NCS66_RS05905	allantoinase PuuE	WP_008350018.1	hydrolase activity, acting on carbon-nitrogen (but not peptide) bonds|0016810||IEA	allantoin catabolic process|0000256||IEA		puuE	-	PFAM polysaccharide deacetylase	ko:K01452	-	ko00000,ko00001,ko01000	-	-	Polysacc_deac_1
NCS66_RS05910	2-oxo-4-hydroxy-4-carboxy-5-ureidoimidazoline decarboxylase	WP_008350016.1		allantoin metabolic process|0000255||IEA		uraD	-	OHCU decarboxylase	ko:K13485	M00546	ko00000,ko00001,ko00002,ko01000	-	-	OHCU_decarbox
NCS66_RS05940	urate hydroxylase PuuD	WP_008350004.1					-	Urate oxidase N-terminal	-	-	-	-	-	Urate_ox_N
NCS66_RS05950	8-oxoguanine deaminase	WP_033537253.1	hydrolase activity, acting on carbon-nitrogen (but not peptide) bonds|0016810||IEA				-	Catalyzes the transformation of hydroxyatrazine to N-isopropylammelide and ethylamine in the atrazine degradation pathway	ko:K18456	-	ko00000,ko01000	-	-	Amidohydro_1
NCS66_RS05955	LysR substrate-binding domain-containing protein	WP_008349998.1					-	Transcriptional regulator	-	-	-	-	-	HTH_1,LysR_substrate
NCS66_RS05980	dodecin	WP_008349988.1	nucleotide binding|0000166||IEA				-	Dodecin	ko:K09165	-	ko00000	-	-	Dodecin
NCS66_RS05985	hypothetical protein	WP_008349986.1					-	-	-	-	-	-	-	-
NCS66_RS05995	DUF2252 domain-containing protein	WP_175980003.1					-	Uncharacterized protein conserved in bacteria (DUF2252)	-	-	-	-	-	DUF2252
NCS66_RS06005	tetratricopeptide repeat protein	WP_034473597.1	protein binding|0005515||IEA				-	Tetratricopeptide repeat	-	-	-	-	-	TPR_16,TPR_19
NCS66_RS06010	PspA/IM30 family protein	WP_034473631.1					-	Phage shock protein A	ko:K03969	-	ko00000	-	-	PspA_IM30
NCS66_RS06015	hypothetical protein	WP_008349975.1					-	-	-	-	-	-	-	-
NCS66_RS06025	copper chaperone PCu(A)C	WP_008349971.1	copper chaperone activity|0016531||IEA				-	Copper chaperone PCu(A)C	ko:K09796	-	ko00000,ko03110	-	-	PCuAC
NCS66_RS06035	DUF2946 domain-containing protein	WP_008349967.1					-	Protein of unknown function (DUF2946)	-	-	-	-	-	DUF2946
NCS66_RS06045	type VI secretion system baseplate subunit TssE	WP_200889159.1	molecular_function|0003674||IEA	protein secretion by the type VI secretion system|0033103||IEA		tssE	-	Type VI secretion	ko:K11905	M00334	ko00000,ko00002,ko02044	-	-	GPW_gp25
NCS66_RS06060	heme-degrading domain-containing protein	WP_008349957.1					-	Belongs to the UPF0303 family	-	-	-	-	-	Haem_degrading
NCS66_RS06070	hypothetical protein	WP_250480486.1					-	-	-	-	-	-	-	-
NCS66_RS06075	hypothetical protein	WP_033535792.1					-	-	-	-	-	-	-	-
NCS66_RS06080	hypothetical protein	WP_008349948.1					-	-	-	-	-	-	-	-
NCS66_RS06085	DUF1488 domain-containing protein	WP_008349946.1					-	Protein of unknown function (DUF1488)	-	-	-	-	-	DUF1488
NCS66_RS06090	hypothetical protein	WP_008349944.1					-	-	-	-	-	-	-	-
NCS66_RS06095	TetR/AcrR family transcriptional regulator	WP_239294967.1	DNA binding|0003677||IEA	regulation of DNA-templated transcription|0006355||IEA			-	WHG domain	-	-	-	-	-	TetR_N,WHG
NCS66_RS06105	IS4 family transposase	WP_239295098.1	transposase activity|0004803||IEA				-	Transposase IS4 family protein	-	-	-	-	-	DDE_Tnp_1,Nterm_IS4
NCS66_RS06110	hypothetical protein	WP_008349938.1					-	-	-	-	-	-	-	-
NCS66_RS06130	hypothetical protein	WP_008349936.1					-	-	-	-	-	-	-	-
NCS66_RS06135	DUF5594 family protein	WP_008349935.1					-	-	-	-	-	-	-	-
NCS66_RS06140	hypothetical protein	WP_250480488.1					-	-	-	-	-	-	-	-
NCS66_RS06145	methyltransferase	WP_008349933.1	O-methyltransferase activity|0008171||IEA				-	O-methyltransferase family 2	-	-	-	-	-	Dimerisation2,Methyltransf_2
NCS66_RS06155	lytic transglycosylase domain-containing protein	WP_250480489.1					-	lytic transglycosylase	-	-	-	-	-	SLT
NCS66_RS06160	hypothetical protein	WP_175980088.1					-	-	-	-	-	-	-	-
NCS66_RS06165	hypothetical protein	WP_244808046.1					-	-	-	-	-	-	-	-
NCS66_RS06170	hypothetical protein	WP_250480490.1					-	-	-	-	-	-	-	-
NCS66_RS06205	universal stress protein	WP_033535751.1	adenyl ribonucleotide binding|0032559||IEA				-	Belongs to the universal stress protein A family	-	-	-	-	-	Usp
NCS66_RS06210	DUF2939 domain-containing protein	WP_008349909.1					-	Protein of unknown function (DUF2939)	-	-	-	-	-	DUF2939
NCS66_RS06215	hypothetical protein	WP_250480491.1					-	-	-	-	-	-	-	-
NCS66_RS06285	primosomal replication protein N	WP_175980102.1	single-stranded DNA binding|0003697||IEA	DNA replication|0006260||IEA	replisome|0030894||IEA	priB	-	Binds single-stranded DNA at the primosome assembly site (PAS)	ko:K02686	-	ko00000,ko00001,ko03400	-	-	SSB
NCS66_RS06305	DUF47 domain-containing protein	WP_008349836.1					-	phosphate transport regulator	ko:K07220	-	ko00000	-	-	PhoU_div
NCS66_RS06315	SDR family oxidoreductase	WP_175980104.1					-	Short-chain dehydrogenase reductase sdr	-	-	-	-	-	adh_short_C2
NCS66_RS06320	C40 family peptidase	WP_033536115.1					-	PFAM NLP P60 protein	-	-	-	-	-	NLPC_P60
NCS66_RS06325	PhoH family protein	WP_250480494.1	ATP binding|0005524||IEA				-	PFAM PhoH family protein	ko:K07175	-	ko00000	-	-	PIN_4,PhoH
NCS66_RS06340	bifunctional UDP-4-keto-pentose/UDP-xylose synthase	WP_008349823.1	catalytic activity|0003824||IEA				-	Nad-dependent epimerase dehydratase	-	-	-	-	-	Epimerase
NCS66_RS06345	formyltransferase	WP_008349821.1	hydroxymethyl-, formyl- and related transferase activity|0016742||IEA				-	PFAM formyl transferase domain protein	ko:K00604	-	ko00000,ko00001,ko01000	-	-	Formyl_trans_C,Formyl_trans_N
NCS66_RS06360	SMR family transporter	WP_008349817.1	transmembrane transporter activity|0022857||IEA		membrane|0016020||IEA		-	Small Multidrug Resistance protein	-	-	-	-	-	EamA,Multi_Drug_Res
NCS66_RS06365	glycosyltransferase family 39 protein	WP_175980107.1					-	PFAM glycosyl transferase family 39	-	-	-	-	-	PMT,PMT_2
NCS66_RS06370	Mth938-like domain-containing protein	WP_008349815.1					-	Protein of unknown function (DUF498/DUF598)	-	-	-	-	-	DUF498
NCS66_RS06395	DUF1289 domain-containing protein	WP_008349809.1					-	Protein of unknown function (DUF1289)	ko:K06938	-	ko00000	-	-	DUF1289,DUF3717
NCS66_RS06400	phospholipase A	WP_250480496.1	phospholipase activity|0004620||IEA	lipid metabolic process|0006629||IEA	membrane|0016020||IEA		-	phospholipase	-	-	-	-	-	PLA1
NCS66_RS06430	hypothetical protein	WP_250480498.1					-	Part of the outer membrane protein assembly complex, which is involved in assembly and insertion of beta-barrel proteins into the outer membrane	-	-	-	-	-	-
NCS66_RS06435	transporter	WP_250480499.1					-	Putative MetA-pathway of phenol degradation	-	-	-	-	-	Phenol_MetA_deg
NCS66_RS06465	carboxymuconolactone decarboxylase family protein	WP_250480501.1	peroxiredoxin activity|0051920||IEA				-	Antioxidant protein with alkyl hydroperoxidase activity. Required for the reduction of the AhpC active site cysteine residues and for the regeneration of the AhpC enzyme activity	ko:K04756	-	ko00000	-	-	CMD
NCS66_RS06470	peroxiredoxin	WP_008349775.1	thioredoxin peroxidase activity|0008379||IEA				-	PFAM alkyl hydroperoxide reductase Thiol specific antioxidant Mal allergen	ko:K03386	-	ko00000,ko00001,ko01000,ko04147	-	-	AhpC-TSA
NCS66_RS06475	ATP-binding protein	WP_250480502.1					-	histidine kinase HAMP region domain protein	ko:K07638	M00445,M00742,M00743	ko00000,ko00001,ko00002,ko01000,ko01001,ko02022	-	-	HAMP,HATPase_c,HisKA,RisS_PPD
NCS66_RS06485	hypothetical protein	WP_008349768.1					-	-	-	-	-	-	-	-
NCS66_RS06490	DUF1501 domain-containing protein	WP_250480503.1					-	Twin-arginine translocation pathway signal sequence	-	-	-	-	-	DUF1501,TAT_signal
NCS66_RS06495	squalene/phytoene synthase family protein	WP_250480504.1		biosynthetic process|0009058||IEA			-	Phytoene synthase	ko:K02291	M00097	ko00000,ko00001,ko00002,ko01000,ko01006	-	-	SQS_PSY
NCS66_RS06505	DUF2946 domain-containing protein	WP_250480505.1					-	Protein of unknown function (DUF2946)	-	-	-	-	-	DUF2946
NCS66_RS06555	SurA N-terminal domain-containing protein	WP_250480508.1					-	peptidylprolyl isomerase	ko:K03770	-	ko00000,ko01000,ko03110	-	-	Rotamase,Rotamase_2,Rotamase_3,SurA_N_3
NCS66_RS06560	hypothetical protein	WP_008349728.1					-	-	-	-	-	-	-	-
NCS66_RS06585	FAD-dependent oxidoreductase	WP_250439710.1	oxidoreductase activity|0016491||IEA				-	PFAM FAD dependent oxidoreductase	ko:K00285	-	ko00000,ko00001,ko01000	-	-	DAO
NCS66_RS06595	family 20 glycosylhydrolase	WP_250480513.1	hydrolase activity, hydrolyzing O-glycosyl compounds|0004553||IEA	carbohydrate metabolic process|0005975||IEA			-	Putative carbohydrate binding domain	ko:K12373	M00079	ko00000,ko00001,ko00002,ko01000,ko03110	-	GH20	CHB_HEX,CHB_HEX_C,Glyco_hydro_20,Glyco_hydro_20b
NCS66_RS06600	peptidylprolyl isomerase	WP_008349712.1					-	peptidylprolyl isomerase	ko:K03769	-	ko00000,ko01000,ko03110	-	-	Rotamase,Rotamase_3,SurA_N_3
NCS66_RS06625	3-(methylthio)propionyl-CoA ligase	WP_250439714.1	ligase activity|0016874||IEA				-	PFAM AMP-dependent synthetase and ligase	ko:K20034	-	ko00000,ko00001,ko01000	-	-	AMP-binding,AMP-binding_C
NCS66_RS06645	Dabb family protein	WP_061161325.1					-	Stress responsive A/B Barrel Domain	-	-	-	-	-	Dabb
NCS66_RS06650	PaaI family thioesterase	WP_008349701.1	fatty acyl-CoA hydrolase activity|0047617||IEA				-	PFAM thioesterase superfamily protein	-	-	-	-	-	4HBT
NCS66_RS06660	SDR family oxidoreductase	WP_250439721.1					-	Belongs to the short-chain dehydrogenases reductases (SDR) family	-	-	-	-	-	adh_short
NCS66_RS06665	alpha/beta hydrolase	WP_250480516.1	hydrolase activity|0016787||IEA				-	Alpha beta hydrolase	ko:K01066	-	ko00000,ko01000	-	-	Abhydrolase_3
NCS66_RS06670	hypothetical protein	WP_250439723.1					-	-	-	-	-	-	-	-
NCS66_RS06675	NRDE family protein	WP_250480517.1					-	Transport and Golgi organisation 2	-	-	-	-	-	TANGO2
NCS66_RS06680	folate-binding protein YgfZ	WP_008349691.1					-	Belongs to the GcvT family	ko:K06980	-	ko00000,ko03016	-	-	GCV_T,GCV_T_C
NCS66_RS06695	DNA polymerase III subunit delta'	WP_250480518.1					-	dna polymerase iii	ko:K02341	M00260	ko00000,ko00001,ko00002,ko01000,ko03032,ko03400	-	-	DNA_pol3_delta2,DNApol3-delta_C
NCS66_RS06705	ankyrin repeat domain-containing protein	WP_033535925.1	protein binding|0005515||IEA				-	Pfam Ankyrin	ko:K06867	-	ko00000	-	-	Ank_2,Ank_3,Ank_4,Ank_5
NCS66_RS06710	Rap1a/Tai family immunity protein	WP_008349679.1					-	-	-	-	-	-	-	-
NCS66_RS06715	mechanosensitive ion channel domain-containing protein	WP_250480519.1		transmembrane transport|0055085||IEA	membrane|0016020||IEA		-	Mechanosensitive ion channel	-	-	-	-	-	MS_channel
NCS66_RS06725	glycosyltransferase family 4 protein	WP_008349671.1					-	glycosyl transferase group 1	-	-	-	-	-	Glyco_transf_4,Glycos_transf_1
NCS66_RS06730	YSC84-related protein	WP_008349670.1					-	Las17-binding protein actin regulator	-	-	-	-	-	Ysc84
NCS66_RS06735	hypothetical protein	WP_244808084.1					-	-	-	-	-	-	-	-
NCS66_RS06745	hypothetical protein	WP_008349664.1					-	-	-	-	-	-	-	-
NCS66_RS06780	hydratase	WP_175982894.1					-	hydratase	ko:K02554	M00545,M00569	br01602,ko00000,ko00001,ko00002,ko01000	-	-	FAA_hydrolase
NCS66_RS06800	LysM domain-containing protein	WP_250480521.1					-	-	-	-	-	-	-	LysM
NCS66_RS06805	lysozyme inhibitor LprI family protein	WP_250480529.1					-	Lysozyme inhibitor LprI	-	-	-	-	-	LprI
NCS66_RS06810	hypothetical protein	WP_250480522.1					-	gag-polyprotein putative aspartyl protease	-	-	-	-	-	Asp_protease_2
NCS66_RS06815	AI-2E family transporter	WP_175982891.1	efflux transmembrane transporter activity|0015562||IEA	autoinducer AI-2 transmembrane transport|1905887||IEA			-	AI-2E family transporter	-	-	-	-	-	AI-2E_transport
NCS66_RS06835	LysR family transcriptional regulator	WP_008349626.1	DNA-binding transcription factor activity|0003700||IEA	regulation of DNA-templated transcription|0006355||IEA			-	transcriptional Regulator, LysR family	-	-	-	-	-	HTH_1,LysR_substrate
NCS66_RS06840	tannase/feruloyl esterase family alpha/beta hydrolase	WP_250480524.1					-	Feruloyl esterase	-	-	-	-	-	Tannase
NCS66_RS06845	DUF2917 domain-containing protein	WP_008349622.1					-	Protein of unknown function (DUF2917)	-	-	-	-	-	DUF2917
NCS66_RS06850	YciI family protein	WP_175982887.1					-	YCII-related domain	-	-	-	-	-	YCII
NCS66_RS06855	VOC family protein	WP_175982886.1					-	glyoxalase bleomycin resistance protein dioxygenase	ko:K07032	-	ko00000	-	-	Glyoxalase
NCS66_RS06860	RNA polymerase sigma factor	WP_250434714.1	sigma factor activity|0016987||IEA				-	RNA polymerase sigma factor, sigma-70 family	-	-	-	-	-	Sigma70_r2,Sigma70_r4_2
NCS66_RS06865	glycosyltransferase family 9 protein	WP_034473380.1	glycosyltransferase activity|0016757||IEA				-	PFAM glycosyl transferase family 9	-	-	-	-	-	Glyco_transf_9
NCS66_RS06870	CBS domain-containing protein	WP_034473379.1					-	Domain in cystathionine beta-synthase and other proteins.	-	-	-	-	-	CBS
NCS66_RS06875	zf-TFIIB domain-containing protein	WP_008349612.1					-	Transcription factor zinc-finger	ko:K09981	-	ko00000	-	-	zf-TFIIB
NCS66_RS06885	zinc ribbon domain-containing protein	WP_008349608.1					-	Regulatory protein, FmdB family	-	-	-	-	-	Zn-ribbon_8
NCS66_RS06890	DUF1488 domain-containing protein	WP_008349606.1					-	Protein of unknown function (DUF1488)	-	-	-	-	-	DUF1488
NCS66_RS06895	response regulator	WP_008349604.1					-	cheY-homologous receiver domain	ko:K02483	-	ko00000,ko02022	-	-	-
NCS66_RS06900	DUF883 family protein	WP_034473377.1					-	Bacterial protein of unknown function (DUF883)	-	-	-	-	-	DUF883
NCS66_RS06905	DMT family transporter	WP_008349600.1	transporter activity|0005215||IEA	transmembrane transport|0055085||IEA			-	Drug metabolite transporter (DMT) superfamily	-	-	-	-	-	EamA
NCS66_RS06910	cupin domain-containing protein	WP_008349599.1					-	PFAM Cupin domain	-	-	-	-	-	Cupin_1,Cupin_2,Cupin_6
NCS66_RS06920	hypothetical protein	WP_008349595.1					-	-	-	-	-	-	-	PXPV
NCS66_RS06925	LysR family transcriptional regulator	WP_250480525.1	DNA-binding transcription activator activity|0001216||IEA				-	LysR substrate binding domain	-	-	-	-	-	HTH_1,LysR_substrate
NCS66_RS06930	filamentous hemagglutinin N-terminal domain-containing protein	WP_235366341.1					-	family outer membrane protein	-	-	-	-	-	ESPR,Glug,Haemagg_act
NCS66_RS06935	ShlB/FhaC/HecB family hemolysin secretion/activation protein	WP_008349589.1	porin activity|0015288||IEA	protein transport|0015031||IEA	pore complex|0046930||IEA		-	Polypeptide-transport-associated domain protein ShlB-type	-	-	-	-	-	POTRA_2,ShlB
NCS66_RS06940	FecR family protein	WP_008349588.1					-	FecR protein	-	-	-	-	-	FecR
NCS66_RS06970	hypothetical protein	WP_008349581.1					-	Serine aminopeptidase, S33	-	-	-	-	-	Abhydrolase_1
NCS66_RS06990	YihY/virulence factor BrkB family protein	WP_008349578.1					-	ribonuclease BN	-	-	-	-	-	Virul_fac_BrkB
NCS66_RS06995	DMT family transporter	WP_008349577.1	transporter activity|0005215||IEA	transmembrane transport|0055085||IEA			-	EamA-like transporter family	-	-	-	-	-	EamA
NCS66_RS07000	hypothetical protein	WP_033537167.1					-	-	-	-	-	-	-	-
NCS66_RS07005	GGDEF domain-containing protein	WP_008349575.1	metal ion binding|0046872||IEA		plasma membrane|0005886||IEA		-	diguanylate cyclase	-	-	-	-	-	GGDEF
NCS66_RS07015	DMT family transporter	WP_008349573.1	transporter activity|0005215||IEA	transmembrane transport|0055085||IEA			-	EamA-like transporter family	-	-	-	-	-	EamA
NCS66_RS07020	Lrp/AsnC family transcriptional regulator	WP_008349572.1	DNA binding|0003677||IEA				-	PFAM regulatory protein AsnC Lrp family	ko:K03719	-	ko00000,ko03000,ko03036	-	-	AsnC_trans_reg,HTH_24,HTH_AsnC-type
NCS66_RS07025	hypothetical protein	WP_008349571.1					-	-	-	-	-	-	-	-
NCS66_RS07035	selenium-binding family protein	WP_008349569.1					-	Selenium-binding protein	ko:K17285	-	ko00000,ko04147	-	-	SBP56
NCS66_RS07040	hypothetical protein	WP_008349566.1					-	-	-	-	-	-	-	-
NCS66_RS07045	efflux transporter outer membrane subunit	WP_008349565.1	porin activity|0015288||IEA	transport|0006810||IEA	cell outer membrane|0009279||IEA		-	TIGRFAM RND efflux system, outer membrane lipoprotein, NodT family	-	-	-	-	-	OEP
NCS66_RS07050	efflux RND transporter periplasmic adaptor subunit	WP_008349563.1	transporter activity|0005215||IEA	transport|0006810||IEA			-	Belongs to the membrane fusion protein (MFP) (TC 8.A.1) family	-	-	-	-	-	HlyD_D23
NCS66_RS07055	efflux RND transporter permease subunit	WP_008349561.1	transmembrane transporter activity|0022857||IEA		membrane|0016020||IEA		-	Belongs to the resistance-nodulation-cell division (RND) (TC 2.A.6) family	-	-	-	-	-	ACR_tran
NCS66_RS07075	DUF4148 domain-containing protein	WP_235366337.1					-	Domain of unknown function (DUF4148)	-	-	-	-	-	DUF4148
NCS66_RS07080	DUF4148 domain-containing protein	WP_008349535.1					-	Domain of unknown function (DUF4148)	-	-	-	-	-	DUF4148
NCS66_RS07085	hypothetical protein	WP_008349533.1					-	-	-	-	-	-	-	-
NCS66_RS07095	hypothetical protein	WP_008349529.1					-	-	-	-	-	-	-	-
NCS66_RS07100	SDR family oxidoreductase	WP_008349527.1					-	short-chain dehydrogenase	-	-	-	-	-	adh_short_C2
NCS66_RS07105	porin	WP_008349526.1	porin activity|0015288||IEA		cell outer membrane|0009279||IEA		-	PFAM porin Gram-negative type	-	-	-	-	-	Porin_4
NCS66_RS07110	hypothetical protein	WP_008349524.1					-	-	-	-	-	-	-	-
NCS66_RS07115	aromatic ring-hydroxylating dioxygenase subunit alpha	WP_008349522.1	2 iron, 2 sulfur cluster binding|0051537||IEA				-	PFAM Rieske 2Fe-2S	-	-	-	-	-	Rieske
NCS66_RS07120	LysR family transcriptional regulator	WP_008349520.1	DNA-binding transcription activator activity|0001216||IEA				-	Transcriptional regulator	-	-	-	-	-	HTH_1,LysR_substrate
NCS66_RS07130	DUF938 domain-containing protein	WP_008349514.1					-	Protein of unknown function (DUF938)	-	-	-	-	-	DUF938
NCS66_RS07135	ankyrin repeat domain-containing protein	WP_235366338.1	protein binding|0005515||IEA				-	Ankyrin repeats (many copies)	ko:K06867	-	ko00000	-	-	Ank_2,Ank_4,Ank_5
NCS66_RS07140	hypothetical protein	WP_008349510.1					-	PFAM PRC-barrel domain	-	-	-	-	-	PRC
NCS66_RS07145	MFS transporter	WP_008349508.1	transmembrane transporter activity|0022857||IEA	transmembrane transport|0055085||IEA			-	PFAM major facilitator superfamily MFS_1	-	-	-	-	-	MFS_1
NCS66_RS07155	cation:proton antiporter	WP_008349504.1	antiporter activity|0015297||IEA	proton transmembrane transport|1902600||IEA	membrane|0016020||IEA		-	Pfam Sodium hydrogen exchanger	-	-	-	-	-	Na_H_Exchanger
NCS66_RS07160	AAA family ATPase	WP_008349502.1	ATP binding|0005524||IEA				-	AAA domain	-	-	-	-	-	AAA_33
NCS66_RS07170	Lrp/AsnC family transcriptional regulator	WP_008349499.1	DNA binding|0003677||IEA				-	PFAM regulatory protein AsnC Lrp family	-	-	-	-	-	AsnC_trans_reg,HTH_AsnC-type
NCS66_RS07175	LysR family transcriptional regulator	WP_008349497.1					-	Transcriptional regulator	-	-	-	-	-	HTH_1,LysR_substrate
NCS66_RS07180	Spy/CpxP family protein refolding chaperone	WP_033537157.1					-	LTXXQ motif family protein	-	-	-	-	-	LTXXQ
NCS66_RS07185	PGDYG domain-containing protein	WP_008349493.1					-	PGDYG protein	-	-	-	-	-	PGDYG
NCS66_RS07190	DUF3022 domain-containing protein	WP_008349491.1					-	Protein of unknown function (DUF3022)	-	-	-	-	-	DUF3022
NCS66_RS07195	YhfC family intramembrane metalloprotease	WP_008349488.1					-	Putative membrane peptidase family (DUF2324)	-	-	-	-	-	DUF2324
NCS66_RS07200	LacI family DNA-binding transcriptional regulator	WP_008349486.1					-	periplasmic binding protein LacI transcriptional regulator	ko:K02525	-	ko00000,ko03000	-	-	LacI,Peripla_BP_3
NCS66_RS07210	MFS transporter	WP_008349482.1	transmembrane transporter activity|0022857||IEA	transmembrane transport|0055085||IEA			-	Major facilitator superfamily MFS_1	-	-	-	-	-	MFS_1
NCS66_RS07220	TIM barrel protein	WP_008349478.1					-	PFAM Xylose isomerase domain protein TIM barrel	-	-	-	-	-	AP_endonuc_2
NCS66_RS07225	LysR family transcriptional regulator	WP_008349476.1					-	Transcriptional regulator	-	-	-	-	-	HTH_1,LysR_substrate
NCS66_RS07235	molybdopterin oxidoreductase family protein	WP_008349472.1					-	Belongs to the prokaryotic molybdopterin-containing oxidoreductase family	ko:K21307	-	ko00000,ko00001,ko01000	-	-	Molybdop_Fe4S4,Molybdopterin,Molydop_binding
NCS66_RS07245	DmsC/YnfH family molybdoenzyme membrane anchor subunit	WP_008349468.1		anaerobic electron transport chain|0019645||IEA	membrane|0016020||IEA		-	DMSO reductase	ko:K21309	-	ko00000,ko00001	-	-	DmsC
NCS66_RS07270	hypothetical protein	WP_008349457.1					-	-	-	-	-	-	-	-
NCS66_RS07275	DUF2795 domain-containing protein	WP_008349455.1					-	Protein of unknown function (DUF2795)	-	-	-	-	-	DUF2795
NCS66_RS07280	DUF2946 domain-containing protein	WP_284504322.1					-	Protein of unknown function (DUF2946)	-	-	-	-	-	DUF2946
NCS66_RS07295	ATP-binding cassette domain-containing protein	WP_250480537.1	ATP binding|0005524||IEA				-	ATPases associated with a variety of cellular activities	ko:K02068	M00211	ko00000,ko00002,ko02000	-	-	ABC_tran
NCS66_RS07305	VOC family protein	WP_008349443.1					-	3-Demethylubiquinone-9 3-methyltransferase	-	-	-	-	-	3-dmu-9_3-mt
NCS66_RS07310	VOC family protein	WP_008349441.1					-	Glyoxalase/Bleomycin resistance protein/Dioxygenase superfamily	-	-	-	-	-	Glyoxalase
NCS66_RS07315	response regulator	WP_250439809.1		phosphorelay signal transduction system|0000160||IEA			-	catalyzes the demethylation of specific methylglutamate residues introduced into the chemoreceptors (methyl-accepting chemotaxis proteins) by CheR	-	-	-	-	-	HATPase_c,HisKA,PAS,PAS_3,Response_reg
NCS66_RS07320	response regulator	WP_008349436.1					-	cheY-homologous receiver domain	-	-	-	-	-	Response_reg
NCS66_RS07325	ATP-binding protein	WP_008349434.1					-	PAS fold	-	-	-	-	-	GAF,HATPase_c,HisKA,PAS_2,PHY
NCS66_RS07330	biliverdin-producing heme oxygenase	WP_008349429.1					-	Heme oxygenase	-	-	-	-	-	Heme_oxygenase
NCS66_RS07335	hypothetical protein	WP_250480533.1					-	-	-	-	-	-	-	-
NCS66_RS07340	DNA ligase D	WP_008349425.1		double-strand break repair via nonhomologous end joining|0006303||IEA		ligD	-	DNA ligase	ko:K01971	-	ko00000,ko00001,ko01000,ko03400	-	-	DNA_ligase_A_C,DNA_ligase_A_M,LigD_N
NCS66_RS07345	Ku protein	WP_008349424.1	DNA end binding|0045027||IEA	double-strand break repair via nonhomologous end joining|0006303||IEA			-	With LigD forms a non-homologous end joining (NHEJ) DNA repair enzyme, which repairs dsDNA breaks with reduced fidelity. Binds linear dsDNA with 5'- and 3'- overhangs but not closed circular dsDNA nor ssDNA. Recruits and stimulates the ligase activity of LigD	ko:K10979	-	ko00000,ko00001,ko03400	-	-	Ku
NCS66_RS07350	DUF6013 family protein	WP_008349423.1					-	-	-	-	-	-	-	-
NCS66_RS07375	hypothetical protein	WP_144403838.1					-	-	-	-	-	-	-	-
NCS66_RS34320	hypothetical protein	WP_239295305.1					-	Glycosyl transferase, family 2	-	-	-	-	-	-
NCS66_RS07395	hypothetical protein	WP_309791815.1					-	Glycosyl transferase, family 2	-	-	-	-	-	-
NCS66_RS07400	polyhydroxyalkanoate synthesis repressor PhaR	WP_033537161.1		regulation of DNA-templated transcription|0006355||IEA		phaR	-	Polyhydroxyalkanoate synthesis repressor PhaR	-	-	-	-	-	PHB_acc,PHB_acc_N
NCS66_RS07415	class I poly(R)-hydroxyalkanoic acid synthase	WP_008349411.1	acyltransferase activity|0016746||IEA	poly-hydroxybutyrate biosynthetic process|0042619||IEA	cytoplasm|0005737||IEA	phaC	GO:0005575,GO:0005622,GO:0005623,GO:0005737,GO:0044424,GO:0044464	Poly(R)-hydroxyalkanoic acid synthase, class I	ko:K03821	-	ko00000,ko00001,ko01000	-	-	PhaC_N
NCS66_RS07440	DUF465 domain-containing protein	WP_008349403.1					-	Protein of unknown function (DUF465)	-	-	-	-	-	DUF465
NCS66_RS07445	hypothetical protein	WP_051079026.1					-	Membrane	-	-	-	-	-	-
NCS66_RS07460	phosphoribosyltransferase	WP_008349397.1					-	phosphoribosyltransferase	ko:K07101	-	ko00000	-	-	Pribosyltran
NCS66_RS07470	ATP phosphoribosyltransferase regulatory subunit	WP_008349394.1		histidine biosynthetic process|0000105||IEA			-	Required for the first step of histidine biosynthesis. May allow the feedback regulation of ATP phosphoribosyltransferase activity by histidine	ko:K02502	M00026	ko00000,ko00001,ko00002	-	-	tRNA-synt_His
NCS66_RS07475	DUF2065 domain-containing protein	WP_033536382.1					-	Uncharacterized protein conserved in bacteria (DUF2065)	ko:K09937	-	ko00000	-	-	DUF2065
NCS66_RS07480	protease modulator HflC	WP_008349390.1	molecular_function|0003674||IEA	negative regulation of proteolysis|0045861||IEA	outer membrane-bounded periplasmic space|0030288||IEA	hflC	-	HflC and HflK could regulate a protease	ko:K04087	M00742	ko00000,ko00002,ko01000	-	-	Band_7
NCS66_RS07485	FtsH protease activity modulator HflK	WP_008349387.1	molecular_function|0003674||IEA	negative regulation of proteolysis|0045861||IEA	outer membrane-bounded periplasmic space|0030288||IEA	hflK	-	HflC and HflK could encode or regulate a protease	ko:K04088	M00742	ko00000,ko00002,ko01000	-	-	Band_7,HflK_N
NCS66_RS07495	RNA chaperone Hfq	WP_008349383.1	RNA binding|0003723||IEA	regulation of DNA-templated transcription|0006355||IEA		hfq	-	RNA chaperone that binds small regulatory RNA (sRNAs) and mRNAs to facilitate mRNA translational regulation in response to envelope stress, environmental stress and changes in metabolite concentrations. Also binds with high specificity to tRNAs	ko:K03666	-	ko00000,ko00001,ko03019,ko03036	-	-	Hfq
NCS66_RS07510	tetratricopeptide repeat protein	WP_008349377.1					-	Tetratricopeptide repeat-like domain	-	-	-	-	-	TPR_21
NCS66_RS07520	flavodoxin-dependent (E)-4-hydroxy-3-methylbut-2-enyl-diphosphate synthase	WP_008349373.1	4-hydroxy-3-methylbut-2-en-1-yl diphosphate synthase activity (ferredoxin)|0046429||IEA	cellular metabolic process|0044237||IEA		ispG	-	Converts 2C-methyl-D-erythritol 2,4-cyclodiphosphate (ME-2,4cPP) into 1-hydroxy-2-methyl-2-(E)-butenyl 4-diphosphate	ko:K03526	M00096	ko00000,ko00001,ko00002,ko01000	-	-	GcpE
NCS66_RS07525	helix-turn-helix domain-containing protein	WP_250480540.1					-	Transcriptional regulator	ko:K15539	-	ko00000	-	-	DUF4115,HTH_25
NCS66_RS07550	3'-5' exonuclease	WP_008349363.1					-	3'-5' exonuclease	ko:K07501	-	ko00000	-	-	DNA_pol_B_exo2
NCS66_RS07565	protein-L-isoaspartate(D-aspartate) O-methyltransferase	WP_250434828.1	protein-L-isoaspartate (D-aspartate) O-methyltransferase activity|0004719||IEA	protein modification process|0036211||IEA			-	Catalyzes the methyl esterification of L-isoaspartyl residues in peptides and proteins that result from spontaneous decomposition of normal L-aspartyl and L-asparaginyl residues. It plays a role in the repair and or degradation of damaged proteins	ko:K00573	-	ko00000,ko01000	-	-	PCMT
NCS66_RS07575	NADPH:quinone oxidoreductase family protein	WP_008349355.1	NADPH binding|0070402||IEA				-	PFAM Alcohol dehydrogenase zinc-binding domain protein	ko:K00344	-	ko00000,ko01000	-	-	ADH_N,ADH_zinc_N
NCS66_RS07580	glycosyltransferase	WP_250480542.1					-	Glycosyl transferase	-	-	-	-	-	Glycos_transf_2
NCS66_RS07585	glycosyltransferase family 9 protein	WP_008349351.1	glycosyltransferase activity|0016757||IEA				-	Glycosyltransferase family 9 (heptosyltransferase)	-	-	-	-	-	Glyco_transf_9
NCS66_RS07605	CaiB/BaiF CoA-transferase family protein	WP_008349341.1					-	PFAM L-carnitine dehydratase bile acid-inducible protein F	ko:K07749	-	ko00000,ko01000	-	-	CoA_transf_3
NCS66_RS07610	DUF1653 domain-containing protein	WP_034473750.1					-	Protein of unknown function (DUF1653)	-	-	-	-	-	DUF1653
NCS66_RS07625	DNA polymerase III subunit gamma/tau	WP_250480544.1					-	DNA polymerase III is a complex, multichain enzyme responsible for most of the replicative synthesis in bacteria. This DNA polymerase also exhibits 3' to 5' exonuclease activity	ko:K02343	M00260	ko00000,ko00001,ko00002,ko01000,ko03032,ko03400	-	-	DNA_pol3_delta2,DNA_pol3_gamma3,DNA_pol3_tau_5
NCS66_RS07645	M90 family metallopeptidase	WP_250480545.1					-	Belongs to the MtfA family	ko:K09933	-	ko00000,ko01002	-	-	Peptidase_M90
NCS66_RS07655	UDP phosphate-alpha-4-amino-4-deoxy-L-arabinose arabinosyl transferase	WP_008349322.1					-	4-amino-4-deoxy-L-arabinose transferase and related glycosyltransferases of PMT family	-	-	-	-	-	-
NCS66_RS07665	MG2 domain-containing protein	WP_250480546.1	endopeptidase inhibitor activity|0004866||IEA				-	PFAM alpha-2-macroglobulin domain protein	ko:K06894	-	ko00000	-	-	A2M,A2M_N,A2M_N_2,MG1
NCS66_RS07670	penicillin-binding protein 1C	WP_250480547.1	catalytic activity|0003824||IEA	peptidoglycan biosynthetic process|0009252||IEA	peptidoglycan-based cell wall|0009274||IEA	pbpC	-	penicillin-binding protein	ko:K05367	-	ko00000,ko00001,ko01000,ko01003,ko01011	-	GT51	BiPBP_C,Transgly,Transpeptidase
NCS66_RS07680	YidB family protein	WP_008349311.1					-	Bacterial protein of unknown function (DUF937)	-	-	-	-	-	DUF937
NCS66_RS07685	HipA domain-containing protein	WP_008349309.1					-	Pfam:HipA_N	ko:K07154	-	ko00000,ko01000,ko01001,ko02048	-	-	Couple_hipA,HipA_C
NCS66_RS07690	helix-turn-helix domain-containing protein	WP_008349308.1					-	Helix-turn-helix XRE-family like proteins	-	-	-	-	-	HTH_31
NCS66_RS07705	group III truncated hemoglobin	WP_250434840.1					-	PFAM globin	ko:K06886	-	ko00000	-	-	Bac_globin
NCS66_RS07725	NUDIX hydrolase	WP_008349294.1	metal ion binding|0046872||IEA				-	Belongs to the Nudix hydrolase family	-	-	-	-	-	NUDIX,Nudix_N_2
NCS66_RS07735	arginyltransferase	WP_033536383.1	arginyl-tRNA--protein transferase activity|0004057||IEA	protein arginylation|0016598||IEA			-	May conjugate Arg from its aminoacyl-tRNA to the N- termini of proteins containing an N-terminal aspartate or glutamate	ko:K21420	-	ko00000,ko01000	-	-	ATE_C,ATE_N
NCS66_RS07755	Gfo/Idh/MocA family oxidoreductase	WP_250480550.1	oxidoreductase activity, acting on NAD(P)H|0016651||IEA				-	oxidoreductase	-	-	-	-	-	GFO_IDH_MocA
NCS66_RS07760	FCD domain-containing protein	WP_008349281.1					-	regulatory protein GntR HTH	-	-	-	-	-	FCD,GntR
NCS66_RS07765	glycosyltransferase family 4 protein	WP_175982281.1	glycosyltransferase activity|0016757||IEA				-	Glycosyl transferase 4-like	-	-	-	-	-	Glyco_trans_1_4,Glyco_transf_4,Glycos_transf_1
NCS66_RS07770	GNAT family N-acetyltransferase	WP_008349278.1	acyltransferase activity, transferring groups other than amino-acyl groups|0016747||IEA				-	protein acetylation	-	-	-	-	-	Acetyltransf_10
NCS66_RS07775	DUF1839 family protein	WP_250434872.1					-	Domain of unknown function (DUF1839)	-	-	-	-	-	DUF1839
NCS66_RS07780	Crp/Fnr family transcriptional regulator	WP_008349275.1	cAMP binding|0030552||IEA	regulation of DNA-templated transcription|0006355||IEA			-	CRP FNR family	-	-	-	-	-	HTH_Crp_2
NCS66_RS07805	HNH endonuclease	WP_250480551.1					-	Domain of unknown function (DUF3883)	-	-	-	-	-	DUF3883
NCS66_RS07835	hypothetical protein	WP_239295299.1					-	-	-	-	-	-	-	-
NCS66_RS07850	MaoC/PaaZ C-terminal domain-containing protein	WP_008349253.1					-	dehydratase	-	-	-	-	-	MaoC_dehydrat_N,MaoC_dehydratas
NCS66_RS07865	DUF1571 domain-containing protein	WP_250434854.1					-	Protein of unknown function (DUF1571)	-	-	-	-	-	DUF1571
NCS66_RS07870	hypothetical protein	WP_008349248.1					-	-	-	-	-	-	-	-
NCS66_RS07880	DUF2147 domain-containing protein	WP_175982295.1					-	Uncharacterized protein conserved in bacteria (DUF2147)	-	-	-	-	-	DUF2147
NCS66_RS07885	transposase	WP_008349245.1					-	Putative transposase of IS4/5 family (DUF4096)	-	-	-	-	-	DUF4096
NCS66_RS07915	MarR family transcriptional regulator	WP_008349239.1	DNA-binding transcription factor activity|0003700||IEA				-	PFAM regulatory protein, MarR	-	-	-	-	-	MarR,MarR_2
NCS66_RS07920	efflux transporter outer membrane subunit	WP_250439903.1	porin activity|0015288||IEA	transport|0006810||IEA	cell outer membrane|0009279||IEA		-	TIGRFAM RND efflux system, outer membrane lipoprotein, NodT family	-	-	-	-	-	OEP
NCS66_RS07940	30S ribosome-binding factor RbfA	WP_008349233.1		rRNA processing|0006364||IEA		rbfA	-	One of several proteins that assist in the late maturation steps of the functional core of the 30S ribosomal subunit. Associates with free 30S ribosomal subunits (but not with 30S subunits that are part of 70S ribosomes or polysomes). Required for efficient processing of 16S rRNA. May interact with the 5'-terminal helix region of 16S rRNA	ko:K02834	-	ko00000,ko03009	-	-	RBFA
NCS66_RS07945	translation initiation factor IF-2	WP_033536385.1	GTP binding|0005525||IEA	translational initiation|0006413||IEA	cytoplasm|0005737||IEA	infB	-	One of the essential components for the initiation of protein synthesis. Protects formylmethionyl-tRNA from spontaneous hydrolysis and promotes its binding to the 30S ribosomal subunits. Also involved in the hydrolysis of GTP during the formation of the 70S ribosomal complex	ko:K02519	-	ko00000,ko03012,ko03029	-	-	GTP_EFTU,IF-2,IF2_N,IF2_assoc
NCS66_RS07960	23S rRNA pseudouridine(2605) synthase RluB	WP_034473207.1	pseudouridine synthase activity|0009982||IEA	pseudouridine synthesis|0001522||IEA		rluB	-	Belongs to the pseudouridine synthase RsuA family	ko:K06178	-	ko00000,ko01000,ko03009	-	-	PseudoU_synth_2,S4
NCS66_RS07965	SMC-Scp complex subunit ScpB	WP_250439905.1	protein binding|0005515||IEA	chromosome segregation|0007059||IEA		scpB	-	Participates in chromosomal partition during cell division. May act via the formation of a condensin-like complex containing Smc and ScpA that pull DNA away from mid-cell into both cell halves	ko:K06024	-	ko00000,ko03036	-	-	SMC_ScpB
NCS66_RS07970	pyridoxal phosphate-dependent aminotransferase	WP_034473209.1					-	aminotransferase class I and II	-	-	-	-	-	Aminotran_1_2
NCS66_RS07980	transposase	WP_008349224.1					-	transposase	ko:K07492	-	ko00000	-	-	DUF4096
NCS66_RS07985	hypothetical protein	WP_008349223.1					-	-	-	-	-	-	-	-
NCS66_RS07990	hypothetical protein	WP_008349222.1					-	-	-	-	-	-	-	-
NCS66_RS08000	YdcF family protein	WP_235366243.1					-	DUF218 domain	-	-	-	-	-	DUF218
NCS66_RS08005	hypothetical protein	WP_008349220.1					-	-	-	-	-	-	-	-
NCS66_RS08010	gamma-glutamylcyclotransferase family protein	WP_250439906.1					-	PFAM AIG2 family protein	-	-	-	-	-	GGACT
NCS66_RS08015	helix-turn-helix transcriptional regulator	WP_008349217.1	DNA-binding transcription factor activity|0003700||IEA	regulation of DNA-templated transcription|0006355||IEA			-	AraC family	-	-	-	-	-	AraC_binding,HTH_18
NCS66_RS08020	GNAT family N-acetyltransferase	WP_008349215.1	N-acetyltransferase activity|0008080||IEA				-	PFAM GCN5-related N-acetyltransferase	-	-	-	-	-	Acetyltransf_1,Acetyltransf_10
NCS66_RS08055	patatin-like phospholipase family protein	WP_008349213.1					-	PFAM Patatin	ko:K07001	-	ko00000	-	-	Patatin
NCS66_RS08075	Fe-S protein assembly co-chaperone HscB	WP_008349209.1	protein-folding chaperone binding|0051087||IEA	protein maturation by iron-sulfur cluster transfer|0097428||IEA		hscB	-	Co-chaperone involved in the maturation of iron-sulfur cluster-containing proteins. Seems to help targeting proteins to be folded toward HscA	ko:K04082	-	ko00000,ko03029,ko03110	-	-	DnaJ,HSCB_C
NCS66_RS08100	low molecular weight protein-tyrosine-phosphatase	WP_008349203.1	protein tyrosine phosphatase activity|0004725||IEA	protein dephosphorylation|0006470||IEA			GO:0000271,GO:0003674,GO:0003824,GO:0004721,GO:0004725,GO:0005975,GO:0005976,GO:0006464,GO:0006470,GO:0006793,GO:0006796,GO:0006807,GO:0008150,GO:0008152,GO:0009058,GO:0009059,GO:0009242,GO:0009987,GO:0016051,GO:0016311,GO:0016787,GO:0016788,GO:0016791,GO:0019538,GO:0033692,GO:0034637,GO:0034645,GO:0035335,GO:0036211,GO:0042578,GO:0043170,GO:0043412,GO:0044237,GO:0044238,GO:0044249,GO:0044260,GO:0044262,GO:0044264,GO:0044267,GO:0046377,GO:0071704,GO:0140096,GO:1901135,GO:1901137,GO:1901564,GO:1901576	Low molecular weight phosphotyrosine protein phosphatase	ko:K01104	-	ko00000,ko01000	-	-	LMWPc
NCS66_RS08105	patatin-like phospholipase family protein	WP_250439912.1					-	PFAM Patatin	ko:K07001	-	ko00000	-	-	DUF3734,Patatin
NCS66_RS08120	hypothetical protein	WP_008349199.1					-	-	-	-	-	-	-	-
NCS66_RS08125	DUF305 domain-containing protein	WP_008349197.1					-	Domain of unknown function (DUF305)	-	-	-	-	-	DUF305
NCS66_RS08130	DUF3563 family protein	WP_008349196.1					-	Protein of unknown function (DUF3563)	-	-	-	-	-	DUF3563
NCS66_RS08140	cation transporter	WP_008349193.1	metal ion binding|0046872||IEA				-	heavy metal	ko:K07213	-	ko00000,ko00001	-	-	HMA
NCS66_RS08150	error-prone DNA polymerase	WP_033536398.1					-	DNA polymerase involved in damage-induced mutagenesis and translesion synthesis (TLS). It is not the major replicative DNA polymerase	ko:K14162	-	ko00000,ko01000,ko03400	-	-	DNA_pol3_alpha,HHH_6,PHP,tRNA_anti-codon
NCS66_RS08155	DNA polymerase Y family protein	WP_250480556.1					-	DNA polymerase	ko:K14161	-	ko00000,ko03400	-	-	IMS
NCS66_RS08160	translesion DNA synthesis-associated protein ImuA	WP_008349189.1		negative regulation of cell division|0051782||IEA		imuA	-	Component of the SOS system and an inhibitor of cell division. Accumulation of SulA causes rapid cessation of cell division and the appearance of long, non-septate filaments. In the presence of GTP, binds a polymerization-competent form of FtsZ in a 1 1 ratio, thus inhibiting FtsZ polymerization and therefore preventing it from participating in the assembly of the Z ring. This mechanism prevents the premature segregation of damaged DNA to daughter cells during cell division	ko:K13053,ko:K14160	-	ko00000,ko03036,ko03400	-	-	SulA
NCS66_RS08170	DUF2863 family protein	WP_175983165.1					-	Protein of unknown function (DUF2863)	-	-	-	-	-	DUF2863
NCS66_RS08175	response regulator transcription factor	WP_350029965.1	DNA binding|0003677||IEA	regulation of DNA-templated transcription|0006355||IEA			-	PFAM regulatory protein LuxR	-	-	-	-	-	FleQ,GerE
NCS66_RS08180	membrane protein	WP_033535783.1					-	membrane	-	-	-	-	-	CbiM
NCS66_RS08185	hypothetical protein	WP_034473902.1					-	-	-	-	-	-	-	-
NCS66_RS08190	M14-type cytosolic carboxypeptidase	WP_008341683.1					-	PFAM peptidase M14, carboxypeptidase A	-	-	-	-	-	Peptidase_M14
NCS66_RS08200	putative toxin-antitoxin system toxin component, PIN family	WP_008341688.1	protein binding|0005515||IEA				-	PIN domain	-	-	-	-	-	PIN_3
NCS66_RS08220	histidine phosphatase family protein	WP_250439925.1					-	Phosphoglycerate mutase	-	-	-	-	-	His_Phos_1
NCS66_RS08225	phosphotransferase	WP_244807404.1					-	Aminoglycoside phosphotransferase	-	-	-	-	-	APH
NCS66_RS08235	MaoC family dehydratase	WP_250439927.1					-	PFAM MaoC domain protein dehydratase	-	-	-	-	-	MaoC_dehydratas
NCS66_RS08240	DUF1178 family protein	WP_250439929.1					-	Protein of unknown function (DUF1178)	-	-	-	-	-	DUF1178
NCS66_RS08250	DUF2818 family protein	WP_175983173.1					-	Protein of unknown function (DUF2818)	-	-	-	-	-	DUF2818
NCS66_RS08340	NAD(P)H-quinone oxidoreductase	WP_034473898.1					-	nadph quinone oxidoreductase	ko:K00344	-	ko00000,ko01000	-	-	ADH_N,ADH_zinc_N
NCS66_RS08360	hypothetical protein	WP_244807411.1					-	Part of the outer membrane protein assembly complex, which is involved in assembly and insertion of beta-barrel proteins into the outer membrane	-	-	-	-	-	-
NCS66_RS08370	C40 family peptidase	WP_008341795.1	hydrolase activity|0016787||IEA	proteolysis|0006508||IEA			-	NlpC/P60 family	ko:K13695,ko:K19303	-	ko00000,ko01000,ko01002,ko01011	-	-	NLPC_P60
NCS66_RS08400	hypothetical protein	WP_008341803.1					-	-	-	-	-	-	-	PXPV
NCS66_RS08405	hypothetical protein	WP_008341804.1					-	-	-	-	-	-	-	PXPV
NCS66_RS08410	MFS transporter	WP_244807413.1	transmembrane transporter activity|0022857||IEA	transmembrane transport|0055085||IEA			-	Sugar (and other) transporter	-	-	-	-	-	MFS_1,Sugar_tr
NCS66_RS08415	GntR family transcriptional regulator	WP_244808122.1	DNA-binding transcription factor activity|0003700||IEA				-	Transcriptional regulator	-	-	-	-	-	FCD,GntR
NCS66_RS08435	biotin-independent malonate decarboxylase subunit beta	WP_244807417.1	carboxy-lyase activity|0016831||IEA	fatty acid biosynthetic process|0006633||IEA	acetyl-CoA carboxylase complex|0009317||IEA		-	The beta subunit catalyzes the decarboxylation of the malonyl moiety on coenzyme A	ko:K13932	-	ko00000,ko01000	-	-	Carboxyl_trans
NCS66_RS08440	biotin-independent malonate decarboxylase subunit gamma	WP_250439945.1		carbohydrate metabolic process|0005975||IEA		mdcE	-	malonate decarboxylase gamma subunit	ko:K13933	-	ko00000,ko01000	-	-	MdcE
NCS66_RS08445	malonate decarboxylase holo-ACP synthase	WP_244807419.1	nucleotidyltransferase activity|0016779||IEA				-	Phosphoribosyl-dephospho-CoA transferase	ko:K13934	-	ko00000,ko01000	-	-	MdcG
NCS66_RS08480	endonuclease III domain-containing protein	WP_175982698.1					-	PFAM HhH-GPD family protein	ko:K01247	-	ko00000,ko00001,ko01000,ko03400	-	-	HhH-GPD
NCS66_RS08490	tetratricopeptide repeat protein	WP_244808123.1					-	PFAM TPR repeat-containing protein	-	-	-	-	-	DUF4440,TPR_11,TPR_16,TPR_17,TPR_19,TPR_2,TPR_6,TPR_8
NCS66_RS08530	DUF883 family protein	WP_008341847.1					-	Bacterial protein of unknown function (DUF883)	-	-	-	-	-	DUF883
NCS66_RS08540	hypothetical protein	WP_250480562.1					-	Hydrolyzes cAMP to 5'-AMP. Plays an important regulatory role in modulating the intracellular concentration of cAMP, thereby influencing cAMP-dependent processes	-	-	-	-	-	Metallophos
NCS66_RS08550	cupin domain-containing protein	WP_244807425.1		post-translational protein modification|0043687||IEA			-	PFAM Cupin 4 family protein	ko:K18850	-	ko00000,ko01000,ko03009	-	-	Cupin_4
NCS66_RS08560	MBL fold metallo-hydrolase	WP_008341854.1					-	beta-lactamase	-	-	-	-	-	Lactamase_B_2
NCS66_RS08575	class I SAM-dependent methyltransferase	WP_244807428.1	S-adenosyl-L-methionine binding|1904047||IEA				-	Methyltransferase type 11	-	-	-	-	-	Methyltransf_11,Methyltransf_25,TehB
NCS66_RS08580	tryptophan--tRNA ligase	WP_008341861.1	ATP binding|0005524||IEA	tryptophanyl-tRNA aminoacylation|0006436||IEA			-	Tryptophanyl-tRNA synthetase	ko:K01867	M00359,M00360	ko00000,ko00001,ko00002,ko01000,ko01007,ko03016	-	-	tRNA-synt_1b
NCS66_RS08585	site-2 protease family protein	WP_008341863.1					-	Peptidase M50	-	-	-	-	-	Peptidase_M50
NCS66_RS08600	alpha/beta hydrolase	WP_244807429.1	hydrolase activity|0016787||IEA				-	Alpha beta hydrolase	-	-	-	-	-	Abhydrolase_1,Abhydrolase_6
NCS66_RS08605	ferritin-like domain-containing protein	WP_008341870.1					-	Protein of unknown function (DUF455)	-	-	-	-	-	DUF455
NCS66_RS08620	hypothetical protein	WP_008341874.1					-	-	-	-	-	-	-	-
NCS66_RS08625	cell division protein FtsB	WP_008341875.1				ftsB	-	Essential cell division protein. May link together the upstream cell division proteins, which are predominantly cytoplasmic, with the downstream cell division proteins, which are predominantly periplasmic	ko:K05589	-	ko00000,ko03036	-	-	DivIC
NCS66_RS08645	alpha/beta hydrolase	WP_244807430.1	hydrolase activity|0016787||IEA				-	Putative esterase	-	-	-	-	-	Abhydrolase_6
NCS66_RS08670	regulator	WP_244807432.1					-	protein conserved in bacteria	-	-	-	-	-	PhosphMutase
NCS66_RS08690	glycine zipper 2TM domain-containing protein	WP_244807435.1			outer membrane|0019867||IEA		-	PFAM 17 kDa surface antigen	-	-	-	-	-	Rick_17kDa_Anti
NCS66_RS08695	CDP-diacylglycerol--serine O-phosphatidyltransferase	WP_034473055.1	CDP-diacylglycerol-serine O-phosphatidyltransferase activity|0003882||IEA	phospholipid biosynthetic process|0008654||IEA		pssA	-	Belongs to the CDP-alcohol phosphatidyltransferase class-I family	ko:K17103	M00093	ko00000,ko00001,ko00002,ko01000	-	-	CDP-OH_P_transf
NCS66_RS08700	phosphatidylserine decarboxylase	WP_034473054.1					-	Catalyzes the formation of phosphatidylethanolamine (PtdEtn) from phosphatidylserine (PtdSer)	ko:K01613	M00093	ko00000,ko00001,ko00002,ko01000	-	-	PS_Dcarbxylase
NCS66_RS08720	RNA polymerase sigma factor	WP_244807436.1	sigma factor activity|0016987||IEA	regulation of DNA-templated transcription|0006355||IEA			-	RNA polymerase	ko:K03088	-	ko00000,ko03021	-	-	Sigma70_r2,Sigma70_r4_2
NCS66_RS08725	DUF3619 family protein	WP_175982714.1					-	Protein of unknown function (DUF3619)	-	-	-	-	-	DUF3619
NCS66_RS08730	DUF3106 domain-containing protein	WP_250439961.1					-	Protein of unknown function (DUF3106)	-	-	-	-	-	DUF3106
NCS66_RS08735	RDD family protein	WP_051078876.1					-	PFAM RDD domain containing protein	-	-	-	-	-	RDD
NCS66_RS08740	UDP-2,3-diacylglucosamine diphosphatase	WP_239295366.1					-	PFAM metallophosphoesterase	-	-	-	-	-	Metallophos,Metallophos_2
NCS66_RS08745	glycosyltransferase family 1 protein	WP_034473050.1	glycosyltransferase activity|0016757||IEA				-	glycosyl transferase group 1	-	-	-	-	-	Glyco_trans_1_4,Glyco_transf_4,Glycos_transf_1
NCS66_RS08750	diacylglycerol kinase	WP_244807438.1	metal ion binding|0046872||IEA	phosphorylation|0016310||IEA			-	Recycling of diacylglycerol produced during the turnover of membrane phospholipid	ko:K00901	-	ko00000,ko00001,ko01000	-	-	DAGK_prokar
NCS66_RS08755	TetR/AcrR family transcriptional regulator	WP_008341915.1					-	PFAM regulatory protein TetR	-	-	-	-	-	TetR,TetR_N
NCS66_RS08770	DUF5672 family protein	WP_034473046.1					-	-	-	-	-	-	-	-
NCS66_RS08775	S8 family serine peptidase	WP_244807441.1	serine-type peptidase activity|0008236||IEA	proteolysis|0006508||IEA			GO:0005575,GO:0005576	COG1404 Subtilisin-like serine proteases	ko:K14645	-	ko00000,ko00001,ko01000,ko01002,ko03110	-	-	PKD,PPC,P_proprotein,Peptidase_S8
NCS66_RS08780	DUF5672 family protein	WP_250480563.1					-	-	-	-	-	-	-	-
NCS66_RS08785	DUF924 family protein	WP_175982719.1					-	Bacterial protein of unknown function (DUF924)	-	-	-	-	-	DUF924
NCS66_RS08790	alanyl-tRNA editing protein	WP_008341926.1					-	Threonyl alanyl tRNA synthetase	ko:K07050	-	ko00000,ko01000,ko03016	-	-	tRNA-synt_2c,tRNA_SAD
NCS66_RS08795	group II truncated hemoglobin	WP_008341927.1					-	PFAM globin	ko:K06886	-	ko00000	-	-	Bac_globin
NCS66_RS08805	DUF4126 domain-containing protein	WP_008341929.1					-	Domain of unknown function (DUF4126)	-	-	-	-	-	DUF4126
NCS66_RS08825	hypothetical protein	WP_250480564.1					-	-	-	-	-	-	-	-
NCS66_RS08830	peroxiredoxin	WP_008341934.1	peroxiredoxin activity|0051920||IEA				-	alkyl hydroperoxide reductase Thiol specific antioxidant Mal allergen	ko:K03386	-	ko00000,ko00001,ko01000,ko04147	-	-	AhpC-TSA
NCS66_RS08835	EAL domain-containing protein	WP_008341935.1					-	PFAM EAL domain protein	-	-	-	-	-	EAL,HDOD
NCS66_RS08840	bifunctional diguanylate cyclase/phosphodiesterase	WP_008341936.1	cyclic-guanylate-specific phosphodiesterase activity|0071111||IEA				-	Diguanylate cyclase	ko:K21023	-	ko00000,ko00001,ko01000	-	-	EAL,GGDEF,PAS_4
NCS66_RS08845	HDOD domain-containing protein	WP_008341937.1					-	PFAM Metal-dependent hydrolase HDOD	-	-	-	-	-	GAF_2,HDOD,Pkinase
NCS66_RS08850	hypothetical protein	WP_250480565.1					-	-	-	-	-	-	-	-
NCS66_RS08855	methyl-accepting chemotaxis protein	WP_008341939.1		signal transduction|0007165||IEA	membrane|0016020||IEA		-	Chemotaxis sensory transducer	ko:K03406	-	ko00000,ko00001,ko02035	-	-	4HB_MCP_1,HAMP,MCPsignal,TarH
NCS66_RS08870	hypothetical protein	WP_008341944.1					-	-	-	-	-	-	-	-
NCS66_RS08875	hypothetical protein	WP_250480567.1					-	-	-	-	-	-	-	-
NCS66_RS08890	hypothetical protein	WP_250480568.1					-	-	-	-	-	-	-	-
NCS66_RS08905	sulfurtransferase TusA family protein	WP_008341954.1					-	Belongs to the sulfur carrier protein TusA family	ko:K04085	-	ko00000,ko00001,ko01000,ko03016	-	-	TusA
NCS66_RS08910	Gfo/Idh/MocA family oxidoreductase	WP_244807450.1	oxidoreductase activity|0016491||IEA				-	oxidoreductase	ko:K00010	-	ko00000,ko00001,ko01000	-	-	GFO_IDH_MocA,GFO_IDH_MocA_C
NCS66_RS08915	inositol 2-dehydrogenase	WP_008341957.1	inositol 2-dehydrogenase (NAD+) activity|0050112||IEA	inositol catabolic process|0019310||IEA		iolG	-	PFAM oxidoreductase domain protein	ko:K00010	-	ko00000,ko00001,ko01000	-	-	GFO_IDH_MocA,GFO_IDH_MocA_C
NCS66_RS08920	MurR/RpiR family transcriptional regulator	WP_008341959.1	DNA-binding transcription factor activity|0003700||IEA	regulation of DNA-templated transcription|0006355||IEA			-	Transcriptional regulator, RpiR family	-	-	-	-	-	HTH_6,SIS
NCS66_RS08940	5-dehydro-2-deoxygluconokinase	WP_250439981.1	5-dehydro-2-deoxygluconokinase activity|0047590||IEA	inositol catabolic process|0019310||IEA		iolC	-	PfkB domain protein	ko:K03338	-	ko00000,ko00001,ko01000	-	-	DUF2090,PfkB
NCS66_RS08945	3D-(3,5/4)-trihydroxycyclohexane-1,2-dione acylhydrolase (decyclizing)	WP_250439983.1	thiamine pyrophosphate binding|0030976||IEA	inositol catabolic process|0019310||IEA		iolD	-	Belongs to the TPP enzyme family	ko:K03336	-	ko00000,ko00001,ko01000	-	-	TPP_enzyme_C,TPP_enzyme_M,TPP_enzyme_N
NCS66_RS08950	myo-inosose-2 dehydratase	WP_250434926.1	myo-inosose-2 dehydratase activity|0050114||IEA	inositol catabolic process|0019310||IEA		iolE	-	Xylose isomerase	ko:K03335	-	ko00000,ko00001,ko01000	-	-	AP_endonuc_2
NCS66_RS08955	5-deoxy-glucuronate isomerase	WP_008341974.1	intramolecular oxidoreductase activity, interconverting aldoses and ketoses|0016861||IEA	inositol catabolic process|0019310||IEA		iolB	-	PFAM Myo-inositol catabolism IolB domain protein	ko:K03337	-	ko00000,ko00001,ko01000	-	-	KduI
NCS66_RS08960	PIN domain-containing protein	WP_250523019.1					-	Toxic component of a toxin-antitoxin (TA) module. An RNase	ko:K07062	-	ko00000,ko01000,ko02048	-	-	PIN
NCS66_RS08965	plasmid stability protein	WP_081851873.1					-	plasmid stabilization protein	ko:K21495	-	ko00000,ko02048	-	-	Arc
NCS66_RS08990	thioesterase family protein	WP_008341987.1					-	PFAM thioesterase superfamily protein	ko:K07107	-	ko00000,ko01000	-	-	4HBT,4HBT_2
NCS66_RS08995	iron-containing alcohol dehydrogenase	WP_250480570.1	metal ion binding|0046872||IEA				-	Dehydrogenase	ko:K00043	-	ko00000,ko00001,ko01000	-	-	Fe-ADH
NCS66_RS09005	hypothetical protein	WP_008341990.1					-	-	-	-	-	-	-	-
NCS66_RS09015	CaiB/BaiF CoA-transferase family protein	WP_175982533.1					-	L-carnitine dehydratase bile acid-inducible protein F	ko:K07749	-	ko00000,ko01000	-	-	CoA_transf_3
NCS66_RS09020	hypothetical protein	WP_008341996.1					-	-	-	-	-	-	-	-
NCS66_RS09035	NUDIX hydrolase	WP_250439990.1	metal ion binding|0046872||IEA				-	Belongs to the Nudix hydrolase family	-	-	-	-	-	NUDIX
NCS66_RS09040	RT0821/Lpp0805 family surface protein	WP_008342001.1					-	17 kDa outer membrane surface antigen	-	-	-	-	-	17kDa_Anti_2
NCS66_RS09045	cytochrome c peroxidase	WP_250480571.1	oxidoreductase activity|0016491||IEA				-	cytochrome c peroxidase	ko:K00428	-	ko00000,ko01000	-	-	CCP_MauG,Cytochrom_C
NCS66_RS09050	acid phosphatase	WP_244807461.1					-	acid phosphatase	-	-	-	-	-	Phosphoesterase
NCS66_RS09055	GntR family transcriptional regulator	WP_250434936.1	DNA-binding transcription factor activity|0003700||IEA				-	FCD	-	-	-	-	-	FCD,GntR
NCS66_RS09065	response regulator	WP_063828766.1					-	cheY-homologous receiver domain	-	-	-	-	-	-
NCS66_RS09090	hypothetical protein	WP_235366330.1					-	-	-	-	-	-	-	-
NCS66_RS09100	hypothetical protein	WP_167561874.1					-	-	-	-	-	-	-	-
NCS66_RS09110	histidine phosphatase family protein	WP_034474269.1					-	phosphohistidine phosphatase	ko:K08296	-	ko00000,ko01000	-	-	His_Phos_1
NCS66_RS09115	GNAT family N-acyltransferase	WP_008342022.1					-	Acetyltransferase (GNAT) domain	-	-	-	-	-	Acetyltransf_5
NCS66_RS09125	polyphosphate kinase 1	WP_008342026.1	polyphosphate kinase activity|0008976||IEA	polyphosphate biosynthetic process|0006799||IEA	polyphosphate kinase complex|0009358||IEA	ppk1	-	Catalyzes the reversible transfer of the terminal phosphate of ATP to form a long-chain polyphosphate (polyP)	ko:K00937	-	ko00000,ko00001,ko01000,ko03019	-	-	PP_kinase,PP_kinase_C,PP_kinase_N
NCS66_RS09185	YhbY family RNA-binding protein	WP_034473509.1					-	RNA-binding protein	ko:K07574	-	ko00000,ko03009	-	-	CRS1_YhbY
NCS66_RS09190	DUF4149 domain-containing protein	WP_008342046.1					-	Domain of unknown function (DUF4149)	-	-	-	-	-	DUF4149
NCS66_RS09210	MFS transporter	WP_034473548.1	transmembrane transporter activity|0022857||IEA	transmembrane transport|0055085||IEA			-	Pfam Major Facilitator Superfamily	-	-	-	-	-	MFS_1
NCS66_RS09215	transglycosylase SLT domain-containing protein	WP_033537087.1					-	Lytic transglycosylase	ko:K08307	-	ko00000,ko01000,ko01011	-	-	LysM,SLT
NCS66_RS09225	class I SAM-dependent methyltransferase	WP_008342053.1	S-adenosylmethionine-dependent methyltransferase activity|0008757||IEA	methylation|0032259||IEA			-	PFAM Methyltransferase type 11	-	-	-	-	-	Methyltransf_11
NCS66_RS09245	DUF2214 family protein	WP_034473512.1					-	Predicted membrane protein (DUF2214)	ko:K08983	-	ko00000	-	-	DUF2214
NCS66_RS09250	hypothetical protein	WP_008342060.1					-	-	-	-	-	-	-	-
NCS66_RS09255	glycosyltransferase family 4 protein	WP_008342061.1					-	PFAM glycosyl transferase group 1	-	-	-	-	-	Glyco_transf_4,Glycos_transf_1
NCS66_RS09275	SCO family protein	WP_175980488.1					-	Electron transport protein SCO1 SenC	ko:K07152	-	ko00000,ko03029	-	-	SCO1-SenC
NCS66_RS09280	cytochrome c oxidase assembly protein	WP_034473515.1					-	PFAM Cytochrome c oxidase caa3-type, assembly factor CtaG-related	ko:K02351	-	ko00000	-	-	Caa3_CtaG
NCS66_RS09310	elongation factor P maturation arginine rhamnosyltransferase EarP	WP_250480573.1	protein-arginine rhamnosyltransferase activity|0106361||IEA			earP	-	Uncharacterized protein conserved in bacteria (DUF2331)	-	-	-	-	-	DUF2331
NCS66_RS09315	elongation factor P	WP_008342076.1	translation elongation factor activity|0003746||IEA	translational elongation|0006414||IEA	cytoplasm|0005737||IEA	efp	-	Involved in peptide bond synthesis. Stimulates efficient translation and peptide-bond synthesis on native or reconstituted 70S ribosomes in vitro. Probably functions indirectly by altering the affinity of the ribosome for aminoacyl-tRNA, thus increasing their reactivity as acceptors for peptidyl transferase	ko:K02356	-	ko00000,ko03012	-	-	EFP,EFP_N,Elong-fact-P_C
NCS66_RS09320	BON domain-containing protein	WP_008342078.1					-	BON domain	-	-	-	-	-	BON
NCS66_RS09355	ribonuclease III	WP_033537089.1	ribonuclease III activity|0004525||IEA	RNA processing|0006396||IEA		rnc	GO:0003674,GO:0003676,GO:0003723,GO:0003725,GO:0003824,GO:0004518,GO:0004519,GO:0004521,GO:0004525,GO:0004540,GO:0005488,GO:0006139,GO:0006396,GO:0006725,GO:0006807,GO:0008150,GO:0008152,GO:0009987,GO:0010467,GO:0016070,GO:0016787,GO:0016788,GO:0016891,GO:0016893,GO:0032296,GO:0034641,GO:0043170,GO:0044237,GO:0044238,GO:0046483,GO:0071704,GO:0090304,GO:0090305,GO:0090501,GO:0090502,GO:0097159,GO:0140098,GO:1901360,GO:1901363	Digests double-stranded RNA. Involved in the processing of primary rRNA transcript to yield the immediate precursors to the large and small rRNAs (23S and 16S). Processes some mRNAs, and tRNAs when they are encoded in the rRNA operon. Processes pre- crRNA and tracrRNA of type II CRISPR loci if present in the organism	ko:K03685	-	ko00000,ko00001,ko01000,ko03009,ko03019,ko03036	-	-	Ribonucleas_3_3,dsrm
NCS66_RS09370	glutaredoxin family protein	WP_008342094.1					-	PFAM glutaredoxin 2	-	-	-	-	-	DUF836
NCS66_RS09375	DegQ family serine endoprotease	WP_250480575.1					-	Belongs to the peptidase S1C family	ko:K04771	M00728	ko00000,ko00001,ko00002,ko01000,ko01002,ko03110	-	-	PDZ_2,Trypsin_2
NCS66_RS09380	MucB/RseB C-terminal domain-containing protein	WP_008342097.1					-	PFAM MucB RseB family protein	ko:K03598	-	ko00000,ko03021	-	-	MucB_RseB,MucB_RseB_C
NCS66_RS09385	sigma-E factor negative regulatory protein	WP_034473530.1					-	PFAM Anti sigma-E protein RseA family protein	ko:K03597	-	ko00000,ko03021	-	-	RseA_N
NCS66_RS09395	protein YgfX	WP_008342105.1					-	-	-	-	-	-	-	-
NCS66_RS09435	YceD family protein	WP_034473538.1					-	Uncharacterized ACR, COG1399	ko:K07040	-	ko00000	-	-	DUF177
NCS66_RS09445	SAM-dependent methyltransferase	WP_034473543.1					-	PFAM Uroporphyrin-III C tetrapyrrole (Corrin Porphyrin) methyltransferase	ko:K07056	-	ko00000,ko01000,ko03009	-	-	TP_methylase
NCS66_RS09450	S49 family peptidase	WP_008342262.1	serine-type peptidase activity|0008236||IEA	proteolysis|0006508||IEA			-	peptidase, S49	ko:K04773	-	ko00000,ko01000,ko01002	-	-	Peptidase_S49
NCS66_RS09455	Rieske 2Fe-2S domain-containing protein	WP_008342264.1	2 iron, 2 sulfur cluster binding|0051537||IEA				-	rieske 2fe-2s	-	-	-	-	-	Rieske
NCS66_RS09475	Rne/Rng family ribonuclease	WP_250480577.1	RNA nuclease activity|0004540||IEA	RNA processing|0006396||IEA			-	Endoribonuclease that plays a central role in RNA processing and decay. Required for the maturation of 5S and 16S rRNAs and the majority of tRNAs. Also involved in the degradation of most mRNAs	ko:K08300	M00394	ko00000,ko00001,ko00002,ko01000,ko03009,ko03019	-	-	RNase_E_G,S1
NCS66_RS09480	GTP 3',8-cyclase MoaA	WP_250480578.1	4 iron, 4 sulfur cluster binding|0051539||IEA	Mo-molybdopterin cofactor biosynthetic process|0006777||IEA		moaA	-	Catalyzes the cyclization of GTP to (8S)-3',8-cyclo-7,8- dihydroguanosine 5'-triphosphate	ko:K03639	-	ko00000,ko00001,ko01000	-	-	Fer4_12,Fer4_14,Mob_synth_C,Radical_SAM
NCS66_RS09485	molybdenum cofactor guanylyltransferase MobA	WP_235366333.1	catalytic activity|0003824||IEA	Mo-molybdopterin cofactor biosynthetic process|0006777||IEA		mobA	-	Transfers a GMP moiety from GTP to Mo-molybdopterin (Mo- MPT) cofactor (Moco or molybdenum cofactor) to form Mo- molybdopterin guanine dinucleotide (Mo-MGD) cofactor	ko:K03752	-	ko00000,ko00001,ko01000	-	-	NTP_transf_3
NCS66_RS09495	hypothetical protein	WP_008342276.1					-	-	-	-	-	-	-	-
NCS66_RS09500	GNAT family N-acetyltransferase	WP_008342278.1	N-acetyltransferase activity|0008080||IEA				-	PFAM GCN5-related N-acetyltransferase	-	-	-	-	-	Acetyltransf_1
NCS66_RS09505	DNA recombination protein RmuC	WP_250480579.1				rmuC	-	DNA recombination protein, rmuC	ko:K09760	-	ko00000	-	-	RmuC
NCS66_RS09515	sodium:proton antiporter	WP_250480581.1					-	antiporter	-	-	-	-	-	CitMHS_2
NCS66_RS09520	lactate utilization protein C	WP_008342286.1					-	LUD domain	ko:K00782	-	ko00000	-	-	LUD_dom
NCS66_RS09530	ferredoxin FdxA	WP_008342289.1	4 iron, 4 sulfur cluster binding|0051539||IEA			fdxA	-	Ferredoxins are iron-sulfur proteins that transfer electrons in a wide variety of metabolic reactions	ko:K05524	-	ko00000	-	-	DUF3470,Fer4,Fer4_4
NCS66_RS09545	LUD domain-containing protein	WP_034472651.1					-	LUD domain	ko:K00782	-	ko00000	-	-	LUD_dom
NCS66_RS09570	AraC family transcriptional regulator	WP_250480582.1	sequence-specific DNA binding|0043565||IEA				-	AraC family transcriptional regulator	-	-	-	-	-	AraC_binding,HTH_18
NCS66_RS09575	AzlC family ABC transporter permease	WP_239295228.1		amino acid transport|0006865||IEA	transmembrane transporter complex|1902495||IEA		-	PFAM AzlC family protein	-	-	-	-	-	AzlC
NCS66_RS09580	AzlD domain-containing protein	WP_008342300.1					-	branched-chain amino acid	-	-	-	-	-	AzlD
NCS66_RS09585	DUF4088 family protein	WP_008342301.1					-	Protein of unknown function (DUF4088)	-	-	-	-	-	DUF4088
NCS66_RS09590	ATP-dependent helicase	WP_250434973.1	ATP hydrolysis activity|0016887||IEA				-	helicase	ko:K03657	-	ko00000,ko00001,ko01000,ko03400	-	-	UvrD-helicase,UvrD_C
NCS66_RS09600	hypothetical protein	WP_250440028.1					-	-	-	-	-	-	-	-
NCS66_RS09625	acyl-CoA thioesterase	WP_033537097.1	fatty acyl-CoA hydrolase activity|0047617||IEA				-	Thioesterase superfamily protein	ko:K01073	-	ko00000,ko01000	-	-	4HBT
NCS66_RS09630	hypothetical protein	WP_167561857.1					-	-	-	-	-	-	-	-
NCS66_RS09635	helix-turn-helix transcriptional regulator	WP_250480584.1	DNA-binding transcription factor activity|0003700||IEA				-	arsR family	-	-	-	-	-	HTH_20
NCS66_RS09685	M48 family metallopeptidase	WP_008342330.1					-	Peptidase M48	ko:K06013	-	ko00000,ko00001,ko01000,ko01002,ko04147	-	-	Peptidase_M48,Peptidase_M48_N
NCS66_RS09695	DUF2007 domain-containing protein	WP_034472677.1					-	Putative prokaryotic signal transducing protein	-	-	-	-	-	DUF2007
NCS66_RS09720	ribosome maturation factor RimM	WP_034472683.1	ribosome binding|0043022||IEA	rRNA processing|0006364||IEA	ribosome|0005840||IEA	rimM	-	An accessory protein needed during the final step in the assembly of 30S ribosomal subunit, possibly for assembly of the head region. Probably interacts with S19. Essential for efficient processing of 16S rRNA. May be needed both before and after RbfA during the maturation of 16S rRNA. It has affinity for free ribosomal 30S subunits but not for 70S ribosomes	ko:K02860	-	ko00000,ko03009	-	-	PRC,RimM
NCS66_RS09730	TM2 domain-containing protein	WP_250480587.1					-	TM2 domain	-	-	-	-	-	TM2
NCS66_RS09735	PA0069 family radical SAM protein	WP_250480588.1	iron-sulfur cluster binding|0051536||IEA				-	PFAM Radical SAM domain protein	-	-	-	-	-	Radical_SAM
NCS66_RS09750	acyl-CoA dehydrogenase	WP_250480589.1					-	acyl-CoA dehydrogenase	ko:K20035	-	ko00000,ko00001,ko01000	-	-	Acyl-CoA_dh_1,Acyl-CoA_dh_C,Acyl-CoA_dh_M,Acyl-CoA_dh_N,AcylCoA_DH_N
NCS66_RS09760	electron transfer flavoprotein subunit beta/FixA family protein	WP_250480591.1	electron transfer activity|0009055||IEA				-	Electron transfer flavoprotein	ko:K03521	-	ko00000	-	-	ETF
NCS66_RS09780	alpha/beta hydrolase	WP_034472700.1					-	PFAM alpha beta hydrolase fold	ko:K01048	-	ko00000,ko00001,ko01000	-	-	Hydrolase_4
NCS66_RS09785	histone deacetylase family protein	WP_008342364.1					-	histone deacetylase	-	-	-	-	-	Hist_deacetyl
NCS66_RS09810	D-glycero-beta-D-manno-heptose-7-phosphate kinase	WP_008342371.1	nucleotidyltransferase activity|0016779||IEA	carbohydrate metabolic process|0005975||IEA		rfaE1	-	TIGRFAM rfaE bifunctional protein	ko:K03272,ko:K21344	M00064	ko00000,ko00001,ko00002,ko01000,ko01005	-	-	CTP_transf_like,PfkB
NCS66_RS09825	LapA family protein	WP_008342374.1					-	Lipopolysaccharide assembly protein A domain	ko:K08992	-	ko00000	-	-	LapA_dom
NCS66_RS09865	DUF2059 domain-containing protein	WP_008342389.1					-	signal peptide protein	ko:K09924	-	ko00000	-	-	DUF2059
NCS66_RS09885	phosphoglycolate phosphatase	WP_008342397.1	phosphoglycolate phosphatase activity|0008967||IEA	carbohydrate metabolic process|0005975||IEA		gph	-	Phosphoglycolate phosphatase	ko:K22292	-	ko00000,ko00001,ko01000	-	-	HAD_2
NCS66_RS09895	hypothetical protein	WP_008342435.1					-	-	-	-	-	-	-	-
NCS66_RS09900	substrate-binding domain-containing protein	WP_008342436.1					-	regulatory protein LysR	-	-	-	-	-	HTH_1,PBP_like
NCS66_RS09935	metalloregulator ArsR/SmtB family transcription factor	WP_085955275.1	DNA-binding transcription factor activity|0003700||IEA	regulation of DNA-templated transcription|0006355||IEA			-	Regulatory protein ArsR	-	-	-	-	-	HTH_5
NCS66_RS09940	tetratricopeptide repeat protein	WP_034472722.1					-	repeat-containing protein	-	-	-	-	-	Glyco_transf_9,TPR_1,TPR_11,TPR_16,TPR_2,TPR_4,TPR_8
NCS66_RS09945	MFS transporter	WP_034472725.1					-	TIGRFAM metabolite H symporter, major facilitator superfamily (MFS)	-	-	-	-	-	MFS_1,Sugar_tr
NCS66_RS09950	GNAT family N-acetyltransferase	WP_250480593.1	N-acetyltransferase activity|0008080||IEA				-	PFAM GCN5-related N-acetyltransferase	-	-	-	-	-	Acetyltransf_1
NCS66_RS09955	hypothetical protein	WP_175980385.1					-	-	-	-	-	-	-	-
NCS66_RS09960	DUF2968 domain-containing protein	WP_175980386.1					-	Protein of unknown function (DUF2968)	-	-	-	-	-	DUF2968
NCS66_RS09985	GNAT family N-acetyltransferase	WP_175980388.1					-	Peptidogalycan biosysnthesis/recognition	ko:K09919	-	ko00000	-	-	FemAB_like
NCS66_RS10040	urease accessory protein UreD	WP_034472749.1					-	Required for maturation of urease via the functional incorporation of the urease nickel metallocenter	ko:K03190	-	ko00000	-	-	UreD
NCS66_RS10080	urease accessory protein UreE	WP_008342488.1	nickel cation binding|0016151||IEA	urea metabolic process|0019627||IEA		ureE	-	Involved in urease metallocenter assembly. Binds nickel. Probably functions as a nickel donor during metallocenter assembly	ko:K03187	-	ko00000	-	-	UreE_C,UreE_N
NCS66_RS10085	urease accessory UreF family protein	WP_008342489.1	nickel cation binding|0016151||IEA	metabolic process|0008152||IEA			-	Required for maturation of urease via the functional incorporation of the urease nickel metallocenter	ko:K03188	-	ko00000	-	-	UreF
NCS66_RS10090	urease accessory protein UreG	WP_034472760.1	metal ion binding|0046872||IEA	urea metabolic process|0019627||IEA		ureG	-	Facilitates the functional incorporation of the urease nickel metallocenter. This process requires GTP hydrolysis, probably effectuated by UreG	ko:K03189	-	ko00000	-	-	cobW
NCS66_RS10095	FkbM family methyltransferase	WP_175980395.1	transferase activity|0016740||IEA				-	Methyltransferase FkbM domain	-	-	-	-	-	Methyltransf_21
NCS66_RS10105	Kdo hydroxylase family protein	WP_175980396.1					-	3-deoxy-D-manno-oct-2-ulosonic acid (Kdo) hydroxylase	-	-	-	-	-	Kdo_hydroxy
NCS66_RS10125	glycosyltransferase	WP_175980397.1					-	Pfam Glycosyl transferase family 2	-	-	-	-	-	Glycos_transf_2
NCS66_RS10130	glycosyltransferase family 4 protein	WP_034472774.1					-	PFAM glycosyl transferase group 1	-	-	-	-	-	Glyco_trans_1_4,Glyco_trans_4_2,Glycos_transf_1
NCS66_RS10140	glycosyltransferase	WP_033537192.1					-	Glycosyl transferase, family 4	ko:K02851	-	ko00000,ko01000,ko01003,ko01005	-	-	Glycos_transf_4
NCS66_RS10145	dienelactone hydrolase family protein	WP_250480595.1	hydrolase activity|0016787||IEA		cytosol|0005829||IEA		-	Carboxymethylenebutenolidase	ko:K01061	-	ko00000,ko00001,ko01000	-	-	DLH
NCS66_RS10150	hypothetical protein	WP_250480596.1					-	-O-antigen	-	-	-	-	-	-
NCS66_RS10155	hypothetical protein	WP_034472777.1					-	-	-	-	-	-	-	-
NCS66_RS10160	hypothetical protein	WP_008342521.1					-	-	-	-	-	-	-	-
NCS66_RS10185	helix-turn-helix domain-containing protein	WP_250480597.1	sequence-specific DNA binding|0043565||IEA	regulation of DNA-templated transcription|0006355||IEA			-	PFAM helix-turn-helix- domain containing protein AraC type	-	-	-	-	-	DJ-1_PfpI,HTH_18
NCS66_RS10195	helix-turn-helix domain-containing protein	WP_034472789.1	sequence-specific DNA binding|0043565||IEA	regulation of DNA-templated transcription|0006355||IEA			-	helix_turn_helix, arabinose operon control protein	-	-	-	-	-	DJ-1_PfpI,HTH_18
NCS66_RS10200	phosphatase PAP2 family protein	WP_250435025.1					-	PAP2 superfamily	-	-	-	-	-	PAP2
NCS66_RS10210	ADP-heptose--LPS heptosyltransferase	WP_250480598.1					-	-	-	-	-	-	-	Glyco_transf_9
NCS66_RS10215	nucleoside-diphosphate sugar epimerase/dehydratase	WP_175980403.1		polysaccharide biosynthetic process|0000271||IEA			-	Polysaccharide biosynthesis protein CapD	-	-	-	-	-	CoA_binding_3,Polysacc_synt_2
NCS66_RS10220	glycosyltransferase family 4 protein	WP_250480599.1					-	Glycosyl transferase, family 4	ko:K13007	-	ko00000,ko01000,ko01003,ko01005	-	-	Glycos_transf_4
NCS66_RS10230	glycosyltransferase family 2 protein	WP_034474349.1	glycosyltransferase activity|0016757||IEA				-	glycosyl transferase	ko:K07011	-	ko00000	-	-	Glyco_tranf_2_3,Glycos_transf_2
NCS66_RS10235	GtrA family protein	WP_008342550.1					-	GtrA-like protein	-	-	-	-	-	GtrA
NCS66_RS10240	UbiA family prenyltransferase	WP_250480601.1	transferase activity, transferring alkyl or aryl (other than methyl) groups|0016765||IEA				-	PFAM UbiA prenyltransferase	-	-	-	-	-	HAD,UbiA
NCS66_RS10245	FAD-binding oxidoreductase	WP_250480602.1	flavin adenine dinucleotide binding|0050660||IEA				-	PFAM FAD linked oxidase domain protein	-	-	-	-	-	ALO,FAD_binding_4
NCS66_RS10250	SDR family oxidoreductase	WP_250480603.1	oxidoreductase activity|0016491||IEA				-	short-chain dehydrogenase reductase	-	-	-	-	-	adh_short
NCS66_RS10255	metalloregulator ArsR/SmtB family transcription factor	WP_008342560.1	DNA-binding transcription factor activity|0003700||IEA	regulation of DNA-templated transcription|0006355||IEA			-	Regulatory protein ArsR	ko:K03892	-	ko00000,ko03000	-	-	HTH_20
NCS66_RS10275	arsenical resistance protein ArsH	WP_034474331.1	molecular_function|0003674||IEA	response to arsenic-containing substance|0046685||IEA		arsH	-	NADPH-dependent FMN reductase	ko:K11811	-	ko00000	-	-	FMN_red
NCS66_RS10285	antitoxin Xre/MbcA/ParS toxin-binding domain-containing protein	WP_241814304.1					-	Protein of unknown function (DUF2384)	-	-	-	-	-	DUF2384
NCS66_RS10290	RES domain-containing protein	WP_241814318.1					-	RES	-	-	-	-	-	RES
NCS66_RS10295	hypothetical protein	WP_241814305.1					-	-	-	-	-	-	-	-
NCS66_RS10300	hypothetical protein	WP_241814306.1					-	-	-	-	-	-	-	-
NCS66_RS10305	OmpA family protein	WP_250480605.1					-	OmpA family	-	-	-	-	-	Gly-zipper_Omp,OmpA
NCS66_RS34325	helix-turn-helix transcriptional regulator	WP_250480607.1	DNA binding|0003677||IEA				-	SMART helix-turn-helix domain protein	-	-	-	-	-	HTH_31
NCS66_RS10320	GAF domain-containing protein	WP_350029889.1					-	Response regulator receiver	ko:K02482	-	ko00000,ko01000,ko01001,ko02022	-	-	HATPase_c,HisKA,PAS_3,PAS_4,Response_reg,dCache_1
NCS66_RS10325	transposase	WP_250480609.1	transposase activity|0004803||IEA	DNA transposition|0006313||IEA			-	Transposase	ko:K07483	-	ko00000	-	-	HTH_Tnp_1
NCS66_RS10330	helix-turn-helix domain-containing protein	WP_235366175.1	sequence-specific DNA binding|0043565||IEA				-	Belongs to the 'phage' integrase family	-	-	-	-	-	HTH_8,Integrase_1,Phage_int_SAM_2
NCS66_RS10335	hypothetical protein	WP_250480610.1					-	-	-	-	-	-	-	-
NCS66_RS10340	hypothetical protein	WP_250480611.1					-	-	-	-	-	-	-	-
NCS66_RS10345	NERD domain-containing protein	WP_250480612.1					-	-	-	-	-	-	-	-
NCS66_RS10350	integrase domain-containing protein	WP_250480613.1					-	Belongs to the 'phage' integrase family	-	-	-	-	-	HTH_8,Integrase_1,Phage_int_SAM_2
NCS66_RS10355	ParB N-terminal domain-containing protein	WP_250480614.1					-	ParB-like nuclease domain	-	-	-	-	-	ParBc
NCS66_RS10360	site-specific integrase	WP_250480615.1	DNA binding|0003677||IEA	DNA integration|0015074||IEA			-	Phage integrase family	-	-	-	-	-	Phage_integrase
NCS66_RS10375	response regulator	WP_250480618.1	phosphorelay response regulator activity|0000156||IEA	phosphorelay signal transduction system|0000160||IEA			-	Response regulator receiver	-	-	-	-	-	Response_reg
NCS66_RS10380	phosphatase PAP2 family protein	WP_250480619.1					-	PAP2 superfamily	-	-	-	-	-	PAP2_3
NCS66_RS10385	hypothetical protein	WP_250480620.1					-	Belongs to the 'phage' integrase family	-	-	-	-	-	HTH_8,Integrase_1,Phage_int_SAM_2
NCS66_RS10390	hypothetical protein	WP_250480621.1					-	Integrase, catalytic region	-	-	-	-	-	rve
NCS66_RS10395	hypothetical protein	WP_250480622.1					-	Integrase, catalytic region	-	-	-	-	-	rve
NCS66_RS10405	hypothetical protein	WP_250480623.1					-	transferase activity, transferring acyl groups other than amino-acyl groups	-	-	-	-	-	Acyl_transf_3
NCS66_RS10410	GtrA family protein	WP_250480624.1					-	GtrA-like protein	-	-	-	-	-	GtrA
NCS66_RS10415	SDR family oxidoreductase	WP_250480625.1	oxidoreductase activity|0016491||IEA				-	short-chain dehydrogenase reductase	-	-	-	-	-	adh_short
NCS66_RS10420	FAD-binding oxidoreductase	WP_250480626.1	flavin adenine dinucleotide binding|0050660||IEA				-	PFAM FAD linked oxidase domain protein	-	-	-	-	-	ALO,FAD_binding_4
NCS66_RS10425	UbiA family prenyltransferase	WP_250480627.1	transferase activity, transferring alkyl or aryl (other than methyl) groups|0016765||IEA				-	PFAM UbiA prenyltransferase	-	-	-	-	-	HAD,UbiA
NCS66_RS10430	hypothetical protein	WP_250480628.1					-	4-amino-4-deoxy-L-arabinose transferase and related glycosyltransferases of PMT family	-	-	-	-	-	-
NCS66_RS10445	sulfotransferase family 2 domain-containing protein	WP_250480630.1					-	Sulfotransferase family	-	-	-	-	-	Sulfotransfer_2
NCS66_RS10450	glycosyltransferase family 4 protein	WP_250480631.1	glycosyltransferase activity|0016757||IEA				-	Glycosyl transferases group 1	-	-	-	-	-	Glyco_trans_4_5,Glycos_transf_1
NCS66_RS10455	glycosyltransferase family 4 protein	WP_250480632.1					-	O-linked N-acetylglucosamine transferase SPINDLY family	-	-	-	-	-	-
NCS66_RS10460	DegT/DnrJ/EryC1/StrS family aminotransferase	WP_250480633.1	transaminase activity|0008483||IEA				-	Belongs to the DegT DnrJ EryC1 family	-	-	-	-	-	DegT_DnrJ_EryC1
NCS66_RS10465	FdtA/QdtA family cupin domain-containing protein	WP_250480634.1					-	WxcM-like, C-terminal	-	-	-	-	-	FdtA
NCS66_RS10470	GNAT family N-acetyltransferase	WP_284508030.1	N-acetyltransferase activity|0008080||IEA				-	Acetyltransferase (GNAT) domain	-	-	-	-	-	Acetyltransf_6
NCS66_RS10475	hypothetical protein	WP_250480636.1					-	beta-fructofuranosidase activity	-	-	-	-	-	-
NCS66_RS10480	acetyltransferase	WP_250480637.1					-	Bacterial transferase hexapeptide (six repeats)	-	-	-	-	-	Hexapep
NCS66_RS10485	class I SAM-dependent methyltransferase	WP_250480638.1					-	cyclopropane-fatty-acyl-phospholipid synthase	-	-	-	-	-	-
NCS66_RS10500	hydrolase	WP_250480641.1					-	Hydrolase	-	-	-	-	-	-
NCS66_RS10510	glycosyltransferase family 2 protein	WP_250480643.1					-	rhamnosyltransferase	ko:K12990	-	ko00000,ko00001,ko01000,ko01003,ko01005	-	GT2	Glycos_transf_2
NCS66_RS10540	lysophospholipid acyltransferase family protein	WP_239295075.1					-	Acyltransferase	ko:K00655	M00089	ko00000,ko00001,ko00002,ko01000,ko01004	-	-	Acyltransferase
NCS66_RS10575	hypothetical protein	WP_250480651.1					-	-	-	-	-	-	-	-
NCS66_RS10580	rubredoxin	WP_008342674.1					-	PFAM Rubredoxin-type Fe(Cys)4 protein	-	-	-	-	-	Rubredoxin
NCS66_RS10590	DUF72 domain-containing protein	WP_250480652.1					-	Protein of unknown function DUF72	-	-	-	-	-	DUF72
NCS66_RS10595	transposase	WP_250480653.1	transposase activity|0004803||IEA				-	Probable transposase	-	-	-	-	-	HTH_OrfB_IS605,OrfB_IS605,OrfB_Zn_ribbon
NCS66_RS34335	helix-turn-helix domain-containing protein	WP_350029966.1					-	Probable transposase	-	-	-	-	-	HTH_OrfB_IS605,OrfB_IS605,OrfB_Zn_ribbon
NCS66_RS10615	DUF4148 domain-containing protein	WP_034471613.1					-	Domain of unknown function (DUF4148)	-	-	-	-	-	DUF4148
NCS66_RS10620	DUF2242 domain-containing protein	WP_008342688.1					-	Uncharacterized protein conserved in bacteria (DUF2242)	-	-	-	-	-	DUF2242
NCS66_RS10625	D-(-)-3-hydroxybutyrate oligomer hydrolase	WP_250435094.1					-	Participates in the degradation of poly-3- hydroxybutyrate (PHB). It works downstream of poly(3- hydroxybutyrate) depolymerase, hydrolyzing D(-)-3-hydroxybutyrate oligomers of various length (3HB-oligomers) into 3HB-monomers	ko:K07518	-	ko00000,ko00001,ko01000	-	-	3HBOH
NCS66_RS10630	BON domain-containing protein	WP_061162774.1					-	PFAM transport-associated	-	-	-	-	-	BON
NCS66_RS10635	TAXI family TRAP transporter solute-binding subunit	WP_175980446.1					-	ABC transporter substrate-binding protein	-	-	-	-	-	NMT1_3
NCS66_RS10640	2-hydroxychromene-2-carboxylate isomerase	WP_008342696.1					-	2-hydroxychromene-2-carboxylate isomerase	-	-	-	-	-	DSBA
NCS66_RS10645	LysR family transcriptional regulator	WP_250435098.1	DNA-binding transcription activator activity|0001216||IEA				-	transcriptional Regulator, LysR family	-	-	-	-	-	HTH_1,LysR_substrate
NCS66_RS10650	AraC family transcriptional regulator	WP_250480654.1					-	Cupin	ko:K18991	M00647	ko00000,ko00002,ko03000	-	-	Cupin_6,HTH_18
NCS66_RS10655	xanthine dehydrogenase accessory protein XdhC	WP_034471606.1	molybdopterin cofactor binding|0043546||IEA	protein-containing complex assembly|0065003||IEA		xdhC	-	XdhC Rossmann domain	ko:K07402	-	ko00000	-	-	XdhC_C,XdhC_CoxI
NCS66_RS10675	addiction module antidote protein	WP_239295091.1	DNA binding|0003677||IEA				-	addiction module antidote protein	-	-	-	-	-	HTH_3
NCS66_RS10680	type II toxin-antitoxin system RelE/ParE family toxin	WP_239295092.1	RNA nuclease activity|0004540||IEA	cell death|0008219||IEA			-	addiction module killer protein	-	-	-	-	-	Gp49
NCS66_RS10685	GntR family transcriptional regulator	WP_008342704.1	DNA-binding transcription factor activity|0003700||IEA				-	Transcriptional regulator	ko:K03710	-	ko00000,ko03000	-	-	GntR,UTRA
NCS66_RS10695	EAL domain-containing protein	WP_008342708.1					-	PFAM EAL domain protein	-	-	-	-	-	EAL
NCS66_RS10700	hypothetical protein	WP_250435106.1					-	-	-	-	-	-	-	-
NCS66_RS10705	acyltransferase	WP_250480657.1	acyltransferase activity, transferring groups other than amino-acyl groups|0016747||IEA				-	PFAM acyltransferase 3	-	-	-	-	-	Acyl_transf_3
NCS66_RS10740	3-hydroxyacyl-CoA dehydrogenase	WP_239295099.1					-	Belongs to the short-chain dehydrogenases reductases (SDR) family	-	-	-	-	-	adh_short,adh_short_C2
NCS66_RS10745	SirB1 family protein	WP_008342728.1					-	Transglutaminase-like superfamily	-	-	-	-	-	TPR_9,Transglut_core2
NCS66_RS10760	DUF3579 domain-containing protein	WP_008342735.1					-	Protein of unknown function (DUF3579)	-	-	-	-	-	DUF3579
NCS66_RS10790	Cys-tRNA(Pro) deacylase	WP_239295102.1	aminoacyl-tRNA editing activity|0002161||IEA	tRNA aminoacylation|0043039||IEA		ybaK	-	Belongs to the prolyl-tRNA editing family. YbaK EbsC subfamily	ko:K03976	-	ko00000,ko01000,ko03016	-	-	tRNA_edit
NCS66_RS10800	methylated-DNA--[protein]-cysteine S-methyltransferase	WP_034471573.1	methylated-DNA-[protein]-cysteine S-methyltransferase activity|0003908||IEA				-	PFAM Methylated-DNA- protein -cysteine S-methyltransferase DNA binding	ko:K00567	-	ko00000,ko01000,ko03400	-	-	DNA_binding_1
NCS66_RS10825	hypothetical protein	WP_175980463.1					-	-	-	-	-	-	-	-
NCS66_RS10830	pirin family protein	WP_239295106.1					-	Belongs to the pirin family	ko:K06911	-	ko00000	-	-	Pirin,Pirin_C
NCS66_RS10835	thioredoxin	WP_244807596.1	protein-disulfide reductase activity|0015035||IEA			trxA	-	Thioredoxin	ko:K05838	-	ko00000,ko03110	-	-	TPR_19,TPR_20,Thioredoxin
NCS66_RS10850	cyclopropane-fatty-acyl-phospholipid synthase family protein	WP_008342762.1	S-adenosyl-L-methionine binding|1904047||IEA				-	cyclopropane-fatty-acyl-phospholipid synthase	ko:K00574	-	ko00000,ko01000	-	-	CMAS
NCS66_RS10855	DUF29 domain-containing protein	WP_244807597.1					-	Evidence 4 Homologs of previously reported genes of	-	-	-	-	-	DUF29
NCS66_RS10860	DUF72 domain-containing protein	WP_250480660.1					-	Protein of unknown function DUF72	-	-	-	-	-	DUF72
NCS66_RS10870	flavin reductase family protein	WP_239295111.1	oxidoreductase activity|0016491||IEA				-	PFAM flavin reductase domain protein, FMN-binding	-	-	-	-	-	Flavin_Reduct
NCS66_RS10890	tryptophan 2,3-dioxygenase	WP_250440162.1	tryptophan 2,3-dioxygenase activity|0004833||IEA	tryptophan catabolic process to kynurenine|0019441||IEA		kynA	GO:0003674,GO:0003824,GO:0004833,GO:0005488,GO:0006082,GO:0006139,GO:0006520,GO:0006568,GO:0006569,GO:0006576,GO:0006586,GO:0006725,GO:0006732,GO:0006733,GO:0006753,GO:0006793,GO:0006796,GO:0006807,GO:0008150,GO:0008152,GO:0009056,GO:0009058,GO:0009063,GO:0009072,GO:0009074,GO:0009108,GO:0009117,GO:0009165,GO:0009308,GO:0009310,GO:0009435,GO:0009987,GO:0016043,GO:0016053,GO:0016054,GO:0016491,GO:0016701,GO:0016702,GO:0017144,GO:0018130,GO:0019359,GO:0019362,GO:0019363,GO:0019438,GO:0019439,GO:0019441,GO:0019637,GO:0019674,GO:0019752,GO:0019805,GO:0020037,GO:0022607,GO:0034641,GO:0034654,GO:0042180,GO:0042402,GO:0042430,GO:0042436,GO:0042537,GO:0043436,GO:0043648,GO:0043650,GO:0043933,GO:0044085,GO:0044106,GO:0044237,GO:0044238,GO:0044248,GO:0044249,GO:0044270,GO:0044271,GO:0044281,GO:0044282,GO:0044283,GO:0046218,GO:0046394,GO:0046395,GO:0046483,GO:0046496,GO:0046700,GO:0046874,GO:0046906,GO:0048037,GO:0051186,GO:0051188,GO:0051213,GO:0051259,GO:0051260,GO:0051262,GO:0051289,GO:0055086,GO:0055114,GO:0065003,GO:0070189,GO:0071704,GO:0071840,GO:0072524,GO:0072525,GO:0090407,GO:0097159,GO:1901293,GO:1901360,GO:1901361,GO:1901362,GO:1901363,GO:1901564,GO:1901565,GO:1901566,GO:1901575,GO:1901576,GO:1901605,GO:1901606	Heme-dependent dioxygenase that catalyzes the oxidative cleavage of the L-tryptophan (L-Trp) pyrrole ring and converts L- tryptophan to N-formyl-L-kynurenine. Catalyzes the oxidative cleavage of the indole moiety	ko:K00453	M00038	ko00000,ko00001,ko00002,ko01000	-	-	Trp_dioxygenase
NCS66_RS10895	IclR family transcriptional regulator	WP_250480661.1	DNA-binding transcription factor activity|0003700||IEA	regulation of DNA-templated transcription|0006355||IEA			-	Transcriptional regulator	-	-	-	-	-	HTH_IclR,IclR
NCS66_RS10905	DUF883 family protein	WP_008342781.1					-	Bacterial protein of unknown function (DUF883)	-	-	-	-	-	DUF883
NCS66_RS10910	phage holin family protein	WP_034471543.1					-	membrane	-	-	-	-	-	Phage_holin_3_6
NCS66_RS10915	DUF3318 domain-containing protein	WP_250480662.1					-	Protein of unknown function (DUF3318)	-	-	-	-	-	DUF3318
NCS66_RS10925	pilus assembly protein	WP_034471539.1					-	-	-	-	-	-	-	PilX
NCS66_RS10930	PilW family protein	WP_250480664.1		type IV pilus assembly|0043683||IEA			-	type iv pilus assembly protein	ko:K02672	-	ko00000,ko02035,ko02044	-	-	N_methyl,PilW
NCS66_RS10935	prepilin-type N-terminal cleavage/methylation domain-containing protein	WP_250480665.1					-	-	ko:K02671	-	ko00000,ko02035,ko02044	-	-	N_methyl
NCS66_RS10990	tol-pal system protein YbgF	WP_008342809.1	protein binding|0005515||IEA			ybgF	-	Mediates coordination of peptidoglycan synthesis and outer membrane constriction during cell division	-	-	-	-	-	TPR_16,TPR_6,TolA_bind_tri,YfiO
NCS66_RS11005	hypothetical protein	WP_250480669.1					-	4-amino-4-deoxy-alpha-L-arabinopyranosyl undecaprenyl phosphate biosynthetic process	-	-	-	-	-	LprI
NCS66_RS11010	WYL domain-containing protein	WP_008342813.1	nucleic acid binding|0003676||IEA				-	WYL domain	-	-	-	-	-	WYL
NCS66_RS11015	YhaN family protein	WP_250480670.1					-	AAA domain	-	-	-	-	-	AAA_27
NCS66_RS11020	DNA repair exonuclease	WP_034471513.1	metal ion binding|0046872||IEA				-	Metallophosphoesterase	-	-	-	-	-	Metallophos
NCS66_RS11025	hypothetical protein	WP_175980481.1					-	-	-	-	-	-	-	-
NCS66_RS11040	peptidylprolyl isomerase	WP_008342825.1	peptidyl-prolyl cis-trans isomerase activity|0003755||IEA				-	Chaperone involved in the correct folding and assembly of outer membrane proteins. Recognizes specific patterns of aromatic residues and the orientation of their side chains, which are found more frequently in integral outer membrane proteins. May act in both early periplasmic and late outer membrane-associated steps of protein maturation	ko:K03771	-	ko00000,ko01000,ko03110	-	-	Rotamase,Rotamase_3,SurA_N
NCS66_RS11050	phosphotransferase	WP_250480672.1					-	Aminoglycoside phosphotransferase	ko:K07102	-	ko00000,ko00001,ko01000	-	-	APH
NCS66_RS11055	N-acetylmuramate alpha-1-phosphate uridylyltransferase MurU	WP_250435162.1	nucleotidyltransferase activity|0016779||IEA	peptidoglycan biosynthetic process|0009252||IEA		murU	-	Nucleotidyl transferase	ko:K00992	-	ko00000,ko00001,ko01000	-	-	NTP_transferase
NCS66_RS11085	DUF2827 domain-containing protein	WP_250480676.1					-	Protein of unknown function (DUF2827)	-	-	-	-	-	DUF2827
NCS66_RS11090	DUF2827 domain-containing protein	WP_250440183.1					-	Protein of unknown function (DUF2827)	-	-	-	-	-	DUF2827
NCS66_RS11095	DUF2827 domain-containing protein	WP_284504071.1					-	Protein of unknown function (DUF2827)	-	-	-	-	-	DUF2827
NCS66_RS11115	hypothetical protein	WP_250480678.1					-	O-linked N-acetylglucosamine transferase SPINDLY family	-	-	-	-	-	-
NCS66_RS11120	CopD family protein	WP_008342849.1					-	PFAM conserved	ko:K08973	-	ko00000	-	-	UPF0093
NCS66_RS11130	DNA polymerase III subunit delta	WP_008342853.1	DNA-directed DNA polymerase activity|0003887||IEA	DNA replication|0006260||IEA		holA	-	DNA polymerase III delta subunit	ko:K02340	M00260	ko00000,ko00001,ko00002,ko01000,ko03032,ko03400	-	-	DNA_pol3_delt_C,DNA_pol3_delta
NCS66_RS11180	FCD domain-containing protein	WP_034471690.1					-	Transcriptional regulator	ko:K05799	-	ko00000,ko03000	-	-	FCD,GntR
NCS66_RS11195	VOC family protein	WP_008342874.1					-	Glyoxalase/Bleomycin resistance protein/Dioxygenase superfamily	ko:K04750	-	ko00000	-	-	Glyoxalase
NCS66_RS11205	barstar family protein	WP_250480681.1					-	Barstar (barnase inhibitor)	-	-	-	-	-	Barstar
NCS66_RS11210	ribonuclease	WP_033537314.1					-	Ribonuclease	ko:K01167	-	ko00000,ko01000,ko03016,ko03019	-	-	Ribonuclease
NCS66_RS11255	SMP-30/gluconolactonase/LRE family protein	WP_250435193.1	metal ion binding|0046872||IEA				-	SMP-30/Gluconolaconase/LRE-like region	ko:K13874	-	ko00000,ko00001,ko01000	-	-	SGL
NCS66_RS11260	SDR family oxidoreductase	WP_239295154.1	oxidoreductase activity|0016491||IEA				-	PFAM short-chain dehydrogenase reductase SDR	ko:K22185	-	ko00000,ko00001,ko01000	-	-	adh_short_C2
NCS66_RS11295	IclR family transcriptional regulator	WP_239295159.1	DNA-binding transcription factor activity|0003700||IEA	regulation of DNA-templated transcription|0006355||IEA			-	Transcriptional regulator	-	-	-	-	-	HTH_IclR,IclR
NCS66_RS11300	monofunctional biosynthetic peptidoglycan transglycosylase	WP_250435196.1	pentosyltransferase activity|0016763||IEA	peptidoglycan biosynthetic process|0009252||IEA	membrane|0016020||IEA	mtgA	-	Peptidoglycan polymerase that catalyzes glycan chain elongation from lipid-linked precursors	ko:K03814	-	ko00000,ko00001,ko01000,ko01003,ko01011	-	GT51	Transgly
NCS66_RS11310	RNB domain-containing ribonuclease	WP_033536347.1	RNA nuclease activity|0004540||IEA				-	ribonuclease II	ko:K01147	-	ko00000,ko01000,ko03016	-	-	RNB
NCS66_RS11325	hypothetical protein	WP_008342899.1					-	mRNA catabolic process	-	-	-	-	-	-
NCS66_RS11330	TlpA disulfide reductase family protein	WP_239295164.1	oxidoreductase activity|0016491||IEA				-	Redoxin domain protein	-	-	-	-	-	AhpC-TSA,Redoxin
NCS66_RS11350	zinc-ribbon and DUF3426 domain-containing protein	WP_250480688.1					-	MJ0042 family finger-like	-	-	-	-	-	DUF3426,zinc_ribbon_4,zinc_ribbon_5
NCS66_RS11375	hypothetical protein	WP_239295166.1					-	-	-	-	-	-	-	-
NCS66_RS11380	ribonucleotide-diphosphate reductase subunit beta	WP_008342919.1	oxidoreductase activity|0016491||IEA	deoxyribonucleotide biosynthetic process|0009263||IEA			-	Provides the precursors necessary for DNA synthesis. Catalyzes the biosynthesis of deoxyribonucleotides from the corresponding ribonucleotides	ko:K00526	M00053	ko00000,ko00001,ko00002,ko01000,ko03400	-	-	Ribonuc_red_sm
NCS66_RS11395	ribonucleoside-diphosphate reductase subunit alpha	WP_239295167.1	ATP binding|0005524||IEA	DNA replication|0006260||IEA			GO:0000166,GO:0003674,GO:0003824,GO:0004748,GO:0005488,GO:0005515,GO:0005575,GO:0005622,GO:0005623,GO:0005737,GO:0005829,GO:0005971,GO:0006139,GO:0006725,GO:0006753,GO:0006793,GO:0006796,GO:0006807,GO:0008150,GO:0008152,GO:0009058,GO:0009117,GO:0009165,GO:0009262,GO:0009263,GO:0009987,GO:0016491,GO:0016725,GO:0016728,GO:0018130,GO:0019438,GO:0019637,GO:0032991,GO:0034641,GO:0034654,GO:0036094,GO:0042802,GO:0044237,GO:0044238,GO:0044249,GO:0044271,GO:0044281,GO:0044424,GO:0044444,GO:0044445,GO:0044464,GO:0046483,GO:0055086,GO:0055114,GO:0061731,GO:0071704,GO:0090407,GO:0097159,GO:1901135,GO:1901137,GO:1901265,GO:1901293,GO:1901360,GO:1901362,GO:1901363,GO:1901576,GO:1902494,GO:1990204	Provides the precursors necessary for DNA synthesis. Catalyzes the biosynthesis of deoxyribonucleotides from the corresponding ribonucleotides	ko:K00525	M00053	ko00000,ko00001,ko00002,ko01000,ko03400	-	-	ATP-cone,Ribonuc_red_lgC,Ribonuc_red_lgN
NCS66_RS11405	PP0621 family protein	WP_034471463.1					-	-	ko:K06950	-	ko00000	-	-	-
NCS66_RS11410	cytochrome c biogenesis protein CcsA	WP_008342934.1	heme binding|0020037||IEA	cytochrome complex assembly|0017004||IEA		ccsA	-	Cytochrome c assembly protein	-	-	-	-	-	Cytochrom_C_asm
NCS66_RS11440	CNP1-like family protein	WP_033537265.1					-	CNP1-like family	-	-	-	-	-	CNP1
NCS66_RS11500	cell division protein ZapD	WP_008342965.1				zapD	-	Cell division factor that enhances FtsZ-ring assembly. Directly interacts with FtsZ and promotes bundling of FtsZ protofilaments, with a reduction in FtsZ GTPase activity	ko:K18778	-	ko00000,ko03036	-	-	ZapD
NCS66_RS11515	ATP-binding protein	WP_239295169.1					-	SMART AAA ATPase	ko:K06923	-	ko00000	-	-	DUF815
NCS66_RS11535	DUF721 domain-containing protein	WP_008342974.1					-	Protein of unknown function (DUF721)	-	-	-	-	-	DUF721
NCS66_RS11545	peroxiredoxin	WP_239295171.1					-	PFAM alkyl hydroperoxide reductase Thiol specific antioxidant Mal allergen	ko:K03386	-	ko00000,ko00001,ko01000,ko04147	-	-	Redoxin
NCS66_RS11560	cell division protein FtsQ/DivIB	WP_008342982.1					-	Essential cell division protein. May link together the upstream cell division proteins, which are predominantly cytoplasmic, with the downstream cell division proteins, which are predominantly periplasmic. May control correct divisome assembly	ko:K03589	-	ko00000,ko00001,ko03036	-	-	FtsQ,POTRA_1
NCS66_RS11610	cell division protein FtsL	WP_008342999.1		cytokinesis|0000910||IEA	membrane|0016020||IEA	ftsL	-	Essential cell division protein. May link together the upstream cell division proteins, which are predominantly cytoplasmic, with the downstream cell division proteins, which are predominantly periplasmic	ko:K03586	-	ko00000,ko03036	-	-	FtsL
NCS66_RS11625	2-polyprenyl-3-methyl-6-methoxy-1,4-benzoquinone monooxygenase	WP_034471434.1	monooxygenase activity|0004497||IEA	ubiquinone biosynthetic process|0006744||IEA		coq7	-	Oxygenase that introduces the hydroxyl group at carbon five of 2-nonaprenyl-3-methyl-6-methoxy-1,4-benzoquinol resulting in the formation of 2-nonaprenyl-3-methyl-5-hydroxy-6-methoxy-1,4- benzoquinol	ko:K06134	M00128	ko00000,ko00001,ko00002,ko01000	-	-	COQ7
NCS66_RS11630	porin	WP_008343007.1	porin activity|0015288||IEA		cell outer membrane|0009279||IEA		-	PFAM porin Gram-negative type	-	-	-	-	-	Porin_4
NCS66_RS11650	M20 aminoacylase family protein	WP_250440213.1	hydrolase activity, acting on carbon-nitrogen (but not peptide) bonds|0016810||IEA				-	amidohydrolase	-	-	-	-	-	M20_dimer,Peptidase_M20
NCS66_RS11655	transposase domain-containing protein	WP_250480693.1					-	transposase IS66	-	-	-	-	-	DDE_Tnp_IS66,DDE_Tnp_IS66_C,LZ_Tnp_IS66,zf-IS66
NCS66_RS11655	transposase domain-containing protein	WP_250480693.1					-	transposase IS66	-	-	-	-	-	DDE_Tnp_IS66,DDE_Tnp_IS66_C,LZ_Tnp_IS66,zf-IS66
NCS66_RS11655	transposase domain-containing protein	WP_250480693.1					-	transposase IS66	-	-	-	-	-	DDE_Tnp_IS66,DDE_Tnp_IS66_C,LZ_Tnp_IS66,zf-IS66
NCS66_RS11665	phenylacetic acid degradation protein PaaN	WP_239295454.1		phenylacetate catabolic process|0010124||IEA		paaN	-	phenylacetic acid degradation protein paaN	-	-	-	-	-	Aldedh
NCS66_RS11685	MltA domain-containing protein	WP_174447762.1	hydrolase activity, hydrolyzing O-glycosyl compounds|0004553||IEA				-	PFAM MltA domain protein	ko:K08304	-	ko00000,ko01000,ko01011	-	GH102	3D,MltA
NCS66_RS11745	PDZ domain-containing protein	WP_239295467.1	protein binding|0005515||IEA				-	Peptidase M61	-	-	-	-	-	PDZ_2,Peptidase_M61
NCS66_RS11755	UbiH/UbiF family hydroxylase	WP_239295457.1					-	Ubiquinone biosynthesis hydroxylase, UbiH UbiF VisC COQ6 family	-	-	-	-	-	FAD_binding_3,SE
NCS66_RS11765	DUF3761 domain-containing protein	WP_008344406.1					-	Protein of unknown function (DUF3761)	-	-	-	-	-	DUF3761
NCS66_RS11775	DUF748 domain-containing protein	WP_034473928.1					-	Domain of Unknown Function (DUF748)	-	-	-	-	-	DUF748
NCS66_RS11780	HAD family phosphatase	WP_250435229.1					-	TIGRFAM HAD-superfamily hydrolase, subfamily IA, variant 3	ko:K01560	-	ko00000,ko00001,ko01000	-	-	HAD_2
NCS66_RS11785	aminopeptidase P family protein	WP_250480695.1	metalloaminopeptidase activity|0070006||IEA	proteolysis|0006508||IEA	membrane|0016020||IEA		-	peptidase M24	ko:K01262	-	ko00000,ko01000,ko01002	-	-	Creatinase_N,Creatinase_N_2,Peptidase_M24,Peptidase_M24_C
NCS66_RS11790	hypothetical protein	WP_034473925.1					-	-	-	-	-	-	-	-
NCS66_RS11795	glycosyltransferase family 2 protein	WP_250480696.1					-	N-terminal domain of galactosyltransferase	-	-	-	-	-	Glyco_tranf_2_2,Glyco_transf_7C
NCS66_RS11830	APC family permease	WP_075583595.1	transmembrane transporter activity|0022857||IEA		membrane|0016020||IEA		-	amino acid	-	-	-	-	-	AA_permease_2
NCS66_RS11845	MFS transporter	WP_250480699.1	transmembrane transporter activity|0022857||IEA	transmembrane transport|0055085||IEA			-	Sugar (and other) transporter	-	-	-	-	-	Sugar_tr
NCS66_RS11850	nitroreductase family protein	WP_250440230.1					-	Pfam Nitroreductase	-	-	-	-	-	Nitroreductase
NCS66_RS11855	MFS transporter	WP_033536108.1	transmembrane transporter activity|0022857||IEA	transmembrane transport|0055085||IEA			-	PFAM major facilitator superfamily MFS_1	-	-	-	-	-	MFS_1
NCS66_RS11860	TetR/AcrR family transcriptional regulator	WP_250480700.1	DNA-binding transcription factor activity|0003700||IEA	regulation of DNA-templated transcription|0006355||IEA			-	PFAM regulatory protein TetR	-	-	-	-	-	TetR_N
NCS66_RS11865	DUF1415 domain-containing protein	WP_250480701.1					-	Protein of unknown function (DUF1415)	ko:K09941	-	ko00000	-	-	DUF1415
NCS66_RS11870	SAM-dependent methyltransferase	WP_008344377.1					-	Methyltransferase domain	-	-	-	-	-	Methyltransf_32
NCS66_RS11875	hypothetical protein	WP_008344375.1					-	-	-	-	-	-	-	-
NCS66_RS11880	FadR/GntR family transcriptional regulator	WP_309791299.1	DNA-binding transcription factor activity|0003700||IEA				-	Regulatory protein GntR HTH	ko:K05799	-	ko00000,ko03000	-	-	FCD,GntR
NCS66_RS11890	MFS transporter	WP_008344369.1	transmembrane transporter activity|0022857||IEA	transmembrane transport|0055085||IEA			-	PFAM major facilitator superfamily MFS_1	-	-	-	-	-	MFS_1
NCS66_RS11900	hypothetical protein	WP_235366208.1					-	Psort location Cytoplasmic, score 8.96	-	-	-	-	-	-
NCS66_RS11905	NAD(P)/FAD-dependent oxidoreductase	WP_250480703.1					-	fad dependent oxidoreductase	ko:K07137	-	ko00000	-	-	Amino_oxidase,Pyr_redox_2
NCS66_RS11915	ClpXP protease specificity-enhancing factor	WP_008344157.1					-	stringent starvation protein b	ko:K03600	-	ko00000,ko03021	-	-	SspB
NCS66_RS11925	cytochrome c1	WP_008344153.1					-	Cytochrome C1	ko:K00413	M00151,M00152	ko00000,ko00001,ko00002	-	-	Cytochrom_C1
NCS66_RS11930	cytochrome bc complex cytochrome b subunit	WP_250480705.1					-	Component of the ubiquinol-cytochrome c reductase complex (complex III or cytochrome b-c1 complex), which is a respiratory chain that generates an electrochemical potential coupled to ATP synthesis	ko:K00412	M00151,M00152	ko00000,ko00001,ko00002,ko03029	-	-	Cytochrom_B_C,Cytochrome_B
NCS66_RS11935	ubiquinol-cytochrome c reductase iron-sulfur subunit	WP_008344151.1	electron transfer activity|0009055||IEA	aerobic respiration|0009060||IEA	respiratory chain complex III|0045275||IEA	petA	-	Component of the ubiquinol-cytochrome c reductase complex (complex III or cytochrome b-c1 complex), which is a respiratory chain that generates an electrochemical potential coupled to ATP synthesis	ko:K00411	M00151,M00152	ko00000,ko00001,ko00002,ko01000	-	-	Rieske,UCR_Fe-S_N
NCS66_RS11970	membrane protein	WP_008344144.1					-	membrane	-	-	-	-	-	-
NCS66_RS11975	phosphoribosyl-ATP diphosphatase	WP_008344143.1	phosphoribosyl-ATP diphosphatase activity|0004636||IEA	histidine biosynthetic process|0000105||IEA			-	Phosphoribosyl-ATP	ko:K01523	M00026	ko00000,ko00001,ko00002,ko01000	-	-	PRA-PH
NCS66_RS11980	phosphoribosyl-AMP cyclohydrolase	WP_174447750.1	phosphoribosyl-AMP cyclohydrolase activity|0004635||IEA	histidine biosynthetic process|0000105||IEA		hisI	-	Catalyzes the hydrolysis of the adenine ring of phosphoribosyl-AMP	ko:K01496,ko:K11755	M00026	ko00000,ko00001,ko00002,ko01000	-	-	PRA-CH
NCS66_RS12020	ATP phosphoribosyltransferase	WP_008344130.1	ATP phosphoribosyltransferase activity|0003879||IEA	histidine biosynthetic process|0000105||IEA	cytoplasm|0005737||IEA	hisG	-	Catalyzes the condensation of ATP and 5-phosphoribose 1- diphosphate to form N'-(5'-phosphoribosyl)-ATP (PR-ATP). Has a crucial role in the pathway because the rate of histidine biosynthesis seems to be controlled primarily by regulation of HisG enzymatic activity	ko:K00765	M00026	ko00000,ko00001,ko00002,ko01000	-	-	HisG
NCS66_RS12030	BolA family protein	WP_008344127.1	2 iron, 2 sulfur cluster binding|0051537||IEA		iron-sulfur cluster assembly complex|1990229||IEA		-	Belongs to the BolA IbaG family	-	-	-	-	-	BolA
NCS66_RS12085	sulfur carrier protein ThiS	WP_250480712.1	catalytic activity|0003824||IEA	thiamine biosynthetic process|0009228||IEA		thiS	-	thiamine biosynthesis protein ThiS	ko:K03154	-	ko00000,ko00001	-	-	ThiS
NCS66_RS12090	FAD-dependent oxidoreductase	WP_250480713.1	oxidoreductase activity|0016491||IEA				-	PFAM FAD dependent oxidoreductase	ko:K03153	-	ko00000,ko00001,ko01000	-	-	DAO
NCS66_RS12120	OmpW family outer membrane protein	WP_034473121.1			outer membrane|0019867||IEA		-	OmpW family	ko:K07275	-	ko00000	-	-	OmpW
NCS66_RS12125	DUF883 family protein	WP_033536968.1					-	Bacterial protein of unknown function (DUF883)	-	-	-	-	-	DUF883
NCS66_RS12175	type 4a pilus biogenesis protein PilO	WP_250480718.1		type IV pilus assembly|0043683||IEA		pilO	-	carbon utilization	-	-	-	-	-	PilO
NCS66_RS12180	fimbrial assembly family protein	WP_250480719.1					-	PFAM Fimbrial assembly family protein	ko:K02663	-	ko00000,ko02035,ko02044	-	-	-
NCS66_RS12185	pilus assembly protein PilM	WP_250480720.1				pilM	-	Pilus assembly protein	-	-	-	-	-	PilM_2
NCS66_RS12200	lipoprotein	WP_008344068.1					-	-	-	-	-	-	-	LPAM_2
NCS66_RS12220	c-type cytochrome biogenesis protein CcsB	WP_008344060.1	heme binding|0020037||IEA	cytochrome complex assembly|0017004||IEA		ccsB	-	Pfam Cytochrome C assembly protein	-	-	-	-	-	Cytochrom_C_asm
NCS66_RS12225	cytochrome c biogenesis protein ResB	WP_250435271.1		cytochrome complex assembly|0017004||IEA	membrane|0016020||IEA		-	cytochrome c biogenesis protein	ko:K07399	-	ko00000	-	-	ResB
NCS66_RS12230	c-type cytochrome	WP_250480722.1	heme binding|0020037||IEA				-	PFAM cytochrome c, class I	-	-	-	-	-	Cytochrom_C,Cytochrome_CBB3
NCS66_RS12475	GTP-binding protein	WP_042615313.1	GTP binding|0005525||IEA				GO:0005575,GO:0005622,GO:0005623,GO:0005737,GO:0044424,GO:0044464	This protein promotes the GTP-dependent binding of aminoacyl-tRNA to the A-site of ribosomes during protein biosynthesis	ko:K02358	-	ko00000,ko03012,ko03029,ko04147	-	-	GTP_EFTU,GTP_EFTU_D2,GTP_EFTU_D3
NCS66_RS12495	SGNH/GDSL hydrolase family protein	WP_250478891.1					-	G-D-S-L family	-	-	-	-	-	Lipase_GDSL_2
NCS66_RS12500	class I SAM-dependent methyltransferase	WP_250480726.1					-	Pfam Methyltransferase small	-	-	-	-	-	MTS
NCS66_RS12505	TIGR03862 family flavoprotein	WP_250480727.1					-	PFAM HI0933 family protein	ko:K07007	-	ko00000	-	-	HI0933_like
NCS66_RS12510	MFS transporter	WP_175983307.1	transmembrane transporter activity|0022857||IEA	transmembrane transport|0055085||IEA			-	Major Facilitator	-	-	-	-	-	Sugar_tr
NCS66_RS12515	DUF1835 domain-containing protein	WP_034473234.1					-	Domain of unknown function (DUF1835)	-	-	-	-	-	DUF1835,DUF3658
NCS66_RS12520	TetR/AcrR family transcriptional regulator	WP_008352714.1					-	PFAM regulatory protein TetR	ko:K09017	-	ko00000,ko03000	-	-	TetR_N
NCS66_RS12525	GNAT family N-acetyltransferase	WP_235366314.1	N-acetyltransferase activity|0008080||IEA				-	PFAM GCN5-related N-acetyltransferase	-	-	-	-	-	Acetyltransf_1,Acetyltransf_3
NCS66_RS12540	hypothetical protein	WP_250480728.1					-	-	-	-	-	-	-	-
NCS66_RS12545	indolepyruvate ferredoxin oxidoreductase family protein	WP_175979592.1					-	oxidoreductase	ko:K04090	-	br01601,ko00000,ko01000	-	-	POR,TPP_enzyme_C
NCS66_RS12555	MFS transporter	WP_250480729.1	transmembrane transporter activity|0022857||IEA	transmembrane transport|0055085||IEA			-	Major facilitator Superfamily	-	-	-	-	-	MFS_1,Sugar_tr
NCS66_RS12575	flavodoxin family protein	WP_175979594.1	FMN binding|0010181||IEA				-	flavodoxin nitric oxide synthase	ko:K03809	-	ko00000,ko00001,ko01000	-	-	FMN_red
NCS66_RS12585	response regulator	WP_008352689.1		phosphorelay signal transduction system|0000160||IEA			-	cheY-homologous receiver domain	-	-	-	-	-	Response_reg
NCS66_RS12590	hypothetical protein	WP_034473244.1					-	-	-	-	-	-	-	-
NCS66_RS12600	NAD(P)-dependent oxidoreductase	WP_284508034.1	NAD binding|0051287||IEA				-	NAD-binding of NADP-dependent 3-hydroxyisobutyrate dehydrogenase	-	-	-	-	-	NAD_binding_11,NAD_binding_2
NCS66_RS12605	Mut7-C RNAse domain-containing protein	WP_033536938.1					-	Mut7-C RNAse domain	ko:K09122	-	ko00000	-	-	Mut7-C,Ub-Mut7C
NCS66_RS12610	hypothetical protein	WP_008352684.1					-	-	-	-	-	-	-	-
NCS66_RS12615	type II toxin-antitoxin system YoeB family toxin	WP_250460299.1	endonuclease activity|0004519||IEA	RNA catabolic process|0006401||IEA			-	YoeB-like toxin of bacterial type II toxin-antitoxin system	ko:K19158	-	ko00000,ko01000,ko02048	-	-	YoeB_toxin
NCS66_RS12630	high-potential iron-sulfur protein	WP_008352676.1					-	Specific class of high-redox-potential 4Fe-4S ferredoxins. Functions in anaerobic electron transport in most purple and in some other photosynthetic bacteria and in at least one genus (Paracoccus) of halophilic, denitrifying bacteria	-	-	-	-	-	HIPIP
NCS66_RS12635	NAD(P)/FAD-dependent oxidoreductase	WP_175979601.1					-	Fad dependent oxidoreductase	-	-	-	-	-	DAO
NCS66_RS12640	AAA family ATPase	WP_008352674.1	ATP hydrolysis activity|0016887||IEA				-	PFAM AAA ATPase central domain protein	ko:K01338	-	ko00000,ko00001,ko01000,ko01002	-	-	AAA
NCS66_RS12645	hypothetical protein	WP_008352673.1					-	-	-	-	-	-	-	-
NCS66_RS12650	endonuclease/exonuclease/phosphatase family protein	WP_008352672.1	catalytic activity|0003824||IEA				-	Endonuclease Exonuclease phosphatase	-	-	-	-	-	Exo_endo_phos
NCS66_RS12655	response regulator	WP_008352671.1	phosphorelay response regulator activity|0000156||IEA	phosphorelay signal transduction system|0000160||IEA			-	cheY-homologous receiver domain	-	-	-	-	-	Response_reg
NCS66_RS12660	DUF2778 domain-containing protein	WP_175979602.1					-	Protein of unknown function (DUF2778)	-	-	-	-	-	DUF2778
NCS66_RS12665	hypothetical protein	WP_175979603.1					-	-	-	-	-	-	-	-
NCS66_RS12670	alpha-ketoglutarate-dependent dioxygenase AlkB	WP_175979604.1					-	2OG-Fe(II) oxygenase	-	-	-	-	-	2OG-FeII_Oxy_2
NCS66_RS12675	RidA family protein	WP_033536940.1	hydrolase activity|0016787||IEA				-	endoribonuclease L-PSP	ko:K09022	-	ko00000,ko01000	-	-	Ribonuc_L-PSP
NCS66_RS12685	GGDEF domain-containing protein	WP_250480731.1	metal ion binding|0046872||IEA		plasma membrane|0005886||IEA		-	Diguanylate cyclase	-	-	-	-	-	GGDEF
NCS66_RS12690	hypothetical protein	WP_008352663.1					-	-	-	-	-	-	-	-
NCS66_RS12700	hypothetical protein	WP_144403794.1					-	-	-	-	-	-	-	-
NCS66_RS12705	DUF72 domain-containing protein	WP_033536945.1					-	Protein of unknown function DUF72	-	-	-	-	-	DUF72
NCS66_RS12715	MFS transporter	WP_235366315.1	transmembrane transporter activity|0022857||IEA	transmembrane transport|0055085||IEA			-	PFAM major facilitator superfamily MFS_1	-	-	-	-	-	MFS_1
NCS66_RS12730	FadR/GntR family transcriptional regulator	WP_250480732.1	DNA-binding transcription factor activity|0003700||IEA				-	Regulatory protein GntR HTH	ko:K05799	-	ko00000,ko03000	-	-	FCD,GntR
NCS66_RS12755	dihydroneopterin aldolase	WP_008352641.1					-	dihydroneopterin aldolase	ko:K01633	M00126,M00840	ko00000,ko00001,ko00002,ko01000	-	-	FolB
NCS66_RS12760	SDR family oxidoreductase	WP_239295471.1	oxidoreductase activity|0016491||IEA				-	Short-chain dehydrogenase reductase sdr	-	-	-	-	-	adh_short_C2
NCS66_RS12765	SAM-dependent methyltransferase	WP_250480735.1					-	Putative S-adenosyl-L-methionine-dependent methyltransferase	-	-	-	-	-	Methyltransf_28
NCS66_RS12770	DUF2905 domain-containing protein	WP_008352638.1					-	Protein of unknown function (DUF2905)	-	-	-	-	-	DUF2905
NCS66_RS12785	complex I NDUFA9 subunit family protein	WP_008352635.1					-	Nad-dependent epimerase dehydratase	ko:K00329,ko:K00356	-	ko00000,ko00001,ko01000	-	-	Epimerase,NAD_binding_10
NCS66_RS12790	lytic transglycosylase domain-containing protein	WP_175979617.1					-	lytic transglycosylase	ko:K08309	-	ko00000,ko01000,ko01011	-	GH23	SLT,SLT_L
NCS66_RS12800	winged helix DNA-binding protein	WP_008352632.1	DNA-binding transcription factor activity|0003700||IEA	regulation of DNA-templated transcription|0006355||IEA			-	PFAM regulatory protein, MarR	-	-	-	-	-	HTH_27
NCS66_RS12820	DUF969 domain-containing protein	WP_008352624.1					-	Protein of unknown function (DUF969)	-	-	-	-	-	DUF969
NCS66_RS12825	DUF979 domain-containing protein	WP_175979618.1					-	Protein of unknown function (DUF979)	-	-	-	-	-	DUF979
NCS66_RS12860	hypothetical protein	WP_250480738.1					-	Polysaccharide biosynthesis protein	-	-	-	-	-	Polysacc_synt_3,Polysacc_synt_C
NCS66_RS12865	glycosyltransferase	WP_250480739.1	glycosyltransferase activity|0016757||IEA				-	Glycosyl transferases group 1	-	-	-	-	-	Glyco_transf_4,Glycos_transf_1
NCS66_RS12870	hypothetical protein	WP_250480769.1					-	-	ko:K20947	-	ko00000,ko00001	-	-	-
NCS66_RS12875	VpsF family polysaccharide biosynthesis protein	WP_250480768.1					-	-	ko:K20947	-	ko00000,ko00001	-	-	-
NCS66_RS12880	glycosyltransferase family 4 protein	WP_250480740.1	glycosyltransferase activity|0016757||IEA				-	PFAM glycosyl transferase group 1	-	-	-	-	-	Glyco_transf_4,Glycos_transf_1
NCS66_RS12885	WecB/TagA/CpsF family glycosyltransferase	WP_279613007.1					-	Belongs to the glycosyltransferase 26 family	ko:K05946,ko:K13660	-	ko00000,ko00001,ko01000,ko01003	-	GT26	Glyco_tran_WecB
NCS66_RS12890	heparin lyase I family protein	WP_175979629.1					-	Polysaccharide lyase	-	-	-	-	-	Polysacc_lyase
NCS66_RS12895	TraB/GumN family protein	WP_175979630.1					-	GumN family	ko:K09973	-	ko00000	-	-	TraB
NCS66_RS12930	phage holin family protein	WP_061132442.1			membrane|0016020||IEA		-	PFAM membrane protein of	ko:K08972	-	ko00000	-	-	Phage_holin_4_2
NCS66_RS12950	LysR family transcriptional regulator	WP_008352602.1					-	Transcriptional regulator	-	-	-	-	-	HTH_1,LysR_substrate
NCS66_RS12955	OmpA family protein	WP_034473261.1					-	OmpA family	-	-	-	-	-	DUF937,OmpA
NCS66_RS12965	EscU/YscU/HrcU family type III secretion system export apparatus switch protein	WP_250480743.1		protein secretion|0009306||IEA	membrane|0016020||IEA		-	FlhB HrpN YscU SpaS Family	ko:K04061	-	ko00000,ko02044	-	-	Bac_export_2
NCS66_RS12970	flagellar hook-length control protein FliK	WP_250480744.1					-	Flagellar hook-length control protein FliK	-	-	-	-	-	Flg_hook
NCS66_RS12975	flagellar protein FliT	WP_033536661.1					-	flagellar	ko:K02423	-	ko00000,ko00001,ko02035	-	-	FliT
NCS66_RS12985	flagellar hook-basal body complex protein FliE	WP_008352588.1	cytoskeletal motor activity|0003774||IEA	bacterial-type flagellum-dependent cell motility|0071973||IEA	bacterial-type flagellum basal body, MS ring|0009431||IEA	fliE	-	Flagellar hook-basal body complex protein FliE	ko:K02408	-	ko00000,ko00001,ko02035	-	-	FliE
NCS66_RS13010	flagellar export protein FliJ	WP_008352578.1	cytoskeletal motor activity|0003774||IEA	bacterial-type flagellum-dependent cell motility|0071973||IEA	membrane|0016020||IEA	fliJ	-	Flagellar export protein FliJ	ko:K02413	-	ko00000,ko00001,ko02035	-	-	FliJ
NCS66_RS13015	flagellar hook-length control protein FliK	WP_250480745.1					-	Flagellar hook-length control protein	ko:K02414	-	ko00000,ko00001,ko02035	-	-	Flg_hook
NCS66_RS13025	hypothetical protein	WP_250480747.1					-	surface antigen variable number repeat protein	ko:K07001	-	ko00000	-	-	Bac_surface_Ag,POTRA,Patatin
NCS66_RS13035	flagellar basal body-associated protein FliL	WP_034473275.1		bacterial-type flagellum-dependent cell motility|0071973||IEA	bacterial-type flagellum basal body|0009425||IEA	fliL	-	Controls the rotational direction of flagella during chemotaxis	ko:K02415	-	ko00000,ko02035	-	-	FliL
NCS66_RS13070	hypothetical protein	WP_235366282.1					-	-	-	-	-	-	-	-
NCS66_RS13075	flagellar hook-associated protein FlgL	WP_034473278.1	structural molecule activity|0005198||IEA	cilium or flagellum-dependent cell motility|0001539||IEA	bacterial-type flagellum hook|0009424||IEA	flgL	-	Flagellar hook-associated protein 3	ko:K02397	-	ko00000,ko00001,ko02035	-	-	Flagellin_C,Flagellin_N
NCS66_RS13080	flagellar hook-associated protein FlgK	WP_008352554.1	structural molecule activity|0005198||IEA	cilium or flagellum-dependent cell motility|0001539||IEA	bacterial-type flagellum hook|0009424||IEA	flgK	-	flagellar hook-associated protein	ko:K02396	-	ko00000,ko00001,ko02035	-	-	Flg_bb_rod,Flg_bbr_C
NCS66_RS13090	flagellar brake protein	WP_008352549.1					-	Acts as a flagellar brake, regulating swimming and swarming in a bis-(3'-5') cyclic diguanylic acid (c-di-GMP)- dependent manner. Binds 1 c-di-GMP dimer per subunit. Increasing levels of c-di-GMP lead to decreased motility	-	-	-	-	-	PilZ,YcgR
NCS66_RS13095	flagellar assembly peptidoglycan hydrolase FlgJ	WP_051996850.1	hydrolase activity, acting on glycosyl bonds|0016798||IEA	cilium or flagellum-dependent cell motility|0001539||IEA		flgJ	-	Flagellar rod assembly protein muramidase FlgJ	ko:K02395	-	ko00000,ko02035	-	-	Glucosaminidase,Rod-binding
NCS66_RS13140	flagellar basal body P-ring formation chaperone FlgA	WP_250480750.1	structural molecule activity|0005198||IEA	cilium or flagellum-dependent cell motility|0001539||IEA	bacterial-type flagellum basal body, distal rod, P ring|0009428||IEA	flgA	-	Flagella basal body p-ring formation protein	ko:K02386	-	ko00000,ko00001,ko02035	-	-	ChapFlgA
NCS66_RS13145	flagellar biosynthesis anti-sigma factor FlgM	WP_033536654.1		negative regulation of DNA-templated transcription|0045892||IEA		flgM	-	factor FlgM	ko:K02398	-	ko00000,ko00001,ko02035	-	-	FlgM
NCS66_RS13150	flagellar protein FlgN	WP_008352534.1					-	PFAM FlgN family protein	ko:K02399	-	ko00000,ko00001,ko02035	-	-	FlgN
NCS66_RS13165	hypothetical protein	WP_250480751.1					-	-	-	-	-	-	-	-
NCS66_RS13175	alginate lyase family protein	WP_235366281.1					-	Alginate lyase	-	-	-	-	-	Alginate_lyase
NCS66_RS13195	hypothetical protein	WP_008352517.1					-	-	-	-	-	-	-	-
NCS66_RS13210	c-type cytochrome	WP_239295432.1	heme binding|0020037||IEA				-	PFAM cytochrome c, class I	-	-	-	-	-	Cytochrome_CBB3
NCS66_RS13220	aromatic ring-hydroxylating dioxygenase subunit alpha	WP_239295431.1	2 iron, 2 sulfur cluster binding|0051537||IEA				-	Rieske [2Fe-2S] domain	ko:K19982	M00790	ko00000,ko00001,ko00002,ko01000	-	-	Rieske
NCS66_RS13225	GGDEF domain-containing protein	WP_008352510.1	metal ion binding|0046872||IEA		plasma membrane|0005886||IEA		-	diguanylate cyclase	ko:K21023	-	ko00000,ko00001,ko01000	-	-	GGDEF
NCS66_RS13235	flagellar biosynthesis protein FlhG	WP_034472320.1					-	Belongs to the ParA family	ko:K04562	-	ko00000,ko02035	-	-	AAA_31,CbiA
NCS66_RS13240	flagellar biosynthesis protein FlhF	WP_239295429.1	GTP binding|0005525||IEA	bacterial-type flagellum organization|0044781||IEA		flhF	-	PFAM GTP-binding signal recognition particle SRP54 G- domain	ko:K02404	-	ko00000,ko02035	-	-	SRP54
NCS66_RS13250	PepSY domain-containing protein	WP_008352500.1					-	Peptidase propeptide and YPEB domain	-	-	-	-	-	PepSY_2
NCS66_RS13255	cytochrome b/b6 domain-containing protein	WP_239295428.1	electron transfer activity|0009055||IEA		membrane|0016020||IEA		-	Prokaryotic cytochrome b561	-	-	-	-	-	Ni_hydr_CYTB
NCS66_RS13260	NYN domain-containing protein	WP_239295427.1	RNA nuclease activity|0004540||IEA				-	NYN domain	-	-	-	-	-	CSD,NYN
NCS66_RS13275	hypothetical protein	WP_160172900.1					-	-	-	-	-	-	-	-
NCS66_RS13295	alpha/beta hydrolase	WP_250480758.1	hydrolase activity|0016787||IEA				-	Alpha beta hydrolase	ko:K01066	-	ko00000,ko01000	-	-	Abhydrolase_3
NCS66_RS13300	AMP-binding protein	WP_008352482.1					-	PFAM AMP-dependent synthetase and ligase	ko:K00666	-	ko00000,ko01000,ko01004	-	-	AMP-binding,AMP-binding_C
NCS66_RS13355	ParB/RepB/Spo0J family partition protein	WP_008352449.1	DNA binding|0003677||IEA	chromosome segregation|0007059||IEA			-	Belongs to the ParB family	ko:K03497	-	ko00000,ko03000,ko03036,ko04812	-	-	ParBc
NCS66_RS13360	AAA family ATPase	WP_008352447.1	ATP hydrolysis activity|0016887||IEA	chromosome segregation|0007059||IEA			-	PFAM Cobyrinic acid a,c-diamide synthase	ko:K03496	-	ko00000,ko03036,ko04812	-	-	AAA_31
NCS66_RS13430	LysR family transcriptional regulator	WP_239294376.1	DNA-binding transcription factor activity|0003700||IEA	regulation of DNA-templated transcription|0006355||IEA			-	transcriptional Regulator, LysR family	-	-	-	-	-	HTH_1,LysR_substrate
NCS66_RS13440	Lrp/AsnC family transcriptional regulator	WP_008352422.1	DNA binding|0003677||IEA				-	AsnC family transcriptional regulator	-	-	-	-	-	AsnC_trans_reg,HTH_24,HTH_AsnC-type
NCS66_RS13445	DUF3717 domain-containing protein	WP_008352420.1					-	Protein of unknown function (DUF3717)	-	-	-	-	-	DUF3717
NCS66_RS13455	sensor histidine kinase	WP_175979872.1					-	histidine kinase HAMP region domain protein	-	-	-	-	-	2CSK_N,HATPase_c,HisKA
NCS66_RS13460	SET domain-containing protein-lysine N-methyltransferase	WP_075583516.1	protein binding|0005515||IEA				-	Nuclear protein SET	ko:K07117	-	ko00000	-	-	SET
NCS66_RS13465	NADH:flavin oxidoreductase/NADH oxidase	WP_250480765.1					-	NADH flavin oxidoreductase NADH oxidase	ko:K00219	-	ko00000,ko01000	-	-	Oxidored_FMN
NCS66_RS13480	MarR family winged helix-turn-helix transcriptional regulator	WP_008352413.1	DNA-binding transcription factor activity|0003700||IEA	regulation of DNA-templated transcription|0006355||IEA			-	Regulatory protein MarR	-	-	-	-	-	MarR_2
NCS66_RS13490	cation:proton antiporter	WP_008352411.1	antiporter activity|0015297||IEA	proton transmembrane transport|1902600||IEA	membrane|0016020||IEA		-	Pfam Sodium hydrogen exchanger	-	-	-	-	-	Na_H_Exchanger
NCS66_RS13495	bifunctional tRNA (5-methylaminomethyl-2-thiouridine)(34)-methyltransferase MnmD/FAD-dependent 5-carboxymethylaminomethyl-2-thiouridine(34) oxidoreductase MnmC	WP_250480770.1	oxidoreductase activity|0016491||IEA	tRNA processing|0008033||IEA		mnmC	-	Catalyzes the last two steps in the biosynthesis of 5- methylaminomethyl-2-thiouridine (mnm(5)s(2)U) at the wobble position (U34) in tRNA. Catalyzes the FAD-dependent demodification of cmnm(5)s(2)U34 to nm(5)s(2)U34, followed by the transfer of a methyl group from S-adenosyl-L-methionine to nm(5)s(2)U34, to form mnm(5)s(2)U34	ko:K15461	-	ko00000,ko01000,ko03016	-	-	DAO,Methyltransf_30
NCS66_RS13500	VTT domain-containing protein	WP_008352407.1					-	SMART Rhodanese domain protein	-	-	-	-	-	Rhodanese,SNARE_assoc
NCS66_RS13510	GTP-binding protein	WP_250480771.1					-	cobalamin synthesis protein, P47K	-	-	-	-	-	CobW_C,cobW
NCS66_RS13515	lytic transglycosylase domain-containing protein	WP_033536472.1					-	PFAM Lytic transglycosylase catalytic	-	-	-	-	-	SLT
NCS66_RS13580	efflux transporter outer membrane subunit	WP_034472334.1	porin activity|0015288||IEA	transport|0006810||IEA	cell outer membrane|0009279||IEA		-	RND efflux system, outer membrane lipoprotein, NodT family	-	-	-	-	-	OEP
NCS66_RS13585	hypothetical protein	WP_250480776.1					-	-	-	-	-	-	-	-
NCS66_RS13590	MarR family transcriptional regulator	WP_008352379.1	DNA-binding transcription factor activity|0003700||IEA				-	PFAM regulatory protein, MarR	-	-	-	-	-	MarR,MarR_2
NCS66_RS13600	hypothetical protein	WP_008352375.1					-	-	-	-	-	-	-	-
NCS66_RS13645	DUF484 family protein	WP_008352358.1					-	Protein of unknown function, DUF484	ko:K09921	-	ko00000	-	-	DUF484
NCS66_RS13655	lipid A biosynthesis lauroyl acyltransferase	WP_008352354.1					-	lipid A biosynthesis	ko:K02517,ko:K12974	M00060	ko00000,ko00001,ko00002,ko01000,ko01005	-	-	Lip_A_acyltrans
NCS66_RS13670	hypothetical protein	WP_174447735.1					-	-	-	-	-	-	-	-
NCS66_RS13675	phytanoyl-CoA dioxygenase family protein	WP_008352350.1					-	phytanoyl-CoA dioxygenase	ko:K00477	-	ko00000,ko00001,ko01000	-	-	PhyH
NCS66_RS13680	DUF3185 family protein	WP_008352349.1					-	Protein of unknown function (DUF3185)	-	-	-	-	-	DUF3185
NCS66_RS13700	ATP-binding protein	WP_250435379.1					-	PFAM ATP-binding region, ATPase domain protein	-	-	-	-	-	HATPase_c,HisKA_3
NCS66_RS13720	xanthine dehydrogenase family protein molybdopterin-binding subunit	WP_175979680.1	molybdopterin cofactor binding|0043546||IEA				-	Aldehyde oxidase and xanthine dehydrogenase	ko:K03520	-	ko00000,ko01000	-	-	Ald_Xan_dh_C,Ald_Xan_dh_C2
NCS66_RS13725	xanthine dehydrogenase family protein subunit M	WP_008352333.1					-	Dehydrogenase	ko:K03519	-	ko00000,ko01000	-	-	CO_deh_flav_C,FAD_binding_5
NCS66_RS13730	MoxR family ATPase	WP_008352332.1	ATP hydrolysis activity|0016887||IEA				-	PFAM ATPase associated with various cellular activities, AAA_5	-	-	-	-	-	AAA_5
NCS66_RS13735	VWA domain-containing protein	WP_241814029.1					-	VWA containing CoxE family protein	ko:K07161	-	ko00000	-	-	VWA_CoxE
NCS66_RS13740	carbon monoxide dehydrogenase subunit G	WP_008352328.1					-	carbon monoxide dehydrogenase	ko:K09386	-	ko00000	-	-	COXG
NCS66_RS13745	XdhC family protein	WP_175979682.1					-	XdhC and CoxI family	ko:K07402	-	ko00000	-	-	XdhC_C,XdhC_CoxI
NCS66_RS13750	PepSY domain-containing protein	WP_250480780.1					-	PepSY-associated TM region	-	-	-	-	-	PepSY,PepSY_TM
NCS66_RS13755	PepSY-associated TM helix domain-containing protein	WP_175979683.1					-	PFAM PepSY-associated TM helix domain protein	ko:K09939	-	ko00000	-	-	PepSY_TM_like_2
NCS66_RS13765	hypothetical protein	WP_008352308.1					-	-	-	-	-	-	-	-
NCS66_RS13775	hypothetical protein	WP_175979685.1					-	-	-	-	-	-	-	-
NCS66_RS13780	dienelactone hydrolase family protein	WP_008352303.1	hydrolase activity|0016787||IEA		cytosol|0005829||IEA		-	Carboxymethylenebutenolidase	ko:K01061	-	ko00000,ko00001,ko01000	-	-	DLH
NCS66_RS13790	MFS transporter	WP_033536476.1	transmembrane transporter activity|0022857||IEA	transmembrane transport|0055085||IEA			-	PFAM major facilitator superfamily MFS_1	-	-	-	-	-	MFS_1
NCS66_RS13795	CREG family protein	WP_250480781.1					-	PFAM pyridoxamine 5'-phosphate oxidase-related, FMN-binding	ko:K07226	-	ko00000	-	-	DUF2470,Putative_PNPOx,Pyrid_oxidase_2
NCS66_RS13800	H-NS histone family protein	WP_008352299.1					-	Histone family protein nucleoid-structuring protein H-NS	ko:K03746	-	ko00000,ko03036,ko03400	-	-	Histone_HNS
NCS66_RS13810	exonuclease	WP_175979687.1					-	Exonuclease	-	-	-	-	-	-
NCS66_RS13820	septal ring lytic transglycosylase RlpA family protein	WP_033536464.1					-	Lytic transglycosylase with a strong preference for naked glycan strands that lack stem peptides	ko:K03642	-	ko00000	-	-	DPBB_1
NCS66_RS13840	BON domain-containing protein	WP_008352287.1					-	PFAM transport-associated	-	-	-	-	-	BON
NCS66_RS13855	IS110 family transposase	WP_250480782.1	transposase activity|0004803||IEA	DNA transposition|0006313||IEA			-	Transposase	-	-	-	-	-	DEDD_Tnp_IS110,Transposase_20
NCS66_RS13860	IS21 family transposase	WP_250480783.1	transposase activity|0004803||IEA			istA	-	Integrase core domain	-	-	-	-	-	HTH_38,rve
NCS66_RS13865	IS21-like element helper ATPase IstB	WP_250480784.1	ATP binding|0005524||IEA			istB	-	PFAM IstB domain protein ATP-binding protein	-	-	-	-	-	IstB_IS21
NCS66_RS13875	pentapeptide repeat-containing protein	WP_250480785.1					-	protein homooligomerization	-	-	-	-	-	His_kinase,Pentapeptide,Pentapeptide_4,SopA_C
NCS66_RS34340	Rap1a/Tai family immunity protein	WP_350029967.1					-	-	-	-	-	-	-	-
NCS66_RS13890	translesion DNA synthesis-associated protein ImuA	WP_250480786.1		negative regulation of cell division|0051782||IEA		imuA	-	Component of the SOS system and an inhibitor of cell division. Accumulation of SulA causes rapid cessation of cell division and the appearance of long, non-septate filaments. In the presence of GTP, binds a polymerization-competent form of FtsZ in a 1 1 ratio, thus inhibiting FtsZ polymerization and therefore preventing it from participating in the assembly of the Z ring. This mechanism prevents the premature segregation of damaged DNA to daughter cells during cell division	ko:K14160	-	ko00000,ko03400	-	-	-
NCS66_RS13895	hypothetical protein	WP_250480787.1					-	-	-	-	-	-	-	-
NCS66_RS13900	hypothetical protein	WP_250480788.1					-	-	-	-	-	-	-	-
NCS66_RS13905	SOS response-associated peptidase family protein	WP_250480789.1	single-stranded DNA binding|0003697||IEA	DNA damage response|0006974||IEA			-	Belongs to the SOS response-associated peptidase family	-	-	-	-	-	SRAP
NCS66_RS34190	hypothetical protein	WP_284508039.1					-	-	-	-	-	-	-	-
NCS66_RS13910	DUF4148 domain-containing protein	WP_250480790.1					-	Domain of unknown function (DUF4148)	-	-	-	-	-	DUF4148
NCS66_RS34195	hypothetical protein	WP_284508040.1					-	Lipase (class 3)	-	-	-	-	-	Lipase_3
NCS66_RS34350	H-NS family nucleoid-associated regulatory protein	WP_350029969.1	structural constituent of chromatin|0030527||IEA	regulation of DNA-templated transcription|0006355||IEA			-	Histone family protein nucleoid-structuring protein H-NS	ko:K03746	-	ko00000,ko03036,ko03400	-	-	Histone_HNS
NCS66_RS13935	tyrosine-type recombinase/integrase	WP_250480792.1	DNA binding|0003677||IEA	DNA integration|0015074||IEA			-	Belongs to the 'phage' integrase family	-	-	-	-	-	Phage_integrase
NCS66_RS13940	hypothetical protein	WP_250480793.1					-	-	-	-	-	-	-	-
NCS66_RS13945	helix-turn-helix domain-containing protein	WP_250480794.1					-	Transposase and inactivated derivatives	-	-	-	-	-	HTH_28,rve
NCS66_RS13950	ATP-binding protein	WP_250480795.1	ATP binding|0005524||IEA				-	AAA domain	-	-	-	-	-	AAA_22
NCS66_RS13955	hypothetical protein	WP_250480796.1					-	-	-	-	-	-	-	-
NCS66_RS13965	GNAT family N-acetyltransferase	WP_241484883.1	N-acetyltransferase activity|0008080||IEA				-	FR47-like protein	-	-	-	-	-	Acetyltransf_1
NCS66_RS13970	GlxA family transcriptional regulator	WP_008354155.1	DNA-binding transcription factor activity|0003700||IEA				-	helix-turn-helix- domain containing protein, AraC type	ko:K21826	-	ko00000,ko03000	-	-	DJ-1_PfpI,HTH_18
NCS66_RS13975	dipeptidase	WP_008354153.1	metallodipeptidase activity|0070573||IEA	proteolysis|0006508||IEA			-	Peptidase M19	ko:K01273	-	ko00000,ko00537,ko01000,ko01002,ko04147	-	-	Peptidase_M19
NCS66_RS13980	DUF5943 domain-containing protein	WP_008354152.1					-	PFAM 4-vinyl reductase, 4VR	-	-	-	-	-	V4R
NCS66_RS13985	NADH:flavin oxidoreductase	WP_008354151.1					-	Nadh flavin oxidoreductase nadh oxidase	ko:K00317,ko:K21833	-	ko00000,ko00001,ko01000	-	-	Oxidored_FMN,Pyr_redox_2
NCS66_RS13990	(Fe-S)-binding protein	WP_008354150.1					-	Domain of unknown function (DUF3483)	ko:K21834	-	ko00000	-	-	CCG,DUF3483,Fer4_8
NCS66_RS13995	electron transfer flavoprotein subunit alpha/FixB family protein	WP_008354149.1	flavin adenine dinucleotide binding|0050660||IEA				-	Electron transfer flavoprotein	ko:K03522	-	ko00000,ko04147	-	-	ETF,ETF_alpha
NCS66_RS14000	drug:proton antiporter	WP_008354148.1					-	Electron transfer flavoprotein	ko:K03521	-	ko00000	-	-	ETF
NCS66_RS14005	aromatic ring-hydroxylating dioxygenase subunit alpha	WP_008354146.1					-	PFAM Rieske 2Fe-2S	ko:K00479	-	ko00000	-	-	Rieske,Ring_hydroxyl_A
NCS66_RS14010	hybrid-cluster NAD(P)-dependent oxidoreductase	WP_250480799.1					-	oxidoreductase FAD NAD(P)-binding domain protein	ko:K11933,ko:K21832	-	ko00000,ko01000	-	-	FAD_binding_6,Fer2,NAD_binding_1
NCS66_RS14030	choline-sulfatase	WP_008354141.1	sulfuric ester hydrolase activity|0008484||IEA			betC	-	Pfam Sulfatase	ko:K01133	-	ko00000,ko01000	-	-	Choline_sulf_C,DUF4976,Sulfatase
NCS66_RS14040	hypothetical protein	WP_008354138.1					-	galactosyl transferase GMA12/MNN10 family	-	-	-	-	-	Glyco_transf_34
NCS66_RS14050	GlxA family transcriptional regulator	WP_008354136.1	DNA-binding transcription factor activity|0003700||IEA				-	PFAM helix-turn-helix- domain containing protein AraC type	ko:K17736	-	ko00000,ko03000	-	-	DJ-1_PfpI,HTH_18
NCS66_RS14065	3-keto-5-aminohexanoate cleavage protein	WP_008354133.1					-	beta-keto acid cleavage enzyme	-	-	-	-	-	BKACE
NCS66_RS14070	L-carnitine dehydrogenase	WP_008354131.1	NAD+ binding|0070403||IEA	fatty acid metabolic process|0006631||IEA			-	Catalyzes the NAD( )-dependent oxidation of L-carnitine to 3-dehydrocarnitine	ko:K17735	-	ko00000,ko01000	-	-	3HCDH,3HCDH_N
NCS66_RS14075	thioesterase family protein	WP_008354130.1					-	Thioesterase-like superfamily	ko:K07107	-	ko00000,ko01000	-	-	4HBT_2
NCS66_RS14085	DUF1214 domain-containing protein	WP_008354128.1					-	Protein of unknown function (DUF1254)	-	-	-	-	-	DUF1214,DUF1254
NCS66_RS14090	DUF748 domain-containing protein	WP_034473136.1					-	AsmA family	-	-	-	-	-	DUF748
NCS66_RS14095	DUF29 domain-containing protein	WP_033536680.1					-	Evidence 4 Homologs of previously reported genes of	-	-	-	-	-	DUF29
NCS66_RS14115	LysR substrate-binding domain-containing protein	WP_034473137.1					-	LysR substrate binding domain	ko:K03566	-	ko00000,ko00001,ko03000	-	-	HTH_1,LysR_substrate
NCS66_RS14120	sensor histidine kinase	WP_008354120.1					-	Histidine kinase	ko:K07649	M00457	ko00000,ko00001,ko00002,ko01000,ko01001,ko02022	-	-	2CSK_N,HATPase_c,HisKA
NCS66_RS14135	hypothetical protein	WP_051079078.1					-	-	-	-	-	-	-	-
NCS66_RS14150	MarR family winged helix-turn-helix transcriptional regulator	WP_033536665.1	DNA-binding transcription factor activity|0003700||IEA	regulation of DNA-templated transcription|0006355||IEA			-	PFAM regulatory protein, MarR	-	-	-	-	-	MarR,MarR_2
NCS66_RS14155	SDR family oxidoreductase	WP_033536683.1					-	Belongs to the short-chain dehydrogenases reductases (SDR) family	-	-	-	-	-	adh_short
NCS66_RS14165	YciI family protein	WP_008354111.1					-	PFAM DGPFAETKE family protein	-	-	-	-	-	YCII
NCS66_RS14190	sugar phosphate isomerase/epimerase	WP_008354106.1	isomerase activity|0016853||IEA				-	AP endonuclease 2 domain protein	-	-	-	-	-	AP_endonuc_2,AP_endonuc_2_N
NCS66_RS14195	Gfo/Idh/MocA family oxidoreductase	WP_008354104.1	oxidoreductase activity, acting on NAD(P)H|0016651||IEA				-	PFAM oxidoreductase domain protein	-	-	-	-	-	GFO_IDH_MocA,GFO_IDH_MocA_C
NCS66_RS14205	hypothetical protein	WP_033536684.1					-	-	-	-	-	-	-	-
NCS66_RS14225	thioredoxin family protein	WP_008354098.1					-	Thioredoxin	ko:K03671	-	ko00000,ko00001,ko03110	-	-	Thioredoxin
NCS66_RS14230	FadR/GntR family transcriptional regulator	WP_008354096.1	DNA-binding transcription factor activity|0003700||IEA				-	Transcriptional regulator	-	-	-	-	-	FCD,GntR
NCS66_RS14255	D-erythronate dehydrogenase	WP_008354091.1	oxidoreductase activity|0016491||IEA	carbohydrate metabolic process|0005975||IEA		denD	-	Nad-dependent epimerase dehydratase	ko:K22025	-	ko00000,ko01000	-	-	Epimerase
NCS66_RS14265	FAD-dependent oxidoreductase	WP_250480798.1	oxidoreductase activity|0016491||IEA				-	FAD-dependent pyridine nucleotide-disulphide oxidoreductase	ko:K00384	-	ko00000,ko00001,ko01000	-	-	Pyr_redox_2,cNMP_binding
NCS66_RS14270	cysteine hydrolase	WP_008354087.1					-	In vivo, quickly hydrolyzes the ureidoacrylate peracid to avoid toxicity, but can also hydrolyzes ureidoacrylate that is formed spontaneously from ureidoacrylate peracid. One of the products of hydrolysis, carbamate, hydrolyzes spontaneously, thereby releasing one of the pyrimidine rings nitrogen atoms as ammonia and one of its carbons as CO2	-	-	-	-	-	Isochorismatase
NCS66_RS14275	DUF2877 domain-containing protein	WP_008354086.1					-	Protein of unknown function (DUF2877)	-	-	-	-	-	DUF2877
NCS66_RS14295	hypothetical protein	WP_008354082.1					-	Allophanate hydrolase	-	-	-	-	-	-
NCS66_RS14300	cytosine permease	WP_008354081.1					-	Permease for cytosine/purines, uracil, thiamine, allantoin	-	-	-	-	-	Transp_cyt_pur
NCS66_RS14305	LysR substrate-binding domain-containing protein	WP_008354080.1					-	LysR substrate binding domain	ko:K10972	-	ko00000,ko03000	-	-	HTH_1,LysR_substrate
NCS66_RS14310	heavy metal sensor histidine kinase	WP_008354078.1	transferase activity, transferring phosphorus-containing groups|0016772||IEA	phosphorylation|0016310||IEA	membrane|0016020||IEA		-	Member of a two-component regulatory system	ko:K07644	M00452,M00745	ko00000,ko00001,ko00002,ko01000,ko01001,ko01504,ko02022	-	-	HAMP,HATPase_c,HisKA
NCS66_RS14320	cytochrome b/b6 domain-containing protein	WP_144403642.1	electron transfer activity|0009055||IEA		membrane|0016020||IEA		-	cytochrome	-	-	-	-	-	Ni_hydr_CYTB
NCS66_RS14325	molybdopterin-dependent oxidoreductase	WP_008354075.1					-	Oxidoreductase molybdopterin binding	-	-	-	-	-	Oxidored_molyb
NCS66_RS14330	hypothetical protein	WP_008354074.1					-	-	-	-	-	-	-	-
NCS66_RS14335	MarR family transcriptional regulator	WP_008354073.1	DNA-binding transcription factor activity|0003700||IEA	regulation of DNA-templated transcription|0006355||IEA			-	helix_turn_helix multiple antibiotic resistance protein	-	-	-	-	-	MarR,MarR_2
NCS66_RS34355	NAD(P)-dependent oxidoreductase	WP_008354070.1					-	Dehydrogenase	-	-	-	-	-	DUF1932,F420_oxidored,NAD_binding_2
NCS66_RS14350	PLP-dependent aminotransferase family protein	WP_008354069.1	pyridoxal phosphate binding|0030170||IEA				-	aminotransferase class I and II	-	-	-	-	-	Aminotran_1_2,GntR
NCS66_RS14355	DUF2917 domain-containing protein	WP_008354068.1					-	Protein of unknown function (DUF2917)	-	-	-	-	-	DUF2917
NCS66_RS14370	hypothetical protein	WP_008354065.1					-	signal peptide protein	-	-	-	-	-	-
NCS66_RS14375	citrate/2-methylcitrate synthase	WP_284507670.1	acyltransferase activity, acyl groups converted into alkyl on transfer|0046912||IEA	tricarboxylic acid cycle|0006099||IEA			-	Belongs to the citrate synthase family	ko:K01659	-	ko00000,ko00001,ko01000	-	-	Citrate_synt
NCS66_RS14395	GntR family transcriptional regulator	WP_033536962.1	DNA-binding transcription factor activity|0003700||IEA				-	GntR family	ko:K03710	-	ko00000,ko03000	-	-	GntR,UTRA
NCS66_RS14410	succinate dehydrogenase assembly factor 2	WP_008354055.1					-	Flavinator of succinate dehydrogenase	ko:K09159	-	ko00000,ko02048	-	-	Sdh5
NCS66_RS14420	type II toxin-antitoxin system PemK/MazF family toxin	WP_008354052.1	RNA endonuclease activity|0004521||IEA				-	of a toxin-antitoxin	ko:K07171	-	ko00000,ko01000,ko02048	-	-	PemK_toxin
NCS66_RS14425	AbrB/MazE/SpoVT family DNA-binding domain-containing protein	WP_008354051.1	DNA binding|0003677||IEA				-	antitoxin	ko:K07172	-	ko00000,ko02048	-	-	MazE_antitoxin
NCS66_RS14450	FimV/HubP family polar landmark protein	WP_008354046.1					-	pilus assembly protein FimV	ko:K08086	-	ko00000	-	-	LysM
NCS66_RS14470	site-specific DNA-methyltransferase	WP_008354042.1	N-methyltransferase activity|0008170||IEA	DNA restriction-modification system|0009307||IEA			-	Belongs to the N(4) N(6)-methyltransferase family	ko:K00571	-	ko00000,ko01000,ko02048	-	-	N6_N4_Mtase
NCS66_RS14490	SPOR domain-containing protein	WP_008354037.1	peptidoglycan binding|0042834||IEA				-	PFAM Sporulation domain protein	ko:K03749	-	ko00000	-	-	SPOR
NCS66_RS14495	CvpA family protein	WP_008354036.1					-	colicin V production protein	ko:K03558	-	ko00000	-	-	Colicin_V
NCS66_RS14510	AraC family transcriptional regulator	WP_008354032.1	sequence-specific DNA binding|0043565||IEA	regulation of DNA-templated transcription|0006355||IEA			-	PFAM helix-turn-helix- domain containing protein AraC type	-	-	-	-	-	AraC_binding_2,Cupin_2,HTH_18
NCS66_RS14515	FKBP-type peptidyl-prolyl cis-trans isomerase	WP_008354031.1	peptidyl-prolyl cis-trans isomerase activity|0003755||IEA				-	peptidyl-prolyl cis-trans isomerase	ko:K01802,ko:K03772	-	ko00000,ko01000,ko03110	-	-	FKBP_C
NCS66_RS14520	hypothetical protein	WP_008354030.1					-	-	-	-	-	-	-	-
NCS66_RS14530	polysaccharide biosynthesis tyrosine autokinase	WP_008354028.1		extracellular polysaccharide biosynthetic process|0045226||IEA			-	PFAM lipopolysaccharide biosynthesis	ko:K08252,ko:K16692	-	ko00000,ko01000,ko01001	-	-	AAA_31,CBP_BcsQ,CbiA,GNVR,ParA,Wzz
NCS66_RS14535	glycosyl hydrolase	WP_008354027.1	hydrolase activity, acting on glycosyl bonds|0016798||IEA				-	Glycosyl hydrolase catalytic core	-	-	-	-	-	Glyco_hydro_cc
NCS66_RS14540	glycosyltransferase family 1 protein	WP_008354026.1	glycosyltransferase activity|0016757||IEA				-	glycosyl transferase group 1	-	-	-	-	-	Glyco_transf_4,Glycos_transf_1
NCS66_RS14545	glycosyltransferase	WP_085955345.1	glycosyltransferase activity|0016757||IEA				-	PFAM glycosyl transferase group 1	-	-	-	-	-	Glyco_trans_1_4,Glyco_transf_4,Glycos_transf_1
NCS66_RS14560	HAMP domain-containing sensor histidine kinase	WP_008354021.1	ATP binding|0005524||IEA	signal transduction|0007165||IEA			-	Histidine kinase	-	-	-	-	-	HisKA
NCS66_RS14565	hemolysin family protein	WP_008354020.1			membrane|0016020||IEA		-	CBS domain containing protein	-	-	-	-	-	CBS,CorC_HlyC,DUF21
NCS66_RS14570	malto-oligosyltrehalose synthase	WP_008354019.1	(1,4)-alpha-D-glucan 1-alpha-D-glucosylmutase activity|0047470||IEA	trehalose biosynthetic process|0005992||IEA		treY	-	PFAM alpha amylase, catalytic region	ko:K06044	M00565	ko00000,ko00001,ko00002,ko01000	-	GH13	Alpha-amylase
NCS66_RS14575	4-alpha-glucanotransferase	WP_008354018.1	4-alpha-glucanotransferase activity|0004134||IEA	glycogen catabolic process|0005980||IEA		malQ	-	4-alpha-glucanotransferase	ko:K00705	-	ko00000,ko00001,ko01000	-	GH77	Glyco_hydro_77
NCS66_RS14580	malto-oligosyltrehalose trehalohydrolase	WP_008354017.1	4-alpha-D-(1->4)-alpha-D-glucanotrehalose trehalohydrolase activity|0033942||IEA	trehalose biosynthetic process|0005992||IEA		treZ	-	trehalohydrolase	ko:K01236	M00565	ko00000,ko00001,ko00002,ko01000	-	CBM48,GH13	Alpha-amylase,CBM_48,DUF3459
NCS66_RS14600	maltotransferase domain-containing protein	WP_250480801.1	hydrolase activity, hydrolyzing O-glycosyl compounds|0004553||IEA				-	Maltosyltransferase that uses maltose 1-phosphate (M1P) as the sugar donor to elongate linear or branched alpha-(1- 4)- glucans. Is involved in a branched alpha-glucan biosynthetic pathway from trehalose, together with TreS, Mak and GlgB	ko:K16147	-	ko00000,ko00001,ko01000	-	GH13	Alpha-amylase,DUF3416
NCS66_RS14610	DUF1345 domain-containing protein	WP_008354009.1					-	Protein of unknown function (DUF1345)	-	-	-	-	-	DUF1345
NCS66_RS14615	sugar dehydrogenase complex small subunit	WP_008354007.1					-	Membrane bound FAD containing D-sorbitol dehydrogenase	-	-	-	-	-	FAD-SLDH
NCS66_RS14620	GMC family oxidoreductase	WP_008354005.1	oxidoreductase activity|0016491||IEA				-	glucose-methanol-choline oxidoreductase	-	-	-	-	-	DAO,FAD_binding_2,GMC_oxred_C,GMC_oxred_N
NCS66_RS14625	cytochrome c	WP_008354004.1	heme binding|0020037||IEA				-	PFAM cytochrome c, class I	-	-	-	-	-	Cytochrom_C,Cytochrome_CBB3
NCS66_RS14630	metallophosphoesterase	WP_081851854.1	hydrolase activity|0016787||IEA				-	PFAM metallophosphoesterase	ko:K07313	-	ko00000,ko01000	-	-	Metallophos
NCS66_RS14635	DNA topoisomerase IB	WP_235366206.1					-	DNA Topoisomerase	ko:K03168	-	ko00000,ko01000,ko03032,ko03400	-	-	Topoisom_I
NCS66_RS14640	RES family NAD+ phosphorylase	WP_008354001.1					-	RES	-	-	-	-	-	RES
NCS66_RS14645	MbcA/ParS/Xre antitoxin family protein	WP_008353999.1					-	Protein of unknown function (DUF2384)	-	-	-	-	-	DUF2384
NCS66_RS14650	DUF2866 domain-containing protein	WP_008353997.1					-	Protein of unknown function (DUF2866)	-	-	-	-	-	DUF2866
NCS66_RS14655	hypothetical protein	WP_008353996.1					-	-	-	-	-	-	-	-
NCS66_RS14660	hypothetical protein	WP_008353995.1					-	-	-	-	-	-	-	-
NCS66_RS14665	DUF3309 family protein	WP_008353994.1					-	Protein of unknown function (DUF3309)	-	-	-	-	-	DUF3309
NCS66_RS14675	CHAD domain-containing protein	WP_008353990.1					-	PFAM CHAD domain containing protein	-	-	-	-	-	CHAD
NCS66_RS14685	phosphatase PAP2 family protein	WP_033536080.1					-	PAP2 superfamily	-	-	-	-	-	PAP2
NCS66_RS14690	PHB depolymerase family esterase	WP_008353987.1	hydrolase activity|0016787||IEA				-	Esterase PHB depolymerase	ko:K05973	-	ko00000,ko00001,ko01000	-	-	Esterase_phd
NCS66_RS14695	DUF3563 family protein	WP_008353986.1					-	Protein of unknown function (DUF3563)	-	-	-	-	-	DUF3563
NCS66_RS14700	organic hydroperoxide resistance protein	WP_008353984.1					-	OsmC-like protein	-	-	-	-	-	OsmC
NCS66_RS14705	MarR family transcriptional regulator	WP_033536081.1	DNA-binding transcription factor activity|0003700||IEA				-	Transcriptional regulator	-	-	-	-	-	MarR
NCS66_RS14710	BPSS1780 family membrane protein	WP_008353981.1					-	-	-	-	-	-	-	-
NCS66_RS14720	hypothetical protein	WP_008353979.1					-	-	-	-	-	-	-	-
NCS66_RS14750	sulfurtransferase	WP_008353971.1	sulfurtransferase activity|0016783||IEA				-	Sulfurtransferase	ko:K01011	-	ko00000,ko00001,ko01000	-	-	Rhodanese
NCS66_RS14755	aromatic ring-hydroxylating dioxygenase subunit alpha	WP_008353970.1	2 iron, 2 sulfur cluster binding|0051537||IEA				-	rieske 2fe-2s	ko:K00499	-	ko00000,ko00001,ko01000	-	-	Rieske,Ring_hydroxyl_A
NCS66_RS14760	exodeoxyribonuclease VII small subunit	WP_008353969.1	exodeoxyribonuclease VII activity|0008855||IEA	DNA catabolic process|0006308||IEA	exodeoxyribonuclease VII complex|0009318||IEA		-	Bidirectionally degrades single-stranded DNA into large acid-insoluble oligonucleotides, which are then degraded further into small acid-soluble oligonucleotides	ko:K03602	-	ko00000,ko00001,ko01000,ko03400	-	-	Exonuc_VII_S
NCS66_RS14780	LysR substrate-binding domain-containing protein	WP_008353965.1					-	Transcriptional regulator	-	-	-	-	-	HTH_1,LysR_substrate
NCS66_RS14785	MFS transporter	WP_008353964.1	transmembrane transporter activity|0022857||IEA	transmembrane transport|0055085||IEA			-	PFAM major facilitator superfamily MFS_1	-	-	-	-	-	MFS_1
NCS66_RS14805	GatB/YqeY domain-containing protein	WP_008353959.1					-	Yqey-like protein	ko:K09117	-	ko00000	-	-	YqeY
NCS66_RS14810	DNA primase	WP_008353957.1	DNA primase activity|0003896||IEA	DNA replication, synthesis of primer|0006269||IEA		dnaG	-	RNA polymerase that catalyzes the synthesis of short RNA molecules used as primers for DNA polymerase during DNA replication	ko:K02316	-	ko00000,ko00001,ko01000,ko03032	-	-	DnaB_bind,DnaG_DnaB_bind,Toprim_2,Toprim_4,Toprim_N,zf-CHC2
NCS66_RS14825	hypothetical protein	WP_008353954.1					-	Hypothethical protein	-	-	-	-	-	-
NCS66_RS14830	amidohydrolase family protein	WP_008353953.1	hydrolase activity|0016787||IEA				-	amidohydrolase 2	-	-	-	-	-	Amidohydro_2
NCS66_RS14840	CaiB/BaiF CoA-transferase family protein	WP_008353951.1					-	L-carnitine dehydratase bile acid-inducible protein F	-	-	-	-	-	CoA_transf_3
NCS66_RS14850	IclR family transcriptional regulator	WP_008353949.1	DNA-binding transcription factor activity|0003700||IEA	regulation of DNA-templated transcription|0006355||IEA			-	transcriptional regulator, IclR	-	-	-	-	-	HTH_IclR,IclR
NCS66_RS14855	sugar phosphate isomerase/epimerase family protein	WP_008353948.1	catalytic activity|0003824||IEA				-	Xylose isomerase-like TIM barrel	-	-	-	-	-	AP_endonuc_2
NCS66_RS14880	MaoC/PaaZ C-terminal domain-containing protein	WP_008353941.1					-	MaoC like domain	-	-	-	-	-	MaoC_dehydratas
NCS66_RS14890	enoyl-CoA hydratase/isomerase family protein	WP_008353939.1	catalytic activity|0003824||IEA				-	Enoyl-CoA hydratase/isomerase	-	-	-	-	-	ECH_1
NCS66_RS14895	3-ketoacyl-ACP reductase	WP_008353938.1	oxidoreductase activity|0016491||IEA				-	Enoyl-(Acyl carrier protein) reductase	-	-	-	-	-	adh_short_C2
NCS66_RS14910	TRAP transporter substrate-binding protein	WP_008353932.1					-	)transporter	-	-	-	-	-	DctP
NCS66_RS14915	LacI family DNA-binding transcriptional regulator	WP_008353929.1					-	helix_turn _helix lactose operon repressor	ko:K02529	-	ko00000,ko03000	-	-	LacI,Peripla_BP_3
NCS66_RS14925	Gfo/Idh/MocA family oxidoreductase	WP_008353927.1	oxidoreductase activity, acting on NAD(P)H|0016651||IEA				-	Oxidoreductase family, C-terminal alpha/beta domain	ko:K13020	-	ko00000,ko00001,ko01000,ko01005	-	-	GFO_IDH_MocA,GFO_IDH_MocA_C
NCS66_RS14930	TetR/AcrR family transcriptional regulator	WP_033536083.1	DNA-binding transcription factor activity|0003700||IEA	regulation of DNA-templated transcription|0006355||IEA			-	Bacterial regulatory proteins, tetR family	-	-	-	-	-	TetR_N
NCS66_RS14955	dihydrodipicolinate synthase family protein	WP_008353921.1					-	Protein of unknown function (DUF993)	-	-	-	-	-	DUF993
NCS66_RS14960	MaoC/PaaZ C-terminal domain-containing protein	WP_235366203.1					-	MaoC like domain	-	-	-	-	-	MaoC_dehydratas
NCS66_RS14970	glycoside hydrolase family 19 protein	WP_174447723.1					-	chitinase	-	-	-	-	-	Glyco_hydro_19
NCS66_RS14975	hypothetical protein	WP_250480803.1					-	-	-	-	-	-	-	-
NCS66_RS14980	PAAR domain-containing protein	WP_075583508.1					-	PFAM PAAR repeat-containing protein	-	-	-	-	-	PAAR_motif
NCS66_RS14985	hypothetical protein	WP_034471901.1					-	-	-	-	-	-	-	-
NCS66_RS15020	M23 family metallopeptidase	WP_244808187.1	metal ion binding|0046872||IEA	proteolysis|0006508||IEA			-	Peptidase M23	ko:K08259	-	ko00000,ko01000,ko01002,ko01011	-	-	Peptidase_M23
NCS66_RS15030	hypothetical protein	WP_008353905.1					-	-	-	-	-	-	-	-
NCS66_RS15035	LysR family transcriptional regulator	WP_033536098.1					-	Transcriptional regulator	ko:K21703	-	ko00000,ko03000	-	-	HTH_1,LysR_substrate
NCS66_RS15050	LysR family transcriptional regulator	WP_008353902.1	DNA-binding transcription factor activity|0003700||IEA	regulation of DNA-templated transcription|0006355||IEA			-	LysR substrate binding domain	-	-	-	-	-	HTH_1,LysR_substrate
NCS66_RS15060	hypothetical protein	WP_051079075.1					-	-	-	-	-	-	-	-
NCS66_RS15065	GntR family transcriptional regulator	WP_008353900.1	DNA-binding transcription factor activity|0003700||IEA				-	Transcriptional regulator	-	-	-	-	-	FCD,GntR
NCS66_RS15095	fumarylacetoacetate hydrolase family protein	WP_008353893.1					-	fumarylacetoacetate (FAA) hydrolase	-	-	-	-	-	DUF2437,FAA_hydrolase
NCS66_RS15100	hypothetical protein	WP_008353891.1					-	-	-	-	-	-	-	-
NCS66_RS15105	CsbD family protein	WP_008353889.1					-	Belongs to the UPF0337 (CsbD) family	-	-	-	-	-	CsbD
NCS66_RS15110	response regulator	WP_008353888.1	phosphorelay response regulator activity|0000156||IEA	phosphorelay signal transduction system|0000160||IEA			-	cheY-homologous receiver domain	-	-	-	-	-	Response_reg
NCS66_RS15115	ATPase domain-containing protein	WP_008353887.1					-	KaiC	ko:K08482	-	ko00000	-	-	ATPase
NCS66_RS15120	hypothetical protein	WP_144403652.1					-	-	-	-	-	-	-	-
NCS66_RS15125	DUF2968 domain-containing protein	WP_008353885.1					-	Protein of unknown function (DUF2968)	-	-	-	-	-	DUF2968
NCS66_RS15130	OmpA family protein	WP_160297400.1	peptidoglycan binding|0042834||IEA				-	Belongs to the ompA family	-	-	-	-	-	OmpA
NCS66_RS15135	methylated-DNA--[protein]-cysteine S-methyltransferase	WP_008353883.1	methylated-DNA-[protein]-cysteine S-methyltransferase activity|0003908||IEA				-	Involved in the cellular defense against the biological effects of O6-methylguanine (O6-MeG) and O4-methylthymine (O4-MeT) in DNA. Repairs the methylated nucleobase in DNA by stoichiometrically transferring the methyl group to a cysteine residue in the enzyme. This is a suicide reaction the enzyme is irreversibly inactivated	ko:K00567	-	ko00000,ko01000,ko03400	-	-	DNA_binding_1,Methyltransf_1N
NCS66_RS15140	hypothetical protein	WP_033536088.1					-	-	-	-	-	-	-	-
NCS66_RS15145	DNA/RNA non-specific endonuclease	WP_008353873.1	metal ion binding|0046872||IEA				-	DNA RNA non-specific endonuclease	ko:K01173	-	ko00000,ko00001,ko03029	-	-	Endonuclease_NS
NCS66_RS15165	DUF2891 domain-containing protein	WP_034471904.1					-	Protein of unknown function (DUF2891)	-	-	-	-	-	DUF2891
NCS66_RS15175	hypothetical protein	WP_033536103.1					-	-	-	-	-	-	-	-
NCS66_RS15180	hypothetical protein	WP_008353861.1					-	-	-	-	-	-	-	-
NCS66_RS15185	AraC family transcriptional regulator	WP_176569431.1	DNA-binding transcription factor activity|0003700||IEA				-	Transcriptional regulator	-	-	-	-	-	Arabinose_bd,HTH_18
NCS66_RS15190	acyl-CoA dehydrogenase family protein	WP_033536104.1	oxidoreductase activity, acting on the CH-CH group of donors|0016627||IEA				-	acyl-CoA dehydrogenase	-	-	-	-	-	Acyl-CoA_dh_1,Acyl-CoA_dh_M,Acyl-CoA_dh_N
NCS66_RS15200	enoyl-CoA hydratase/isomerase family protein	WP_008353856.1					-	enoyl-CoA hydratase	-	-	-	-	-	ECH_2
NCS66_RS15205	hypothetical protein	WP_008353855.1					-	-	-	-	-	-	-	-
NCS66_RS15210	DUF6572 domain-containing protein	WP_008353854.1					-	-	-	-	-	-	-	-
NCS66_RS15220	PQQ-binding-like beta-propeller repeat protein	WP_008353852.1					-	PQQ enzyme repeat	-	-	-	-	-	PQQ,PQQ_2,PQQ_3
NCS66_RS15225	c-type cytochrome	WP_008353851.1	heme binding|0020037||IEA				-	Cytochrome C oxidase, cbb3-type, subunit III	-	-	-	-	-	Cytochrom_C,Cytochrome_CBB3
NCS66_RS15230	ankyrin repeat domain-containing protein	WP_008353849.1	protein binding|0005515||IEA				-	Ankyrin repeats (3 copies)	ko:K06867,ko:K21440	-	ko00000,ko04131	-	-	Ank_2,Ank_4,Ank_5
NCS66_RS15240	alpha/beta hydrolase	WP_008353846.1	hydrolase activity|0016787||IEA				-	alpha/beta hydrolase fold	-	-	-	-	-	Abhydrolase_1,Abhydrolase_6
NCS66_RS15255	2,4'-dihydroxyacetophenone dioxygenase family protein	WP_008353843.1					-	ChrR Cupin-like domain	-	-	-	-	-	Cupin_7
NCS66_RS15280	patatin-like phospholipase family protein	WP_008353836.1					-	hydrolase	ko:K07001	-	ko00000	-	-	Patatin
NCS66_RS15285	metallophosphoesterase	WP_250480805.1					-	PFAM metallophosphoesterase	ko:K07098	-	ko00000	-	-	Metallophos
NCS66_RS15290	hypothetical protein	WP_008353834.1					-	-	-	-	-	-	-	-
NCS66_RS15305	PLP-dependent aminotransferase family protein	WP_008353827.1	pyridoxal phosphate binding|0030170||IEA				-	aminotransferase class I and II	ko:K00375	-	ko00000,ko03000	-	-	Aminotran_1_2,GntR
NCS66_RS15315	methyl-accepting chemotaxis protein	WP_034474397.1		signal transduction|0007165||IEA	membrane|0016020||IEA		-	Cache type 2 domain protein	ko:K03406	-	ko00000,ko00001,ko02035	-	-	HAMP,MCPsignal,TarH,dCache_2,sCache_2
NCS66_RS15320	hypothetical protein	WP_162483418.1					-	-	-	-	-	-	-	-
NCS66_RS15325	glycosyltransferase family 9 protein	WP_008353823.1	glycosyltransferase activity|0016757||IEA				-	Glycosyltransferase family 9 (heptosyltransferase)	-	-	-	-	-	Glyco_transf_9
NCS66_RS15330	hypothetical protein	WP_008353817.1					-	-	-	-	-	-	-	-
NCS66_RS15335	UdgX family uracil-DNA binding protein	WP_008353815.1					-	PFAM Uracil-DNA glycosylase superfamily	ko:K21929	-	ko00000,ko00001,ko01000,ko03400	-	-	DUF4130,UDG
NCS66_RS15340	glycosyltransferase	WP_008353814.1					-	glycosyl transferase	-	-	-	-	-	Glycos_transf_2
NCS66_RS15365	isochorismatase family protein	WP_008353809.1					-	Isochorismatase family	-	-	-	-	-	Isochorismatase
NCS66_RS15370	inositol monophosphatase	WP_250480806.1					-	-	-	-	-	-	-	-
NCS66_RS15375	GFA family protein	WP_008353807.1	metal ion binding|0046872||IEA				-	PFAM glutathione-dependent formaldehyde-activating GFA	-	-	-	-	-	GFA
NCS66_RS15380	DUF72 domain-containing protein	WP_008353805.1					-	Protein of unknown function DUF72	-	-	-	-	-	DUF72
NCS66_RS15385	S53 family peptidase	WP_008353804.1	serine-type peptidase activity|0008236||IEA	proteolysis|0006508||IEA			-	peptidase S8 and S53, subtilisin, kexin, sedolisin	ko:K08677	-	ko00000,ko01002	-	-	Peptidase_S8,Pro-kuma_activ
NCS66_RS15390	peptidase S1	WP_033536950.1					-	PFAM peptidase S10 serine carboxypeptidase	-	-	-	-	-	Peptidase_S10
NCS66_RS15400	transporter substrate-binding domain-containing protein	WP_235366170.1					-	Histidine kinase	ko:K07677	M00474	ko00000,ko00001,ko00002,ko01000,ko01001,ko02022	-	-	HATPase_c,HisKA,Hpt,Response_reg,SBP_bac_3
NCS66_RS15405	hypothetical protein	WP_008353800.1					-	-	-	-	-	-	-	-
NCS66_RS15410	hypothetical protein	WP_008353799.1					-	-	-	-	-	-	-	-
NCS66_RS15415	L,D-transpeptidase	WP_008353798.1					-	ErfK ybiS ycfS ynhG family protein	-	-	-	-	-	-
NCS66_RS15420	DMT family transporter	WP_008353796.1	transporter activity|0005215||IEA	transmembrane transport|0055085||IEA			-	EamA-like transporter family	-	-	-	-	-	EamA
NCS66_RS15425	hypothetical protein	WP_008353795.1					-	rubredoxin	-	-	-	-	-	-
NCS66_RS15430	DeoR/GlpR family DNA-binding transcription regulator	WP_008353794.1	DNA-binding transcription factor activity|0003700||IEA				-	PFAM regulatory protein DeoR	ko:K02444	-	ko00000,ko03000	-	-	DeoRC,HTH_DeoR
NCS66_RS15460	hypothetical protein	WP_008353788.1					-	-	-	-	-	-	-	-
NCS66_RS15465	DUF6232 family protein	WP_008353787.1					-	-	-	-	-	-	-	-
NCS66_RS15470	metalloregulator ArsR/SmtB family transcription factor	WP_008353786.1	DNA-binding transcription factor activity|0003700||IEA	regulation of DNA-templated transcription|0006355||IEA			-	Regulatory protein ArsR	-	-	-	-	-	HTH_20
NCS66_RS15490	porin	WP_008353780.1	porin activity|0015288||IEA		cell outer membrane|0009279||IEA		-	PFAM porin Gram-negative type	-	-	-	-	-	Porin_4
NCS66_RS15495	nuclear transport factor 2 family protein	WP_008353779.1					-	Protein involved in calmodulin-dependent protein kinase activity and protein amino acid phosphorylation	-	-	-	-	-	DUF4440
NCS66_RS15500	succinylglutamate desuccinylase/aspartoacylase family protein	WP_008353778.1					-	PFAM Succinylglutamate desuccinylase aspartoacylase	ko:K06987	-	ko00000	-	-	AstE_AspA
NCS66_RS15515	ferritin-like domain-containing protein	WP_008353775.1					-	Catalyzes the formation of the isocyclic ring in chlorophyll biosynthesis. Mediates the cyclase reaction, which results in the formation of divinylprotochlorophyllide (Pchlide) characteristic of all chlorophylls from magnesium-protoporphyrin IX 13-monomethyl ester (MgPMME)	-	-	-	-	-	-
NCS66_RS15520	TetR/AcrR family transcriptional regulator	WP_008353774.1	DNA-binding transcription factor activity|0003700||IEA	regulation of DNA-templated transcription|0006355||IEA			-	PFAM regulatory protein TetR	-	-	-	-	-	TetR_C_4,TetR_N
NCS66_RS15540	OmpA family protein	WP_167561848.1	peptidoglycan binding|0042834||IEA				-	OmpA family	-	-	-	-	-	OmpA
NCS66_RS15545	AI-2E family transporter	WP_235366235.1	efflux transmembrane transporter activity|0015562||IEA	autoinducer AI-2 transmembrane transport|1905887||IEA			-	AI-2E family transporter	-	-	-	-	-	AI-2E_transport
NCS66_RS15550	DUF2288 domain-containing protein	WP_008353766.1					-	Protein of unknown function (DUF2288)	-	-	-	-	-	DUF2288
NCS66_RS15570	response regulator	WP_235366236.1		phosphorelay signal transduction system|0000160||IEA			-	Response regulator receiver	-	-	-	-	-	Response_reg
NCS66_RS15575	lysophospholipid acyltransferase family protein	WP_008353761.1					-	Glycerol acyltransferase	ko:K00655	M00089	ko00000,ko00001,ko00002,ko01000,ko01004	-	-	Acyltransferase
NCS66_RS15580	prolyl aminopeptidase	WP_008353760.1	aminopeptidase activity|0004177||IEA	protein catabolic process|0030163||IEA	cytoplasm|0005737||IEA	pip	-	Serine aminopeptidase, S33	ko:K01259	-	ko00000,ko00001,ko01000,ko01002	-	-	Abhydrolase_1
NCS66_RS15585	EAL domain-containing protein	WP_144403698.1					-	GGDEF domain containing protein	-	-	-	-	-	EAL
NCS66_RS15590	hypothetical protein	WP_008353757.1					-	-	-	-	-	-	-	-
NCS66_RS15595	hypothetical protein	WP_250480808.1					-	-	-	-	-	-	-	-
NCS66_RS15600	EAL domain-containing protein	WP_008353755.1					-	domain protein	-	-	-	-	-	7TMR-DISM_7TM,EAL,GGDEF,HAMP,PAS,PAS_4,PAS_8,PAS_9,dCache_3
NCS66_RS15605	hypothetical protein	WP_008353754.1					-	-	-	-	-	-	-	-
NCS66_RS15610	ROK family transcriptional regulator	WP_033536339.1	DNA-binding transcription factor activity|0003700||IEA	regulation of DNA-templated transcription|0006355||IEA			-	PFAM ROK family protein	-	-	-	-	-	HTH_24,MarR_2,ROK
NCS66_RS15615	LysE family translocator	WP_008353752.1					-	PFAM Lysine exporter protein (LYSE YGGA)	-	-	-	-	-	LysE
NCS66_RS15625	urocanate hydratase	WP_008353750.1	urocanate hydratase activity|0016153||IEA	histidine catabolic process|0006548||IEA		hutU	-	Catalyzes the conversion of urocanate to 4-imidazolone- 5-propionate	ko:K01712	M00045	ko00000,ko00001,ko00002,ko01000	-	-	Urocanase,Urocanase_C,Urocanase_N
NCS66_RS15630	imidazolonepropionase	WP_008353748.1	imidazolonepropionase activity|0050480||IEA	histidine catabolic process to glutamate and formamide|0019556||IEA	cytoplasm|0005737||IEA	hutI	-	Imidazolone-5-propionate hydrolase	ko:K01468	M00045	ko00000,ko00001,ko00002,ko01000	-	-	Amidohydro_1,Amidohydro_3
NCS66_RS15635	GlsB/YeaQ/YmgE family stress response membrane protein	WP_008353746.1			membrane|0016020||IEA		-	PFAM Transglycosylase-associated protein	-	-	-	-	-	Transgly_assoc
NCS66_RS15640	hypothetical protein	WP_250480809.1					-	-	-	-	-	-	-	-
NCS66_RS15645	OmpA family protein	WP_008353744.1					-	OmpA family	-	-	-	-	-	DUF937,OmpA
NCS66_RS15650	hypothetical protein	WP_008353743.1					-	-	-	-	-	-	-	-
NCS66_RS15655	YciI-like protein	WP_008353742.1					-	YciI from Haemophilus influenzae presents crystal structure similarity to a muconolactone isomerase, but does not seem to catalyze any of the	ko:K09780	-	ko00000	-	-	YCII
NCS66_RS15670	MurR/RpiR family transcriptional regulator	WP_033536341.1	DNA-binding transcription factor activity|0003700||IEA	regulation of DNA-templated transcription|0006355||IEA			-	Transcriptional regulator	-	-	-	-	-	HTH_6,SIS
NCS66_RS15700	P1 family peptidase	WP_008353732.1					-	PFAM peptidase S58, DmpA	ko:K01266	-	ko00000,ko01000,ko01002	-	-	Peptidase_S58
NCS66_RS15710	hypothetical protein	WP_033536342.1					-	-	-	-	-	-	-	-
NCS66_RS15725	histidine ammonia-lyase	WP_008353726.1	histidine ammonia-lyase activity|0004397||IEA	histidine catabolic process|0006548||IEA	cytoplasm|0005737||IEA	hutH	-	Histidine ammonia-lyase	ko:K01745	M00045	ko00000,ko00001,ko00002,ko01000	-	-	Lyase_aromatic
NCS66_RS15730	histidine utilization repressor	WP_008353725.1	DNA-binding transcription factor activity|0003700||IEA	negative regulation of DNA-templated transcription|0045892||IEA		hutC	-	histidine utilization repressor	ko:K05836	-	ko00000,ko03000	-	-	GntR,UTRA
NCS66_RS15735	HutD family protein	WP_008353724.1					-	HutD	ko:K09975	-	ko00000	-	-	HutD
NCS66_RS15750	DUF4148 domain-containing protein	WP_033536343.1					-	Domain of unknown function (DUF4148)	-	-	-	-	-	DUF4148
NCS66_RS15790	BrnT family toxin	WP_034471857.1					-	Ribonuclease toxin, BrnT, of type II toxin-antitoxin system	ko:K09803	-	ko00000	-	-	BrnT_toxin
NCS66_RS15795	hypothetical protein	WP_008353711.1					-	BrnA antitoxin of type II toxin-antitoxin system	-	-	-	-	-	BrnA_antitoxin
NCS66_RS15815	hypothetical protein	WP_008353704.1					-	Periplasmic or secreted lipoprotein	-	-	-	-	-	BON
NCS66_RS15820	nodulation protein NfeD	WP_144403835.1					-	serine protease	ko:K07403	-	ko00000	-	-	NfeD
NCS66_RS15825	slipin family protein	WP_008353699.1					-	PFAM band 7 protein	-	-	-	-	-	Band_7
NCS66_RS15830	carboxymuconolactone decarboxylase family protein	WP_008353697.1	peroxiredoxin activity|0051920||IEA				-	Antioxidant protein with alkyl hydroperoxidase activity. Required for the reduction of the AhpC active site cysteine residues and for the regeneration of the AhpC enzyme activity	-	-	-	-	-	CMD
NCS66_RS15835	LysR family transcriptional regulator	WP_033537151.1					-	LysR family	-	-	-	-	-	HTH_1,LysR_substrate
NCS66_RS15850	efflux transporter outer membrane subunit	WP_008353693.1	porin activity|0015288||IEA	transport|0006810||IEA	cell outer membrane|0009279||IEA		-	TIGRFAM RND efflux system, outer membrane lipoprotein, NodT family	-	-	-	-	-	OEP
NCS66_RS15855	PaaI family thioesterase	WP_008353692.1	fatty acyl-CoA hydrolase activity|0047617||IEA				-	Thioesterase superfamily	-	-	-	-	-	4HBT
NCS66_RS15865	PLP-dependent aminotransferase family protein	WP_008353688.1	pyridoxal phosphate binding|0030170||IEA				-	aminotransferase class I and II	-	-	-	-	-	Aminotran_1_2,GntR
NCS66_RS15870	hypothetical protein	WP_008353687.1					-	-	-	-	-	-	-	-
NCS66_RS15875	H-NS histone family protein	WP_008353686.1					-	H-NS histone family	-	-	-	-	-	Histone_HNS
NCS66_RS15885	Hsp20/alpha crystallin family protein	WP_008353684.1					-	Belongs to the small heat shock protein (HSP20) family	-	-	-	-	-	HSP20
NCS66_RS15890	Hsp20/alpha crystallin family protein	WP_008353683.1					-	Belongs to the small heat shock protein (HSP20) family	ko:K13993	-	ko00000,ko00001,ko03110	-	-	HSP20
NCS66_RS15895	DUF2970 domain-containing protein	WP_008353682.1					-	Protein of unknown function (DUF2970)	-	-	-	-	-	DUF2970
NCS66_RS15905	MazG-like family protein	WP_008353680.1					-	MazG-like family	-	-	-	-	-	MazG-like
NCS66_RS15915	DUF4148 domain-containing protein	WP_033537146.1					-	Domain of unknown function (DUF4148)	-	-	-	-	-	DUF4148
NCS66_RS15920	M14 family zinc carboxypeptidase	WP_033537145.1	zinc ion binding|0008270||IEA	proteolysis|0006508||IEA			-	Peptidase M14 carboxypeptidase A	-	-	-	-	-	Peptidase_M14
NCS66_RS15925	alpha/beta hydrolase	WP_008353673.1	hydrolase activity|0016787||IEA				-	Alpha beta hydrolase fold	-	-	-	-	-	Abhydrolase_1,Abhydrolase_6,Hydrolase_4
NCS66_RS15930	cupin domain-containing protein	WP_033537144.1					-	Cupin domain	-	-	-	-	-	Cupin_2
NCS66_RS15935	hypothetical protein	WP_008353671.1					-	-	-	-	-	-	-	-
NCS66_RS15940	GNAT family N-acetyltransferase	WP_051079073.1	acyltransferase activity, transferring groups other than amino-acyl groups|0016747||IEA				-	Acetyltransferase (GNAT) family	-	-	-	-	-	Acetyltransf_1
NCS66_RS15945	DUF1059 domain-containing protein	WP_008353669.1					-	Protein of unknown function (DUF1059)	-	-	-	-	-	DUF1059
NCS66_RS15950	nitrile hydratase subunit alpha	WP_008353668.1	transition metal ion binding|0046914||IEA	nitrile metabolic process|0050898||IEA		nthA	-	Nitrile hydratase	ko:K01721	-	ko00000,ko00001,ko01000	-	-	NHase_alpha
NCS66_RS15955	nitrile hydratase subunit beta	WP_008353667.1	transition metal ion binding|0046914||IEA	nitrile metabolic process|0050898||IEA		nthB	-	NHase catalyzes the hydration of various nitrile compounds to the corresponding amides	ko:K20807	-	ko00000,ko00001,ko01000	-	-	NHase_beta
NCS66_RS15960	nitrile hydratase accessory protein	WP_008353666.1	molecular_function|0003674||IEA	nitrile metabolic process|0050898||IEA			-	Nitrile hydratase beta subunit	-	-	-	-	-	DUF3293,NHase_beta
NCS66_RS15965	tautomerase family protein	WP_008353665.1					-	4-oxalocrotonate tautomerase	-	-	-	-	-	Tautomerase_2
NCS66_RS15970	4'-phosphopantetheinyl transferase superfamily protein	WP_008353664.1	holo-[acyl-carrier-protein] synthase activity|0008897||IEA				-	Belongs to the P-Pant transferase superfamily	ko:K06133	-	ko00000,ko00001,ko01000	-	-	ACPS
NCS66_RS15980	metal-dependent hydrolase	WP_008353661.1					-	Membrane-bound metal-dependent hydrolase	-	-	-	-	-	YdjM
NCS66_RS15985	LEA type 2 family protein	WP_008353660.1					-	Water Stress and Hypersensitive response	-	-	-	-	-	LEA_2
NCS66_RS15990	cupin domain-containing protein	WP_008353659.1					-	PFAM Cupin 2 conserved barrel domain protein	-	-	-	-	-	Cupin_2
NCS66_RS16000	CsgG/HfaB family protein	WP_008353657.1					-	Curli production assembly transport component CsgG	-	-	-	-	-	CsgG
NCS66_RS16005	DUF4810 domain-containing protein	WP_008353656.1					-	lipoprotein	-	-	-	-	-	DUF4810
NCS66_RS16010	DUF799 domain-containing protein	WP_008353655.1					-	lipoprotein	-	-	-	-	-	DUF799
NCS66_RS16015	FAD-binding oxidoreductase	WP_033537143.1	flavin adenine dinucleotide binding|0050660||IEA				-	PFAM FAD linked oxidase domain protein	-	-	-	-	-	BBE,FAD_binding_4
NCS66_RS16020	host attachment protein	WP_008353653.1					-	Protein required for attachment to host cells	-	-	-	-	-	Host_attach
NCS66_RS16030	FUSC family protein	WP_008353650.1		transport|0006810||IEA	plasma membrane|0005886||IEA		-	Fusaric acid resistance protein	-	-	-	-	-	FUSC
NCS66_RS16035	LysR family transcriptional regulator	WP_033537142.1	DNA-binding transcription activator activity|0001216||IEA				-	Transcriptional regulator, LysR family	-	-	-	-	-	HTH_1,LysR_substrate
NCS66_RS16075	cellulose biosynthesis protein BcsQ	WP_008353638.1		bacterial cellulose biosynthetic process|0090540||IEA		bcsQ	-	cellulose synthase operon protein YhjQ	ko:K03496	-	ko00000,ko03036,ko04812	-	-	CBP_BcsQ
NCS66_RS16080	cellulose biosynthesis protein BcsP	WP_008353637.1				bcsP	-	-	-	-	-	-	-	CBP_BcsR
NCS66_RS16085	cellulose biosynthesis protein BcsD	WP_008353636.1		cellulose biosynthetic process|0030244||IEA		bcsD	-	Cellulose synthase subunit D	-	-	-	-	-	Cellsynth_D
NCS66_RS16090	hypothetical protein	WP_008353634.1					-	-	-	-	-	-	-	-
NCS66_RS16100	NAD(P)-dependent oxidoreductase	WP_008353633.1					-	PFAM NAD-dependent epimerase dehydratase	ko:K07118	-	ko00000	-	-	NAD_binding_10
NCS66_RS16105	DUF3331 domain-containing protein	WP_144403834.1					-	Domain of unknown function (DUF3331)	-	-	-	-	-	DUF3331
NCS66_RS16130	PLP-dependent aminotransferase family protein	WP_034471872.1	pyridoxal phosphate binding|0030170||IEA				-	aminotransferase class I and II	ko:K00375	-	ko00000,ko03000	-	-	Aminotran_1_2,GntR
NCS66_RS16135	TetR/AcrR family transcriptional regulator	WP_008353626.1	DNA binding|0003677||IEA				-	regulatory protein TetR	-	-	-	-	-	TetR_N
NCS66_RS16140	nuclear transport factor 2 family protein	WP_008353625.1					-	50S ribosomal protein L21	ko:K09958	-	ko00000	-	-	DUF1348
NCS66_RS16150	hypothetical protein	WP_033537148.1					-	-	-	-	-	-	-	-
NCS66_RS16155	response regulator	WP_008353620.1		phosphorelay signal transduction system|0000160||IEA			-	Response regulator receiver	-	-	-	-	-	Response_reg
NCS66_RS16160	hypothetical protein	WP_008353619.1					-	-	-	-	-	-	-	-
NCS66_RS16165	chemotaxis protein	WP_008353618.1	phosphorelay response regulator activity|0000156||IEA	chemotaxis|0006935||IEA			-	response regulator	ko:K03415	M00506	ko00000,ko00001,ko00002,ko02022,ko02035	-	-	CheW,Response_reg
NCS66_RS16170	CBS domain-containing protein	WP_008353617.1					-	PFAM CBS domain containing protein	-	-	-	-	-	CBS
NCS66_RS16175	diacylglycerol kinase family protein	WP_033537147.1	kinase activity|0016301||IEA				-	Diacylglycerol kinase catalytic domain	-	-	-	-	-	DAGK_cat
NCS66_RS16180	metallophosphoesterase	WP_250480812.1	hydrolase activity|0016787||IEA				-	Calcineurin-like phosphoesterase superfamily domain	-	-	-	-	-	Metallophos
NCS66_RS16185	PPC domain-containing DNA-binding protein	WP_008353614.1					-	Domain of unknown function (DUF296)	ko:K06934	-	ko00000	-	-	DUF296
NCS66_RS16190	MAPEG family protein	WP_008353613.1			membrane|0016020||IEA		-	MAPEG family	-	-	-	-	-	MAPEG
NCS66_RS16195	alpha/beta hydrolase	WP_008353612.1					-	Carboxylesterase	ko:K06999	-	ko00000	-	-	Abhydrolase_2
NCS66_RS16200	hybrid sensor histidine kinase/response regulator	WP_241484858.1					-	His Kinase A (phosphoacceptor) domain	-	-	-	-	-	HATPase_c,HisKA,Response_reg
NCS66_RS16210	Hsp70 family protein	WP_008353609.1	ATP-dependent protein folding chaperone|0140662||IEA				-	Belongs to the heat shock protein 70 family	-	-	-	-	-	DUF3731,HSP70
NCS66_RS16215	Hsp70 family protein	WP_033536148.1	ATP-dependent protein folding chaperone|0140662||IEA				-	Belongs to the heat shock protein 70 family	-	-	-	-	-	HSP70
NCS66_RS16220	DUF2760 domain-containing protein	WP_008353605.1					-	Domain of unknown function (DUF2760)	-	-	-	-	-	DUF2760
NCS66_RS16225	adenosine-specific kinase	WP_008353603.1					-	Adenosine specific kinase	ko:K09129	-	ko00000	-	-	Adenosine_kin
NCS66_RS16235	ANTAR domain-containing protein	WP_034471835.1	RNA binding|0003723||IEA				-	response regulator	ko:K07183	-	ko00000,ko02022	-	-	ANTAR,Response_reg
NCS66_RS16240	uroporphyrinogen-III C-methyltransferase	WP_008353600.1	uroporphyrin-III C-methyltransferase activity|0004851||IEA	siroheme biosynthetic process|0019354||IEA		cobA	-	PFAM Uroporphyrin-III C tetrapyrrole (Corrin Porphyrin) methyltransferase	ko:K02303	M00121	ko00000,ko00001,ko00002,ko01000	-	-	TP_methylase
NCS66_RS16265	nitrate reductase	WP_034471868.1	oxidoreductase activity|0016491||IEA				-	Belongs to the prokaryotic molybdopterin-containing oxidoreductase family	ko:K00372	M00531	ko00000,ko00001,ko00002,ko01000	-	-	Fer2_BFD,Molybdop_Fe4S4,Molybdopterin,Molydop_binding
NCS66_RS16270	hypothetical protein	WP_008353592.1					-	-	-	-	-	-	-	-
NCS66_RS16275	hypothetical protein	WP_008353591.1					-	-	-	-	-	-	-	-
NCS66_RS16280	hypothetical protein	WP_008353590.1					-	-	-	-	-	-	-	-
NCS66_RS16285	hypothetical protein	WP_008353589.1					-	-	-	-	-	-	-	-
NCS66_RS16290	heavy metal sensor histidine kinase	WP_008353588.1	transferase activity, transferring phosphorus-containing groups|0016772||IEA	phosphorylation|0016310||IEA	membrane|0016020||IEA		-	Member of a two-component regulatory system	ko:K07644	M00452,M00745	ko00000,ko00001,ko00002,ko01000,ko01001,ko01504,ko02022	-	-	HATPase_c,HisKA
NCS66_RS16300	efflux transporter outer membrane subunit	WP_008353585.1	porin activity|0015288||IEA	transport|0006810||IEA	cell outer membrane|0009279||IEA		-	RND efflux system, outer membrane lipoprotein	-	-	-	-	-	OEP
NCS66_RS16305	efflux RND transporter periplasmic adaptor subunit	WP_008353583.1	transporter activity|0005215||IEA	transport|0006810||IEA			-	Belongs to the membrane fusion protein (MFP) (TC 8.A.1) family	-	-	-	-	-	HlyD_D23
NCS66_RS16310	efflux RND transporter permease subunit	WP_008353581.1	transmembrane transporter activity|0022857||IEA		membrane|0016020||IEA		-	Belongs to the resistance-nodulation-cell division (RND) (TC 2.A.6) family	-	-	-	-	-	ACR_tran
NCS66_RS16315	DUF4148 domain-containing protein	WP_008353580.1					-	Domain of unknown function (DUF4148)	-	-	-	-	-	DUF4148
NCS66_RS16335	helix-turn-helix transcriptional regulator	WP_008353576.1					-	PFAM helix-turn-helix domain protein	-	-	-	-	-	HTH_3,HTH_31
NCS66_RS16340	hypothetical protein	WP_008353575.1					-	-	-	-	-	-	-	-
NCS66_RS16355	MFS transporter	WP_033536124.1	transmembrane transporter activity|0022857||IEA	transmembrane transport|0055085||IEA			-	Major facilitator superfamily MFS_1	-	-	-	-	-	MFS_1
NCS66_RS16360	response regulator transcription factor	WP_008353569.1	DNA binding|0003677||IEA	regulation of DNA-templated transcription|0006355||IEA			-	Transcriptional regulator	-	-	-	-	-	Response_reg,Trans_reg_C
NCS66_RS16365	dihydrodipicolinate synthase family protein	WP_008353567.1		organic substance metabolic process|0071704||IEA			-	Belongs to the DapA family	ko:K21062	-	ko00000,ko00001,ko01000	-	-	DHDPS
NCS66_RS16370	4-hydroxyproline epimerase	WP_034471826.1					GO:0003674,GO:0003824,GO:0016853,GO:0016854,GO:0016855,GO:0036361,GO:0047580,GO:0047661	Belongs to the proline racemase family	ko:K12658	-	ko00000,ko00001,ko01000	-	-	Pro_racemase
NCS66_RS16375	FAD-dependent oxidoreductase	WP_008353564.1	FAD binding|0071949||IEA				-	fad dependent oxidoreductase	ko:K21061	-	ko00000,ko00001,ko01000	-	-	DAO
NCS66_RS16380	2Fe-2S iron-sulfur cluster-binding protein	WP_008353563.1					-	2Fe-2S iron-sulfur cluster binding domain	-	-	-	-	-	Fer2_4
NCS66_RS16385	FAD/NAD(P)-binding oxidoreductase	WP_008353562.1	oxidoreductase activity|0016491||IEA				-	Pyridine nucleotide-disulphide oxidoreductase	-	-	-	-	-	Pyr_redox_2
NCS66_RS16390	AraC family transcriptional regulator	WP_008353561.1					-	helix-turn-helix- domain containing protein, AraC type	-	-	-	-	-	HTH_18,PAS_4
NCS66_RS16395	response regulator	WP_051079069.1		phosphorelay signal transduction system|0000160||IEA			-	Response regulator receiver	-	-	-	-	-	Response_reg
NCS66_RS16400	hypothetical protein	WP_008353559.1					-	-	-	-	-	-	-	-
NCS66_RS16410	ATP-binding domain-containing protein	WP_008353556.1					-	Nuclease-related domain	-	-	-	-	-	AAA_19,NERD,UvrD_C_2
NCS66_RS16415	ATP-binding protein	WP_008353554.1					-	histidine kinase A domain protein	-	-	-	-	-	HATPase_c,HisKA,Response_reg
NCS66_RS16420	helix-turn-helix domain-containing protein	WP_008353552.1	DNA binding|0003677||IEA	regulation of DNA-templated transcription|0006355||IEA			-	PFAM BetR domain	-	-	-	-	-	BetR,Response_reg
NCS66_RS16425	hypothetical protein	WP_033536125.1					-	-	-	-	-	-	-	-
NCS66_RS16435	Fic family protein	WP_008353549.1					-	filamentation induced by cAMP protein Fic	-	-	-	-	-	Fic
NCS66_RS16440	SDR family NAD(P)-dependent oxidoreductase	WP_008353547.1					-	Short-chain dehydrogenase reductase sdr	ko:K21883	-	ko00000,ko00001,ko01000	-	-	adh_short,adh_short_C2
NCS66_RS16460	LysR family transcriptional regulator	WP_008353543.1					-	LysR substrate binding domain	-	-	-	-	-	HTH_1,LysR_substrate
NCS66_RS16470	amidohydrolase family protein	WP_008353541.1	hydrolase activity|0016787||IEA				-	amidohydrolase 2	ko:K07046	-	ko00000,ko00001,ko01000	-	-	Amidohydro_2
NCS66_RS16500	hypothetical protein	WP_008353532.1					GO:0003674,GO:0005488,GO:0005515,GO:0005575,GO:0005622,GO:0005623,GO:0005737,GO:0005829,GO:0042802,GO:0044424,GO:0044444,GO:0044464	Phage shock protein A	ko:K03969	-	ko00000	-	-	PspA_IM30
NCS66_RS16505	OmpA family protein	WP_008353531.1	peptidoglycan binding|0042834||IEA				-	Belongs to the ompA family	-	-	-	-	-	OmpA
NCS66_RS16520	copper-binding protein	WP_008353527.1					-	-	-	-	-	-	-	-
NCS66_RS16525	helix-turn-helix domain-containing protein	WP_008353526.1					-	Transposase	-	-	-	-	-	HTH_23,HTH_29,HTH_33
NCS66_RS16530	H-NS family nucleoid-associated regulatory protein	WP_008353524.1	structural constituent of chromatin|0030527||IEA	regulation of DNA-templated transcription|0006355||IEA			-	H-NS histone family	ko:K03746	-	ko00000,ko03036,ko03400	-	-	Histone_HNS
NCS66_RS16535	hypothetical protein	WP_008353523.1					-	-	-	-	-	-	-	-
NCS66_RS16545	PhnD/SsuA/transferrin family substrate-binding protein	WP_008353521.1					-	ABC transporter, phosphonate, periplasmic substrate-binding protein	-	-	-	-	-	Phosphonate-bd
NCS66_RS16550	fatty acid desaturase	WP_034471792.1					-	fatty acid desaturase	-	-	-	-	-	FA_desaturase
NCS66_RS16565	hypothetical protein	WP_008353516.1					-	-	-	-	-	-	-	-
NCS66_RS16570	hypothetical protein	WP_008353512.1					-	-	-	-	-	-	-	-
NCS66_RS16575	hypothetical protein	WP_034471787.1					-	-	-	-	-	-	-	-
NCS66_RS16580	hypothetical protein	WP_008353509.1					-	-	-	-	-	-	-	-
NCS66_RS16600	ROK family protein	WP_033536156.1					-	ROK family	ko:K00886	M00001,M00549	ko00000,ko00001,ko00002,ko01000	-	-	ROK
NCS66_RS16605	Cof-type HAD-IIB family hydrolase	WP_008353504.1	hydrolase activity|0016787||IEA	metabolic process|0008152||IEA			-	Sucrose-6F-phosphate phosphohydrolase	-	-	-	-	-	Hydrolase_3
NCS66_RS16620	polymer-forming cytoskeletal protein	WP_008353498.1					-	Polymer-forming cytoskeletal	-	-	-	-	-	Bactofilin
NCS66_RS16625	hypothetical protein	WP_008353497.1					-	-	-	-	-	-	-	-
NCS66_RS16630	M23 family metallopeptidase	WP_008353496.1	metal ion binding|0046872||IEA	proteolysis|0006508||IEA			-	Peptidase M23	ko:K08259	-	ko00000,ko01000,ko01002,ko01011	-	-	Peptidase_M23
NCS66_RS16635	LysR family transcriptional regulator	WP_144403664.1	DNA-binding transcription factor activity|0003700||IEA	regulation of DNA-templated transcription|0006355||IEA			-	Transcriptional regulator	-	-	-	-	-	HTH_1,LysR_substrate
NCS66_RS16650	hypothetical protein	WP_250480814.1					-	-	-	-	-	-	-	-
NCS66_RS16665	dienelactone hydrolase family protein	WP_250480815.1	hydrolase activity|0016787||IEA				-	X-Pro dipeptidyl-peptidase (S15 family)	-	-	-	-	-	Peptidase_S15,Peptidase_S9
NCS66_RS16690	MBL fold metallo-hydrolase	WP_008353481.1	hydrolase activity|0016787||IEA				-	PFAM beta-lactamase domain protein	-	-	-	-	-	Lactamase_B
NCS66_RS16700	hypothetical protein	WP_008353479.1					-	-	-	-	-	-	-	-
NCS66_RS16705	alpha/beta hydrolase	WP_008353478.1	hydrolase activity|0016787||IEA				-	Serine aminopeptidase, S33	-	-	-	-	-	Abhydrolase_1
NCS66_RS16710	hypothetical protein	WP_008353476.1					-	belongs to the thioredoxin family	-	-	-	-	-	Glyco_transf_9
NCS66_RS16715	hypothetical protein	WP_008353474.1					-	-	-	-	-	-	-	-
NCS66_RS16725	SulP family inorganic anion transporter	WP_008353471.1	inorganic anion transmembrane transporter activity|0015103||IEA		membrane|0016020||IEA		-	Sulfate transporter antisigma-factor antagonist STAS	-	-	-	-	-	STAS,Sulfate_transp
NCS66_RS16730	NAD(P)-dependent oxidoreductase	WP_008353470.1	oxidoreductase activity|0016491||IEA				-	Polysaccharide biosynthesis protein	-	-	-	-	-	Epimerase
NCS66_RS16735	FAD-dependent oxidoreductase	WP_008353469.1					-	PFAM fumarate reductase succinate dehydrogenase flavoprotein domain protein	-	-	-	-	-	FAD_binding_2
NCS66_RS16740	FAD-dependent oxidoreductase	WP_034471783.1					-	PFAM fumarate reductase succinate dehydrogenase flavoprotein domain protein	-	-	-	-	-	FAD_binding_2
NCS66_RS16745	NIPSNAP family protein	WP_008353467.1					-	NIPSNAP	-	-	-	-	-	NIPSNAP
NCS66_RS16750	TIM barrel protein	WP_250480816.1					-	Xylose isomerase-like TIM barrel	-	-	-	-	-	AP_endonuc_2
NCS66_RS16755	IclR family transcriptional regulator	WP_250480817.1	DNA-binding transcription factor activity|0003700||IEA	regulation of DNA-templated transcription|0006355||IEA			-	Transcriptional regulator	ko:K13641	-	ko00000,ko03000	-	-	HTH_IclR,IclR
NCS66_RS16760	XRE family transcriptional regulator	WP_008353462.1	DNA-binding transcription factor activity|0003700||IEA	regulation of DNA-templated transcription|0006355||IEA			-	Cupin 2, conserved barrel domain protein	-	-	-	-	-	Cupin_2,HTH_3,HTH_31
NCS66_RS16770	FAD-binding oxidoreductase	WP_033536132.1	oxidoreductase activity|0016491||IEA				-	fad dependent oxidoreductase	ko:K19746	-	ko00000,ko00001,ko01000	-	-	DAO
NCS66_RS16775	hypothetical protein	WP_008353456.1					-	-	-	-	-	-	-	-
NCS66_RS16780	PaaI family thioesterase	WP_008353455.1	fatty acyl-CoA hydrolase activity|0047617||IEA				-	Thioesterase superfamily	-	-	-	-	-	4HBT
NCS66_RS16785	LysR family transcriptional regulator	WP_008353454.1					-	Transcriptional regulator, LysR family	-	-	-	-	-	HTH_1,LysR_substrate
NCS66_RS16790	CaiB/BaiF CoA-transferase family protein	WP_008353453.1					-	PFAM L-carnitine dehydratase bile acid-inducible protein F	ko:K07749	-	ko00000,ko01000	-	-	CoA_transf_3
NCS66_RS16800	MFS transporter	WP_008353451.1	transmembrane transporter activity|0022857||IEA	transmembrane transport|0055085||IEA			-	PFAM major facilitator superfamily MFS_1	-	-	-	-	-	MFS_1
NCS66_RS16810	hypothetical protein	WP_008353448.1					-	galactosyl transferase GMA12/MNN10 family	-	-	-	-	-	Glyco_transf_34
NCS66_RS16815	DEAD/DEAH box helicase	WP_008353447.1	ATP hydrolysis activity|0016887||IEA				-	DEAD DEAH box helicase domain protein	ko:K03724	-	ko00000,ko01000,ko03400	-	-	DEAD,DEAD_assoc,Helicase_C
NCS66_RS16820	hypothetical protein	WP_008353446.1					-	-	-	-	-	-	-	-
NCS66_RS16825	serine/threonine-protein kinase	WP_033536133.1	protein kinase activity|0004672||IEA	protein phosphorylation|0006468||IEA			-	Serine threonine protein kinase	-	-	-	-	-	DUF4384,Pkinase
NCS66_RS16830	methyltransferase domain-containing protein	WP_008353444.1	S-adenosylmethionine-dependent methyltransferase activity|0008757||IEA				-	ubiE/COQ5 methyltransferase family	-	-	-	-	-	Methyltransf_11,Methyltransf_25
NCS66_RS16835	phasin family protein	WP_008353443.1					-	TIGRFAM phasin family protein	-	-	-	-	-	Phasin_2
NCS66_RS16840	DUF2964 family protein	WP_033536164.1					-	Protein of unknown function (DUF2964)	-	-	-	-	-	DUF2964
NCS66_RS16845	DUF3564 family protein	WP_033536165.1					-	Protein of unknown function (DUF3564)	-	-	-	-	-	DUF3564
NCS66_RS16855	helix-turn-helix domain-containing protein	WP_008353439.1	DNA binding|0003677||IEA	regulation of DNA-templated transcription|0006355||IEA			-	helix_turn_helix, cAMP Regulatory protein	ko:K01420	-	ko00000,ko03000	-	-	HTH_Crp_2,cNMP_binding
NCS66_RS16865	polyhydroxyalkanoate depolymerase	WP_008353435.1				phaZ	-	depolymerase	ko:K05973	-	ko00000,ko00001,ko01000	-	-	PHB_depo_C
NCS66_RS16870	ATP-binding protein	WP_008353433.1					-	HAMP (Histidine kinases, Adenylyl cyclases, Methyl binding proteins, Phosphatases) domain	ko:K07638	M00445,M00742,M00743	ko00000,ko00001,ko00002,ko01000,ko01001,ko02022	-	-	HAMP,HATPase_c,HisKA
NCS66_RS16880	EF-hand domain-containing protein	WP_008353431.1	calcium ion binding|0005509||IEA				-	Ca2 -binding protein (EF-Hand superfamily	-	-	-	-	-	-
NCS66_RS16885	hypothetical protein	WP_144403665.1					-	-	-	-	-	-	-	-
NCS66_RS16890	DUF3303 family protein	WP_008353429.1					-	Protein of unknown function (DUF3303)	-	-	-	-	-	DUF3303
NCS66_RS16895	3-keto-5-aminohexanoate cleavage protein	WP_008353428.1					-	beta-keto acid cleavage enzyme	-	-	-	-	-	BKACE
NCS66_RS16900	FadR/GntR family transcriptional regulator	WP_008353427.1	DNA-binding transcription factor activity|0003700||IEA				-	Regulatory protein GntR HTH	-	-	-	-	-	FCD,GntR
NCS66_RS16905	dihydrodipicolinate synthase family protein	WP_008353426.1		organic substance metabolic process|0071704||IEA			-	Dihydrodipicolinate synthetase family	-	-	-	-	-	DHDPS
NCS66_RS16935	response regulator	WP_008353416.1					-	RESPONSE REGULATOR receiver	-	-	-	-	-	Response_reg
NCS66_RS16940	response regulator transcription factor	WP_033536135.1	DNA binding|0003677||IEA	regulation of DNA-templated transcription|0006355||IEA			-	helix_turn_helix, Lux Regulon	-	-	-	-	-	GerE,Response_reg
NCS66_RS16945	hypothetical protein	WP_008353414.1					-	-	-	-	-	-	-	-
NCS66_RS16950	hypothetical protein	WP_008353413.1					-	-	-	-	-	-	-	-
NCS66_RS16960	AcvB/VirJ family lysyl-phosphatidylglycerol hydrolase	WP_008353411.1					-	PFAM virulence factor family protein	-	-	-	-	-	VirJ
NCS66_RS16965	DUF1993 domain-containing protein	WP_008353409.1					-	Domain of unknown function (DUF1993)	ko:K09983	-	ko00000	-	-	DUF1993
NCS66_RS16970	oxidoreductase-like domain-containing protein	WP_235366212.1					-	Oxidoreductase-like protein, N-terminal	-	-	-	-	-	Oxidored-like
NCS66_RS16975	penicillin acylase family protein	WP_008353405.1	hydrolase activity, acting on carbon-nitrogen (but not peptide) bonds, in linear amides|0016811||IEA				-	Penicillin amidase	ko:K07116	-	ko00000,ko01000	-	-	Penicil_amidase
NCS66_RS16980	M20 family metallopeptidase	WP_034471776.1					-	Peptidase, M20	-	-	-	-	-	M20_dimer,Peptidase_M20
NCS66_RS16990	NAD-dependent epimerase/dehydratase family protein	WP_008353399.1	catalytic activity|0003824||IEA				-	NmrA-like family	-	-	-	-	-	Epimerase
NCS66_RS16995	RidA family protein	WP_008353398.1	hydrolase activity|0016787||IEA				-	Endoribonuclease L-PSP	ko:K09022	-	ko00000,ko01000	-	-	Ribonuc_L-PSP
NCS66_RS17000	acid phosphatase	WP_008353396.1					-	acid phosphatase	-	-	-	-	-	Phosphoesterase
NCS66_RS17005	sulfite exporter TauE/SafE family protein	WP_008353395.1		transport|0006810||IEA			-	membrane transporter protein	ko:K07090	-	ko00000	-	-	TauE
NCS66_RS17010	acyltransferase family protein	WP_008353393.1	acyltransferase activity, transferring groups other than amino-acyl groups|0016747||IEA				-	Acyltransferase family	ko:K13663	-	ko00000,ko01000	-	-	Acyl_transf_3
NCS66_RS17015	amylo-alpha-1,6-glucosidase	WP_235366214.1					-	Amylo-alpha-1,6-glucosidase	-	-	-	-	-	GDE_C,GDE_N_bis
NCS66_RS17035	lipoprotein	WP_033536167.1					-	Secreted repeat of unknown function	-	-	-	-	-	Lipoprotein_15
NCS66_RS17045	RNA polymerase sigma factor	WP_008353386.1	sigma factor activity|0016987||IEA	DNA-templated transcription initiation|0006352||IEA			-	Belongs to the sigma-70 factor family. ECF subfamily	ko:K03088	-	ko00000,ko03021	-	-	Sigma70_r2,Sigma70_r4_2
NCS66_RS17050	anti-sigma factor	WP_081851847.1					-	transmembrane transcriptional regulator (Anti-sigma factor)	-	-	-	-	-	-
NCS66_RS17055	hypothetical protein	WP_008353384.1					-	-	-	-	-	-	-	-
NCS66_RS17060	Rrf2 family transcriptional regulator	WP_008353382.1	DNA-binding transcription factor activity|0003700||IEA				-	Transcriptional regulator	-	-	-	-	-	Rrf2
NCS66_RS17065	hypothetical protein	WP_008353380.1					-	-	-	-	-	-	-	-
NCS66_RS17070	putative glycolipid-binding domain-containing protein	WP_033536168.1					-	Putative glycolipid-binding	ko:K09957	-	ko00000	-	-	Glycolipid_bind
NCS66_RS17080	cation diffusion facilitator family transporter	WP_008353375.1	efflux transmembrane transporter activity|0015562||IEA	monoatomic cation transport|0006812||IEA	membrane|0016020||IEA		-	cation diffusion facilitator family transporter	-	-	-	-	-	Cation_efflux
NCS66_RS17090	purine nucleoside permease	WP_033536139.1					-	Purine nucleoside permease	-	-	-	-	-	NUP
NCS66_RS17110	hypothetical protein	WP_250480818.1					-	-	-	-	-	-	-	-
NCS66_RS17115	hypothetical protein	WP_008353367.1					-	-	-	-	-	-	-	-
NCS66_RS17125	hypothetical protein	WP_008353366.1					-	galactosyl transferase GMA12/MNN10 family	-	-	-	-	-	Glyco_transf_34
NCS66_RS17130	hypothetical protein	WP_008353363.1					-	Required for dimerization of active 70S ribosomes into 100S ribosomes in stationary phase	-	-	-	-	-	-
NCS66_RS17135	LysR family transcriptional regulator	WP_008353361.1	DNA-binding transcription factor activity|0003700||IEA	regulation of DNA-templated transcription|0006355||IEA			-	Transcriptional regulator, LysR family	ko:K03717	-	ko00000,ko03000	-	-	HTH_1,LysR_substrate
NCS66_RS17145	hypothetical protein	WP_008353359.1					-	Belongs to the peptidase S8 family	-	-	-	-	-	-
NCS66_RS17155	hypothetical protein	WP_008353357.1					-	-	-	-	-	-	-	-
NCS66_RS17160	glycoside hydrolase family 15 protein	WP_008353356.1					-	Glycosyl hydrolases family 15	-	-	-	-	-	Glyco_hydro_15
NCS66_RS17180	GntR family transcriptional regulator	WP_235366215.1	DNA-binding transcription factor activity|0003700||IEA				-	GntR family transcriptional regulator	ko:K22293	-	ko00000,ko03000	-	-	FCD,GntR
NCS66_RS17185	L-fuconate dehydratase	WP_008353348.1					-	mandelate racemase muconate lactonizing	ko:K18334	-	ko00000,ko00001,ko01000	-	-	MR_MLE_C,MR_MLE_N
NCS66_RS17195	hypothetical protein	WP_033536141.1					-	-	-	-	-	-	-	-
NCS66_RS17200	DUF429 domain-containing protein	WP_034471771.1					-	Protein of unknown function (DUF429)	-	-	-	-	-	DUF429
NCS66_RS17205	porin	WP_008353342.1	porin activity|0015288||IEA		cell outer membrane|0009279||IEA		-	PFAM porin Gram-negative type	-	-	-	-	-	Porin_4
NCS66_RS17215	cytochrome c	WP_008353340.1	metal ion binding|0046872||IEA				-	Cytochrome c	-	-	-	-	-	-
NCS66_RS17220	cytochrome c	WP_033536142.1	metal ion binding|0046872||IEA				-	PFAM cytochrome c, class I	-	-	-	-	-	Cytochrom_C,Cytochrome_CBB3
NCS66_RS17230	methylamine dehydrogenase accessory protein MauD	WP_033536143.1		methylamine metabolic process|0030416||IEA		mauD	-	methylamine dehydrogenase accessory protein MauD	-	-	-	-	-	AhpC-TSA,Thioredoxin_2
NCS66_RS17235	MauE/DoxX family redox-associated membrane protein	WP_008353336.1		methylamine metabolic process|0030416||IEA	membrane|0016020||IEA		-	Methylamine utilisation protein MauE	-	-	-	-	-	MauE
NCS66_RS17245	helix-turn-helix domain-containing protein	WP_008353332.1	sequence-specific DNA binding|0043565||IEA	regulation of DNA-templated transcription|0006355||IEA			-	helix-turn-helix- domain containing protein, AraC type	ko:K04033	-	ko00000,ko03000	-	-	AraC_binding_2,HTH_18
NCS66_RS17250	MFS transporter	WP_250480819.1	transmembrane transporter activity|0022857||IEA	transmembrane transport|0055085||IEA			-	PFAM major facilitator superfamily MFS_1	-	-	-	-	-	MFS_1
NCS66_RS17255	PAS domain-containing sensor histidine kinase	WP_033536173.1					-	PFAM ATP-binding region, ATPase domain protein	-	-	-	-	-	HATPase_c,PAS,PAS_4,PAS_9
NCS66_RS17260	acyl-CoA dehydrogenase family protein	WP_034471769.1	oxidoreductase activity, acting on the CH-CH group of donors|0016627||IEA				-	acyl-CoA dehydrogenase	ko:K22027	-	ko00000,ko01000	-	-	Acyl-CoA_dh_2,Acyl-CoA_dh_N
NCS66_RS17265	hypothetical protein	WP_008353324.1					-	-	-	-	-	-	-	-
NCS66_RS17275	response regulator	WP_008353321.1		phosphorelay signal transduction system|0000160||IEA			-	Two component transcriptional regulator, LuxR family	-	-	-	-	-	GerE,Response_reg
NCS66_RS17285	2-oxo-4-hydroxy-4-carboxy-5-ureidoimidazoline decarboxylase	WP_008353319.1		allantoin metabolic process|0000255||IEA		uraD	-	OHCU decarboxylase	ko:K13485	M00546	ko00000,ko00001,ko00002,ko01000	-	-	OHCU_decarbox
NCS66_RS17290	LysR family transcriptional regulator	WP_008353318.1	DNA-binding transcription activator activity|0001216||IEA				-	LysR substrate binding domain	-	-	-	-	-	HTH_1,LysR_substrate
NCS66_RS17295	MFS transporter	WP_008353317.1	transmembrane transporter activity|0022857||IEA	transmembrane transport|0055085||IEA			-	Major Facilitator Superfamily	-	-	-	-	-	MFS_1
NCS66_RS17310	H-NS family nucleoid-associated regulatory protein	WP_008353314.1	structural constituent of chromatin|0030527||IEA	regulation of DNA-templated transcription|0006355||IEA			-	Histone family protein nucleoid-structuring protein H-NS	ko:K03746	-	ko00000,ko03036,ko03400	-	-	Histone_HNS
NCS66_RS17315	VOC family protein	WP_033536174.1					-	Glyoxalase/Bleomycin resistance protein/Dioxygenase superfamily	-	-	-	-	-	Glyoxalase
NCS66_RS17320	organic hydroperoxide resistance protein	WP_034471767.1					-	Organic hydroperoxide resistance protein	-	-	-	-	-	OsmC
NCS66_RS17325	alpha/beta fold hydrolase	WP_033536175.1					-	Serine aminopeptidase, S33	-	-	-	-	-	Hydrolase_4
NCS66_RS17330	PDR/VanB family oxidoreductase	WP_034471765.1	2 iron, 2 sulfur cluster binding|0051537||IEA				-	oxidoreductase FAD NAD(P)-binding domain protein	ko:K21324	-	ko00000	-	-	FAD_binding_6,Fer2,NAD_binding_1
NCS66_RS17335	Rieske 2Fe-2S domain-containing protein	WP_008353305.1	2 iron, 2 sulfur cluster binding|0051537||IEA				-	Rieske [2Fe-2S] domain	ko:K21323	-	ko00000,ko01000	-	-	Rieske
NCS66_RS17340	GntR family transcriptional regulator	WP_008353303.1	DNA-binding transcription factor activity|0003700||IEA				-	FCD	-	-	-	-	-	FCD,GntR
NCS66_RS17355	hypothetical protein	WP_008353299.1					-	-	-	-	-	-	-	-
NCS66_RS17360	HAMP domain-containing sensor histidine kinase	WP_008353298.1	ATP binding|0005524||IEA	signal transduction|0007165||IEA			-	histidine kinase HAMP region domain protein	-	-	-	-	-	HAMP,HATPase_c,HisKA
NCS66_RS17375	cytochrome c biogenesis protein DipZ	WP_008353295.1	disulfide oxidoreductase activity|0015036||IEA	cytochrome complex assembly|0017004||IEA			-	cytochrome c biogenesis protein	-	-	-	-	-	AhpC-TSA,DsbD,Redoxin
NCS66_RS17380	peptide-methionine (S)-S-oxide reductase MsrA	WP_034471759.1	L-methionine:thioredoxin-disulfide S-oxidoreductase activity|0033744||IEA	protein repair|0030091||IEA		msrA	-	Has an important function as a repair enzyme for proteins that have been inactivated by oxidation. Catalyzes the reversible oxidation-reduction of methionine sulfoxide in proteins to methionine	ko:K07304	-	ko00000,ko01000	-	-	PMSR
NCS66_RS17385	aminotransferase class I/II-fold pyridoxal phosphate-dependent enzyme	WP_008353292.1	pyridoxal phosphate binding|0030170||IEA	biosynthetic process|0009058||IEA			-	Aminotransferase class I and II	-	-	-	-	-	Aminotran_1_2
NCS66_RS17390	LysR family transcriptional regulator ArgP	WP_008353291.1	DNA-binding transcription factor activity|0003700||IEA	regulation of DNA-templated transcription|0006355||IEA	cytosol|0005829||IEA		-	Transcriptional regulator	ko:K05596	-	ko00000,ko03000,ko03036	-	-	HTH_1,LysR_substrate
NCS66_RS17395	DUF427 domain-containing protein	WP_008353290.1					-	Domain of unknown function (DUF427)	-	-	-	-	-	NTP_transf_9
NCS66_RS17400	DUF4148 domain-containing protein	WP_008353289.1					-	Domain of unknown function (DUF4148)	-	-	-	-	-	DUF4148
NCS66_RS17410	FCD domain-containing protein	WP_008353287.1					-	FCD	-	-	-	-	-	FCD,GntR
NCS66_RS17420	peroxiredoxin	WP_008353285.1	thioredoxin peroxidase activity|0008379||IEA				-	PFAM alkyl hydroperoxide reductase Thiol specific antioxidant Mal allergen	-	-	-	-	-	1-cysPrx_C,AhpC-TSA
NCS66_RS17465	anti-sigma factor	WP_008353269.1					-	Putative zinc-finger	-	-	-	-	-	zf-HC2
NCS66_RS17470	RNA polymerase sigma factor	WP_008353267.1					-	Belongs to the sigma-70 factor family. ECF subfamily	ko:K03088	-	ko00000,ko03021	-	-	Sigma70_r2,Sigma70_r4_2
NCS66_RS17475	metallophosphoesterase	WP_008353265.1					-	Metallophosphoesterase	-	-	-	-	-	Metallophos
NCS66_RS17480	cupredoxin family copper-binding protein	WP_008353264.1					-	PFAM blue (type 1) copper domain protein	-	-	-	-	-	Copper-bind,Cupredoxin_1
NCS66_RS17490	hypothetical protein	WP_033537064.1					-	-	-	-	-	-	-	-
NCS66_RS17495	lecithin retinol acyltransferase family protein	WP_008353261.1					-	Lecithin retinol acyltransferase	-	-	-	-	-	LRAT
NCS66_RS17500	hypothetical protein	WP_008353260.1					-	-	-	-	-	-	-	-
NCS66_RS17505	protein phosphatase 2C domain-containing protein	WP_008353259.1					-	SMART protein phosphatase 2C domain protein	ko:K01090	-	ko00000,ko01000	-	-	PP2C_2
NCS66_RS17520	peptidylprolyl isomerase	WP_008353254.1	peptidyl-prolyl cis-trans isomerase activity|0003755||IEA				-	peptidylprolyl isomerase	ko:K01802	-	ko00000,ko01000	-	-	Rotamase,SurA_N_3
NCS66_RS17525	HlyD family efflux transporter periplasmic adaptor subunit	WP_008353252.1					-	PFAM secretion protein HlyD family protein	ko:K02022	-	ko00000	-	-	Biotin_lipoyl_2,HlyD,HlyD_3
NCS66_RS17530	FHA domain-containing protein	WP_033537065.1	protein binding|0005515||IEA				-	Forkhead-associated protein	-	-	-	-	-	FHA
NCS66_RS17535	efflux transporter outer membrane subunit	WP_239294402.1	porin activity|0015288||IEA	transport|0006810||IEA	cell outer membrane|0009279||IEA		-	TIGRFAM RND efflux system, outer membrane lipoprotein, NodT family	-	-	-	-	-	OEP
NCS66_RS17540	hypothetical protein	WP_008353246.1					-	-	-	-	-	-	-	-
NCS66_RS17545	DUF4399 domain-containing protein	WP_033537067.1					-	Domain of unknown function (DUF4399)	-	-	-	-	-	DUF4399
NCS66_RS17550	DUF4399 domain-containing protein	WP_033537047.1					-	Domain of unknown function (DUF4399)	-	-	-	-	-	DUF4399
NCS66_RS17555	SUMF1/EgtB/PvdO family nonheme iron enzyme	WP_008353241.1					-	peptidase C14 caspase catalytic subunit p20	-	-	-	-	-	FGE-sulfatase,Peptidase_C14
NCS66_RS17560	DUF3857 and transglutaminase domain-containing protein	WP_033537048.1					-	Domain of Unknown Function with PDB structure (DUF3857)	-	-	-	-	-	DUF3857,Transglut_core
NCS66_RS17565	HPP family protein	WP_008353239.1					-	CBS domain containing protein	ko:K07168	-	ko00000	-	-	CBS,HPP
NCS66_RS17570	MarR family transcriptional regulator	WP_008353238.1	DNA-binding transcription factor activity|0003700||IEA	regulation of DNA-templated transcription|0006355||IEA			-	Regulatory protein MarR	-	-	-	-	-	MarR_2
NCS66_RS17575	chloride channel protein	WP_008353237.1	voltage-gated chloride channel activity|0005247||IEA	chloride transport|0006821||IEA			-	CBS domain containing protein	-	-	-	-	-	CBS,Voltage_CLC
NCS66_RS17580	glycosyltransferase family 9 protein	WP_144403814.1	glycosyltransferase activity|0016757||IEA				-	COG0457 FOG TPR repeat	-	-	-	-	-	Glyco_transf_9,Methyltransf_23
NCS66_RS17585	aldo/keto reductase	WP_008353233.1					-	aldo keto reductase	-	-	-	-	-	Aldo_ket_red
NCS66_RS17590	DUF1810 domain-containing protein	WP_008353230.1					-	Protein of unknown function (DUF1810)	-	-	-	-	-	DUF1810
NCS66_RS17595	DUF2945 domain-containing protein	WP_034471954.1					-	Protein of unknown function (DUF2945)	-	-	-	-	-	DUF2945
NCS66_RS17600	PRC-barrel domain-containing protein	WP_008353227.1	bacteriochlorophyll binding|0042314||IEA	photosynthesis, light reaction|0019684||IEA			-	PRC-barrel domain	-	-	-	-	-	PRC
NCS66_RS17615	aminotransferase class V-fold PLP-dependent enzyme	WP_008353223.1					-	Aminotransferase class-V	-	-	-	-	-	Aminotran_5
NCS66_RS17630	GFA family protein	WP_008353220.1	metal ion binding|0046872||IEA				-	Glutathione-dependent formaldehyde-activating enzyme	-	-	-	-	-	GFA
NCS66_RS17635	hypothetical protein	WP_033537049.1					-	-	-	-	-	-	-	-
NCS66_RS17645	hypothetical protein	WP_144403815.1					-	-	-	-	-	-	-	-
NCS66_RS17650	hypothetical protein	WP_008353214.1					-	-	-	-	-	-	-	-
NCS66_RS17655	GlxA family transcriptional regulator	WP_008353212.1	DNA-binding transcription factor activity|0003700||IEA				-	helix-turn-helix- domain containing protein, AraC type	-	-	-	-	-	DJ-1_PfpI,HTH_18
NCS66_RS17660	HD domain-containing protein	WP_033537069.1					-	metal-dependent phosphohydrolase HD sub	-	-	-	-	-	HD
NCS66_RS17665	extensin family protein	WP_008353209.1					-	Extensin-like protein C-terminus	-	-	-	-	-	Extensin-like_C
NCS66_RS17670	NAD(P)/FAD-dependent oxidoreductase	WP_008353206.1	flavin adenine dinucleotide binding|0050660||IEA				-	Ferredoxin--NADP reductase	ko:K00384	-	ko00000,ko00001,ko01000	-	-	Pyr_redox_2,Pyr_redox_3
NCS66_RS17675	N-acetyltransferase	WP_008353205.1	N-acetyltransferase activity|0008080||IEA				-	Acetyltransferase (GNAT) domain	ko:K03824	-	ko00000,ko01000	-	-	Acetyltransf_1,Acetyltransf_7,Acetyltransf_9
NCS66_RS17680	c-type cytochrome	WP_008353203.1	heme binding|0020037||IEA				-	Cytochrome c class I	-	-	-	-	-	Cytochrom_C,Cytochrome_CBB3
NCS66_RS17695	hypothetical protein	WP_033537070.1					-	-	-	-	-	-	-	-
NCS66_RS17700	cytochrome c	WP_008353197.1	heme binding|0020037||IEA				-	PFAM cytochrome c, class I	-	-	-	-	-	Cytochrom_C,Cytochrome_CBB3
NCS66_RS17705	c-type cytochrome	WP_081851858.1	heme binding|0020037||IEA				-	Cytochrome c	-	-	-	-	-	Cytochrom_C
NCS66_RS17720	carboxymuconolactone decarboxylase family protein	WP_008353193.1					-	Antioxidant protein with alkyl hydroperoxidase activity. Required for the reduction of the AhpC active site cysteine residues and for the regeneration of the AhpC enzyme activity	-	-	-	-	-	CMD
NCS66_RS17725	cupin domain-containing protein	WP_008353191.1					-	Cupin domain	-	-	-	-	-	Cupin_2
NCS66_RS17730	NnrS family protein	WP_008353189.1					-	PFAM NnrS family protein	ko:K07234	-	ko00000	-	-	NnrS
NCS66_RS17740	acyltransferase	WP_033537053.1	acyltransferase activity, transferring groups other than amino-acyl groups|0016747||IEA				-	Acyltransferase family	-	-	-	-	-	Acyl_transf_3
NCS66_RS17750	OprD family outer membrane porin	WP_008353181.1			membrane|0016020||IEA		-	outer membrane porin, OprD family	-	-	-	-	-	OprD
NCS66_RS17780	LysR substrate-binding domain-containing protein	WP_008353175.1					-	LysR substrate binding domain	-	-	-	-	-	HTH_1,LysR_substrate
NCS66_RS17800	SRPBCC family protein	WP_008353168.1					-	Activator of Hsp90 ATPase homolog 1-like protein	-	-	-	-	-	AHSA1
NCS66_RS17805	metalloregulator ArsR/SmtB family transcription factor	WP_008353166.1	DNA-binding transcription factor activity|0003700||IEA	regulation of DNA-templated transcription|0006355||IEA			-	helix_turn_helix, Arsenical Resistance Operon Repressor	-	-	-	-	-	HTH_20
NCS66_RS17820	succinylglutamate desuccinylase/aspartoacylase family protein	WP_008353162.1					-	Succinylglutamate desuccinylase / Aspartoacylase family	ko:K06987	-	ko00000	-	-	AstE_AspA
NCS66_RS17835	sensor domain-containing diguanylate cyclase	WP_008353157.1	diguanylate cyclase activity|0052621||IEA				-	Diguanylate cyclase	-	-	-	-	-	GAF,GGDEF
NCS66_RS17840	DUF2092 domain-containing protein	WP_008353156.1					-	Predicted periplasmic protein (DUF2092)	-	-	-	-	-	DUF2092
NCS66_RS17845	DUF6515 family protein	WP_309792415.1					-	-	-	-	-	-	-	-
NCS66_RS17855	SDR family NAD(P)-dependent oxidoreductase	WP_008353153.1					-	Short-chain dehydrogenase reductase sdr	ko:K21883	-	ko00000,ko00001,ko01000	-	-	adh_short_C2
NCS66_RS17860	fumarylacetoacetate hydrolase family protein	WP_008353152.1	catalytic activity|0003824||IEA				-	PFAM fumarylacetoacetate (FAA) hydrolase	ko:K16856,ko:K18336	-	ko00000,ko00001,ko01000	-	-	FAA_hydrolase
NCS66_RS17865	LysR family transcriptional regulator	WP_008353151.1	DNA-binding transcription activator activity|0001216||IEA				-	LysR substrate binding domain	-	-	-	-	-	HTH_1,LysR_substrate
NCS66_RS17875	FAD-binding oxidoreductase	WP_008353148.1	oxidoreductase activity|0016491||IEA				-	fad dependent oxidoreductase	-	-	-	-	-	DAO
NCS66_RS17880	DsbA family oxidoreductase	WP_033537055.1					-	DSBA-like thioredoxin domain	-	-	-	-	-	DSBA
NCS66_RS17885	flagellar brake protein	WP_250480820.1					-	type IV pilus assembly PilZ	-	-	-	-	-	PilZ,YcgR_2
NCS66_RS17890	lipopolysaccharide heptosyltransferase I	WP_008353143.1	lipopolysaccharide heptosyltransferase activity|0008920||IEA	lipopolysaccharide core region biosynthetic process|0009244||IEA		waaC	-	PFAM glycosyl transferase family 9	ko:K02841	M00080	ko00000,ko00001,ko00002,ko01000,ko01003,ko01005	-	GT9	Glyco_transf_9
NCS66_RS17910	hypothetical protein	WP_167357759.1					-	-	-	-	-	-	-	-
NCS66_RS17920	tRNA 2-selenouridine(34) synthase MnmH	WP_008353138.1	tRNA 2-selenouridine synthase activity|0043828||IEA	tRNA wobble uridine modification|0002098||IEA		mnmH	-	Catalyzes the transfer of selenium from selenophosphate for conversion of 2-thiouridine to 2-selenouridine at the wobble position in tRNA	ko:K06917	-	ko00000,ko01000,ko03016	-	-	Rhodanese
NCS66_RS17935	sigma-54-dependent Fis family transcriptional regulator	WP_008353133.1					-	PFAM sigma-54 factor interaction domain-containing protein	ko:K21405	-	ko00000,ko03000	-	-	GAF,HTH_8,Sigma54_activat
NCS66_RS17940	DUF1328 domain-containing protein	WP_008353131.1					-	Protein of unknown function (DUF1328)	-	-	-	-	-	DUF1328
NCS66_RS17945	OpgC domain-containing protein	WP_008353129.1					-	PFAM Uncharacterised conserved protein UCP028704, OpgC	-	-	-	-	-	OpgC_C
NCS66_RS17955	glycosyltransferase family 87 protein	WP_008353125.1	glycosyltransferase activity|0016757||IEA				-	Glycosyltransferase family 87	-	-	-	-	-	GT87
NCS66_RS17965	precorrin-4 C(11)-methyltransferase	WP_008353122.1	precorrin-4 C11-methyltransferase activity|0046026||IEA	cobalamin biosynthetic process|0009236||IEA	cytoplasm|0005737||IEA	cobM	-	Precorrin-4 C(11)-methyltransferase	ko:K05936	-	ko00000,ko00001,ko01000	-	-	TP_methylase
NCS66_RS17975	cobalt-precorrin-5B (C(1))-methyltransferase	WP_008353120.1	methyltransferase activity|0008168||IEA	cobalamin biosynthetic process|0009236||IEA			-	Catalyzes the methylation of C-1 in cobalt-precorrin-5B to form cobalt-precorrin-6A	ko:K02188	-	ko00000,ko00001,ko01000	-	-	CbiD
NCS66_RS17985	precorrin-3B synthase	WP_008353118.1	oxidoreductase activity, acting on paired donors, with incorporation or reduction of molecular oxygen, NAD(P)H as one donor, and incorporation of one atom of oxygen|0016709||IEA	aerobic cobalamin biosynthetic process|0019250||IEA		cobG	-	nitrite sulfite reductase hemoprotein beta-component ferrodoxin domain protein	ko:K02229	-	ko00000,ko00001,ko01000	-	-	NIR_SIR,NIR_SIR_ferr
NCS66_RS17990	precorrin-8X methylmutase	WP_008353117.1	precorrin-8X methylmutase activity|0016993||IEA	cobalamin biosynthetic process|0009236||IEA			-	PFAM Precorrin-8X methylmutase CbiC CobH	ko:K06042	-	ko00000,ko00001,ko01000	-	-	CbiC
NCS66_RS17995	precorrin-2 C(20)-methyltransferase	WP_033537056.1	precorrin-2 C20-methyltransferase activity|0030788||IEA	cobalamin biosynthetic process|0009236||IEA			-	PFAM Uroporphyrin-III C tetrapyrrole (Corrin Porphyrin) methyltransferase	ko:K03394	-	ko00000,ko00001,ko01000	-	-	TP_methylase
NCS66_RS18000	precorrin-3B C(17)-methyltransferase	WP_008353115.1	precorrin-3B C17-methyltransferase activity|0030789||IEA	cobalamin biosynthetic process|0009236||IEA		cobJ	-	precorrin-3B C17-methyltransferase	ko:K05934,ko:K13541	-	ko00000,ko00001,ko01000	-	-	CbiG_N,CbiJ,TP_methylase
NCS66_RS18005	type VI secretion system amidase immunity protein Tai4	WP_008353114.1					-	Type VI secretion system (T6SS), amidase immunity protein	-	-	-	-	-	Tai4
NCS66_RS18010	type VI secretion system amidase effector protein Tae4	WP_008353111.1					-	Type VI secretion system (T6SS), amidase effector protein 4	-	-	-	-	-	Tae4
NCS66_RS18015	VWA domain-containing protein	WP_008353109.1					-	von Willebrand factor (vWF) type A domain	ko:K13580	-	ko00000	-	-	VWA_2
NCS66_RS18020	AAA family ATPase	WP_008353107.1	ATP hydrolysis activity|0016887||IEA				-	magnesium chelatase	ko:K03404,ko:K03405	-	ko00000,ko00001,ko01000	-	-	AAA_5,Mg_chelatase,VWA_2
NCS66_RS18025	cobaltochelatase subunit CobN	WP_008353106.1	cobaltochelatase activity|0051116||IEA	cobalamin biosynthetic process|0009236||IEA		cobN	-	Cobaltochelatase CobN subunit	ko:K02230	-	ko00000,ko00001,ko01000	-	-	CobN-Mg_chel
NCS66_RS18030	cobalamin biosynthesis protein CobW	WP_008353105.1		cobalamin biosynthetic process|0009236||IEA		cobW	-	cobalamin biosynthesis protein CobW	ko:K02234	-	ko00000,ko00001	-	-	CobW_C,cobW
NCS66_RS18035	cobalamin biosynthesis protein	WP_008353104.1					-	Cobalamin synthesis G C-terminus	ko:K02189	-	ko00000,ko00001,ko01000	-	-	CbiG_C
NCS66_RS18045	cobyrinate a,c-diamide synthase	WP_008353098.1	cobyrinic acid a,c-diamide synthase activity|0042242||IEA				-	Catalyzes the ATP-dependent amidation of the two carboxylate groups at positions a and c of cobyrinate, using either L-glutamine or ammonia as the nitrogen source	ko:K02224	-	ko00000,ko00001,ko01000	-	-	CbiA,GATase_3
NCS66_RS18055	CbtA family protein	WP_008353094.1					-	Probable cobalt transporter subunit (CbtA)	-	-	-	-	-	CbtA
NCS66_RS18060	CbtB-domain containing protein	WP_034471940.1					-	Probable cobalt transporter subunit (CbtB)	-	-	-	-	-	CbtB
NCS66_RS18065	histidine phosphatase family protein	WP_008353092.1					-	Phosphoglycerate mutase	-	-	-	-	-	His_Phos_1
NCS66_RS18075	antibiotic biosynthesis monooxygenase	WP_008353090.1	monooxygenase activity|0004497||IEA				-	Antibiotic biosynthesis monooxygenase	-	-	-	-	-	ABM
NCS66_RS18080	hypothetical protein	WP_008353089.1					-	-	-	-	-	-	-	-
NCS66_RS18090	polyphosphate kinase 2	WP_008353084.1	polyphosphate kinase activity|0008976||IEA	phosphorus metabolic process|0006793||IEA	cellular_component|0005575||IEA	ppk2	-	Polyphosphate kinase 2 (PPK2)	ko:K22468	-	ko00000,ko00001,ko01000,ko03019	-	-	PPK2
NCS66_RS34360	hypothetical protein	WP_308196618.1					-	-	-	-	-	-	-	-
NCS66_RS18115	alpha/beta hydrolase	WP_008353075.1	hydrolase activity|0016787||IEA				-	Alpha beta hydrolase	-	-	-	-	-	Abhydrolase_3
NCS66_RS18125	GNAT family N-acetyltransferase	WP_008353072.1	acyltransferase activity, transferring groups other than amino-acyl groups|0016747||IEA				-	Acetyltransferase (GNAT) domain	-	-	-	-	-	Acetyltransf_1,Acetyltransf_10
NCS66_RS18130	DUF4148 domain-containing protein	WP_008353071.1					-	Domain of unknown function (DUF4148)	-	-	-	-	-	DUF4148
NCS66_RS18140	adenosylcobalamin-dependent ribonucleoside-diphosphate reductase	WP_008353069.1	cobalamin binding|0031419||IEA				-	Catalyzes the reduction of ribonucleotides to deoxyribonucleotides. May function to provide a pool of deoxyribonucleotide precursors for DNA repair during oxygen limitation and or for immediate growth after restoration of oxygen	ko:K00525	M00053	ko00000,ko00001,ko00002,ko01000,ko03400	-	-	LAGLIDADG_3,Ribonuc_red_lgC
NCS66_RS18150	DUF2783 domain-containing protein	WP_033537076.1					-	Protein of unknown function (DUF2783)	-	-	-	-	-	DUF2783
NCS66_RS18160	IclR family transcriptional regulator	WP_008353065.1	DNA-binding transcription factor activity|0003700||IEA	regulation of DNA-templated transcription|0006355||IEA			-	Bacterial transcriptional regulator	-	-	-	-	-	HTH_IclR,IclR
NCS66_RS18165	cupin domain-containing protein	WP_008353063.1	metal ion binding|0046872||IEA				-	Cupin superfamily (DUF985)	ko:K09705	-	ko00000	-	-	Cupin_5
NCS66_RS18175	GNAT family N-acetyltransferase	WP_008353060.1	N-acetyltransferase activity|0008080||IEA				-	Acetyltransferase (GNAT) domain	-	-	-	-	-	Acetyltransf_1
NCS66_RS18180	DJ-1/PfpI family protein	WP_008353057.1	lyase activity|0016829||IEA				-	PFAM ThiJ PfpI domain protein	ko:K18199	-	ko00000,ko00001,ko01000,ko01002	-	-	DJ-1_PfpI
NCS66_RS18185	helix-turn-helix domain-containing protein	WP_008353055.1	sequence-specific DNA binding|0043565||IEA	regulation of DNA-templated transcription|0006355||IEA			-	Transcriptional regulator	-	-	-	-	-	DJ-1_PfpI,HTH_18
NCS66_RS18190	EAL domain-containing protein	WP_008353053.1					-	GAF domain	-	-	-	-	-	EAL,GAF_2,GGDEF
NCS66_RS18195	hypothetical protein	WP_008353052.1					-	-	-	-	-	-	-	-
NCS66_RS18200	DUF2795 domain-containing protein	WP_008353051.1					-	Protein of unknown function (DUF2795)	-	-	-	-	-	DUF2795
NCS66_RS18205	hypothetical protein	WP_144403816.1					-	-	-	-	-	-	-	-
NCS66_RS18210	pyrroloquinoline quinone precursor peptide PqqA	WP_008353049.1	catalytic activity|0003824||IEA	pyrroloquinoline quinone biosynthetic process|0018189||IEA		pqqA	-	Required for coenzyme pyrroloquinoline quinone (PQQ) biosynthesis. PQQ is probably formed by cross-linking a specific glutamate to a specific tyrosine residue and excising these residues from the peptide	ko:K06135	-	ko00000	-	-	PqqA
NCS66_RS18215	hypothetical protein	WP_008353048.1					-	-	-	-	-	-	-	-
NCS66_RS18230	Lrp/AsnC family transcriptional regulator	WP_033537078.1	DNA binding|0003677||IEA				-	PFAM regulatory protein AsnC Lrp family	ko:K15782	-	ko00000,ko03000	-	-	AsnC_trans_reg,HTH_24
NCS66_RS18235	N(2)-acetyl-L-2,4-diaminobutanoate deacetylase DoeB	WP_008353039.1		ectoine catabolic process|0042400||IEA		doeB	-	PFAM Succinylglutamate desuccinylase aspartoacylase	ko:K06987,ko:K15784	-	ko00000,ko00001,ko01000	-	-	AstE_AspA
NCS66_RS18240	ectoine hydrolase DoeA	WP_008353038.1		ectoine catabolic process|0042400||IEA		doeA	-	ectoine utilization protein EutD	ko:K01271,ko:K15783	-	ko00000,ko00001,ko01000,ko01002	-	-	Creatinase_N,Peptidase_M24
NCS66_RS18255	PLP-dependent aminotransferase family protein	WP_008353032.1	pyridoxal phosphate binding|0030170||IEA				-	Transcriptional regulator	-	-	-	-	-	Aminotran_1_2,GntR
NCS66_RS18285	FAD-dependent oxidoreductase	WP_250480823.1	oxidoreductase activity|0016491||IEA				-	PFAM FAD-dependent pyridine nucleotide-disulphide oxidoreductase	-	-	-	-	-	Pyr_redox_2,Reductase_C,Rieske
NCS66_RS18290	UdgX family uracil-DNA binding protein	WP_008353025.1					-	Uracil DNA glycosylase superfamily	ko:K21929	-	ko00000,ko00001,ko01000,ko03400	-	-	UDG
NCS66_RS18295	DUF3175 domain-containing protein	WP_008353024.1					-	Protein of unknown function (DUF3175)	-	-	-	-	-	DUF3175
NCS66_RS18305	hypothetical protein	WP_008353022.1					-	-	-	-	-	-	-	-
NCS66_RS18310	sorbosone dehydrogenase family protein	WP_235366328.1					-	Dehydrogenase	-	-	-	-	-	GSDH
NCS66_RS18315	hypothetical protein	WP_008353018.1					-	-	-	-	-	-	-	-
NCS66_RS18320	hybrid sensor histidine kinase/response regulator	WP_081851857.1					-	Histidine kinase	-	-	-	-	-	GAF_2,HATPase_c,HisKA,PAS_3,PAS_9,Response_reg,dCache_1
NCS66_RS18335	phosphoribosyltransferase	WP_034471932.1					-	phosphoribosyltransferase	ko:K07100	-	ko00000	-	-	Pribosyltran
NCS66_RS18355	zinc ribbon domain-containing protein	WP_008353004.1					-	Putative regulatory protein	-	-	-	-	-	Zn-ribbon_8
NCS66_RS18365	ParA family protein	WP_008353002.1	ATP binding|0005524||IEA				-	PFAM Cobyrinic acid a,c-diamide synthase	ko:K03496	-	ko00000,ko03036,ko04812	-	-	AAA_31
NCS66_RS18370	hypothetical protein	WP_008353001.1					-	-	-	-	-	-	-	DUF1269
NCS66_RS18380	trypsin-like peptidase domain-containing protein	WP_008352997.1					-	PFAM peptidase S1 and S6, chymotrypsin Hap	-	-	-	-	-	PDZ_2,Trypsin_2
NCS66_RS18395	hypothetical protein	WP_008352994.1					-	-	-	-	-	-	-	-
NCS66_RS18400	hypothetical protein	WP_008352992.1					-	-	-	-	-	-	-	-
NCS66_RS18420	helix-turn-helix transcriptional regulator	WP_033537060.1	DNA binding|0003677||IEA				-	-	-	-	-	-	-	HTH_31
NCS66_RS18425	TIGR01841 family phasin	WP_008352987.1				phaP	-	Phasin protein	-	-	-	-	-	Phasin_2
NCS66_RS18430	DOPA 4,5-dioxygenase family protein	WP_033537083.1					-	Dopa 4,5-dioxygenase family	ko:K10253	-	ko00000,ko01000	-	-	DOPA_dioxygen
NCS66_RS18435	hypothetical protein	WP_008352985.1					-	-	-	-	-	-	-	-
NCS66_RS18440	FAD-binding oxidoreductase	WP_008352984.1	flavin adenine dinucleotide binding|0050660||IEA				-	PFAM FAD linked oxidase domain protein	ko:K05797	-	ko00000,ko00001,ko01000	-	-	FAD-oxidase_C,FAD_binding_4
NCS66_RS18450	ATP-dependent DNA helicase	WP_008352980.1	ATP binding|0005524||IEA				-	helicase	ko:K10844	M00290	ko00000,ko00001,ko00002,ko01000,ko03021,ko03400	-	-	DEAD_2,Helicase_C_2
NCS66_RS18455	hemerythrin domain-containing protein	WP_008352978.1	cation binding|0043169||IEA				-	Pfam Hemerythrin HHE cation binding domain	-	-	-	-	-	Hemerythrin
NCS66_RS18460	2OG-Fe(II) oxygenase	WP_033537062.1					-	Oxygenase, catalysing oxidative methylation of damaged DNA	ko:K09990	-	ko00000	-	-	Oxygenase-NA
NCS66_RS18470	NAD(P)-binding domain-containing protein	WP_075583510.1					-	NADP oxidoreductase coenzyme F420-dependent	ko:K06988	-	ko00000,ko01000	-	-	F420_oxidored
NCS66_RS18485	sensor histidine kinase	WP_008352967.1					-	PFAM ATP-binding region, ATPase domain protein	-	-	-	-	-	HATPase_c,RsbRD_N
NCS66_RS18495	LysR family transcriptional regulator	WP_008352964.1					-	Transcriptional regulator	-	-	-	-	-	HTH_1,LysR_substrate
NCS66_RS18505	zinc ribbon domain-containing protein	WP_008352959.1					-	-	-	-	-	-	-	-
NCS66_RS18510	TAXI family TRAP transporter solute-binding subunit	WP_008352958.1	transporter activity|0005215||IEA	transport|0006810||IEA			-	NMT1-like family	ko:K07080	-	ko00000	-	-	NMT1_3
NCS66_RS18515	PLP-dependent aminotransferase family protein	WP_008352956.1	pyridoxal phosphate binding|0030170||IEA				-	aminotransferase class I and II	ko:K00375	-	ko00000,ko03000	-	-	Aminotran_1_2,GntR
NCS66_RS18520	type II toxin-antitoxin system VapC family toxin	WP_008352955.1					-	PIN domain	-	-	-	-	-	PIN
NCS66_RS18530	helix-turn-helix domain-containing protein	WP_008352953.1					-	iron dependent repressor	-	-	-	-	-	HTH_IclR
NCS66_RS18550	glucosidase	WP_008352950.1					-	Belongs to the GPI family	-	-	-	-	-	-
NCS66_RS18555	amylo-alpha-1,6-glucosidase	WP_008352949.1					-	Glycogen debranching enzyme N terminal	-	-	-	-	-	GDE_C,GDE_N
NCS66_RS18565	ACT domain-containing protein	WP_008352946.1					-	ACT domain	ko:K09964	-	ko00000	-	-	ACT_3,ACT_7
NCS66_RS18570	excinuclease ABC subunit UvrA	WP_034473102.1	ATP hydrolysis activity|0016887||IEA	nucleotide-excision repair|0006289||IEA	excinuclease repair complex|0009380||IEA	uvrA	-	The UvrABC repair system catalyzes the recognition and processing of DNA lesions. UvrA is an ATPase and a DNA-binding protein. A damage recognition complex composed of 2 UvrA and 2 UvrB subunits scans DNA for abnormalities. When the presence of a lesion has been verified by UvrB, the UvrA molecules dissociate	ko:K03701	-	ko00000,ko00001,ko03400	-	-	ABC_tran
NCS66_RS18575	alpha/beta hydrolase	WP_250480824.1	hydrolase activity|0016787||IEA				-	hydrolase	-	-	-	-	-	Abhydrolase_1,Abhydrolase_6
NCS66_RS18580	succinylglutamate desuccinylase/aspartoacylase family protein	WP_008352939.1					-	Succinylglutamate desuccinylase aspartoacylase	ko:K06987	-	ko00000	-	-	AstE_AspA
NCS66_RS18590	LysR substrate-binding domain-containing protein	WP_008352934.1					-	LysR family	-	-	-	-	-	HTH_1,LysR_substrate
NCS66_RS18595	DUF6496 domain-containing protein	WP_008352931.1					-	-	-	-	-	-	-	-
NCS66_RS18600	Flp pilus assembly protein TadG	WP_008352929.1					-	von Willebrand factor (vWF) type A domain	-	-	-	-	-	-
NCS66_RS18605	TadE/TadG family type IV pilus assembly protein	WP_008352928.1					-	TadE-like protein	-	-	-	-	-	TadE
NCS66_RS18610	TadE/TadG family type IV pilus assembly protein	WP_008352927.1					-	TadE-like protein	-	-	-	-	-	TadE
NCS66_RS18615	tetratricopeptide repeat protein	WP_008352926.1					-	Tetratricopeptide repeat	-	-	-	-	-	TPR_16,TPR_19
NCS66_RS18620	type II secretion system F family protein	WP_008352925.1			membrane|0016020||IEA		-	Type II secretion system	ko:K12511	-	ko00000,ko02044	-	-	T2SSF
NCS66_RS18625	type II secretion system F family protein	WP_008352924.1					-	Type II secretion system	ko:K12510	-	ko00000,ko02044	-	-	T2SSF
NCS66_RS18630	CpaF family protein	WP_008352923.1					-	type II secretion system protein E	ko:K02283	-	ko00000,ko02035,ko02044	-	-	T2SSE
NCS66_RS18635	AAA family ATPase	WP_008352922.1					-	Pilus assembly protein	ko:K02282	-	ko00000,ko02035,ko02044	-	-	AAA_31
NCS66_RS18640	CpaD family pilus assembly lipoprotein	WP_008352921.1					-	Pilus biogenesis CpaD protein (pilus_cpaD)	-	-	-	-	-	Pilus_CpaD
NCS66_RS18645	type II and III secretion system protein family protein	WP_235366290.1					-	Belongs to the GSP D family	ko:K02280	-	ko00000,ko02035,ko02044	-	-	Secretin,T2SS-T3SS_pil_N
NCS66_RS18650	Flp pilus assembly protein CpaB	WP_008352917.1				cpaB	-	Pilus assembly protein CpaB	ko:K02279	-	ko00000,ko02035,ko02044	-	-	RcpC,SAF
NCS66_RS18655	prepilin peptidase	WP_008352914.1	aspartic-type endopeptidase activity|0004190||IEA		membrane|0016020||IEA		-	Type IV leader peptidase family	ko:K02278	-	ko00000,ko01000,ko02035,ko02044	-	-	Peptidase_A24
NCS66_RS18660	Flp family type IVb pilin	WP_008352913.1					-	PFAM Flp Fap pilin component	ko:K02651	-	ko00000,ko00001,ko02035,ko02044	-	-	Flp_Fap
NCS66_RS18665	low affinity iron permease family protein	WP_008352912.1					-	Low affinity iron permease	-	-	-	-	-	Iron_permease
NCS66_RS18670	DNA-3-methyladenine glycosylase	WP_008352911.1	alkylbase DNA N-glycosylase activity|0003905||IEA	base-excision repair|0006284||IEA			-	Belongs to the DNA glycosylase MPG family	ko:K03652	-	ko00000,ko00001,ko01000,ko03400	-	-	Pur_DNA_glyco
NCS66_RS18695	hypothetical protein	WP_008352906.1					-	-	-	-	-	-	-	-
NCS66_RS18715	2-hydroxyacid dehydrogenase	WP_008352899.1					-	D-isomer specific 2-hydroxyacid dehydrogenase	-	-	-	-	-	2-Hacid_dh,2-Hacid_dh_C
NCS66_RS18720	MFS transporter	WP_008352897.1	transmembrane transporter activity|0022857||IEA	transmembrane transport|0055085||IEA			-	Major Facilitator Superfamily	-	-	-	-	-	MFS_1,Sugar_tr
NCS66_RS18725	TetR/AcrR family transcriptional regulator	WP_008352896.1	DNA binding|0003677||IEA	regulation of DNA-templated transcription|0006355||IEA			-	Transcriptional regulator	-	-	-	-	-	TetR_N,WHG
NCS66_RS18730	nuclear transport factor 2 family protein	WP_008352894.1					-	SnoaL-like domain	-	-	-	-	-	SnoaL_3
NCS66_RS18740	hypothetical protein	WP_008352891.1					-	-	-	-	-	-	-	-
NCS66_RS18755	hypothetical protein	WP_008352888.1					-	-	-	-	-	-	-	-
NCS66_RS18760	DUF3005 domain-containing protein	WP_008352887.1					-	Protein of unknown function (DUF3005)	-	-	-	-	-	DUF3005
NCS66_RS18765	hypothetical protein	WP_008352886.1					-	-	-	-	-	-	-	-
NCS66_RS18770	hypothetical protein	WP_008352885.1					-	-	-	-	-	-	-	-
NCS66_RS18775	short chain dehydrogenase	WP_174447748.1	oxidoreductase activity|0016491||IEA				-	short-chain dehydrogenase	-	-	-	-	-	adh_short_C2
NCS66_RS18780	GNAT family N-acetyltransferase	WP_034473104.1	N-acetyltransferase activity|0008080||IEA				-	acetyltransferase	-	-	-	-	-	Acetyltransf_1,Acetyltransf_10,Acetyltransf_7
NCS66_RS18785	SMP-30/gluconolactonase/LRE family protein	WP_008352880.1	hydrolase activity|0016787||IEA				-	Gluconolactonase	ko:K01053	M00129	ko00000,ko00001,ko00002,ko01000,ko04147	-	-	SGL
NCS66_RS18795	helix-turn-helix transcriptional regulator	WP_033536704.1	DNA binding|0003677||IEA				-	Helix-turn-helix domain	ko:K15773	-	ko00000,ko02048,ko03000	-	-	HTH_31
NCS66_RS18805	MFS transporter	WP_008352874.1	transmembrane transporter activity|0022857||IEA	transmembrane transport|0055085||IEA			-	Major facilitator Superfamily	-	-	-	-	-	MFS_1
NCS66_RS18815	SUMF1/EgtB/PvdO family nonheme iron enzyme	WP_008352871.1					-	DinB superfamily	-	-	-	-	-	DinB_2,FGE-sulfatase,Methyltransf_23,Methyltransf_25,Methyltransf_31
NCS66_RS18830	PepSY-associated TM helix domain-containing protein	WP_008352866.1			membrane|0016020||IEA		-	PFAM PepSY-associated TM helix domain protein	-	-	-	-	-	PepSY_TM
NCS66_RS18840	sterol desaturase family protein	WP_033536717.1	oxidoreductase activity|0016491||IEA	lipid metabolic process|0006629||IEA			-	Fatty acid hydroxylase superfamily	-	-	-	-	-	FA_hydroxylase
NCS66_RS18845	MFS transporter	WP_008352861.1					-	Major facilitator Superfamily	-	-	-	-	-	MFS_1
NCS66_RS18860	hypothetical protein	WP_008352859.1					-	-	-	-	-	-	-	-
NCS66_RS18865	hypothetical protein	WP_033536715.1					-	-	-	-	-	-	-	-
NCS66_RS18880	TetR/AcrR family transcriptional regulator	WP_008352853.1	DNA-binding transcription factor activity|0003700||IEA	regulation of DNA-templated transcription|0006355||IEA			-	PFAM regulatory protein TetR	-	-	-	-	-	TetR_C_6,TetR_N
NCS66_RS18885	efflux RND transporter periplasmic adaptor subunit	WP_008352850.1	transporter activity|0005215||IEA	transport|0006810||IEA			-	Belongs to the membrane fusion protein (MFP) (TC 8.A.1) family	-	-	-	-	-	HlyD_D23
NCS66_RS18895	efflux transporter outer membrane subunit	WP_008352846.1	porin activity|0015288||IEA	transport|0006810||IEA	cell outer membrane|0009279||IEA		-	TIGRFAM RND efflux system, outer membrane lipoprotein, NodT family	-	-	-	-	-	OEP
NCS66_RS18910	alpha/beta hydrolase	WP_008352843.1	hydrolase activity|0016787||IEA				-	Alpha beta hydrolase	ko:K07002	-	ko00000	-	-	Ser_hydrolase
NCS66_RS18915	GntR family transcriptional regulator	WP_008352841.1	DNA-binding transcription factor activity|0003700||IEA				-	GntR family transcriptional regulator	ko:K03486,ko:K03710	-	ko00000,ko03000	-	-	GntR,UTRA
NCS66_RS18920	fumarate reductase/succinate dehydrogenase flavoprotein subunit	WP_034473100.1	oxidoreductase activity|0016491||IEA				-	PFAM fumarate reductase succinate dehydrogenase flavoprotein domain protein	ko:K00394	M00596	ko00000,ko00001,ko00002,ko01000	-	-	FAD_binding_2,Succ_DH_flav_C
NCS66_RS18925	ferredoxin family protein	WP_008352838.1					-	4fe-4S ferredoxin	-	-	-	-	-	Fer4_7
NCS66_RS18945	HEAT repeat domain-containing protein	WP_008352834.1					-	HEAT repeat	-	-	-	-	-	HEAT_2,HEAT_PBS
NCS66_RS18950	ATP-dependent DNA helicase RecQ	WP_250480826.1	3'-5' DNA helicase activity|0043138||IEA				-	TIGRFAM ATP-dependent DNA helicase, RecQ family	ko:K03654	-	ko00000,ko00001,ko01000,ko03400	-	-	DEAD,Helicase_C,RecQ_Zn_bind
NCS66_RS18960	DedA family protein	WP_008352832.1		transmembrane transport|0055085||IEA			-	SNARE associated Golgi protein	-	-	-	-	-	Rhodanese,SNARE_assoc
NCS66_RS18965	VTT domain-containing protein	WP_008352831.1					-	Phosphoesterase PA-phosphatase related	ko:K19302	-	ko00000,ko00001,ko01000,ko01011	-	-	LssY_C,PAP2,SNARE_assoc
NCS66_RS19000	YihY/virulence factor BrkB family protein	WP_008352820.1					-	ribonuclease BN	ko:K07058	-	ko00000	-	-	Virul_fac_BrkB
NCS66_RS19015	proteasome-type protease	WP_008352816.1					-	PFAM 20S proteasome, A and B subunits	ko:K07395	-	ko00000	-	-	Proteasome
NCS66_RS19020	transglutaminase family protein	WP_008352814.1					-	transglutaminase domain protein	-	-	-	-	-	Bact_transglu_N,Transglut_core
NCS66_RS19025	alpha-E domain-containing protein	WP_008352812.1					-	A predicted alpha-helical domain with a conserved ER motif.	-	-	-	-	-	Alpha-E
NCS66_RS19030	circularly permuted type 2 ATP-grasp protein	WP_033536712.1					-	Circularly permuted ATP-grasp type 2	-	-	-	-	-	CP_ATPgrasp_2
NCS66_RS19035	3'-5' exonuclease family protein	WP_033536711.1	exonuclease activity|0004527||IEA				-	DNA polymerase III, epsilon subunit	ko:K02342	M00260	ko00000,ko00001,ko00002,ko01000,ko03032,ko03400	-	-	GIY-YIG,RNase_T
NCS66_RS19050	HU family DNA-binding protein	WP_008352802.1	DNA binding|0003677||IEA	chromosome condensation|0030261||IEA			-	Belongs to the bacterial histone-like protein family	-	-	-	-	-	Bac_DNA_binding
NCS66_RS19055	endonuclease/exonuclease/phosphatase family protein	WP_008352800.1	catalytic activity|0003824||IEA				-	Endonuclease/Exonuclease/phosphatase family	-	-	-	-	-	Exo_endo_phos
NCS66_RS19060	VTT domain-containing protein	WP_008352798.1					-	phospholipase D	ko:K01115	-	ko00000,ko00001,ko01000,ko04131	-	-	PLDc,PLDc_2,SNARE_assoc
NCS66_RS19075	LysE family translocator	WP_033536710.1					-	LysE type translocator	-	-	-	-	-	LysE
NCS66_RS19085	DUF1328 family protein	WP_008352793.1			plasma membrane|0005886||IEA		-	UPF0391 membrane protein	-	-	-	-	-	DUF1328
NCS66_RS19090	diguanylate cyclase	WP_008352792.1	cyclase activity|0009975||IEA	regulation of signal transduction|0009966||IEA			-	response regulator	ko:K11444	M00509	ko00000,ko00001,ko00002,ko01000,ko02022	-	-	GGDEF,HATPase_c,Response_reg
NCS66_RS19095	chemotaxis response regulator protein-glutamate methylesterase	WP_008352791.1					-	catalyzes the demethylation of specific methylglutamate residues introduced into the chemoreceptors (methyl-accepting chemotaxis proteins) by CheR	ko:K13491	M00509	ko00000,ko00001,ko00002,ko01000,ko02022	-	-	CheB_methylest,Response_reg
NCS66_RS19100	hybrid sensor histidine kinase/response regulator	WP_034474163.1	ATP binding|0005524||IEA	signal transduction|0007165||IEA			GO:0003674,GO:0005488,GO:0005515,GO:0019904	response regulator	ko:K03407,ko:K13490	M00506,M00509	ko00000,ko00001,ko00002,ko01000,ko01001,ko02022,ko02035	-	-	CheW,HATPase_c,Hpt,Response_reg
NCS66_RS19105	chemotaxis protein CheW	WP_008352789.1		signal transduction|0007165||IEA			-	Two component signalling adaptor domain	ko:K13489	-	ko00000,ko00001	-	-	CheW
NCS66_RS19110	protein-glutamate O-methyltransferase CheR	WP_008352788.1					-	Methyltransferase, chemotaxis proteins	ko:K13486	-	ko00000,ko00001	-	-	CheR,TPR_1,TPR_2,TPR_8
NCS66_RS19115	chemotaxis protein CheW	WP_008352785.1		signal transduction|0007165||IEA			-	PFAM CheW domain protein	ko:K13488	-	ko00000,ko00001	-	-	CheW
NCS66_RS19120	methyl-accepting chemotaxis protein	WP_008352784.1		chemotaxis|0006935||IEA			-	chemotaxis	ko:K13487	-	ko00000,ko00001	-	-	4HB_MCP_1,CHASE3,HAMP,MCPsignal
NCS66_RS19125	MBL fold metallo-hydrolase	WP_241484923.1					-	Beta-lactamase superfamily domain	-	-	-	-	-	Lactamase_B_2
NCS66_RS19130	hypothetical protein	WP_008352782.1					-	-	-	-	-	-	-	-
NCS66_RS19135	SDR family oxidoreductase	WP_008352779.1	oxidoreductase activity|0016491||IEA				-	Enoyl-(Acyl carrier protein) reductase	ko:K22185	-	ko00000,ko00001,ko01000	-	-	adh_short_C2
NCS66_RS19150	hypothetical protein	WP_250480829.1					-	-	-	-	-	-	-	-
NCS66_RS19155	DUF4148 domain-containing protein	WP_051996662.1					-	Domain of unknown function (DUF4148)	-	-	-	-	-	DUF4148
NCS66_RS19160	penicillin acylase family protein	WP_250480830.1	hydrolase activity, acting on carbon-nitrogen (but not peptide) bonds, in linear amides|0016811||IEA				-	penicillin amidase	ko:K01434	-	ko00000,ko00001,ko01000,ko01002	-	-	Penicil_amidase
NCS66_RS19165	hypothetical protein	WP_008354446.1					-	-	-	-	-	-	-	-
NCS66_RS19170	HlyD family efflux transporter periplasmic adaptor subunit	WP_008354444.1					-	Secretion protein	ko:K01993	-	ko00000	-	-	Biotin_lipoyl_2,HlyD_3
NCS66_RS19185	efflux transporter outer membrane subunit	WP_008354439.1	porin activity|0015288||IEA	transport|0006810||IEA	cell outer membrane|0009279||IEA		-	TIGRFAM RND efflux system, outer membrane lipoprotein, NodT family	-	-	-	-	-	OEP
NCS66_RS19190	class I adenylate-forming enzyme family protein	WP_250480831.1	ATP binding|0005524||IEA				-	amp-dependent synthetase and ligase	-	-	-	-	-	AMP-binding,AMP-binding_C
NCS66_RS19195	SMP-30/gluconolactonase/LRE family protein	WP_008354435.1	metal ion binding|0046872||IEA				-	SMP-30/Gluconolaconase/LRE-like region	ko:K13874	-	ko00000,ko00001,ko01000	-	-	SGL
NCS66_RS19200	3-hydroxyacyl-CoA dehydrogenase	WP_033536935.1					-	3-hydroxyacyl-CoA dehydrogenase, NAD binding domain	-	-	-	-	-	3HCDH,3HCDH_N
NCS66_RS19220	N-acyl homoserine lactonase family protein	WP_008354426.1					-	Metallo-beta-lactamase superfamily	-	-	-	-	-	Lactamase_B
NCS66_RS19225	3-keto-5-aminohexanoate cleavage protein	WP_008354425.1					-	beta-keto acid cleavage enzyme	ko:K18013	-	ko00000,ko00001,ko01000	-	-	BKACE
NCS66_RS19235	GntR family transcriptional regulator	WP_008354423.1	DNA-binding transcription factor activity|0003700||IEA				-	FCD	-	-	-	-	-	FCD,GntR
NCS66_RS19240	glycosyltransferase family 2 protein	WP_008354422.1	glycosyltransferase activity|0016757||IEA				-	Glycosyltransferase like family 2	-	-	-	-	-	Glycos_transf_2
NCS66_RS19245	response regulator	WP_008354421.1		phosphorelay signal transduction system|0000160||IEA			-	His Kinase A (phospho-acceptor) domain	-	-	-	-	-	HATPase_c,HisKA,Response_reg
NCS66_RS19250	ATP-binding protein	WP_008354420.1					-	His Kinase A (phosphoacceptor) domain	-	-	-	-	-	HATPase_c,HisKA,Response_reg
NCS66_RS19255	ATP-binding SpoIIE family protein phosphatase	WP_008354419.1					-	anti-sigma regulatory factor	-	-	-	-	-	HATPase_c_2,SpoIIE
NCS66_RS19260	anti-sigma regulatory factor	WP_008354418.1					-	Histidine kinase-like ATPases	ko:K17752	-	ko00000,ko01000,ko01001,ko03021	-	-	HATPase_c,HATPase_c_2
NCS66_RS19265	STAS domain-containing protein	WP_008354417.1					-	PFAM Sulfate transporter antisigma-factor antagonist STAS	ko:K17762	-	ko00000,ko03021	-	-	STAS
NCS66_RS19270	STAS domain-containing protein	WP_008354416.1					-	RsbT co-antagonist protein rsbRD N-terminal domain	ko:K17763	-	ko00000,ko03021	-	-	Protoglobin,RsbRD_N,STAS
NCS66_RS19285	alpha/beta hydrolase	WP_008354414.1	hydrolase activity|0016787||IEA				-	Serine aminopeptidase, S33	ko:K06889	-	ko00000	-	-	Hydrolase_4
NCS66_RS19290	exodeoxyribonuclease III	WP_033536902.1	nuclease activity|0004518||IEA	DNA repair|0006281||IEA			-	Exodeoxyribonuclease III	ko:K01142	-	ko00000,ko00001,ko01000,ko03400	-	-	Exo_endo_phos
NCS66_RS19295	aldo/keto reductase	WP_008354411.1					-	aldo keto reductase	-	-	-	-	-	Aldo_ket_red
NCS66_RS19325	DNA polymerase IV	WP_250480832.1	DNA-directed DNA polymerase activity|0003887||IEA	DNA repair|0006281||IEA		dinB	GO:0000731,GO:0003674,GO:0003824,GO:0003887,GO:0005575,GO:0005622,GO:0005623,GO:0005634,GO:0005654,GO:0005737,GO:0006139,GO:0006259,GO:0006281,GO:0006301,GO:0006725,GO:0006807,GO:0006950,GO:0006974,GO:0008150,GO:0008152,GO:0009058,GO:0009059,GO:0009987,GO:0016604,GO:0016607,GO:0016740,GO:0016772,GO:0016779,GO:0018130,GO:0019438,GO:0019985,GO:0031974,GO:0031981,GO:0032991,GO:0033554,GO:0034061,GO:0034641,GO:0034645,GO:0034654,GO:0035770,GO:0036464,GO:0042276,GO:0043170,GO:0043226,GO:0043227,GO:0043228,GO:0043229,GO:0043231,GO:0043232,GO:0043233,GO:0044237,GO:0044238,GO:0044249,GO:0044260,GO:0044271,GO:0044422,GO:0044424,GO:0044428,GO:0044444,GO:0044446,GO:0044451,GO:0044464,GO:0046483,GO:0050896,GO:0051716,GO:0070013,GO:0071704,GO:0071897,GO:0090304,GO:0140097,GO:1901360,GO:1901362,GO:1901576,GO:1990904	Poorly processive, error-prone DNA polymerase involved in untargeted mutagenesis. Copies undamaged DNA at stalled replication forks, which arise in vivo from mismatched or misaligned primer ends. These misaligned primers can be extended by PolIV. Exhibits no 3'-5' exonuclease (proofreading) activity. May be involved in translesional synthesis, in conjunction with the beta clamp from PolIII	ko:K02346,ko:K03502	-	ko00000,ko01000,ko03400	-	-	IMS,IMS_C,IMS_HHH
NCS66_RS19330	hypothetical protein	WP_008354403.1					-	-	-	-	-	-	-	-
NCS66_RS19335	DUF3563 family protein	WP_008354402.1					-	Protein of unknown function (DUF3563)	-	-	-	-	-	DUF3563
NCS66_RS19345	ATP-binding protein	WP_008354400.1					-	Histidine kinase	ko:K02484,ko:K07645	M00453	ko00000,ko00001,ko00002,ko01000,ko01001,ko02022	-	-	2CSK_N,HATPase_c,HisKA
NCS66_RS19350	MDR family MFS transporter	WP_008354399.1	transmembrane transporter activity|0022857||IEA	transmembrane transport|0055085||IEA			-	Major facilitator superfamily	-	-	-	-	-	MFS_1
NCS66_RS19355	hypothetical protein	WP_008354398.1					-	-	-	-	-	-	-	-
NCS66_RS19360	PAS domain S-box protein	WP_008354396.1					-	Histidine kinase	-	-	-	-	-	HATPase_c,HisKA,MEDS,PAS_4,PAS_8,PAS_9,Response_reg
NCS66_RS19365	FUSC family protein	WP_008354395.1	transmembrane transporter activity|0022857||IEA	transmembrane transport|0055085||IEA			-	Fusaric acid resistance protein-like	-	-	-	-	-	FUSC_2
NCS66_RS19370	LysR family transcriptional regulator	WP_008354394.1					-	LysR family transcriptional regulator	-	-	-	-	-	HTH_1,LysR_substrate
NCS66_RS19375	VOC family protein	WP_008354393.1					-	glyoxalase bleomycin resistance protein dioxygenase	ko:K06991	-	ko00000	-	-	Glyoxalase
NCS66_RS19380	hypothetical protein	WP_008354392.1					-	-	-	-	-	-	-	-
NCS66_RS19435	phosphonate metabolism transcriptional regulator PhnF	WP_034473492.1	DNA-binding transcription factor activity|0003700||IEA	organic phosphonate transport|0015716||IEA		phnF	-	Transcriptional regulator	ko:K02043	-	ko00000,ko03000	-	-	GntR,UTRA
NCS66_RS19440	DUF1045 domain-containing protein	WP_008354379.1					-	Protein of unknown function (DUF1045)	-	-	-	-	-	DUF1045
NCS66_RS19470	Pr6Pr family membrane protein	WP_033536899.1			membrane|0016020||IEA		-	COG2141 Coenzyme F420-dependent N5,N10-methylene tetrahydromethanopterin reductase and related flavin-dependent oxidoreductases	-	-	-	-	-	-
NCS66_RS19475	YbfB/YjiJ family MFS transporter	WP_008354371.1					-	Major facilitator superfamily	-	-	-	-	-	MFS_4
NCS66_RS19480	TetR/AcrR family transcriptional regulator	WP_008354370.1	DNA-binding transcription factor activity|0003700||IEA	regulation of DNA-templated transcription|0006355||IEA			-	Bacterial regulatory proteins, tetR family	ko:K16137	-	ko00000,ko03000	-	-	TetR_N
NCS66_RS19485	EthD family reductase	WP_008354369.1	oxidoreductase activity|0016491||IEA				-	EthD domain	-	-	-	-	-	EthD
NCS66_RS19490	MBL fold metallo-hydrolase	WP_008354368.1	hydrolase activity|0016787||IEA				-	PFAM beta-lactamase domain protein	-	-	-	-	-	Lactamase_B
NCS66_RS19495	quinoprotein dehydrogenase-associated SoxYZ-like carrier	WP_081851891.1					-	Sulfur oxidation protein SoxY	ko:K17226	M00595	ko00000,ko00001,ko00002	-	-	SoxY,SoxZ
NCS66_RS19500	quinoprotein relay system zinc metallohydrolase 2	WP_034473493.1					-	Metallo-beta-lactamase superfamily	-	-	-	-	-	Lactamase_B
NCS66_RS19505	LysR family transcriptional regulator	WP_033536897.1					-	Transcriptional regulator	ko:K21703	-	ko00000,ko03000	-	-	HTH_1,LysR_substrate
NCS66_RS19510	hypothetical protein	WP_008354364.1					-	-	-	-	-	-	-	-
NCS66_RS19515	substrate-binding domain-containing protein	WP_008354362.1					-	SMART extracellular solute-binding protein, family 3	-	-	-	-	-	Ank_2,SBP_bac_3
NCS66_RS19520	c-type cytochrome	WP_008354361.1	heme binding|0020037||IEA				-	Cytochrome C oxidase, cbb3-type, subunit III	-	-	-	-	-	Cytochrome_CBB3
NCS66_RS19525	methanol/ethanol family PQQ-dependent dehydrogenase	WP_008354360.1					-	PQQ-dependent dehydrogenase, methanol ethanol family	ko:K00114	-	ko00000,ko00001,ko01000	-	-	PQQ
NCS66_RS19535	beta-ribofuranosylaminobenzene 5'-phosphate synthase family protein	WP_008354358.1					-	Beta-ribofuranosylaminobenzene 5-phosphate synthase	-	-	-	-	-	GHMP_kinases_C,GHMP_kinases_N
NCS66_RS19540	NAD(P)-dependent methylenetetrahydromethanopterin dehydrogenase	WP_008354357.1					-	Methylene-tetrahydromethanopterin dehydrogenase	ko:K10714	-	ko00000,ko00001,ko01000	-	-	Mpt_N
NCS66_RS19545	ATP-grasp domain-containing protein	WP_008354355.1	metal ion binding|0046872||IEA				-	ATP-grasp domain	-	-	-	-	-	ATP-grasp_3
NCS66_RS19555	RimK family alpha-L-glutamate ligase	WP_008354353.1	acid-amino acid ligase activity|0016881||IEA				-	Belongs to the RimK family	-	-	-	-	-	RimK
NCS66_RS19565	formaldehyde-activating enzyme	WP_008354351.1	carbon-nitrogen lyase activity|0016840||IEA	carbohydrate biosynthetic process|0016051||IEA		fae	-	formaldehyde-activating enzyme	ko:K10713	-	ko00000,ko00001,ko01000	-	-	Fae
NCS66_RS19570	hypothetical protein	WP_008354350.1					-	-	-	-	-	-	-	-
NCS66_RS19575	dihydroneopterin aldolase	WP_075583615.1					-	dihydroneopterin aldolase	ko:K01633	M00126,M00840	ko00000,ko00001,ko00002,ko01000	-	-	FolB
NCS66_RS19580	sigma-54-dependent Fis family transcriptional regulator	WP_008354347.1					-	PFAM sigma-54 factor interaction domain-containing protein	ko:K21405	-	ko00000,ko03000	-	-	GAF,HTH_8,Sigma54_activat
NCS66_RS19585	flavoprotein	WP_008354346.1	catalytic activity|0003824||IEA				-	Flavoprotein	-	-	-	-	-	Flavoprotein
NCS66_RS19590	DUF6513 domain-containing protein	WP_008354345.1					-	dihydropteroate synthase	-	-	-	-	-	-
NCS66_RS19595	thioredoxin family protein	WP_008354344.1	oxidoreductase activity|0016491||IEA				-	Redoxin	-	-	-	-	-	AhpC-TSA
NCS66_RS19600	hypothetical protein	WP_008354343.1					-	galactosyl transferase GMA12/MNN10 family	-	-	-	-	-	Glyco_transf_34
NCS66_RS19625	CbbX protein	WP_008354338.1	ATP binding|0005524||IEA			cbbX	-	CbbX protein	-	-	-	-	-	AAA
NCS66_RS19630	ribulose bisphosphate carboxylase small subunit	WP_008354337.1					-	carboxylase small	ko:K01602	M00165,M00166,M00532	ko00000,ko00001,ko00002,ko01000	-	-	RuBisCO_small
NCS66_RS19635	form I ribulose bisphosphate carboxylase large subunit	WP_008354336.1					-	RuBisCO catalyzes two reactions the carboxylation of D- ribulose 1,5-bisphosphate, the primary event in carbon dioxide fixation, as well as the oxidative fragmentation of the pentose substrate. Both reactions occur simultaneously and in competition at the same active site	ko:K01601	M00165,M00166,M00532	ko00000,ko00001,ko00002,ko01000	-	-	RuBisCO_large,RuBisCO_large_N
NCS66_RS19640	pyrroloquinoline quinone precursor peptide PqqA	WP_008354335.1	catalytic activity|0003824||IEA	pyrroloquinoline quinone biosynthetic process|0018189||IEA		pqqA	-	Required for coenzyme pyrroloquinoline quinone (PQQ) biosynthesis. PQQ is probably formed by cross-linking a specific glutamate to a specific tyrosine residue and excising these residues from the peptide	ko:K06135	-	ko00000	-	-	PqqA
NCS66_RS19645	DUF447 domain-containing protein	WP_008354334.1					-	Protein of unknown function (DUF447)	ko:K09154	-	ko00000	-	-	DUF447
NCS66_RS19650	(5-formylfuran-3-yl)methyl phosphate synthase	WP_033536730.1					-	4-HFC-P synthase	-	-	-	-	-	4HFCP_synth
NCS66_RS19655	aspartate/glutamate/uridylate kinase	WP_008354331.1					-	aspartate glutamate uridylate kinase	-	-	-	-	-	AA_kinase
NCS66_RS19660	hydantoinase/oxoprolinase family protein	WP_008354330.1	hydrolase activity|0016787||IEA				-	H4MPT-linked C1 transfer pathway protein	-	-	-	-	-	Hydantoinase_A
NCS66_RS19665	ATP-grasp domain-containing protein	WP_250480834.1	metal ion binding|0046872||IEA				-	ATP-grasp domain	-	-	-	-	-	ATP-grasp_3
NCS66_RS19680	formylmethanofuran dehydrogenase subunit B	WP_008354327.1					-	formylmethanofuran dehydrogenase	ko:K00201	M00567	ko00000,ko00001,ko00002,ko01000	-	-	-
NCS66_RS19685	formylmethanofuran dehydrogenase subunit A	WP_008354326.1	hydrolase activity, acting on carbon-nitrogen (but not peptide) bonds|0016810||IEA				-	Formylmethanofuran dehydrogenase	ko:K00200	M00567	ko00000,ko00001,ko00002,ko01000	-	-	Amidohydro_3
NCS66_RS19690	formylmethanofuran--tetrahydromethanopterin N-formyltransferase	WP_008354324.1	formylmethanofuran-tetrahydromethanopterin N-formyltransferase activity|0030270||IEA	one-carbon metabolic process|0006730||IEA		fhcD	-	Catalyzes the transfer of a formyl group from 5-formyl tetrahydromethanopterin (5-formyl-H(4)MPT) to methanofuran (MFR) so as to produce formylmethanofuran (formyl-MFR) and tetrahydromethanopterin (H(4)MPT)	ko:K00672	M00567	ko00000,ko00001,ko00002,ko01000	-	-	FTR,FTR_C
NCS66_RS19695	formylmethanofuran dehydrogenase subunit C	WP_008354323.1	transition metal ion binding|0046914||IEA	methanogenesis|0015948||IEA			-	Formylmethanofuran dehydrogenase	ko:K00202	M00567	ko00000,ko00001,ko00002,ko01000	-	-	GXGXG
NCS66_RS19700	cytochrome b	WP_008354322.1	metal ion binding|0046872||IEA	respiratory electron transport chain|0022904||IEA	membrane|0016020||IEA		-	Prokaryotic cytochrome b561	ko:K12262	-	ko00000	-	-	Ni_hydr_CYTB
NCS66_RS19705	pyrroloquinoline quinone biosynthesis protein PqqB	WP_008354321.1		pyrroloquinoline quinone biosynthetic process|0018189||IEA		pqqB	-	May be involved in the transport of PQQ or its precursor to the periplasm	ko:K06136	-	ko00000	-	-	Lactamase_B_2
NCS66_RS19710	pyrroloquinoline-quinone synthase PqqC	WP_235366179.1		pyrroloquinoline quinone biosynthetic process|0018189||IEA		pqqC	-	Ring cyclization and eight-electron oxidation of 3a-(2- amino-2-carboxyethyl)-4,5-dioxo-4,5,6,7,8,9-hexahydroquinoline- 7,9-dicarboxylic-acid to PQQ	ko:K06137	-	ko00000,ko01000	-	-	TENA_THI-4
NCS66_RS19715	pyrroloquinoline quinone biosynthesis peptide chaperone PqqD	WP_008354319.1	quinone binding|0048038||IEA	pyrroloquinoline quinone biosynthetic process|0018189||IEA		pqqD	-	PFAM coenzyme PQQ synthesis D	ko:K06138	-	ko00000	-	-	PqqD
NCS66_RS19720	pyrroloquinoline quinone biosynthesis protein PqqE	WP_008354318.1		pyrroloquinoline quinone biosynthetic process|0018189||IEA		pqqE	-	biosynthesis protein E	ko:K06139	-	ko00000	-	-	Fer4_12,Fer4_14,Radical_SAM,SPASM
NCS66_RS19730	ATP-binding protein	WP_051079096.1					-	Histidine kinase	-	-	-	-	-	HATPase_c,HisKA_3
NCS66_RS19740	glutaminyl-peptide cyclotransferase	WP_033535973.1	glutaminyl-peptide cyclotransferase activity|0016603||IEA	peptidyl-pyroglutamic acid biosynthetic process, using glutaminyl-peptide cyclotransferase|0017186||IEA			-	TIGRFAM 40-residue YVTN family beta-propeller repeat	-	-	-	-	-	Cytochrom_D1,Glu_cyclase_2,Lactonase
NCS66_RS19745	DUF3280 domain-containing protein	WP_235366178.1					-	Protein of unknown function (DUF2380)	-	-	-	-	-	DUF3280
NCS66_RS19755	hypothetical protein	WP_008354310.1					-	-	-	-	-	-	-	-
NCS66_RS19760	VOC family protein	WP_033535972.1					-	glyoxalase bleomycin resistance protein dioxygenase	-	-	-	-	-	Glyoxalase
NCS66_RS19765	hypothetical protein	WP_008354307.1					-	-	-	-	-	-	-	-
NCS66_RS19770	DnaJ domain-containing protein	WP_008354306.1					-	heat shock protein DnaJ	-	-	-	-	-	DnaJ
NCS66_RS19775	hypothetical protein	WP_174447733.1					-	-	-	-	-	-	-	-
NCS66_RS19780	phosphonate degradation HD-domain oxygenase	WP_008354304.1					-	Metal dependent phosphohydrolases with conserved 'HD' motif.	ko:K21196	-	ko00000,ko00001,ko01000	-	-	HD
NCS66_RS19790	transglycosylase SLT domain-containing protein	WP_008354302.1					-	PFAM Lytic transglycosylase catalytic	-	-	-	-	-	SLT
NCS66_RS19795	hypothetical protein	WP_008354301.1					-	-	-	-	-	-	-	-
NCS66_RS19800	hypothetical protein	WP_033535970.1					-	-	-	-	-	-	-	-
NCS66_RS19815	L-histidine N(alpha)-methyltransferase	WP_033535963.1	dimethylhistidine N-methyltransferase activity|0030745||IEA	ergothioneine biosynthetic process|0052699||IEA		egtD	-	Methyltransferase	-	-	-	-	-	Methyltransf_33
NCS66_RS19825	hybrid sensor histidine kinase/response regulator	WP_008354294.1					-	His Kinase A (phosphoacceptor) domain	-	-	-	-	-	HATPase_c,HisKA,Response_reg
NCS66_RS19830	chemotaxis protein CheB	WP_008354293.1					-	CheB methylesterase	ko:K03412	M00506	ko00000,ko00001,ko00002,ko01000,ko02022,ko02035	-	-	CheB_methylest
NCS66_RS19835	CheR family methyltransferase	WP_008354292.1					-	Methyltransferase, chemotaxis proteins	ko:K00575	-	ko00000,ko00001,ko01000,ko02035	-	-	CheR,CheR_N
NCS66_RS19840	response regulator	WP_081851862.1		phosphorelay signal transduction system|0000160||IEA			-	GAF domain	-	-	-	-	-	CHASE3,GAF_2,HATPase_c,HisKA,Response_reg
NCS66_RS19845	hopanoid-associated sugar epimerase	WP_008354289.1	glycosyltransferase activity|0016757||IEA	carbohydrate metabolic process|0005975||IEA		hpnA	-	PFAM NAD-dependent epimerase dehydratase	ko:K00091	-	ko00000,ko01000	-	-	Epimerase
NCS66_RS19855	tetratricopeptide repeat-containing glycosyltransferase family protein	WP_008354287.1					-	Glycosyltransferase family 9 (heptosyltransferase)	-	-	-	-	-	Glyco_transf_9,TPR_1,TPR_10,TPR_16,TPR_2,TPR_8
NCS66_RS19860	hypothetical protein	WP_008354286.1					-	PFAM secretion protein HlyD family protein	-	-	-	-	-	-
NCS66_RS19865	glycosyltransferase	WP_008354285.1					-	glycosyl transferase family 2	-	-	-	-	-	Glyco_tranf_2_3,Glycos_transf_2
NCS66_RS19880	adenosyl-hopene transferase HpnH	WP_008354282.1	iron-sulfur cluster binding|0051536||IEA			hpnH	-	Hopanoid biosynthesis associated radical SAM protein HpnH	-	-	-	-	-	DUF3463,Fer4_14,Radical_SAM
NCS66_RS19900	cache domain-containing protein	WP_008354279.1					-	Histidine kinase	ko:K02480	-	ko00000,ko01000,ko01001,ko02022	-	-	HATPase_c,HisKA_3,sCache_2
NCS66_RS19915	MMPL family transporter	WP_008354275.1			membrane|0016020||IEA		-	TIGRFAM hopanoid biosynthesis associated RND transporter like protein HpnN	ko:K07003	-	ko00000	-	-	MMPL
NCS66_RS19925	hotdog domain-containing protein	WP_008354273.1					-	PFAM thioesterase superfamily protein	-	-	-	-	-	4HBT
NCS66_RS19930	phosphorylase	WP_051079095.1	catalytic activity|0003824||IEA				-	Phosphorylase superfamily	-	-	-	-	-	PNP_UDP_1
NCS66_RS19935	squalene--hopene cyclase	WP_008354271.1	squalene-hopene cyclase activity|0051007||IEA	hopanoid biosynthetic process|0019746||IEA		shc	-	Squalene--hopene cyclase	ko:K06045	-	ko00000,ko00001,ko01000	-	-	SQHop_cyclase_C,SQHop_cyclase_N
NCS66_RS19940	hydroxysqualene dehydroxylase HpnE	WP_008354270.1	oxidoreductase activity|0016491||IEA			hpnE	-	PFAM amine oxidase	ko:K21677	-	ko00000,ko01000	-	-	Amino_oxidase
NCS66_RS19945	presqualene diphosphate synthase HpnD	WP_008354269.1	geranylgeranyl-diphosphate geranylgeranyltransferase activity|0016767||IEA	carotenoid biosynthetic process|0016117||IEA		hpnD	-	phytoene synthase	ko:K21678	-	ko00000,ko01000	-	-	SQS_PSY
NCS66_RS19950	diguanylate cyclase	WP_008354268.1	cyclase activity|0009975||IEA	regulation of signal transduction|0009966||IEA			-	Diguanylate cyclase with PAS PAC sensor	-	-	-	-	-	GGDEF,PAS,PAS_4
NCS66_RS19955	chemotaxis protein CheC	WP_008354267.1	hydrolase activity|0016787||IEA				-	CheC-like family	ko:K03410	-	ko00000,ko00001,ko02035	-	-	CheC
NCS66_RS19960	response regulator	WP_008354266.1	phosphorelay response regulator activity|0000156||IEA	phosphorelay signal transduction system|0000160||IEA			-	Pfam Response regulator receiver	-	-	-	-	-	Response_reg
NCS66_RS19965	hybrid sensor histidine kinase/response regulator	WP_241484866.1		phosphorelay signal transduction system|0000160||IEA			-	Histidine kinase	-	-	-	-	-	HATPase_c,HisKA,PAS_9,Response_reg
NCS66_RS19970	hypothetical protein	WP_034472278.1					-	electron transporter, transferring electrons within the cyclic electron transport pathway of photosynthesis activity	-	-	-	-	-	-
NCS66_RS19980	DUF4148 domain-containing protein	WP_008354261.1					-	Domain of unknown function (DUF4148)	-	-	-	-	-	DUF4148
NCS66_RS19990	hypothetical protein	WP_008354259.1					-	-	-	-	-	-	-	-
NCS66_RS20000	GntP family permease	WP_008354257.1	transmembrane transporter activity|0022857||IEA	transmembrane transport|0055085||IEA			-	PFAM Citrate transporter	-	-	-	-	-	-
NCS66_RS20015	hypothetical protein	WP_008354254.1					-	-	-	-	-	-	-	-
NCS66_RS20020	AI-2E family transporter	WP_008354253.1	efflux transmembrane transporter activity|0015562||IEA	autoinducer AI-2 transmembrane transport|1905887||IEA			-	AI-2E family transporter	-	-	-	-	-	AI-2E_transport,GAF,GAF_2
NCS66_RS20025	hypothetical protein	WP_231927832.1					-	-	-	-	-	-	-	-
NCS66_RS20035	pyridoxamine 5'-phosphate oxidase family protein	WP_034472280.1					-	oxidoreductase FAD NAD(P)-binding domain protein	ko:K07006	-	ko00000	-	-	FAD_binding_6,Fer2,NAD_binding_1,Putative_PNPOx
NCS66_RS20050	FUSC family protein	WP_008354246.1					-	Fusaric acid resistance protein-like	-	-	-	-	-	FUSC,FUSC_2
NCS66_RS20055	LysE family translocator	WP_008354245.1					-	PFAM Lysine exporter protein (LYSE YGGA)	-	-	-	-	-	LysE
NCS66_RS20070	universal stress protein	WP_008354242.1	adenyl ribonucleotide binding|0032559||IEA				-	Universal stress protein family	-	-	-	-	-	Usp
NCS66_RS20075	TerB family tellurite resistance protein	WP_008354241.1					-	-	-	-	-	-	-	TerB
NCS66_RS20080	glycosyl hydrolase 108 family protein	WP_008354240.1					-	Predicted Peptidoglycan domain	-	-	-	-	-	Glyco_hydro_108,PG_binding_3
NCS66_RS20085	hypothetical protein	WP_008354239.1					-	-	-	-	-	-	-	-
NCS66_RS20095	IclR family transcriptional regulator C-terminal domain-containing protein	WP_008354238.1					-	regulatory protein IclR	ko:K02624	-	ko00000,ko03000	-	-	HTH_IclR,IclR
NCS66_RS20100	MFS transporter	WP_008354237.1	transmembrane transporter activity|0022857||IEA	transmembrane transport|0055085||IEA			-	Major facilitator superfamily MFS_1	-	-	-	-	-	MFS_1,Sugar_tr
NCS66_RS20105	LysR family transcriptional regulator	WP_008354235.1	DNA-binding transcription activator activity|0001216||IEA				-	Transcriptional regulator, LysR family	-	-	-	-	-	HTH_1,LysR_substrate
NCS66_RS20110	bifunctional helix-turn-helix transcriptional regulator/GNAT family N-acetyltransferase	WP_250480835.1					-	Acetyltransferase (GNAT) domain	-	-	-	-	-	Acetyltransf_1,MarR_2
NCS66_RS20115	AraC family transcriptional regulator	WP_008354233.1	sequence-specific DNA binding|0043565||IEA	regulation of DNA-templated transcription|0006355||IEA			-	Cupin	-	-	-	-	-	Cupin_6,HTH_18
NCS66_RS20120	class I SAM-dependent methyltransferase	WP_034472261.1	S-adenosyl-L-methionine binding|1904047||IEA				-	Methionine biosynthesis protein MetW	-	-	-	-	-	Methyltransf_11,Methyltransf_25
NCS66_RS20125	Gfo/Idh/MocA family oxidoreductase	WP_008354231.1	oxidoreductase activity, acting on NAD(P)H|0016651||IEA				-	Oxidoreductase family, NAD-binding Rossmann fold	-	-	-	-	-	GFO_IDH_MocA,GFO_IDH_MocA_C
NCS66_RS20130	hypothetical protein	WP_235366157.1					-	-	-	-	-	-	-	-
NCS66_RS20135	ATP-binding protein	WP_008354229.1					-	Histidine kinase	ko:K02484,ko:K07645	M00453	ko00000,ko00001,ko00002,ko01000,ko01001,ko02022	-	-	2CSK_N,HATPase_c,HisKA
NCS66_RS20150	helix-turn-helix domain-containing GNAT family N-acetyltransferase	WP_008354224.1					-	helix_turn_helix multiple antibiotic resistance protein	-	-	-	-	-	Acetyltransf_1,Acetyltransf_10,MarR_2
NCS66_RS20155	dihydrodipicolinate synthase family protein	WP_008354223.1		organic substance metabolic process|0071704||IEA			-	Dihydrodipicolinate synthetase family	ko:K13876	-	ko00000,ko00001,ko01000	-	-	DHDPS
NCS66_RS20160	IlvD/Edd family dehydratase	WP_008354222.1	iron-sulfur cluster binding|0051536||IEA				-	Belongs to the IlvD Edd family	ko:K13875	-	ko00000,ko00001,ko01000	-	-	ILVD_EDD
NCS66_RS20165	MFS transporter	WP_034472267.1	transmembrane transporter activity|0022857||IEA	transmembrane transport|0055085||IEA			-	Major Facilitator	-	-	-	-	-	MFS_1,Sugar_tr
NCS66_RS20175	LysR substrate-binding domain-containing protein	WP_033535848.1					-	PFAM regulatory protein, LysR	-	-	-	-	-	HTH_1,LysR_substrate
NCS66_RS20180	hypothetical protein	WP_008354219.1					-	-	-	-	-	-	-	-
NCS66_RS20185	phosphate-starvation-inducible PsiE family protein	WP_249798856.1					-	Phosphate-starvation-inducible E	-	-	-	-	-	PsiE
NCS66_RS20190	hypothetical protein	WP_008354217.1					-	-	-	-	-	-	-	-
NCS66_RS20195	YceI family protein	WP_034472270.1					-	Belongs to the UPF0312 family	-	-	-	-	-	YceI
NCS66_RS20210	XRE family transcriptional regulator	WP_250480836.1	DNA-binding transcription factor activity|0003700||IEA	regulation of DNA-templated transcription|0006355||IEA			-	Cupin 2, conserved barrel domain protein	-	-	-	-	-	Cupin_2,HTH_3
NCS66_RS20215	CsbD family protein	WP_008354211.1					-	Belongs to the UPF0337 (CsbD) family	-	-	-	-	-	CsbD
NCS66_RS20220	DUF2471 family protein	WP_008354210.1					-	Protein of unknown function (DUF2471)	-	-	-	-	-	DUF2471
NCS66_RS20225	DUF2252 domain-containing protein	WP_008354209.1					-	Uncharacterized protein conserved in bacteria (DUF2252)	-	-	-	-	-	DUF2252
NCS66_RS20230	tyrosine-type recombinase/integrase	WP_008354208.1	DNA binding|0003677||IEA	DNA integration|0015074||IEA			-	Belongs to the 'phage' integrase family	-	-	-	-	-	Phage_integrase
NCS66_RS20235	DNA-binding protein	WP_008354206.1					-	Plasmid replication region DNA-binding N-term	-	-	-	-	-	KfrA_N
NCS66_RS20240	replication initiation protein	WP_008354205.1	DNA-directed DNA polymerase activity|0003887||IEA	DNA replication initiation|0006270||IEA			-	Initiator RepB protein	-	-	-	-	-	Rep_3
NCS66_RS20245	ParB/RepB/Spo0J family partition protein	WP_008354204.1	DNA binding|0003677||IEA	chromosome segregation|0007059||IEA			-	Belongs to the ParB family	ko:K03497	-	ko00000,ko03000,ko03036,ko04812	-	-	ParBc
NCS66_RS20250	ParA family partition ATPase	WP_008354203.1				parA	-	PFAM Cobyrinic acid a,c-diamide synthase	ko:K03496	-	ko00000,ko03036,ko04812	-	-	AAA_31
NCS66_RS20255	GNAT family N-acetyltransferase	WP_034472272.1	acyltransferase activity, transferring groups other than amino-acyl groups|0016747||IEA				-	PFAM GCN5-related N-acetyltransferase	ko:K09181	-	ko00000	-	-	ATP-grasp_5,Acetyltransf_1,Acetyltransf_3,CoA_binding_2,Succ_CoA_lig
NCS66_RS20260	hypothetical protein	WP_008354201.1					-	-	-	-	-	-	-	-
NCS66_RS20265	IclR family transcriptional regulator	WP_033535849.1	DNA-binding transcription factor activity|0003700||IEA	regulation of DNA-templated transcription|0006355||IEA			-	helix_turn_helix isocitrate lyase regulation	-	-	-	-	-	HTH_IclR,IclR
NCS66_RS20280	aldo/keto reductase	WP_034472274.1					-	PFAM aldo keto reductase	ko:K00064	M00114	ko00000,ko00001,ko00002,ko01000	-	-	Aldo_ket_red
NCS66_RS20285	amidohydrolase family protein	WP_008354194.1	hydrolase activity|0016787||IEA				-	PFAM amidohydrolase 2	ko:K07046	-	ko00000,ko00001,ko01000	-	-	Amidohydro_2
NCS66_RS20295	ureidoglycolate lyase	WP_008354192.1					-	PFAM fumarylacetoacetate (FAA) hydrolase	ko:K16856,ko:K18336	-	ko00000,ko00001,ko01000	-	-	FAA_hydrolase
NCS66_RS20300	PaaI family thioesterase	WP_008354191.1	fatty acyl-CoA hydrolase activity|0047617||IEA				-	Thioesterase superfamily	-	-	-	-	-	4HBT
NCS66_RS20320	hypothetical protein	WP_008354187.1					-	-	-	-	-	-	-	-
NCS66_RS20325	hypothetical protein	WP_008354186.1					-	-	-	-	-	-	-	-
NCS66_RS20340	GlxA family transcriptional regulator	WP_008354182.1	DNA-binding transcription factor activity|0003700||IEA				-	helix-turn-helix- domain containing protein, AraC type	ko:K21826	-	ko00000,ko03000	-	-	DJ-1_PfpI,HTH_18
NCS66_RS20350	class II aldolase/adducin family protein	WP_008354180.1					-	Class II aldolase	-	-	-	-	-	Aldolase_II
NCS66_RS20355	GlxA family transcriptional regulator	WP_250480837.1	DNA-binding transcription factor activity|0003700||IEA				-	helix-turn-helix- domain containing protein, AraC type	-	-	-	-	-	DJ-1_PfpI,HTH_18
NCS66_RS20360	hypothetical protein	WP_033535841.1					-	-	-	-	-	-	-	-
NCS66_RS20390	dihydroneopterin aldolase	WP_008354172.1					-	dihydroneopterin aldolase	ko:K01633	M00126,M00840	ko00000,ko00001,ko00002,ko01000	-	-	FolB
NCS66_RS20400	CRISPR-associated helicase/endonuclease Cas3	WP_034472276.1					-	DEAD-like helicases superfamily	ko:K07012	-	ko00000,ko01000,ko02048	-	-	DEAD,Helicase_C
NCS66_RS20405	CRISPR-associated protein Cse1	WP_008354168.1					-	TIGRFAM CRISPR-associated protein, Cse1 family	ko:K19123	-	ko00000,ko02048	-	-	-
NCS66_RS20410	type I-E CRISPR-associated protein Cse2/CasB	WP_008354167.1	molecular_function|0003674||IEA	maintenance of CRISPR repeat elements|0043571||IEA		casB	-	CRISPR-associated protein Cse2 (CRISPR_cse2)	ko:K19046	-	ko00000,ko02048	-	-	CRISPR_Cse2
NCS66_RS20415	type I-E CRISPR-associated protein Cas7/Cse4/CasC	WP_008354166.1	molecular_function|0003674||IEA	maintenance of CRISPR repeat elements|0043571||IEA		cas7e	-	CT1975-like protein	ko:K19124	-	ko00000,ko02048	-	-	Cas_CT1975
NCS66_RS20420	type I-E CRISPR-associated protein Cas5/CasD	WP_008354165.1	RNA binding|0003723||IEA	defense response to virus|0051607||IEA		cas5e	-	CRISPR-associated protein (Cas_Cas5)	ko:K19125	-	ko00000,ko02048	-	-	Cas_Cas5d
NCS66_RS20425	type I-E CRISPR-associated protein Cas6/Cse3/CasE	WP_008354164.1	molecular_function|0003674||IEA	maintenance of CRISPR repeat elements|0043571||IEA		cas6e	-	CRISPR_assoc	ko:K19126	-	ko00000,ko02048	-	-	CRISPR_assoc
NCS66_RS20480	LacI family DNA-binding transcriptional regulator	WP_033536251.1					-	Bacterial regulatory proteins, lacI family	ko:K02529	-	ko00000,ko03000	-	-	LacI,Peripla_BP_3
NCS66_RS20485	phytanoyl-CoA dioxygenase family protein	WP_008347737.1					-	Phytanoyl-CoA dioxygenase (PhyH)	-	-	-	-	-	PhyH
NCS66_RS20495	hypothetical protein	WP_008347741.1					-	-	-	-	-	-	-	-
NCS66_RS20500	hypothetical protein	WP_033536253.1					-	-	-	-	-	-	-	-
NCS66_RS20505	hypothetical protein	WP_008347744.1					-	-	-	-	-	-	-	-
NCS66_RS20510	putative DNA modification/repair radical SAM protein	WP_008347746.1	S-adenosyl-L-methionine binding|1904047||IEA				-	PFAM Radical SAM domain protein	-	-	-	-	-	Radical_SAM
NCS66_RS20515	UdgX family uracil-DNA binding protein	WP_034470996.1					-	PFAM Uracil-DNA glycosylase superfamily	ko:K21929	-	ko00000,ko00001,ko01000,ko03400	-	-	DUF4130,UDG
NCS66_RS20520	SDR family oxidoreductase	WP_008347750.1	oxidoreductase activity|0016491||IEA				-	Short-chain dehydrogenase reductase sdr	-	-	-	-	-	adh_short_C2
NCS66_RS20525	DUF4410 domain-containing protein	WP_008347752.1					-	Domain of unknown function (DUF4410)	-	-	-	-	-	DUF4410
NCS66_RS20530	cardiolipin synthase	WP_008347754.1	phosphotransferase activity, for other substituted phosphate groups|0016780||IEA	cardiolipin biosynthetic process|0032049||IEA		cls	-	Catalyzes the reversible phosphatidyl group transfer from one phosphatidylglycerol molecule to another to form cardiolipin (CL) (diphosphatidylglycerol) and glycerol	ko:K06131	-	ko00000,ko00001,ko01000	-	-	PLDc_2
NCS66_RS20535	EAL domain-containing protein	WP_008347756.1					-	GGDEF domain containing protein	ko:K21023	-	ko00000,ko00001,ko01000	-	-	EAL,GGDEF,MHYT
NCS66_RS20545	MarR family transcriptional regulator	WP_008347760.1	DNA-binding transcription factor activity|0003700||IEA				-	PFAM regulatory protein, MarR	-	-	-	-	-	MarR
NCS66_RS20550	DUF4148 domain-containing protein	WP_034470994.1					-	-	-	-	-	-	-	DUF4148
NCS66_RS20560	M60 family metallopeptidase	WP_250480838.1					-	Peptidase M60-like family	-	-	-	-	-	Peptidase_M60
NCS66_RS20565	EAL domain-containing protein	WP_008347768.1					-	Diguanylate phosphodiesterase	-	-	-	-	-	DUF3330,EAL,PTS_EIIC
NCS66_RS20580	sugar ABC transporter permease	WP_235366216.1	ABC-type transporter activity|0140359||IEA				-	Binding-protein-dependent transport system inner membrane component	-	-	-	-	-	BPD_transp_1
NCS66_RS20590	sugar-binding transcriptional regulator	WP_008347778.1	carbohydrate binding|0030246||IEA				-	Putative sugar-binding domain	-	-	-	-	-	Sugar-bind
NCS66_RS20595	SDR family oxidoreductase	WP_008347780.1					-	KR domain	-	-	-	-	-	adh_short_C2
NCS66_RS20605	VIT1/CCC1 transporter family protein	WP_008347784.1					-	membrane	-	-	-	-	-	VIT1
NCS66_RS20615	xanthine dehydrogenase family protein molybdopterin-binding subunit	WP_008347790.1	molybdopterin cofactor binding|0043546||IEA				-	PFAM aldehyde oxidase and xanthine dehydrogenase molybdopterin binding	ko:K00256,ko:K07303	-	ko00000,ko01000	-	-	Ald_Xan_dh_C,Ald_Xan_dh_C2
NCS66_RS20620	cytochrome c	WP_008347792.1	heme binding|0020037||IEA				-	PFAM cytochrome c, class I	-	-	-	-	-	Cytochrom_C
NCS66_RS20625	DUF1488 family protein	WP_008347794.1					-	Protein of unknown function (DUF1488)	-	-	-	-	-	DUF1488
NCS66_RS20630	DUF3331 domain-containing protein	WP_008347795.1					-	Domain of unknown function (DUF3331)	-	-	-	-	-	DUF3331
NCS66_RS20635	H-NS histone family protein	WP_008347797.1					-	Domain in histone-like proteins of HNS family	ko:K03746	-	ko00000,ko03036,ko03400	-	-	Histone_HNS
NCS66_RS20645	LLM class oxidoreductase	WP_008347800.1					-	PFAM luciferase family protein	-	-	-	-	-	Bac_luciferase
NCS66_RS20655	DUF3311 domain-containing protein	WP_008347802.1					-	Protein of unknown function (DUF3311)	-	-	-	-	-	DUF3311
NCS66_RS20670	circularly permuted type 2 ATP-grasp protein	WP_008347805.1					-	Circularly permuted ATP-grasp type 2	-	-	-	-	-	CP_ATPgrasp_2
NCS66_RS20675	alpha-E domain-containing protein	WP_008347806.1					-	A predicted alpha-helical domain with a conserved ER motif.	-	-	-	-	-	Alpha-E
NCS66_RS20680	putative zinc-binding metallopeptidase	WP_008347807.1					-	Putative zinc-binding metallo-peptidase	-	-	-	-	-	Peptidase_Mx,zinc-ribbon_6
NCS66_RS20685	transglutaminase family protein	WP_008347808.1					-	transglutaminase domain protein	-	-	-	-	-	Bact_transglu_N,DUF2126,Transglut_core
NCS66_RS20690	circularly permuted type 2 ATP-grasp protein	WP_008347809.1					-	A predicted alpha-helical domain with a conserved ER motif.	-	-	-	-	-	Alpha-E,CP_ATPgrasp_2
NCS66_RS20695	transglutaminase family protein	WP_008347810.1					-	transglutaminase domain protein	-	-	-	-	-	Bact_transglu_N,Transglut_core
NCS66_RS20710	TAXI family TRAP transporter solute-binding subunit	WP_008347815.1					-	ABC transporter substrate-binding protein	-	-	-	-	-	NMT1_3
NCS66_RS20715	hypothetical protein	WP_051078983.1					-	-	-	-	-	-	-	-
NCS66_RS20720	D-2-hydroxyacid dehydrogenase family protein	WP_033536257.1					-	Belongs to the D-isomer specific 2-hydroxyacid dehydrogenase family	-	-	-	-	-	2-Hacid_dh,2-Hacid_dh_C
NCS66_RS20725	TetR family transcriptional regulator	WP_034470986.1	DNA binding|0003677||IEA				-	Bacterial regulatory proteins, tetR family	-	-	-	-	-	TetR_N
NCS66_RS20730	hypothetical protein	WP_008347819.1					-	-	-	-	-	-	-	-
NCS66_RS20735	peptidyl-alpha-hydroxyglycine alpha-amidating lyase family protein	WP_033536183.1					-	NHL repeat	-	-	-	-	-	NHL
NCS66_RS20740	MFS transporter	WP_008347821.1					-	-	-	-	-	-	-	-
NCS66_RS20755	hypothetical protein	WP_034470982.1					-	-	-	-	-	-	-	-
NCS66_RS20760	GntR family transcriptional regulator	WP_034470980.1	DNA-binding transcription factor activity|0003700||IEA				-	Transcriptional regulator	-	-	-	-	-	FCD,GntR
NCS66_RS20770	2-keto-4-pentenoate hydratase	WP_034470977.1					-	hydratase	ko:K02554	M00545,M00569	br01602,ko00000,ko00001,ko00002,ko01000	-	-	FAA_hydrolase
NCS66_RS20775	FAD-binding and (Fe-S)-binding domain-containing protein	WP_008347829.1	flavin adenine dinucleotide binding|0050660||IEA				-	FAD linked oxidase domain protein	-	-	-	-	-	CCG,FAD-oxidase_C,FAD_binding_4,Fer4_8
NCS66_RS20780	MFS transporter	WP_008347831.1	transmembrane transporter activity|0022857||IEA	transmembrane transport|0055085||IEA			-	Major facilitator superfamily	-	-	-	-	-	MFS_1,Sugar_tr
NCS66_RS20785	enoyl-CoA hydratase-related protein	WP_033536185.1	catalytic activity|0003824||IEA				-	Enoyl-CoA hydratase/isomerase	-	-	-	-	-	ECH_1
NCS66_RS20790	CoA transferase	WP_081851824.1	transferase activity|0016740||IEA				-	L-carnitine dehydratase bile acid-inducible protein F	ko:K07749	-	ko00000,ko01000	-	-	CoA_transf_3
NCS66_RS20795	DSD1 family PLP-dependent enzyme	WP_008347837.1					-	Alanine racemase	ko:K19967	-	ko00000,ko01000	-	-	Ala_racemase_N,D-ser_dehydrat
NCS66_RS20800	FUSC family protein	WP_033536186.1	transmembrane transporter activity|0022857||IEA	transmembrane transport|0055085||IEA	plasma membrane|0005886||IEA		-	Aromatic acid exporter family member 1	-	-	-	-	-	FUSC_2
NCS66_RS20810	methanol/ethanol family PQQ-dependent dehydrogenase	WP_008347842.1					-	PQQ-dependent dehydrogenase, methanol ethanol family	ko:K00114	-	ko00000,ko00001,ko01000	-	-	PQQ,PQQ_2,PQQ_3
NCS66_RS20815	pyrroloquinoline quinone biosynthesis peptide chaperone PqqD	WP_008347844.1	quinone binding|0048038||IEA	pyrroloquinoline quinone biosynthetic process|0018189||IEA		pqqD	-	biosynthesis protein	ko:K06138	-	ko00000	-	-	PqqD
NCS66_RS20820	pyrroloquinoline quinone precursor peptide PqqA	WP_008347847.1	catalytic activity|0003824||IEA	pyrroloquinoline quinone biosynthetic process|0018189||IEA		pqqA	-	Required for coenzyme pyrroloquinoline quinone (PQQ) biosynthesis. PQQ is probably formed by cross-linking a specific glutamate to a specific tyrosine residue and excising these residues from the peptide	ko:K06135	-	ko00000	-	-	PqqA
NCS66_RS20825	sigma-54-dependent Fis family transcriptional regulator	WP_008347850.1					-	PFAM sigma-54 factor interaction domain-containing protein	ko:K21405	-	ko00000,ko03000	-	-	GAF,HTH_8,Sigma54_activat
NCS66_RS20830	hypothetical protein	WP_008347853.1					-	-	-	-	-	-	-	-
NCS66_RS20835	LysE family transporter	WP_008347855.1		amino acid transport|0006865||IEA	membrane|0016020||IEA		-	PFAM Lysine exporter protein (LYSE YGGA)	-	-	-	-	-	LysE
NCS66_RS20840	sensor domain-containing diguanylate cyclase	WP_235366219.1	diguanylate cyclase activity|0052621||IEA				-	Diguanylate cyclase	-	-	-	-	-	GGDEF,dCache_1
NCS66_RS20845	FadR/GntR family transcriptional regulator	WP_008347857.1	DNA-binding transcription factor activity|0003700||IEA				-	Regulatory protein GntR HTH	-	-	-	-	-	FCD,GntR
NCS66_RS20880	M81 family metallopeptidase	WP_008347864.1					-	Involved in peptidolytic degradation of cyclic heptapeptide hepatotoxin microcystin (MC)	-	-	-	-	-	DUF1485,MlrC_C
NCS66_RS20885	hypothetical protein	WP_241484851.1					-	-	-	-	-	-	-	-
NCS66_RS20910	MFS transporter	WP_008347877.1	transmembrane transporter activity|0022857||IEA	transmembrane transport|0055085||IEA			-	Major Facilitator Superfamily	-	-	-	-	-	MFS_1
NCS66_RS20920	efflux RND transporter periplasmic adaptor subunit	WP_008347880.1	transporter activity|0005215||IEA	transport|0006810||IEA			-	Belongs to the membrane fusion protein (MFP) (TC 8.A.1) family	-	-	-	-	-	HlyD_D23
NCS66_RS20940	tautomerase family protein	WP_008347888.1					-	4-oxalocrotonate tautomerase	-	-	-	-	-	Tautomerase_2
NCS66_RS20945	GFA family protein	WP_008347889.1	metal ion binding|0046872||IEA				-	Glutathione-dependent formaldehyde-activating enzyme	-	-	-	-	-	GFA
NCS66_RS20950	alkaline phosphatase family protein	WP_008347891.1					-	PFAM phosphoesterase	ko:K01114	-	ko00000,ko00001,ko01000,ko02042	-	-	DUF756,Phosphoesterase
NCS66_RS20955	GNAT family protein	WP_008347894.1					-	FR47-like protein	-	-	-	-	-	Acetyltransf_1
NCS66_RS20960	linear amide C-N hydrolase	WP_008347896.1					-	Choloylglycine hydrolase	ko:K01442	-	ko00000,ko00001,ko01000	-	-	CBAH
NCS66_RS20965	DUF3348 domain-containing protein	WP_008347899.1					-	Protein of unknown function (DUF3348)	-	-	-	-	-	DUF3348
NCS66_RS20970	DUF802 domain-containing protein	WP_034470969.1					-	Domain of unknown function (DUF802)	-	-	-	-	-	DUF802
NCS66_RS20975	OmpA family protein	WP_008347904.1					-	PFAM OmpA MotB domain protein	-	-	-	-	-	OmpA
NCS66_RS20980	DUF2894 domain-containing protein	WP_033536191.1					-	Protein of unknown function (DUF2894)	-	-	-	-	-	DUF2894
NCS66_RS20985	transketolase family protein	WP_008347908.1					-	Transketolase	ko:K00615	M00004,M00007,M00165,M00167	ko00000,ko00001,ko00002,ko01000	-	-	Transket_pyr,Transketolase_C
NCS66_RS20990	transketolase	WP_008347910.1					-	Transketolase	ko:K00615	M00004,M00007,M00165,M00167	ko00000,ko00001,ko00002,ko01000	-	-	Transketolase_N
NCS66_RS21005	LysR substrate-binding domain-containing protein	WP_008347915.1					-	LysR family	-	-	-	-	-	HTH_1,LysR_substrate
NCS66_RS21010	peroxidase-related enzyme	WP_008347918.1					-	Antioxidant protein with alkyl hydroperoxidase activity. Required for the reduction of the AhpC active site cysteine residues and for the regeneration of the AhpC enzyme activity	ko:K01607	-	ko00000,ko00001,ko01000	-	-	CMD
NCS66_RS21015	PAS domain-containing protein	WP_008347921.1	protein binding|0005515||IEA				-	PAS fold	-	-	-	-	-	HATPase_c,HisKA,PAS_3,PAS_4,Response_reg
NCS66_RS21020	hypothetical protein	WP_250480841.1					-	-	-	-	-	-	-	-
NCS66_RS21030	hypothetical protein	WP_008347927.1					-	-	-	-	-	-	-	-
NCS66_RS21035	helix-turn-helix transcriptional regulator	WP_008347929.1	sequence-specific DNA binding|0043565||IEA	regulation of DNA-templated transcription|0006355||IEA			-	helix_turn_helix, arabinose operon control protein	-	-	-	-	-	AraC_binding_2,HTH_18
NCS66_RS21040	MFS transporter	WP_008347932.1	transmembrane transporter activity|0022857||IEA	transmembrane transport|0055085||IEA			-	Sugar (and other) transporter	-	-	-	-	-	MFS_1,Sugar_tr
NCS66_RS21045	RNA polymerase sigma-70 factor	WP_008347933.1	sigma factor activity|0016987||IEA	DNA-templated transcription initiation|0006352||IEA			-	Belongs to the sigma-70 factor family. ECF subfamily	ko:K03088	-	ko00000,ko03021	-	-	Sigma70_r2,Sigma70_r4_2
NCS66_RS21055	cupin domain-containing protein	WP_008347938.1					-	PFAM Cupin 2 conserved barrel domain protein	-	-	-	-	-	Cupin_2
NCS66_RS21060	LysR family transcriptional regulator	WP_033536192.1	DNA-binding transcription activator activity|0001216||IEA				-	Transcriptional regulator	-	-	-	-	-	HTH_1,LysR_substrate
NCS66_RS21070	Ohr family peroxiredoxin	WP_008347943.1	peroxidase activity|0004601||IEA	response to oxidative stress|0006979||IEA			-	OsmC-like protein	-	-	-	-	-	OsmC
NCS66_RS21080	NIPSNAP family protein	WP_008347947.1					-	NIPSNAP family containing protein	-	-	-	-	-	NIPSNAP
NCS66_RS21085	FAD-dependent oxidoreductase	WP_008347949.1	FAD binding|0071949||IEA				-	PFAM fumarate reductase succinate dehydrogenase flavoprotein domain protein	-	-	-	-	-	FAD_binding_2
NCS66_RS21090	SDR family oxidoreductase	WP_008347951.1	oxidoreductase activity|0016491||IEA				-	KR domain	-	-	-	-	-	adh_short_C2
NCS66_RS21095	helix-turn-helix domain-containing protein	WP_033536193.1	sequence-specific DNA binding|0043565||IEA	regulation of DNA-templated transcription|0006355||IEA			-	Transcriptional regulator	ko:K18954	-	ko00000,ko03000	-	-	AraC_binding,HTH_18
NCS66_RS21105	4-oxalocrotonate tautomerase family protein	WP_008347957.1					-	4-oxalocrotonate tautomerase	ko:K01821	M00569	ko00000,ko00001,ko00002,ko01000	-	-	Tautomerase
NCS66_RS21110	SDR family oxidoreductase	WP_008347959.1	oxidoreductase activity|0016491||IEA				-	Short-chain dehydrogenase reductase SDR	-	-	-	-	-	adh_short_C2
NCS66_RS21115	haloacid dehalogenase type II	WP_008347961.1	(S)-2-haloacid dehalogenase activity|0018784||IEA	xenobiotic metabolic process|0006805||IEA			-	Haloacid dehalogenase, type II	ko:K01560	-	ko00000,ko00001,ko01000	-	-	HAD_2,Hydrolase
NCS66_RS21120	DUF1330 domain-containing protein	WP_008347963.1					-	Domain of unknown function (DUF1330)	-	-	-	-	-	DUF1330
NCS66_RS21125	DUF4148 domain-containing protein	WP_008347964.1					-	Domain of unknown function (DUF4148)	-	-	-	-	-	DUF4148
NCS66_RS21135	amidohydrolase family protein	WP_063231777.1	hydrolase activity|0016787||IEA				-	Amidohydrolase	-	-	-	-	-	Amidohydro_2
NCS66_RS21140	MFS transporter	WP_008347969.1					-	Major facilitator superfamily	-	-	-	-	-	MFS_1,Sugar_tr
NCS66_RS21145	LysR family transcriptional regulator	WP_008347970.1	DNA-binding transcription factor activity|0003700||IEA				-	LysR substrate binding domain	-	-	-	-	-	HTH_1,LysR_substrate
NCS66_RS21150	alpha/beta hydrolase	WP_144403689.1					-	Alpha beta hydrolase	-	-	-	-	-	Abhydrolase_1
NCS66_RS21155	acyltransferase	WP_008347972.1	acyltransferase activity, transferring groups other than amino-acyl groups|0016747||IEA				-	acyltransferase 3	-	-	-	-	-	Acyl_transf_3
NCS66_RS21160	class I SAM-dependent methyltransferase	WP_008347973.1	S-adenosyl-L-methionine binding|1904047||IEA				-	3-demethylubiquinone-9 3-O-methyltransferase activity	-	-	-	-	-	Methyltransf_11,Methyltransf_25
NCS66_RS21165	MATE family efflux transporter	WP_235366221.1	xenobiotic transmembrane transporter activity|0042910||IEA	transmembrane transport|0055085||IEA	membrane|0016020||IEA		-	MatE	-	-	-	-	-	MatE
NCS66_RS21175	response regulator	WP_033536196.1		phosphorelay signal transduction system|0000160||IEA			-	Response regulator containing a CheY-like receiver domain and an HD-GYP domain	-	-	-	-	-	HATPase_c,HisKA,Hpt,PAS,PAS_4,PAS_8,PilZ,Response_reg
NCS66_RS21180	response regulator	WP_244808213.1		phosphorelay signal transduction system|0000160||IEA			-	histidine kinase A domain protein	-	-	-	-	-	CHASE,HATPase_c,HisKA,Hpt,PAS,PAS_3,PAS_4,PAS_9,Response_reg,SnoaL_3,dCache_1
NCS66_RS21185	DUF3563 family protein	WP_235366224.1					-	Protein of unknown function (DUF3563)	-	-	-	-	-	DUF3563
NCS66_RS21190	alpha/beta fold hydrolase	WP_081851823.1					-	Alpha beta hydrolase	-	-	-	-	-	Abhydrolase_1,Abhydrolase_6
NCS66_RS21195	VC0807 family protein	WP_008347981.1					-	-	-	-	-	-	-	-
NCS66_RS21200	hypothetical protein	WP_008347982.1					-	-	-	-	-	-	-	-
NCS66_RS21205	YdcH family protein	WP_008347983.1					-	Protein of unknown function (DUF465)	ko:K09794	-	ko00000	-	-	DUF465
NCS66_RS21210	polyphosphate kinase 2	WP_008347984.1	polyphosphate kinase activity|0008976||IEA	phosphorus metabolic process|0006793||IEA	cellular_component|0005575||IEA	ppk2	-	Polyphosphate kinase 2 (PPK2)	ko:K22468	-	ko00000,ko00001,ko01000,ko03019	-	-	PPK2
NCS66_RS21215	LysR substrate-binding domain-containing protein	WP_008347985.1					-	Transcriptional regulator	-	-	-	-	-	HTH_1,LysR_substrate
NCS66_RS21220	sulfite exporter TauE/SafE family protein	WP_008347988.1		transport|0006810||IEA			-	membrane transporter protein	ko:K07090	-	ko00000	-	-	TauE
NCS66_RS21225	hypothetical protein	WP_235366225.1					-	-	-	-	-	-	-	-
NCS66_RS21240	aldolase	WP_008347995.1					-	Class II aldolase adducin family protein	-	-	-	-	-	Aldolase_II
NCS66_RS21245	DUF1349 domain-containing protein	WP_033536197.1					-	Protein of unknown function (DUF1349)	-	-	-	-	-	DUF1349
NCS66_RS21250	membrane protein	WP_008347998.1					-	response to pH	-	-	-	-	-	DUF308
NCS66_RS21255	hypothetical protein	WP_033536198.1					-	-	-	-	-	-	-	-
NCS66_RS21260	hypothetical protein	WP_008348002.1					-	NAD(P)H-binding	ko:K19267	-	ko00000,ko00001,ko01000	-	-	NAD_binding_10,NmrA
NCS66_RS21265	hypothetical protein	WP_008348003.1					-	Bacterial regulatory proteins, tetR family	-	-	-	-	-	TetR_N
NCS66_RS21270	glycosyltransferase family 2 protein	WP_144403691.1	glycosyltransferase activity|0016757||IEA				-	Glycosyltransferase like family 2	-	-	-	-	-	Glycos_transf_2
NCS66_RS21275	LacI family DNA-binding transcriptional regulator	WP_008348007.1					-	Bacterial regulatory proteins, lacI family	ko:K02529	-	ko00000,ko03000	-	-	LacI,Peripla_BP_4
NCS66_RS21280	fatty acid desaturase family protein	WP_033536199.1					-	fatty acid desaturase	-	-	-	-	-	FA_desaturase
NCS66_RS21285	non-heme iron oxygenase ferredoxin subunit	WP_008348011.1					-	TIGRFAM Rieske 2Fe-2S domain protein, MocE subfamily	ko:K05710,ko:K16304	M00539,M00545	br01602,ko00000,ko00001,ko00002	-	-	Rieske
NCS66_RS21290	methyl-accepting chemotaxis protein	WP_034470952.1					-	histidine kinase HAMP region domain protein	ko:K05875	-	ko00000,ko00001,ko02035	-	-	4HB_MCP_1,Cache_3-Cache_2,HAMP,MCPsignal,TarH,sCache_2
NCS66_RS21300	LacI family DNA-binding transcriptional regulator	WP_008348017.1	sequence-specific DNA binding|0043565||IEA	negative regulation of DNA-templated transcription|0045892||IEA			-	LacI family transcriptional regulator	ko:K02529	-	ko00000,ko03000	-	-	LacI,Peripla_BP_3
NCS66_RS21305	NAD(P)-dependent oxidoreductase	WP_008348019.1	oxidoreductase activity|0016491||IEA				-	PFAM NAD-dependent epimerase dehydratase	ko:K18981	-	ko00000,ko00001,ko01000	-	-	Epimerase
NCS66_RS21310	SMP-30/gluconolactonase/LRE family protein	WP_008348021.1	metal ion binding|0046872||IEA				-	PFAM SMP-30 Gluconolaconase	ko:K14274	-	ko00000,ko00001,ko01000	-	-	SGL
NCS66_RS21320	FadR/GntR family transcriptional regulator	WP_008348023.1	DNA-binding transcription factor activity|0003700||IEA				-	FCD	ko:K05799	-	ko00000,ko03000	-	-	FCD,GntR
NCS66_RS21325	NAD-dependent epimerase/dehydratase family protein	WP_008348024.1	catalytic activity|0003824||IEA				-	Nad-dependent epimerase dehydratase	ko:K18981	-	ko00000,ko00001,ko01000	-	-	Epimerase
NCS66_RS21355	alpha/beta hydrolase	WP_008348030.1	hydrolase activity|0016787||IEA				-	Alpha beta hydrolase	-	-	-	-	-	Abhydrolase_1,Abhydrolase_6
NCS66_RS21360	hypothetical protein	WP_008348031.1					-	pathogenesis	-	-	-	-	-	-
NCS66_RS21365	DUF899 domain-containing protein	WP_033536203.1	disulfide oxidoreductase activity|0015036||IEA				-	Bacterial protein of unknown function (DUF899)	-	-	-	-	-	DUF899
NCS66_RS21370	DUF6622 family protein	WP_008348033.1					-	-	-	-	-	-	-	-
NCS66_RS21380	MFS transporter	WP_008348036.1	transmembrane transporter activity|0022857||IEA	transmembrane transport|0055085||IEA			-	Major facilitator superfamily	-	-	-	-	-	MFS_1
NCS66_RS21395	AAA family ATPase	WP_250480843.1	ATP hydrolysis activity|0016887||IEA				-	Belongs to the ClpA ClpB family	ko:K03696	-	ko00000,ko03110	-	-	AAA,AAA_2,ClpB_D2-small,Clp_N
NCS66_RS21410	UTRA domain-containing protein	WP_008348046.1	DNA-binding transcription factor activity|0003700||IEA				-	Transcriptional regulator	ko:K03710	-	ko00000,ko03000	-	-	GntR,UTRA
NCS66_RS21420	LysR family transcriptional regulator	WP_008348049.1					-	LysR family transcriptional regulator	-	-	-	-	-	HTH_1,LysR_substrate
NCS66_RS21435	CoA transferase	WP_008348055.1	transferase activity|0016740||IEA				-	PFAM L-carnitine dehydratase bile acid-inducible protein F	ko:K07749	-	ko00000,ko01000	-	-	CoA_transf_3
NCS66_RS21440	MaoC family dehydratase	WP_174447712.1					-	PFAM MaoC domain protein dehydratase	-	-	-	-	-	MaoC_dehydratas
NCS66_RS21445	VOC family protein	WP_008348059.1					-	glyoxalase bleomycin resistance protein dioxygenase	-	-	-	-	-	Glyoxalase,Glyoxalase_4
NCS66_RS21455	SDR family oxidoreductase	WP_008348061.1					-	NAD(P)H-binding	-	-	-	-	-	Epimerase,NAD_binding_10
NCS66_RS21460	PilZ domain-containing protein	WP_250480845.1	cyclic-di-GMP binding|0035438||IEA				-	PilZ domain	-	-	-	-	-	PilZ,YcgR_2
NCS66_RS21505	FAD-dependent oxidoreductase	WP_008348080.1	FAD binding|0071949||IEA				-	fad dependent oxidoreductase	-	-	-	-	-	DAO
NCS66_RS21510	(2Fe-2S)-binding protein	WP_033536269.1					-	2Fe-2S iron-sulfur cluster binding domain	-	-	-	-	-	Fer2_4
NCS66_RS21515	NAD(P)/FAD-dependent oxidoreductase	WP_008348083.1					-	BFD domain protein 2Fe-2S -binding domain protein	-	-	-	-	-	Fer2_BFD,Pyr_redox_2
NCS66_RS21530	LysR family transcriptional regulator	WP_008348089.1	DNA-binding transcription factor activity|0003700||IEA	regulation of DNA-templated transcription|0006355||IEA			-	Transcriptional regulator	-	-	-	-	-	HTH_1,LysR_substrate
NCS66_RS21535	MFS transporter	WP_008348091.1	transmembrane transporter activity|0022857||IEA	transmembrane transport|0055085||IEA			-	Major Facilitator Superfamily	-	-	-	-	-	MFS_1,Sugar_tr
NCS66_RS21540	GMC family oxidoreductase N-terminal domain-containing protein	WP_008348092.1	flavin adenine dinucleotide binding|0050660||IEA				-	glucose-methanol-choline oxidoreductase	ko:K00108,ko:K16873	M00555	ko00000,ko00001,ko00002,ko01000	-	-	GMC_oxred_C,GMC_oxred_N,Lycopene_cycl
NCS66_RS21545	enoyl-CoA hydratase/isomerase family protein	WP_008348095.1					-	enoyl-CoA hydratase isomerase	ko:K16880	-	ko00000,ko00001	-	-	ECH_1
NCS66_RS21550	AMP-binding protein	WP_008348097.1					-	amp-dependent synthetase and ligase	ko:K16876	-	ko00000,ko00001,ko01000	-	-	AMP-binding,AMP-binding_C
NCS66_RS21560	FAD binding domain-containing protein	WP_008348100.1	oxidoreductase activity|0016491||IEA				-	Dehydrogenase	ko:K03519,ko:K16878	-	ko00000,ko00001,ko01000	-	-	CO_deh_flav_C,FAD_binding_5
NCS66_RS21565	molybdopterin cofactor-binding domain-containing protein	WP_250480847.1					-	carbon monoxide dehydrogenase	ko:K16877	-	ko00000,ko00001,ko01000	-	-	Ald_Xan_dh_C,Ald_Xan_dh_C2,COXG
NCS66_RS21575	UbiD family decarboxylase	WP_034471030.1	metal ion binding|0046872||IEA				-	Belongs to the UbiD family	ko:K16874	-	ko00000,ko00001	-	-	UbiD
NCS66_RS21580	LysR family transcriptional regulator	WP_008348104.1	DNA-binding transcription factor activity|0003700||IEA	regulation of DNA-templated transcription|0006355||IEA			-	Transcriptional regulator	-	-	-	-	-	HTH_1,LysR_substrate
NCS66_RS21590	ATP-binding protein	WP_008348106.1					-	histidine kinase A domain protein	-	-	-	-	-	HATPase_c,HisKA,PAS_4,Response_reg
NCS66_RS21605	hypothetical protein	WP_051996434.1					-	Polyketide cyclase / dehydrase and lipid transport	-	-	-	-	-	Polyketide_cyc
NCS66_RS21615	major royal jelly family protein	WP_241484849.1					-	Major royal jelly protein	-	-	-	-	-	Abhydrolase_1,MRJP
NCS66_RS21620	RidA family protein	WP_008348110.1					-	endoribonuclease L-PSP	-	-	-	-	-	YjgF_endoribonc
NCS66_RS21625	GntR family transcriptional regulator	WP_008348112.1	DNA-binding transcription factor activity|0003700||IEA				-	FCD	-	-	-	-	-	FCD,GntR
NCS66_RS21635	oxalate/formate MFS antiporter	WP_244808217.1	antiporter activity|0015297||IEA			oxlT	-	PFAM major facilitator superfamily MFS_1	-	-	-	-	-	MFS_1
NCS66_RS21640	LysR substrate-binding domain-containing protein	WP_008348117.1					-	LysR substrate binding domain	-	-	-	-	-	HTH_1,LysR_substrate
NCS66_RS21645	DMT family transporter	WP_034470932.1	transporter activity|0005215||IEA	transmembrane transport|0055085||IEA			-	EamA-like transporter family	-	-	-	-	-	EamA
NCS66_RS21650	amidase	WP_008348121.1	hydrolase activity, acting on carbon-nitrogen (but not peptide) bonds|0016810||IEA				-	Amidase	-	-	-	-	-	Amidase
NCS66_RS21660	ANTAR domain-containing protein	WP_008348127.1	RNA binding|0003723||IEA				-	ANTAR	-	-	-	-	-	ANTAR
NCS66_RS21700	class II aldolase/adducin family protein	WP_008348142.1					-	Class II aldolase adducin family protein	-	-	-	-	-	Aldolase_II
NCS66_RS21715	hypothetical protein	WP_008348149.1					-	-	-	-	-	-	-	-
NCS66_RS21735	MFS transporter	WP_250480848.1	transmembrane transporter activity|0022857||IEA	transmembrane transport|0055085||IEA			-	Major facilitator superfamily MFS_1	-	-	-	-	-	MFS_1
NCS66_RS21740	MarR family winged helix-turn-helix transcriptional regulator	WP_200889168.1	DNA-binding transcription factor activity|0003700||IEA	regulation of DNA-templated transcription|0006355||IEA			-	helix_turn_helix multiple antibiotic resistance protein	-	-	-	-	-	MarR,MarR_2
NCS66_RS21745	MFS transporter	WP_008348160.1	transmembrane transporter activity|0022857||IEA	transmembrane transport|0055085||IEA			-	Sugar (and other) transporter	-	-	-	-	-	Sugar_tr
NCS66_RS21770	amidohydrolase family protein	WP_034470920.1					-	Amidohydrolase	ko:K07045,ko:K14333	-	ko00000,ko00001,ko01000	-	-	Amidohydro_2
NCS66_RS21775	2Fe-2S iron-sulfur cluster-binding protein	WP_250480849.1	metal ion binding|0046872||IEA				-	[2Fe-2S] binding domain	ko:K03518	-	ko00000,ko01000	-	-	COXG,Fer2,Fer2_2
NCS66_RS21780	FAD binding domain-containing protein	WP_034470914.1					-	FAD binding domain in molybdopterin dehydrogenase	ko:K03519	-	ko00000,ko01000	-	-	FAD_binding_5
NCS66_RS21785	xanthine dehydrogenase family protein molybdopterin-binding subunit	WP_051996433.1					-	Aldehyde oxidase and xanthine dehydrogenase, a/b hammerhead domain	ko:K03520	-	ko00000,ko01000	-	-	Ald_Xan_dh_C,Ald_Xan_dh_C2
NCS66_RS21815	DSD1 family PLP-dependent enzyme	WP_034470899.1					-	alanine racemase	ko:K20757	-	ko00000,ko01000	-	-	Ala_racemase_N,D-ser_dehydrat
NCS66_RS21820	DUF3325 domain-containing protein	WP_034470898.1					-	Protein of unknown function (DUF3325)	-	-	-	-	-	DUF3325
NCS66_RS21825	PepSY-associated TM helix domain-containing protein	WP_051996431.1			membrane|0016020||IEA		-	PepSY-associated TM region	-	-	-	-	-	PepSY,PepSY_TM
NCS66_RS21830	DUF3649 domain-containing protein	WP_034470895.1					-	Protein of unknown function (DUF3649)	-	-	-	-	-	DUF3649
NCS66_RS21835	hypothetical protein	WP_034470893.1					-	-	-	-	-	-	-	-
NCS66_RS21840	YeeE/YedE family protein	WP_008348170.1					-	Sulphur transport	ko:K07112	-	ko00000	-	-	Sulf_transp
NCS66_RS21845	dihydrofolate reductase family protein	WP_008348172.1	5-amino-6-(5-phosphoribosylamino)uracil reductase activity|0008703||IEA				-	RibD C-terminal domain	-	-	-	-	-	RibD_C
NCS66_RS21915	2,4'-dihydroxyacetophenone dioxygenase family protein	WP_008348198.1					-	PFAM Cupin 2 conserved barrel domain protein	ko:K05913	-	ko00000,ko00001,ko01000	-	-	Cupin_7
NCS66_RS21920	NAD(P)H-quinone oxidoreductase	WP_144403677.1					-	nadph quinone oxidoreductase	ko:K00344	-	ko00000,ko01000	-	-	ADH_N,ADH_zinc_N,ADH_zinc_N_2
NCS66_RS21935	LacI family DNA-binding transcriptional regulator	WP_033536211.1					-	Transcriptional regulator	ko:K02529	-	ko00000,ko03000	-	-	LacI,Peripla_BP_3
NCS66_RS21940	hemerythrin domain-containing protein	WP_008348207.1					-	Pfam Hemerythrin HHE cation binding domain	-	-	-	-	-	Hemerythrin
NCS66_RS21945	hypothetical protein	WP_008348209.1					-	-	-	-	-	-	-	-
NCS66_RS21950	hemerythrin domain-containing protein	WP_250480851.1					-	Hemerythrin HHE cation binding domain	-	-	-	-	-	Hemerythrin
NCS66_RS21960	phosphatidylserine decarboxylase family protein	WP_008348226.1					-	Belongs to the phosphatidylserine decarboxylase family	ko:K01613	M00093	ko00000,ko00001,ko00002,ko01000	-	-	PSDC,PS_Dcarbxylase
NCS66_RS21965	MFS transporter	WP_008348228.1	transmembrane transporter activity|0022857||IEA	transmembrane transport|0055085||IEA			-	PFAM major facilitator superfamily MFS_1	-	-	-	-	-	MFS_1
NCS66_RS21975	GntR family transcriptional regulator	WP_033536277.1	DNA-binding transcription factor activity|0003700||IEA				-	FCD domain	-	-	-	-	-	FCD,GntR
NCS66_RS21980	aromatic ring-hydroxylating dioxygenase subunit alpha	WP_008348234.1					-	Ring hydroxylating alpha subunit (catalytic domain)	ko:K00479	-	ko00000	-	-	Rieske,Ring_hydroxyl_A
NCS66_RS21985	LysR substrate-binding domain-containing protein	WP_034470885.1					-	LysR substrate binding domain	ko:K03566	-	ko00000,ko00001,ko03000	-	-	HTH_1,LysR_substrate
NCS66_RS21990	LysR family transcriptional regulator	WP_008348237.1	DNA-binding transcription factor activity|0003700||IEA	regulation of DNA-templated transcription|0006355||IEA			-	LysR substrate binding domain	-	-	-	-	-	HTH_1,LysR_substrate
NCS66_RS22005	FAD-binding oxidoreductase	WP_008348243.1	oxidoreductase activity|0016491||IEA				-	FAD dependent oxidoreductase	-	-	-	-	-	DAO
NCS66_RS22030	divalent metal cation transporter	WP_051079014.1			membrane|0016020||IEA		-	Natural resistance-associated macrophage protein	-	-	-	-	-	Nramp
NCS66_RS22040	hypothetical protein	WP_008348256.1					-	-	-	-	-	-	-	-
NCS66_RS22045	organic hydroperoxide resistance protein	WP_008348258.1					-	PFAM OsmC family protein	-	-	-	-	-	OsmC
NCS66_RS22050	hypothetical protein	WP_008348260.1					-	-	-	-	-	-	-	-
NCS66_RS22055	DUF4148 domain-containing protein	WP_008348262.1					-	Domain of unknown function (DUF4148)	-	-	-	-	-	DUF4148
NCS66_RS22060	thioredoxin family protein	WP_008348264.1					-	Thioredoxin-like	-	-	-	-	-	AhpC-TSA,Redoxin
NCS66_RS22065	hypothetical protein	WP_167561844.1					-	-	-	-	-	-	-	-
NCS66_RS22075	ATP-binding protein	WP_008348268.1					-	histidine kinase HAMP region domain protein	ko:K05962	-	ko00000,ko01000	-	-	HAMP,HATPase_c,HisKA
NCS66_RS22080	glycoside hydrolase family 28 protein	WP_008348269.1					-	Belongs to the glycosyl hydrolase 28 family	-	-	-	-	-	Glyco_hydro_28
NCS66_RS22085	glycosyltransferase family 2 protein	WP_008348270.1	glycosyltransferase activity|0016757||IEA				-	glycosyl transferase family 2	ko:K00786	-	ko00000,ko01000	-	-	Glycos_transf_2
NCS66_RS22090	lysophospholipid acyltransferase family protein	WP_008348272.1					-	Acyltransferase	-	-	-	-	-	Acyltransferase
NCS66_RS22095	NAD(P)/FAD-dependent oxidoreductase	WP_250480852.1	oxidoreductase activity|0016491||IEA				-	PFAM monooxygenase FAD-binding	-	-	-	-	-	FAD_binding_3,Trp_halogenase
NCS66_RS22105	phosphopantetheine-binding protein	WP_008348277.1					-	acyl carrier protein	ko:K02078	-	ko00000,ko00001	-	-	PP-binding
NCS66_RS22110	membrane protein	WP_034470877.1					-	membrane	-	-	-	-	-	-
NCS66_RS22115	AMP-binding protein	WP_033536279.1					-	AMP-binding enzyme	-	-	-	-	-	AMP-binding,AMP-binding_C,FabA
NCS66_RS22120	acyl-CoA synthetase	WP_051079015.1					-	Bacterial lipid A biosynthesis acyltransferase	-	-	-	-	-	Lip_A_acyltrans
NCS66_RS22125	outer membrane lipoprotein carrier protein LolA	WP_008348284.1		lipoprotein localization to outer membrane|0044874||IEA	cell outer membrane|0009279||IEA		-	Outer membrane lipoprotein carrier protein LolA	-	-	-	-	-	LolA
NCS66_RS22130	MMPL family transporter	WP_008348286.1			membrane|0016020||IEA		-	MMPL family	-	-	-	-	-	MMPL
NCS66_RS22135	polysaccharide deacetylase family protein	WP_008348288.1	metal ion binding|0046872||IEA				-	polysaccharide deacetylase	ko:K01452	-	ko00000,ko00001,ko01000	-	-	Polysacc_deac_1
NCS66_RS22140	GntR family transcriptional regulator	WP_250480853.1	DNA-binding transcription factor activity|0003700||IEA				-	FCD	-	-	-	-	-	FCD,GntR
NCS66_RS22160	class I SAM-dependent methyltransferase	WP_008348298.1	S-adenosyl-L-methionine binding|1904047||IEA				-	Methyltransferase domain	-	-	-	-	-	Methyltransf_25
NCS66_RS22165	beta-ketoacyl-[acyl-carrier-protein] synthase family protein	WP_033536216.1					-	Belongs to the beta-ketoacyl-ACP synthases family	ko:K00647,ko:K09458	M00083,M00572	ko00000,ko00001,ko00002,ko01000,ko01004	-	-	Ketoacyl-synt_C,ketoacyl-synt
NCS66_RS22170	beta-ketoacyl synthase chain length factor	WP_250480854.1					-	Beta-ketoacyl synthase, N-terminal domain	-	-	-	-	-	Ketoacyl-synt_2
NCS66_RS22175	hydroxymyristoyl-ACP dehydratase	WP_144403679.1					-	dehydratase	-	-	-	-	-	-
NCS66_RS22180	class I SAM-dependent methyltransferase	WP_008348306.1	methyltransferase activity|0008168||IEA				-	methyltransferase	ko:K03183	M00116,M00117	ko00000,ko00001,ko00002,ko01000	-	-	Ubie_methyltran
NCS66_RS22185	LysE family transporter	WP_008348307.1		amino acid transport|0006865||IEA	membrane|0016020||IEA		-	LysE type translocator	-	-	-	-	-	LysE
NCS66_RS22195	PadR family transcriptional regulator	WP_008348309.1	DNA binding|0003677||IEA				-	Transcriptional regulator	-	-	-	-	-	PadR
NCS66_RS22210	L,D-transpeptidase	WP_250480855.1	peptidoglycan L,D-transpeptidase activity|0071972||IEA				-	ErfK YbiS YcfS YnhG family protein	-	-	-	-	-	PG_binding_1,YkuD
NCS66_RS22215	universal stress protein	WP_008348313.1					-	Universal stress protein family	-	-	-	-	-	Usp
NCS66_RS22220	LysR family transcriptional regulator	WP_008348314.1	DNA-binding transcription activator activity|0001216||IEA				-	Transcriptional regulator	ko:K16516	-	ko00000,ko03000	-	-	HTH_1,LysR_substrate
NCS66_RS22225	O-methyltransferase	WP_008348315.1	S-adenosyl-L-methionine binding|1904047||IEA	methylation|0032259||IEA			-	O-methyltransferase	-	-	-	-	-	Methyltransf_3
NCS66_RS22240	alpha/beta hydrolase	WP_081851882.1	hydrolase activity|0016787||IEA				-	Alpha beta hydrolase	-	-	-	-	-	Abhydrolase_1
NCS66_RS22245	polysaccharide deacetylase family protein	WP_008348319.1	hydrolase activity, acting on carbon-nitrogen (but not peptide) bonds|0016810||IEA	carbohydrate metabolic process|0005975||IEA			-	Polysaccharide deacetylase	-	-	-	-	-	Polysacc_deac_1
NCS66_RS22250	glycosyltransferase	WP_033536220.1	glycosyltransferase activity|0016757||IEA				-	Glycosyl transferase 4-like	-	-	-	-	-	Glyco_transf_4,Glycos_transf_1
NCS66_RS22255	hypothetical protein	WP_008348321.1					-	-	-	-	-	-	-	-
NCS66_RS22260	FadR/GntR family transcriptional regulator	WP_008348324.1	DNA-binding transcription factor activity|0003700||IEA				-	Regulatory protein GntR HTH	ko:K05799	-	ko00000,ko03000	-	-	FCD,GntR
NCS66_RS22265	hypothetical protein	WP_008348325.1					-	-	-	-	-	-	-	-
NCS66_RS22270	hypothetical protein	WP_051996628.1					-	-	-	-	-	-	-	-
NCS66_RS22285	YdcF family protein	WP_008348333.1					-	DUF218 domain	-	-	-	-	-	DUF218
NCS66_RS22290	acyl carrier protein	WP_008348335.1					-	Acyl carrier protein	-	-	-	-	-	PP-binding
NCS66_RS22300	amino acid--[acyl-carrier-protein] ligase	WP_033536223.1					-	seryl-tRNA synthetase	-	-	-	-	-	-
NCS66_RS22305	DUF1839 family protein	WP_008348339.1					-	Domain of unknown function (DUF1839)	-	-	-	-	-	DUF1839
NCS66_RS22310	beta-mannosidase	WP_008348341.1					-	beta-mannosidase	ko:K01192	-	ko00000,ko00001,ko01000	-	-	Glyco_hydro_2,Glyco_hydro_2_C
NCS66_RS22315	Gfo/Idh/MocA family oxidoreductase	WP_008348343.1	oxidoreductase activity, acting on NAD(P)H|0016651||IEA				-	PFAM oxidoreductase domain protein	ko:K00035,ko:K13873	-	ko00000,ko00001,ko01000	-	-	GFO_IDH_MocA
NCS66_RS22320	hypothetical protein	WP_144403680.1					-	-	-	-	-	-	-	-
NCS66_RS22325	hypothetical protein	WP_144403681.1					-	-	-	-	-	-	-	-
NCS66_RS22330	indolepyruvate ferredoxin oxidoreductase family protein	WP_033536224.1					-	Catalyzes the ferredoxin-dependent oxidative decarboxylation of arylpyruvates	ko:K04090	-	br01601,ko00000,ko01000	-	-	POR,TPP_enzyme_C
NCS66_RS22335	LysR family transcriptional regulator	WP_008348350.1	DNA-binding transcription activator activity|0001216||IEA				-	Transcriptional regulator	-	-	-	-	-	HTH_1,LysR_substrate
NCS66_RS22345	aconitase family protein	WP_008348354.1					-	3-isopropylmalate dehydratase	ko:K01703	M00432,M00535	br01601,ko00000,ko00001,ko00002,ko01000	-	-	Aconitase,Aconitase_C
NCS66_RS22350	LysR family transcriptional regulator	WP_008348356.1	DNA-binding transcription activator activity|0001216||IEA				-	LysR substrate binding domain	-	-	-	-	-	HTH_1,LysR_substrate
NCS66_RS22365	YoaK family protein	WP_008348363.1			membrane|0016020||IEA		-	Protein of unknown function (DUF1275)	-	-	-	-	-	DUF1232,DUF1275
NCS66_RS22370	MarR family transcriptional regulator	WP_008348365.1	DNA-binding transcription factor activity|0003700||IEA	regulation of DNA-templated transcription|0006355||IEA			-	MarR family transcriptional regulator	ko:K06075	-	ko00000,ko03000	-	-	HTH_27,MarR,MarR_2
NCS66_RS22375	FUSC family protein	WP_008348367.1		transport|0006810||IEA	plasma membrane|0005886||IEA		-	Fusaric acid resistance protein conserved region	-	-	-	-	-	FUSC
NCS66_RS22380	DUF1656 domain-containing protein	WP_008348368.1			membrane|0016020||IEA		-	Protein of unknown function (DUF1656)	-	-	-	-	-	DUF1656
NCS66_RS22390	efflux transporter outer membrane subunit	WP_033536283.1	porin activity|0015288||IEA	transport|0006810||IEA	cell outer membrane|0009279||IEA		-	RND efflux system, outer membrane lipoprotein, NodT family	-	-	-	-	-	OEP
NCS66_RS22400	protein phosphatase 2C domain-containing protein	WP_008348376.1					-	Serine/threonine phosphatases, family 2C, catalytic domain	ko:K20074	-	ko00000,ko01000,ko01009	-	-	PP2C_2
NCS66_RS22405	EAL domain-containing protein	WP_008348378.1					-	GGDEF domain containing protein	-	-	-	-	-	EAL,GGDEF,MHYT
NCS66_RS22410	hypothetical protein	WP_008348380.1					-	-	-	-	-	-	-	-
NCS66_RS22415	hypothetical protein	WP_008348382.1					-	Belongs to the peptidase S8 family	-	-	-	-	-	-
NCS66_RS22420	phosphatase PAP2 family protein	WP_051996625.1					-	phosphoesterase, PA-phosphatase related	-	-	-	-	-	PAP2
NCS66_RS22425	adenylate/guanylate cyclase domain-containing protein	WP_008348385.1		intracellular signal transduction|0035556||IEA			-	Adenylate cyclase	-	-	-	-	-	Guanylate_cyc,Trans_reg_C
NCS66_RS22430	LuxR C-terminal-related transcriptional regulator	WP_033536286.1		regulation of DNA-templated transcription|0006355||IEA			-	helix_turn_helix, Lux Regulon	-	-	-	-	-	GerE,cNMP_binding
NCS66_RS22440	DUF3331 domain-containing protein	WP_008348391.1					-	Domain of unknown function (DUF3331)	-	-	-	-	-	DUF3331
NCS66_RS22445	DUF4148 domain-containing protein	WP_008348393.1					-	Domain of unknown function (DUF4148)	-	-	-	-	-	DUF4148
NCS66_RS22450	alpha/beta hydrolase	WP_008348395.1	hydrolase activity|0016787||IEA				-	Alpha/beta hydrolase family	-	-	-	-	-	Abhydrolase_6
NCS66_RS22455	DUF308 domain-containing protein	WP_250480856.1					-	response to pH	-	-	-	-	-	-
NCS66_RS22460	NYN domain-containing protein	WP_035473587.1	RNA nuclease activity|0004540||IEA				-	NYN domain	-	-	-	-	-	NYN,OST-HTH
NCS66_RS22465	polyketide cyclase	WP_008348401.1					-	polyketide cyclase	-	-	-	-	-	-
NCS66_RS22470	DNA-binding protein	WP_033536225.1					-	Plasmid replication region DNA-binding N-term	-	-	-	-	-	KfrA_N
NCS66_RS22475	DUF4148 domain-containing protein	WP_008348405.1					-	Domain of unknown function (DUF4148)	-	-	-	-	-	DUF4148
NCS66_RS22485	M20 family metallopeptidase	WP_008348408.1					-	peptidase dimerisation domain protein	-	-	-	-	-	M20_dimer,Peptidase_M20
NCS66_RS22490	LysR family transcriptional regulator	WP_034473156.1	DNA-binding transcription activator activity|0001216||IEA				-	regulatory protein LysR	-	-	-	-	-	HTH_1,LysR_substrate
NCS66_RS22495	VOC family protein	WP_008348411.1					-	glyoxalase bleomycin resistance protein dioxygenase	-	-	-	-	-	-
NCS66_RS22500	patatin-like phospholipase family protein	WP_008348413.1					-	Patatin phospholipase	ko:K07001	-	ko00000	-	-	DUF3734,Patatin
NCS66_RS22520	M48 family metalloprotease	WP_033536229.1	metalloendopeptidase activity|0004222||IEA	proteolysis|0006508||IEA			-	-	-	-	-	-	-	-
NCS66_RS22525	oxidoreductase	WP_008348423.1					-	Enoyl-(Acyl carrier protein) reductase	-	-	-	-	-	adh_short
NCS66_RS22535	hypothetical protein	WP_008348427.1					-	-	-	-	-	-	-	-
NCS66_RS22540	porin	WP_008348428.1	porin activity|0015288||IEA		cell outer membrane|0009279||IEA		-	Gram-negative porin	-	-	-	-	-	Porin_4
NCS66_RS22545	ProQ/FinO family protein	WP_008348430.1					-	ProQ activator of osmoprotectant transporter ProP	ko:K03607	-	ko00000	-	-	ProQ
NCS66_RS22555	TetR/AcrR family transcriptional regulator	WP_008348435.1					-	PFAM regulatory protein TetR	ko:K03577,ko:K19736	M00647	ko00000,ko00002,ko03000	-	-	TetR_C_7,TetR_N
NCS66_RS22560	MBL fold metallo-hydrolase	WP_008348437.1					-	Beta-lactamase superfamily domain	-	-	-	-	-	Lactamase_B_2
NCS66_RS22565	NmrA family NAD(P)-binding protein	WP_008348439.1					-	NmrA family	-	-	-	-	-	NAD_binding_10,NmrA
NCS66_RS22570	MaoC family dehydratase N-terminal domain-containing protein	WP_034473152.1					-	N-terminal half of MaoC dehydratase	ko:K09709,ko:K18291	M00376	ko00000,ko00001,ko00002,ko01000	-	-	MaoC_dehydrat_N
NCS66_RS22580	CaiB/BaiF CoA-transferase family protein	WP_008348447.1					-	L-carnitine dehydratase bile acid-inducible protein F	ko:K18289	-	ko00000,ko00001,ko01000	-	-	CoA_transf_3
NCS66_RS22600	glucosidase	WP_033536231.1					-	Belongs to the GPI family	-	-	-	-	-	-
NCS66_RS22605	universal stress protein	WP_008348456.1	adenyl ribonucleotide binding|0032559||IEA				-	universal stress protein	-	-	-	-	-	Usp
NCS66_RS22640	FAD-dependent oxidoreductase	WP_008348469.1	FAD binding|0071949||IEA				-	FAD dependent oxidoreductase	ko:K00285	-	ko00000,ko00001,ko01000	-	-	DAO
NCS66_RS22650	PLP-dependent aminotransferase family protein	WP_008348472.1	pyridoxal phosphate binding|0030170||IEA				-	aminotransferase class I and II	-	-	-	-	-	Aminotran_1_2,GntR
NCS66_RS22675	MlaD family protein	WP_008348480.1					-	Mammalian cell entry	ko:K06192	-	ko00000	-	-	MlaD
NCS66_RS22680	PqiC family protein	WP_008348482.1					-	ABC-type transport auxiliary lipoprotein component	ko:K09857	-	ko00000	-	-	ABC_trans_aux
NCS66_RS22685	hypothetical protein	WP_250480858.1					-	-	-	-	-	-	-	-
NCS66_RS22705	DUF3141 domain-containing protein	WP_008348489.1					-	Protein of unknown function (DUF3141)	-	-	-	-	-	DUF3141
NCS66_RS22710	SulP family inorganic anion transporter	WP_008348493.1	inorganic anion transmembrane transporter activity|0015103||IEA		membrane|0016020||IEA		-	Sulfate transporter antisigma-factor antagonist STAS	-	-	-	-	-	STAS,Sulfate_transp
NCS66_RS22715	polyphosphate kinase 2	WP_008348496.1	polyphosphate kinase activity|0008976||IEA	phosphorus metabolic process|0006793||IEA	cellular_component|0005575||IEA	ppk2	-	Polyphosphate kinase 2 (PPK2)	ko:K22468	-	ko00000,ko00001,ko01000,ko03019	-	-	PPK2
NCS66_RS22720	RNA-binding protein	WP_008348497.1	RNA binding|0003723||IEA				-	-	-	-	-	-	-	-
NCS66_RS22725	DUF2964 family protein	WP_033536232.1					-	Protein of unknown function (DUF2964)	-	-	-	-	-	DUF2964
NCS66_RS22730	hypothetical protein	WP_008348502.1					-	-	-	-	-	-	-	-
NCS66_RS22735	hypothetical protein	WP_008348503.1					-	Part of the outer membrane protein assembly complex, which is involved in assembly and insertion of beta-barrel proteins into the outer membrane	-	-	-	-	-	SmpA_OmlA
NCS66_RS22740	hypothetical protein	WP_008348505.1					-	-	-	-	-	-	-	DUF1344
NCS66_RS22745	glycine zipper family protein	WP_033536292.1					-	YMGG-like Gly-zipper	-	-	-	-	-	Gly-zipper_YMGG
NCS66_RS22750	VIT1/CCC1 transporter family protein	WP_008348510.1	manganese ion transmembrane transporter activity|0005384||IEA	intracellular manganese ion homeostasis|0030026||IEA			-	membrane	-	-	-	-	-	VIT1
NCS66_RS22770	sulfate permease	WP_033536293.1	sulfate transmembrane transporter activity|0015116||IEA	sulfate transport|0008272||IEA	membrane|0016020||IEA	sulP	-	Sulfate transporter antisigma-factor antagonist STAS	-	-	-	-	-	STAS,Sulfate_transp
NCS66_RS22775	fatty acid--CoA ligase	WP_008348519.1					-	AMP-binding enzyme	ko:K00666	-	ko00000,ko01000,ko01004	-	-	AMP-binding,AMP-binding_C
NCS66_RS22780	porin	WP_008348521.1	porin activity|0015288||IEA		cell outer membrane|0009279||IEA		-	Outer membrane porin	-	-	-	-	-	Porin_4
NCS66_RS22785	LuxR C-terminal-related transcriptional regulator	WP_008348523.1		regulation of DNA-templated transcription|0006355||IEA			-	LuxR family transcriptional regulator	ko:K03556	-	ko00000,ko03000	-	-	GerE
NCS66_RS22790	universal stress protein	WP_008348524.1					-	Universal stress protein family	-	-	-	-	-	Hemerythrin,Usp
NCS66_RS22805	alpha/beta hydrolase	WP_008348530.1	hydrolase activity|0016787||IEA				-	Alpha beta hydrolase	ko:K07002	-	ko00000	-	-	Ser_hydrolase
NCS66_RS22815	GlxA family transcriptional regulator	WP_008348535.1	DNA-binding transcription factor activity|0003700||IEA				-	helix-turn-helix- domain containing protein, AraC type	-	-	-	-	-	DJ-1_PfpI,HTH_18
NCS66_RS22820	SDR family oxidoreductase	WP_008348538.1	oxidoreductase activity|0016491||IEA				-	Belongs to the short-chain dehydrogenases reductases (SDR) family	ko:K07124	-	ko00000	-	-	adh_short
NCS66_RS22825	MFS transporter	WP_008348540.1					-	Major facilitator superfamily	-	-	-	-	-	MFS_1,Sugar_tr
NCS66_RS22845	DUF2322 family protein	WP_008348548.1					-	Uncharacterized protein conserved in bacteria (DUF2322)	-	-	-	-	-	DUF2322
NCS66_RS22850	SRPBCC family protein	WP_008348550.1					-	Activator of Hsp90 ATPase 1 family protein	-	-	-	-	-	AHSA1
NCS66_RS22855	MmgE/PrpD family protein	WP_034472580.1					-	MmgE/PrpD family	-	-	-	-	-	MmgE_PrpD
NCS66_RS22870	dipeptidase	WP_008348557.1	metallodipeptidase activity|0070573||IEA	proteolysis|0006508||IEA			-	Peptidase M19	ko:K01273	-	ko00000,ko00537,ko01000,ko01002,ko04147	-	-	Peptidase_M19
NCS66_RS22875	PAS and helix-turn-helix domain-containing protein	WP_008348559.1					-	Transcriptional regulator	-	-	-	-	-	GerE,PAS_9
NCS66_RS22885	alkaline phosphatase PhoX	WP_034472583.1					-	alkaline phosphatase	ko:K07093	-	ko00000	-	-	DUF839
NCS66_RS22895	zinc ribbon domain-containing protein	WP_075583526.1					-	PFAM FHA domain	-	-	-	-	-	DZR,FHA,zf-ribbon_3,zinc_ribbon_2
NCS66_RS22910	alpha/beta hydrolase	WP_034472629.1	hydrolase activity|0016787||IEA				-	Alpha beta hydrolase	-	-	-	-	-	Abhydrolase_1
NCS66_RS22915	M81 family metallopeptidase	WP_008348572.1					-	Involved in peptidolytic degradation of cyclic heptapeptide hepatotoxin microcystin (MC)	-	-	-	-	-	DUF1485,MlrC_C,YjgF_endoribonc
NCS66_RS22920	MFS transporter	WP_008348574.1	transmembrane transporter activity|0022857||IEA	transmembrane transport|0055085||IEA			-	Major Facilitator	-	-	-	-	-	MFS_1
NCS66_RS22925	LysR family transcriptional regulator	WP_008348577.1	DNA-binding transcription activator activity|0001216||IEA				-	Transcriptional regulator	-	-	-	-	-	HTH_1,LysR_substrate
NCS66_RS22930	hypothetical protein	WP_033536295.1					-	-	-	-	-	-	-	-
NCS66_RS22935	hypothetical protein	WP_033536296.1					-	Domain of unknown function (DUF4410)	-	-	-	-	-	DUF4410
NCS66_RS22940	EAL domain-containing protein	WP_008348581.1					-	Diguanylate cyclase	-	-	-	-	-	EAL,GGDEF,PAS_3,PAS_4
NCS66_RS22945	ATP-binding protein	WP_250480860.1					-	Histidine kinase	-	-	-	-	-	HATPase_c,HisKA,PAS_3,PAS_4,PAS_9,Response_reg
NCS66_RS22955	DUF5074 domain-containing protein	WP_008348584.1					-	amine dehydrogenase activity	-	-	-	-	-	PQQ_2
NCS66_RS22960	hypothetical protein	WP_008348586.1					-	RESPONSE REGULATOR receiver	-	-	-	-	-	-
NCS66_RS22965	hypothetical protein	WP_033536235.1					-	Predicted metal-binding integral membrane protein (DUF2182)	-	-	-	-	-	DUF2182
NCS66_RS22970	FUSC family protein	WP_008348589.1	transmembrane transporter activity|0022857||IEA	transmembrane transport|0055085||IEA			-	Fusaric acid resistance protein-like	-	-	-	-	-	FUSC_2
NCS66_RS34380	hypothetical protein	WP_326929442.1					-	Major facilitator superfamily	-	-	-	-	-	MFS_1
NCS66_RS22990	PAAR domain-containing protein	WP_051996552.1					-	PAAR motif	-	-	-	-	-	PAAR_motif
NCS66_RS22995	M35 family metallo-endopeptidase	WP_008348594.1	metalloendopeptidase activity|0004222||IEA				-	Lysine-specific metallo-endopeptidase	-	-	-	-	-	Aspzincin_M35
NCS66_RS23000	LysR family transcriptional regulator	WP_008348596.1					-	Transcriptional regulator	-	-	-	-	-	HTH_1,LysR_substrate
NCS66_RS23005	L-rhamnonate dehydratase	WP_008348598.1					-	Mandelate racemase / muconate lactonizing enzyme, C-terminal domain	ko:K01856	M00568	ko00000,ko00001,ko00002,ko01000	-	-	MR_MLE_C,MR_MLE_N
NCS66_RS23010	MFS transporter	WP_034472435.1	transmembrane transporter activity|0022857||IEA	transmembrane transport|0055085||IEA			-	Major facilitator transporter	-	-	-	-	-	MFS_1
NCS66_RS23015	4-hydroxythreonine-4-phosphate dehydrogenase PdxA	WP_008348602.1	NAD binding|0051287||IEA	pyridoxal phosphate biosynthetic process|0042823||IEA	cytoplasm|0005737||IEA		-	Belongs to the PdxA family	ko:K00097	M00124	ko00000,ko00001,ko00002,ko01000	-	-	PdxA
NCS66_RS23020	amidohydrolase family protein	WP_008348604.1	hydrolase activity|0016787||IEA				-	amidohydrolase 2	ko:K07046	-	ko00000,ko00001,ko01000	-	-	Amidohydro_2
NCS66_RS23025	dihydrodipicolinate synthase family protein	WP_008348606.1		organic substance metabolic process|0071704||IEA			-	Belongs to the DapA family	ko:K13876	-	ko00000,ko00001,ko01000	-	-	DHDPS
NCS66_RS23030	LysR family transcriptional regulator	WP_008348608.1	DNA-binding transcription factor activity|0003700||IEA	regulation of DNA-templated transcription|0006355||IEA			-	LysR substrate binding domain	-	-	-	-	-	HTH_1,LysR_substrate
NCS66_RS23035	NADH:flavin oxidoreductase/NADH oxidase	WP_008348610.1					-	NADH flavin oxidoreductase	ko:K00219	-	ko00000,ko01000	-	-	Oxidored_FMN
NCS66_RS23045	4-carboxy-4-hydroxy-2-oxoadipate aldolase/oxaloacetate decarboxylase	WP_008348612.1	4-hydroxy-4-methyl-2-oxoglutarate aldolase activity|0047443||IEA			ligK	-	PFAM Dimethylmenaquinone methyltransferase	ko:K10218	-	ko00000,ko00001,ko01000	-	-	RraA-like
NCS66_RS23050	amidohydrolase family protein	WP_008348613.1	metal ion binding|0046872||IEA				-	Amidohydrolase	ko:K10220,ko:K14333	-	ko00000,ko00001,ko01000	-	-	Amidohydro_2
NCS66_RS23060	gallate dioxygenase	WP_008348615.1	oxidoreductase activity|0016491||IEA	metabolic process|0008152||IEA			-	PFAM Extradiol ring-cleavage dioxygenase class III protein subunit B	ko:K04099,ko:K04101	-	br01602,ko00000,ko00001,ko01000	-	-	LigA,LigB
NCS66_RS23085	hypothetical protein	WP_008348936.1					-	-	-	-	-	-	-	-
NCS66_RS23105	LacI family DNA-binding transcriptional regulator	WP_174447738.1					-	LacI family transcriptional regulator	ko:K02529	-	ko00000,ko03000	-	-	LacI,Peripla_BP_4
NCS66_RS23130	benzoylformate decarboxylase	WP_034472421.1	thiamine pyrophosphate binding|0030976||IEA			mdlC	-	Belongs to the TPP enzyme family	ko:K01576	-	ko00000,ko00001,ko01000	-	-	TPP_enzyme_C,TPP_enzyme_M,TPP_enzyme_N
NCS66_RS23135	LysR family transcriptional regulator	WP_250480861.1	DNA-binding transcription activator activity|0001216||IEA				-	Transcriptional regulator	-	-	-	-	-	HTH_1,LysR_substrate
NCS66_RS23170	nitronate monooxygenase	WP_034472418.1	oxidoreductase activity, acting on single donors with incorporation of molecular oxygen, incorporation of one atom of oxygen (internal monooxygenases or internal mixed function oxidases)|0016703||IEA				GO:0003674,GO:0003824,GO:0008150,GO:0008152,GO:0016491,GO:0055114	2-Nitropropane dioxygenase	ko:K00459	-	ko00000,ko00001,ko01000	-	-	NMO
NCS66_RS23185	LysR family transcriptional regulator	WP_008348968.1	DNA-binding transcription activator activity|0001216||IEA				-	Transcriptional regulator	-	-	-	-	-	HTH_1,LysR_substrate
NCS66_RS23190	DUF4148 domain-containing protein	WP_033536520.1					-	Domain of unknown function (DUF4148)	-	-	-	-	-	DUF4148
NCS66_RS23195	FAD-dependent oxidoreductase	WP_174447737.1	oxidoreductase activity|0016491||IEA				-	Oxidoreductase	ko:K03885	-	ko00000,ko00001,ko01000	-	-	Pyr_redox_2
NCS66_RS23205	hypothetical protein	WP_008348978.1					-	-	-	-	-	-	-	-
NCS66_RS23210	D-alanyl-D-alanine carboxypeptidase/D-alanyl-D-alanine-endopeptidase	WP_008348980.1	serine-type D-Ala-D-Ala carboxypeptidase activity|0009002||IEA	peptidoglycan biosynthetic process|0009252||IEA		dacB	-	peptidase S13 D-Ala-D-Ala carboxypeptidase C	ko:K07259	-	ko00000,ko00001,ko01000,ko01002,ko01011	-	-	Peptidase_S13
NCS66_RS23215	alpha/beta hydrolase	WP_008348981.1	hydrolase activity|0016787||IEA				-	Alpha beta hydrolase	-	-	-	-	-	Abhydrolase_1,Abhydrolase_6
NCS66_RS23220	LysR substrate-binding domain-containing protein	WP_250480864.1					-	Transcriptional regulator, LysR family	-	-	-	-	-	HTH_1,LysR_substrate
NCS66_RS23225	phytoene/squalene synthase family protein	WP_008348985.1	metal ion binding|0046872||IEA	isoprenoid biosynthetic process|0008299||IEA			-	Squalene phytoene synthase	ko:K00801	-	ko00000,ko00001,ko01000,ko01006	-	-	SQS_PSY
NCS66_RS23230	DUF899 family protein	WP_008348988.1					-	Bacterial protein of unknown function (DUF899)	-	-	-	-	-	DUF899
NCS66_RS23240	response regulator	WP_008348992.1		phosphorelay signal transduction system|0000160||IEA			-	Response regulator receiver domain	-	-	-	-	-	Response_reg
NCS66_RS23270	acyl-CoA dehydrogenase family protein	WP_008349004.1	flavin adenine dinucleotide binding|0050660||IEA				-	Acyl-CoA dehydrogenase, C-terminal domain	-	-	-	-	-	Acyl-CoA_dh_2,Acyl-CoA_dh_N
NCS66_RS23295	ATPase	WP_008349013.1					-	Zinc-dependent metalloprotease	-	-	-	-	-	-
NCS66_RS23300	transglutaminase family protein	WP_008349015.1					-	Transglutaminase/protease-like homologues	-	-	-	-	-	Bact_transglu_N,Transglut_core
NCS66_RS23310	hypothetical protein	WP_008349017.1					-	Cupin 2, conserved barrel domain protein	-	-	-	-	-	-
NCS66_RS23315	glutathione S-transferase family protein	WP_008349018.1					-	Glutathione S-transferase N-terminal domain	-	-	-	-	-	GST_C_6,GST_N_4
NCS66_RS23335	hypothetical protein	WP_008349022.1					-	-	-	-	-	-	-	-
NCS66_RS23340	flagellar brake protein	WP_008349023.1					-	Acts as a flagellar brake, regulating swimming and swarming in a bis-(3'-5') cyclic diguanylic acid (c-di-GMP)- dependent manner. Binds 1 c-di-GMP dimer per subunit. Increasing levels of c-di-GMP lead to decreased motility	-	-	-	-	-	PilZ,YcgR
NCS66_RS23345	hypothetical protein	WP_008349024.1					-	-	-	-	-	-	-	-
NCS66_RS23350	alpha/beta fold hydrolase	WP_033536494.1					-	helix_turn_helix, Lux Regulon	-	-	-	-	-	Abhydrolase_1,GerE
NCS66_RS23355	hypothetical protein	WP_008349027.1					-	galactosyl transferase GMA12/MNN10 family	-	-	-	-	-	Glyco_transf_34
NCS66_RS23360	TetR/AcrR family transcriptional regulator	WP_008349029.1	DNA-binding transcription factor activity|0003700||IEA	regulation of DNA-templated transcription|0006355||IEA			-	PFAM regulatory protein TetR	-	-	-	-	-	TetR_N
NCS66_RS23365	hypothetical protein	WP_008349031.1					-	-	-	-	-	-	-	-
NCS66_RS23370	hypothetical protein	WP_008349032.1					-	-	-	-	-	-	-	-
NCS66_RS23375	acyclic terpene utilization AtuA family protein	WP_008349035.1					-	Acyclic terpene utilisation family protein AtuA	-	-	-	-	-	AtuA
NCS66_RS23385	LysR family transcriptional regulator	WP_250480866.1	DNA-binding transcription factor activity|0003700||IEA	regulation of DNA-templated transcription|0006355||IEA	cytosol|0005829||IEA		-	LysR substrate binding domain	-	-	-	-	-	HTH_1,LysR_substrate
NCS66_RS23395	hypothetical protein	WP_008349044.1					-	-	-	-	-	-	-	-
NCS66_RS23400	hypothetical protein	WP_235366259.1					-	-	-	-	-	-	-	-
NCS66_RS23405	periplasmic nitrate reductase, NapE protein	WP_008349047.1	nitrate reductase activity|0008940||IEA	nitrate metabolic process|0042126||IEA	nitrate reductase complex|0009325||IEA	napE	-	Nitrate reductase	ko:K02571	-	ko00000	-	-	NapE
NCS66_RS23410	chaperone NapD	WP_008349049.1					-	NapD protein	ko:K02570	-	ko00000	-	-	NapD
NCS66_RS23420	nitrate reductase cytochrome c-type subunit	WP_008349053.1					-	Electron transfer subunit of the periplasmic nitrate reductase complex NapAB	ko:K02568	M00529,M00530	ko00000,ko00001,ko00002	-	-	NapB
NCS66_RS23460	cytochrome c-type biogenesis protein	WP_008349071.1					-	subunit of a heme lyase	ko:K02200	-	ko00000	-	-	CcmH,TPR_16
NCS66_RS23465	hypothetical protein	WP_241484869.1					-	Cytochrome c-type biogenesis protein	ko:K02200	-	ko00000	-	-	TPR_16,TPR_2
NCS66_RS23470	hypothetical protein	WP_241484868.1					-	Cytochrome c-type biogenesis protein	ko:K02200	-	ko00000	-	-	TPR_16,TPR_2
NCS66_RS23475	DUF3079 domain-containing protein	WP_008349074.1					-	Protein of unknown function (DUF3079)	-	-	-	-	-	DUF3079
NCS66_RS23480	nitronate monooxygenase family protein	WP_008349076.1	monooxygenase activity|0004497||IEA				-	2-Nitropropane dioxygenase	ko:K00459	-	ko00000,ko00001,ko01000	-	-	NMO
NCS66_RS23490	type IV pili methyl-accepting chemotaxis transducer N-terminal domain-containing protein	WP_250480868.1					-	Histidine kinase	ko:K07673	M00471	ko00000,ko00001,ko00002,ko01000,ko01001,ko02022	-	-	GAF,GAF_2,HAMP,HATPase_c,HisKA_3,PilJ
NCS66_RS23535	septal ring lytic transglycosylase RlpA family protein	WP_144403723.1					-	Lytic transglycosylase with a strong preference for naked glycan strands that lack stem peptides	ko:K03642	-	ko00000	-	-	DPBB_1
NCS66_RS23565	2,4'-dihydroxyacetophenone dioxygenase family protein	WP_008349107.1					-	PFAM Cupin 2 conserved barrel domain protein	ko:K05913	-	ko00000,ko00001,ko01000	-	-	Cupin_7
NCS66_RS23580	IclR family transcriptional regulator	WP_250480869.1	DNA-binding transcription factor activity|0003700||IEA	regulation of DNA-templated transcription|0006355||IEA			-	Transcriptional regulator	ko:K19333	-	ko00000,ko03000	-	-	HTH_IclR,IclR
NCS66_RS23585	AarF/UbiB family protein	WP_008349113.1					-	Is probably a protein kinase regulator of UbiI activity which is involved in aerobic coenzyme Q (ubiquinone) biosynthesis	-	-	-	-	-	ABC1
NCS66_RS23590	serine hydrolase	WP_008349115.1	hydrolase activity|0016787||IEA				-	Beta-lactamase	-	-	-	-	-	Beta-lactamase
NCS66_RS23595	hypothetical protein	WP_008349118.1					-	-	-	-	-	-	-	-
NCS66_RS23600	response regulator	WP_008349120.1		phosphorelay signal transduction system|0000160||IEA			-	Response regulator, receiver	-	-	-	-	-	GAF,HATPase_c,HisKA,PAS_4,PAS_9,Response_reg
NCS66_RS23605	hypothetical protein	WP_008349122.1					-	-	-	-	-	-	-	-
NCS66_RS23610	efflux transporter outer membrane subunit	WP_008349123.1	porin activity|0015288||IEA	transport|0006810||IEA	cell outer membrane|0009279||IEA		-	TIGRFAM RND efflux system, outer membrane lipoprotein, NodT family	-	-	-	-	-	OEP
NCS66_RS23625	universal stress protein	WP_008349129.1					-	Universal stress protein family	-	-	-	-	-	Usp
NCS66_RS23630	IclR family transcriptional regulator	WP_008349131.1	DNA-binding transcription factor activity|0003700||IEA	regulation of DNA-templated transcription|0006355||IEA			-	Bacterial transcriptional regulator	-	-	-	-	-	HTH_IclR,IclR
NCS66_RS23635	fumarylacetoacetate hydrolase family protein	WP_008349133.1					-	fumarylacetoacetate (FAA) hydrolase	-	-	-	-	-	FAA_hydrolase
NCS66_RS23650	ROK family transcriptional regulator	WP_033536489.1	DNA-binding transcription factor activity|0003700||IEA	regulation of DNA-templated transcription|0006355||IEA			-	PFAM ROK family protein	-	-	-	-	-	HTH_27,MarR_2,ROK
NCS66_RS23670	hypothetical protein	WP_008349140.1					-	PFAM SMP-30 Gluconolaconase	-	-	-	-	-	-
NCS66_RS23675	MFS transporter	WP_033536488.1	transmembrane transporter activity|0022857||IEA	transmembrane transport|0055085||IEA	membrane|0016020||IEA		-	PFAM major facilitator superfamily MFS_1	-	-	-	-	-	MFS_1
NCS66_RS23680	alpha/beta hydrolase	WP_008349142.1	hydrolase activity|0016787||IEA				-	PFAM alpha beta hydrolase fold	ko:K00433	-	ko00000,ko01000	-	-	Abhydrolase_1,Hydrolase_4
NCS66_RS23685	molybdopterin-dependent oxidoreductase	WP_008349143.1					-	Oxidoreductase molybdopterin binding domain	-	-	-	-	-	Oxidored_molyb
NCS66_RS23690	filamentous hemagglutinin N-terminal domain-containing protein	WP_051996546.1					-	TIGRFAM filamentous haemagglutinin family outer membrane protein	ko:K15125	-	ko00000,ko00001,ko00536	-	-	ESPR,Fil_haemagg,Fil_haemagg_2,Haemagg_act
NCS66_RS23695	hypothetical protein	WP_160172902.1					-	TIGRFAM filamentous haemagglutinin family outer membrane protein	ko:K15125	-	ko00000,ko00001,ko00536	-	-	ESPR,Fil_haemagg,Fil_haemagg_2,Haemagg_act
NCS66_RS23700	Imm45 family immunity protein	WP_034472387.1				imm45	-	Immunity protein 45	-	-	-	-	-	Imm45
NCS66_RS23705	hypothetical protein	WP_250480870.1					-	TIGRFAM filamentous haemagglutinin family outer membrane protein	ko:K15125	-	ko00000,ko00001,ko00536	-	-	ESPR,Fil_haemagg,Fil_haemagg_2,Haemagg_act
NCS66_RS23710	hypothetical protein	WP_152563218.1					-	TIGRFAM filamentous haemagglutinin family outer membrane protein	ko:K15125	-	ko00000,ko00001,ko00536	-	-	ESPR,Fil_haemagg,Fil_haemagg_2,Haemagg_act
NCS66_RS34390	hypothetical protein	WP_160172901.1					-	Hemolysin activator HlyB domain protein	ko:K07326	-	ko00000,ko00001	-	-	POTRA_2,POTRA_3,ShlB
NCS66_RS23715	LysR family transcriptional regulator	WP_008349149.1	DNA-binding transcription factor activity|0003700||IEA	regulation of DNA-templated transcription|0006355||IEA			-	Bacterial regulatory helix-turn-helix protein, lysR family	ko:K02019	-	ko00000,ko03000	-	-	HTH_1
NCS66_RS23720	DUF2325 domain-containing protein	WP_008349150.1					-	Uncharacterized protein conserved in bacteria (DUF2325)	-	-	-	-	-	DUF2325
NCS66_RS23730	response regulator	WP_008349152.1		phosphorelay signal transduction system|0000160||IEA			-	GAF domain	-	-	-	-	-	CHASE3,GAF_2,HATPase_c,HisKA,Response_reg
NCS66_RS23740	hypothetical protein	WP_033536506.1					-	-	-	-	-	-	-	-
NCS66_RS23745	TetR/AcrR family transcriptional regulator	WP_008349155.1	DNA binding|0003677||IEA	regulation of DNA-templated transcription|0006355||IEA			-	PFAM regulatory protein TetR	-	-	-	-	-	TetR_N
NCS66_RS23750	trypsin-like serine protease	WP_063828781.1	serine-type endopeptidase activity|0004252||IEA	proteolysis|0006508||IEA			-	Trypsin-like serine protease	-	-	-	-	-	Trypsin
NCS66_RS23770	CBS domain-containing protein	WP_033536504.1					-	PFAM CBS domain containing protein	-	-	-	-	-	BON,CBS
NCS66_RS23775	hypothetical protein	WP_008349163.1					-	Hemerythrin HHE cation binding domain	-	-	-	-	-	Hemerythrin
NCS66_RS23780	glycosyl hydrolase	WP_008349164.1	hydrolase activity, acting on glycosyl bonds|0016798||IEA				-	6-phospho-beta-galactosidase activity	-	-	-	-	-	-
NCS66_RS23785	oxidoreductase FAD/NAD(P)-binding domain-containing protein	WP_008349165.1					-	nitric oxide dioxygenase activity	ko:K21405	-	ko00000,ko03000	-	-	FAD_binding_6,Fer2,HTH_8,NAD_binding_1,PAS_8,Sigma54_activat
NCS66_RS23790	HAD family phosphatase	WP_008349166.1	metal ion binding|0046872||IEA				-	Haloacid dehalogenase-like hydrolase	-	-	-	-	-	HAD_2
NCS66_RS23820	hypothetical protein	WP_008349173.1					-	-	-	-	-	-	-	-
NCS66_RS23825	hypothetical protein	WP_008349174.1					-	-	-	-	-	-	-	-
NCS66_RS23840	cytochrome P450/oxidoreductase	WP_034474604.1					-	Belongs to the cytochrome P450 family	-	-	-	-	-	FAD_binding_6,Fer2,NAD_binding_1,p450
NCS66_RS23845	autotransporter outer membrane beta-barrel domain-containing protein	WP_250480872.1	autotransporter activity|0015474||IEA	protein secretion by the type V secretion system|0046819||IEA	cell outer membrane|0009279||IEA		-	Autotransporter beta-domain	-	-	-	-	-	Autotransporter,PATR
NCS66_RS23850	alpha/beta fold hydrolase	WP_008347128.1					-	Carboxymethylenebutenolidase	ko:K01061	-	ko00000,ko00001,ko01000	-	-	DLH,SnoaL
NCS66_RS23860	site-specific integrase	WP_250480874.1					-	Belongs to the 'phage' integrase family	-	-	-	-	-	DUF3701,Phage_integrase
NCS66_RS23865	AAA family ATPase	WP_008347131.1					-	Cobyrinic acid ac-diamide synthase	ko:K03496	-	ko00000,ko03036,ko04812	-	-	AAA_31
NCS66_RS23870	ParB/RepB/Spo0J family partition protein	WP_250480873.1	DNA binding|0003677||IEA	chromosome segregation|0007059||IEA			-	Belongs to the ParB family	ko:K03497	-	ko00000,ko03000,ko03036,ko04812	-	-	ParBc
NCS66_RS23875	replication protein O	WP_235366165.1					-	Replication protein	-	-	-	-	-	-
NCS66_RS23885	hypothetical protein	WP_033535867.1					-	-	-	-	-	-	-	-
NCS66_RS23890	methyl-accepting chemotaxis protein	WP_034472223.1		signal transduction|0007165||IEA	membrane|0016020||IEA		-	chemotaxis protein	ko:K03406,ko:K05874	-	ko00000,ko00001,ko02035	-	-	4HB_MCP_1,HAMP,MCPsignal,TarH,sCache_2
NCS66_RS23900	hypothetical protein	WP_008347146.1					-	-	-	-	-	-	-	-
NCS66_RS23905	SDR family oxidoreductase	WP_008347148.1	oxidoreductase activity|0016491||IEA				-	Belongs to the short-chain dehydrogenases reductases (SDR) family	-	-	-	-	-	adh_short
NCS66_RS23910	hypothetical protein	WP_008347150.1					-	-	-	-	-	-	-	-
NCS66_RS23915	sigma-54-dependent Fis family transcriptional regulator	WP_250480875.1					-	PFAM sigma-54 factor interaction domain-containing protein	ko:K21405	-	ko00000,ko03000	-	-	GAF,HTH_8,Sigma54_activat
NCS66_RS23930	alpha-ketoacid dehydrogenase subunit beta	WP_008347157.1	oxidoreductase activity|0016491||IEA				-	PFAM Transketolase central region	ko:K21417	-	ko00000,ko01000	-	-	Transket_pyr,Transketolase_C
NCS66_RS23940	hypothetical protein	WP_008347161.1					-	lipoate-protein ligase A	-	-	-	-	-	BPL_LplA_LipB
NCS66_RS23945	hypothetical protein	WP_008347163.1					-	-	-	-	-	-	-	-
NCS66_RS23950	YMGG-like glycine zipper-containing protein	WP_033535907.1					-	Glycine-zipper domain	-	-	-	-	-	Gly-zipper_OmpA,Gly-zipper_YMGG
NCS66_RS23955	hypothetical protein	WP_033535906.1					-	-	-	-	-	-	-	-
NCS66_RS23960	DeoR/GlpR family DNA-binding transcription regulator	WP_008347169.1	DNA-binding transcription factor activity|0003700||IEA				-	regulatory protein, DeoR	ko:K02081	-	ko00000,ko03000	-	-	DeoRC,HTH_DeoR
NCS66_RS23990	glutathione S-transferase family protein	WP_008347180.1	protein binding|0005515||IEA	glutathione metabolic process|0006749||IEA			-	Glutathione S-transferase	-	-	-	-	-	GST_C,GST_C_3,GST_N,GST_N_3
NCS66_RS23995	hypothetical protein	WP_008347182.1					-	-	-	-	-	-	-	-
NCS66_RS24000	PDDEXK nuclease domain-containing protein	WP_008347183.1					-	Protein of unknown function (DUF1016)	-	-	-	-	-	DUF1016
NCS66_RS24005	cytochrome c	WP_008347185.1					-	Pfam cytochrome c	-	-	-	-	-	Cytochrom_C,Cytochrome_CBB3
NCS66_RS24010	PQQ-dependent sugar dehydrogenase	WP_034472221.1					-	sorbosone dehydrogenase	-	-	-	-	-	GSDH,SGL
NCS66_RS24015	hypothetical protein	WP_008347188.1					-	-	-	-	-	-	-	-
NCS66_RS24025	polysaccharide pyruvyl transferase family protein	WP_008347193.1					-	Polysaccharide pyruvyl transferase	-	-	-	-	-	PS_pyruv_trans
NCS66_RS24030	potassium channel family protein	WP_008347195.1	potassium channel activity|0005267||IEA	monoatomic ion transmembrane transport|0034220||IEA			-	Ion channel	-	-	-	-	-	Ion_trans_2
NCS66_RS24035	SDR family NAD(P)-dependent oxidoreductase	WP_008347197.1					-	Belongs to the short-chain dehydrogenases reductases (SDR) family	-	-	-	-	-	adh_short
NCS66_RS24040	sensor domain-containing diguanylate cyclase	WP_008347198.1	diguanylate cyclase activity|0052621||IEA	signal transduction|0007165||IEA			-	Diguanylate cyclase	-	-	-	-	-	GGDEF,MASE1,PAS_3,PAS_4
NCS66_RS24045	cyclopropane-fatty-acyl-phospholipid synthase family protein	WP_008347200.1	S-adenosyl-L-methionine binding|1904047||IEA				-	cyclopropane-fatty-acyl-phospholipid synthase	ko:K00574	-	ko00000,ko01000	-	-	CMAS
NCS66_RS24050	DUF1365 domain-containing protein	WP_008347202.1					-	Protein of unknown function (DUF1365)	ko:K09701	-	ko00000	-	-	DUF1365
NCS66_RS24055	FAD-dependent oxidoreductase	WP_008347203.1	oxidoreductase activity|0016491||IEA				-	Flavin containing amine oxidoreductase	ko:K06954	-	ko00000	-	-	Amino_oxidase,NAD_binding_8
NCS66_RS24060	lipocalin family protein	WP_034472220.1					-	Lipocalin-like domain	ko:K03098	-	ko00000,ko04147	-	-	Lipocalin_2
NCS66_RS24065	cyclopropane-fatty-acyl-phospholipid synthase family protein	WP_008347208.1	S-adenosyl-L-methionine binding|1904047||IEA				-	cyclopropane-fatty-acyl-phospholipid synthase	ko:K00574	-	ko00000,ko01000	-	-	CMAS
NCS66_RS24070	DUF1295 domain-containing protein	WP_034472218.1					-	3-oxo-5-alpha-steroid 4-dehydrogenase	-	-	-	-	-	DUF1295
NCS66_RS24075	anti-sigma factor	WP_008347214.1			membrane|0016020||IEA		-	Anti-sigma-K factor rskA	-	-	-	-	-	RskA
NCS66_RS24080	sigma-70 family RNA polymerase sigma factor	WP_008347216.1	sigma factor activity|0016987||IEA	regulation of DNA-templated transcription|0006355||IEA			-	Belongs to the sigma-70 factor family. ECF subfamily	ko:K03088	-	ko00000,ko03021	-	-	Sigma70_r2,Sigma70_r4,Sigma70_r4_2
NCS66_RS24085	SET domain-containing protein	WP_008347218.1	S-adenosyl-L-methionine binding|1904047||IEA				-	SET (Su(var)3-9, Enhancer-of-zeste, Trithorax) domain	ko:K07117	-	ko00000	-	-	SET
NCS66_RS24100	hypothetical protein	WP_008347227.1					-	-	-	-	-	-	-	-
NCS66_RS24105	FAD-binding oxidoreductase	WP_008347229.1	flavin adenine dinucleotide binding|0050660||IEA				-	PFAM FAD linked oxidase domain protein	-	-	-	-	-	FAD-oxidase_C,FAD_binding_4
NCS66_RS24110	DMT family transporter	WP_008347231.1	transporter activity|0005215||IEA	transmembrane transport|0055085||IEA			-	EamA-like transporter family	-	-	-	-	-	EamA
NCS66_RS24115	hypothetical protein	WP_008347233.1					-	-	-	-	-	-	-	-
NCS66_RS24120	cupin domain-containing protein	WP_008347234.1					-	Cupin domain	-	-	-	-	-	Cupin_2
NCS66_RS24125	LysR family transcriptional regulator	WP_008347237.1					-	Transcriptional regulator	-	-	-	-	-	HTH_1,LysR_substrate
NCS66_RS24135	CaiB/BaiF CoA-transferase family protein	WP_008347241.1					-	L-carnitine dehydratase bile acid-inducible protein F	ko:K07749	-	ko00000,ko01000	-	-	CoA_transf_3
NCS66_RS24145	hypothetical protein	WP_008347245.1					-	-	-	-	-	-	-	-
NCS66_RS24150	hypothetical protein	WP_008347246.1					-	-	-	-	-	-	-	-
NCS66_RS24155	hypothetical protein	WP_075583514.1					-	-	-	-	-	-	-	-
NCS66_RS24160	porin	WP_008347250.1	porin activity|0015288||IEA		cell outer membrane|0009279||IEA		-	PFAM porin Gram-negative type	-	-	-	-	-	Porin_4
NCS66_RS24165	ATP-binding protein	WP_008347252.1					-	PAS fold	-	-	-	-	-	GAF,HATPase_c,HisKA,PAS_2,PHY
NCS66_RS24170	ShlB/FhaC/HecB family hemolysin secretion/activation protein	WP_008347254.1					-	Haemolysin secretion/activation protein ShlB/FhaC/HecB	-	-	-	-	-	POTRA_2,ShlB
NCS66_RS24175	filamentous hemagglutinin N-terminal domain-containing protein	WP_250480877.1					-	TIGRFAM filamentous haemagglutinin family outer membrane protein	-	-	-	-	-	Glug,Haemagg_act
NCS66_RS24180	hypothetical protein	WP_033535897.1					-	-	-	-	-	-	-	-
NCS66_RS24185	ATP-binding protein	WP_008347260.1					-	Histidine kinase	ko:K02484,ko:K07645	M00453	ko00000,ko00001,ko00002,ko01000,ko01001,ko02022	-	-	HATPase_c,HisKA
NCS66_RS24195	porin	WP_008347263.1	porin activity|0015288||IEA		cell outer membrane|0009279||IEA		-	PFAM porin Gram-negative type	-	-	-	-	-	Porin_4
NCS66_RS24205	MFS transporter	WP_008347266.1	transmembrane transporter activity|0022857||IEA	transmembrane transport|0055085||IEA			-	Major Facilitator Superfamily	-	-	-	-	-	MFS_1
NCS66_RS24225	LysR substrate-binding domain-containing protein	WP_008347272.1					-	Transcriptional regulator	-	-	-	-	-	HTH_1,LysR_substrate
NCS66_RS24230	STY0301 family protein	WP_008347274.1					-	-	-	-	-	-	-	-
NCS66_RS24235	BPSL0067 family protein	WP_250480878.1					-	-	-	-	-	-	-	-
NCS66_RS24255	formaldehyde-activating enzyme	WP_008347281.1	carbon-nitrogen lyase activity|0016840||IEA	carbohydrate biosynthetic process|0016051||IEA		fae	-	Formaldehyde-activating enzyme (Fae)	ko:K10713	-	ko00000,ko00001,ko01000	-	-	Fae
NCS66_RS24260	hypothetical protein	WP_085955306.1					-	-	-	-	-	-	-	-
NCS66_RS24265	phosphatase PAP2 family protein	WP_008347285.1					-	Acid phosphatase homologues	ko:K19302	-	ko00000,ko00001,ko01000,ko01011	-	-	PAP2
NCS66_RS24270	outer membrane protein assembly factor BamE	WP_008347287.1					-	-	-	-	-	-	-	SmpA_OmlA
NCS66_RS24295	sensor histidine kinase	WP_008347296.1	ATP binding|0005524||IEA	signal transduction|0007165||IEA			-	Histidine kinase	ko:K07649	M00457	ko00000,ko00001,ko00002,ko01000,ko01001,ko02022	-	-	2CSK_N,HATPase_c,HisKA
NCS66_RS24300	M57 family metalloprotease	WP_250480880.1					-	Zinc-dependent metalloprotease	-	-	-	-	-	-
NCS66_RS24315	FAD-dependent oxidoreductase	WP_008347305.1	oxidoreductase activity|0016491||IEA				-	Dehydrogenase	ko:K00285	-	ko00000,ko00001,ko01000	-	-	DAO
NCS66_RS24325	4-hydroxyproline epimerase	WP_008347309.1					GO:0003674,GO:0003824,GO:0016853,GO:0016854,GO:0016855,GO:0036361,GO:0047580,GO:0047661	Proline racemase	ko:K12658	-	ko00000,ko00001,ko01000	-	-	Pro_racemase
NCS66_RS24330	amidohydrolase family protein	WP_008347310.1					-	PFAM amidohydrolase	-	-	-	-	-	Amidohydro_1
NCS66_RS24335	GntR family transcriptional regulator	WP_008347311.1	DNA-binding transcription factor activity|0003700||IEA				-	Transcriptional regulator	-	-	-	-	-	FCD,GntR
NCS66_RS24340	DUF126 domain-containing protein	WP_008347312.1					-	Protein of unknown function DUF126	ko:K09128	-	ko00000	-	-	DUF126
NCS66_RS24345	aconitase X catalytic domain-containing protein	WP_008347313.1					-	Protein of unknown function (DUF521)	ko:K09123	-	ko00000	-	-	DUF521
NCS66_RS24350	CaiB/BaiF CoA-transferase family protein	WP_008347314.1					-	PFAM L-carnitine dehydratase bile acid-inducible protein F	ko:K01796	M00104	ko00000,ko00001,ko00002,ko01000	-	-	CoA_transf_3
NCS66_RS24355	glycosyltransferase family 2 protein	WP_033535861.1	glycosyltransferase activity|0016757||IEA				-	glycosyl transferase, family 2	-	-	-	-	-	Glycos_transf_2
NCS66_RS24365	MaoC family dehydratase	WP_008347317.1					-	MaoC like domain	-	-	-	-	-	MaoC_dehydratas
NCS66_RS24370	MaoC family dehydratase N-terminal domain-containing protein	WP_008347319.1	hydro-lyase activity|0016836||IEA				-	N-terminal half of MaoC dehydratase	-	-	-	-	-	MaoC_dehydrat_N
NCS66_RS24385	feruloyl-CoA synthase	WP_008347323.1					-	PFAM AMP-dependent synthetase and ligase	ko:K12508	-	ko00000,ko01000	-	-	AMP-binding
NCS66_RS24400	MaoC/PaaZ C-terminal domain-containing protein	WP_008347330.1					-	N-terminal half of MaoC dehydratase	-	-	-	-	-	MaoC_dehydratas
NCS66_RS24410	acyl-CoA dehydrogenase family protein	WP_034472208.1	oxidoreductase activity, acting on the CH-CH group of donors|0016627||IEA				-	acyl-CoA dehydrogenase	-	-	-	-	-	Acyl-CoA_dh_1,Acyl-CoA_dh_M,Acyl-CoA_dh_N
NCS66_RS24415	acyl-CoA dehydrogenase	WP_008347336.1					-	acyl-CoA dehydrogenase	-	-	-	-	-	Acyl-CoA_dh_1,Acyl-CoA_dh_M,Acyl-CoA_dh_N
NCS66_RS24420	LuxR C-terminal-related transcriptional regulator	WP_008347339.1		regulation of DNA-templated transcription|0006355||IEA			-	LuxR family transcriptional regulator	ko:K03556	-	ko00000,ko03000	-	-	AAA_16,GerE
NCS66_RS24430	BON domain-containing protein	WP_063828775.1					-	BON domain	-	-	-	-	-	BON
NCS66_RS24445	GntR family transcriptional regulator	WP_008347350.1	DNA-binding transcription factor activity|0003700||IEA				-	Transcriptional regulator	ko:K03710	-	ko00000,ko03000	-	-	GntR,UTRA
NCS66_RS24450	MFS transporter	WP_008347351.1	transmembrane transporter activity|0022857||IEA	transmembrane transport|0055085||IEA			-	Major Facilitator Superfamily	-	-	-	-	-	MFS_1
NCS66_RS24455	formaldehyde-activating enzyme	WP_008347352.1	carbon-nitrogen lyase activity|0016840||IEA	carbohydrate biosynthetic process|0016051||IEA		fae	-	Formaldehyde-activating enzyme (Fae)	-	-	-	-	-	Fae
NCS66_RS24460	helix-turn-helix transcriptional regulator	WP_051079009.1					-	Transcriptional regulator	-	-	-	-	-	-
NCS66_RS24465	DUF6516 family protein	WP_235366163.1					-	-	-	-	-	-	-	-
NCS66_RS24475	membrane protein	WP_008347359.1					-	Repeat of Unknown Function (DUF347)	-	-	-	-	-	DUF347
NCS66_RS24480	isocitrate lyase/phosphoenolpyruvate mutase family protein	WP_008347361.1	catalytic activity|0003824||IEA				-	Phosphoenolpyruvate phosphomutase	-	-	-	-	-	PEP_mutase
NCS66_RS24485	cytochrome c	WP_008347363.1	metal ion binding|0046872||IEA				-	PFAM cytochrome c, class I	-	-	-	-	-	Cytochrom_C,Cytochrome_CBB3
NCS66_RS24490	CDP-diacylglycerol--serine O-phosphatidyltransferase	WP_033535860.1	CDP-diacylglycerol-serine O-phosphatidyltransferase activity|0003882||IEA	phospholipid biosynthetic process|0008654||IEA		pssA	-	Belongs to the CDP-alcohol phosphatidyltransferase class-I family	ko:K17103	M00093	ko00000,ko00001,ko00002,ko01000	-	-	CDP-OH_P_transf
NCS66_RS24495	MFS transporter	WP_034472203.1	transmembrane transporter activity|0022857||IEA	transmembrane transport|0055085||IEA			-	PFAM major facilitator superfamily MFS_1	-	-	-	-	-	MFS_1,Sugar_tr
NCS66_RS24500	response regulator	WP_033535859.1		phosphorelay signal transduction system|0000160||IEA			-	Response regulator receiver	-	-	-	-	-	Response_reg
NCS66_RS24505	PAS domain-containing sensor histidine kinase	WP_008347370.1					-	histidine kinase A domain protein	-	-	-	-	-	DUF4118,HATPase_c,HisKA,PAS,PAS_3,PAS_4
NCS66_RS24510	response regulator transcription factor	WP_008347372.1					-	Response regulator receiver	-	-	-	-	-	GerE,Response_reg
NCS66_RS24520	response regulator transcription factor	WP_008347376.1	DNA binding|0003677||IEA	regulation of DNA-templated transcription|0006355||IEA			-	response regulator	ko:K07687	M00474	ko00000,ko00001,ko00002,ko02022	-	-	GerE,Response_reg
NCS66_RS24525	response regulator transcription factor	WP_008347377.1	DNA binding|0003677||IEA	regulation of DNA-templated transcription|0006355||IEA			-	response regulator	ko:K02479,ko:K07687	M00474	ko00000,ko00001,ko00002,ko02022	-	-	GerE,Response_reg
NCS66_RS24530	filamentous hemagglutinin N-terminal domain-containing protein	WP_081851860.1					-	family outer membrane protein	-	-	-	-	-	ESPR,Haemagg_act,PATR
NCS66_RS24535	glycosyltransferase family 9 protein	WP_241484863.1					-	Glycosyltransferase family 9 (heptosyltransferase)	-	-	-	-	-	Glyco_transf_9,Methyltransf_23
NCS66_RS24550	hybrid sensor histidine kinase/response regulator	WP_250479160.1					-	Histidine kinase	ko:K07677	M00474	ko00000,ko00001,ko00002,ko01000,ko01001,ko02022	-	-	HATPase_c,HisKA,Hpt,Response_reg
NCS66_RS24555	DUF3034 family protein	WP_008347389.1					-	Protein of unknown function (DUF3034)	-	-	-	-	-	DUF3034
NCS66_RS24560	group 1 truncated hemoglobin	WP_008347391.1					-	Bacterial-like globin	ko:K06886	-	ko00000	-	-	Bac_globin
NCS66_RS24565	methylamine utilization protein	WP_008347393.1					-	PFAM blue (type 1) copper domain protein	-	-	-	-	-	-
NCS66_RS24570	EAL domain-containing protein	WP_008347395.1					-	GGDEF domain containing protein	-	-	-	-	-	EAL,GAF,GAF_2,GGDEF,HAMP,PAS,PAS_4,PAS_8,PAS_9,dCache_3
NCS66_RS24575	sensor domain-containing diguanylate cyclase	WP_008347397.1					-	Diguanylate cyclase	-	-	-	-	-	GGDEF,PAS_7
NCS66_RS24580	MFS transporter	WP_008347399.1	transmembrane transporter activity|0022857||IEA	transmembrane transport|0055085||IEA			-	Major facilitator superfamily MFS_1	-	-	-	-	-	MFS_1,Sugar_tr
NCS66_RS24585	Gfo/Idh/MocA family oxidoreductase	WP_144403592.1	oxidoreductase activity, acting on NAD(P)H|0016651||IEA				-	PFAM oxidoreductase domain protein	ko:K19181	-	ko00000,ko01000	-	-	GFO_IDH_MocA,GFO_IDH_MocA_C
NCS66_RS24600	hypothetical protein	WP_008347402.1					-	-	-	-	-	-	-	-
NCS66_RS24615	hypothetical protein	WP_008347405.1					-	-	-	-	-	-	-	-
NCS66_RS24620	hypothetical protein	WP_034472230.1					-	-	-	-	-	-	-	-
NCS66_RS24625	hypothetical protein	WP_008347409.1					-	-	-	-	-	-	-	-
NCS66_RS24635	PQQ-binding-like beta-propeller repeat protein	WP_008347413.1					-	Pyrrolo-quinoline quinone	-	-	-	-	-	PQQ,PQQ_2,PQQ_3
NCS66_RS24645	DUF6632 domain-containing protein	WP_008347415.1					-	-	-	-	-	-	-	-
NCS66_RS24655	PLP-dependent aminotransferase family protein	WP_008347417.1	pyridoxal phosphate binding|0030170||IEA				-	Transcriptional regulator	ko:K00375	-	ko00000,ko03000	-	-	Aminotran_1_2,GntR
NCS66_RS24660	FMN-binding negative transcriptional regulator	WP_008347418.1					-	Transcriptional regulator	ko:K07734	-	ko00000,ko03000	-	-	FMN_bind_2
NCS66_RS24665	LysE family translocator	WP_008347419.1					-	LysE type translocator	-	-	-	-	-	LysE
NCS66_RS24670	PAAR domain-containing protein	WP_008347421.1					-	PAAR motif	-	-	-	-	-	PAAR_motif
NCS66_RS24680	SymE family type I addiction module toxin	WP_235366161.1	hydrolase activity, acting on ester bonds|0016788||IEA	RNA metabolic process|0016070||IEA	cytoplasm|0005737||IEA		-	Toxin SymE, type I toxin-antitoxin system	ko:K19048	-	ko00000,ko02048	-	-	SymE_toxin
NCS66_RS34240	RHS repeat-associated core domain-containing protein	WP_008347431.1					-	Rhs_assc_core RHS repeat-associated core domain protein	-	-	-	-	-	Colicin-DNase,PAAR_motif,RHS,RHS_repeat
NCS66_RS34245	site-specific tyrosine recombinase XerC	WP_309793496.1				xerC	-	recombinase XerD	ko:K04763	-	ko00000,ko03036	-	-	Phage_int_SAM_1,Phage_int_SAM_4,Phage_int_SAM_5,Phage_integrase
NCS66_RS24705	CoA transferase	WP_008347437.1	CoA-transferase activity|0008410||IEA				-	L-carnitine dehydratase bile acid-inducible protein F	-	-	-	-	-	CoA_transf_3
NCS66_RS24715	four-carbon acid sugar kinase family protein	WP_008347441.1					-	type III effector	ko:K22129	-	ko00000,ko01000	-	-	DUF1357_C,DUF1537
NCS66_RS24725	DeoR/GlpR family DNA-binding transcription regulator	WP_008347445.1	DNA-binding transcription factor activity|0003700||IEA				-	Transcriptional regulator	-	-	-	-	-	DeoRC,HTH_DeoR
NCS66_RS24735	PAS domain S-box protein	WP_008347449.1					-	histidine kinase A domain protein	-	-	-	-	-	GAF_2,HATPase_c,HisKA,PAS,PAS_9,Response_reg
NCS66_RS24740	PLP-dependent aminotransferase family protein	WP_034473352.1	pyridoxal phosphate binding|0030170||IEA				-	Transcriptional regulator	-	-	-	-	-	Aminotran_1_2,GntR
NCS66_RS24745	DJ-1/PfpI family protein	WP_008347453.1					-	DJ-1/PfpI family	-	-	-	-	-	DJ-1_PfpI
NCS66_RS24750	GntR family transcriptional regulator	WP_235366160.1	DNA-binding transcription factor activity|0003700||IEA				-	UTRA	ko:K03710	-	ko00000,ko03000	-	-	GntR,UTRA
NCS66_RS24815	AMP-binding protein	WP_008347481.1					-	Amp-dependent synthetase and ligase	ko:K08295	-	ko00000,ko00001,ko01000	-	-	AMP-binding,AMP-binding_C
NCS66_RS24820	RidA family protein	WP_008347482.1	hydrolase activity|0016787||IEA				-	endoribonuclease L-PSP	-	-	-	-	-	Ribonuc_L-PSP
NCS66_RS24835	enoyl-CoA hydratase family protein	WP_008347487.1					-	Belongs to the enoyl-CoA hydratase isomerase family	-	-	-	-	-	ECH_1
NCS66_RS24840	MarR family transcriptional regulator	WP_008347489.1	DNA-binding transcription factor activity|0003700||IEA				-	PFAM regulatory protein, MarR	-	-	-	-	-	MarR,MarR_2
NCS66_RS24850	bifunctional salicylyl-CoA 5-hydroxylase/oxidoreductase	WP_008347493.1	FAD binding|0071949||IEA				-	Catalyzes the conversion of salicylyl-CoA to gentisyl-CoA	ko:K00219,ko:K09461	-	ko00000,ko00001,ko01000	-	-	FAD_binding_3,Oxidored_FMN
NCS66_RS24855	FGGY-family carbohydrate kinase	WP_034473355.1	carbohydrate kinase activity|0019200||IEA	phosphorylation|0016310||IEA			-	FGGY family of carbohydrate kinases, N-terminal domain	ko:K00853,ko:K00875	-	ko00000,ko00001,ko01000	-	-	FGGY_C,FGGY_N
NCS66_RS24900	hypothetical protein	WP_008347510.1					-	lipolytic protein G-D-S-L family	-	-	-	-	-	-
NCS66_RS24905	MarR family transcriptional regulator	WP_033536433.1	DNA-binding transcription factor activity|0003700||IEA				-	Winged helix DNA-binding domain	-	-	-	-	-	MarR
NCS66_RS24910	FAD-binding monooxygenase	WP_034473358.1					-	Phenol hydroxylase, C-terminal dimerisation domain	ko:K03380,ko:K19065	-	ko00000,ko00001,ko01000	-	-	FAD_binding_3,Phe_hydrox_dim
NCS66_RS24920	MBL fold metallo-hydrolase	WP_008347516.1					-	Metallo-beta-lactamase superfamily	-	-	-	-	-	Lactamase_B
NCS66_RS24925	Rieske (2Fe-2S) protein	WP_008347518.1	2 iron, 2 sulfur cluster binding|0051537||IEA				-	Rieske-like [2Fe-2S] domain	ko:K05710	M00545	br01602,ko00000,ko00001,ko00002	-	-	Rieske
NCS66_RS24935	MFS transporter	WP_033536432.1	transmembrane transporter activity|0022857||IEA	transmembrane transport|0055085||IEA			-	Multidrug DMT transporter permease	-	-	-	-	-	MFS_1
NCS66_RS24940	3-keto-5-aminohexanoate cleavage protein	WP_008347521.1					-	beta-keto acid cleavage enzyme	-	-	-	-	-	BKACE
NCS66_RS24945	porin	WP_008347523.1	porin activity|0015288||IEA		cell outer membrane|0009279||IEA		-	Outer membrane porin	-	-	-	-	-	Porin_4
NCS66_RS24950	BON domain-containing protein	WP_008347525.1					-	BON domain	-	-	-	-	-	BON
NCS66_RS24955	MaoC family dehydratase	WP_033536411.1					-	MaoC like domain	-	-	-	-	-	MaoC_dehydratas
NCS66_RS24960	alpha/beta fold hydrolase	WP_008347528.1					-	Poly-beta-hydroxybutyrate polymerase (PhaC) N-terminus	ko:K03821	-	ko00000,ko00001,ko01000	-	-	PhaC_N
NCS66_RS24965	poly(3-hydroxyalkanoate) depolymerase	WP_008347529.1	hydrolase activity, acting on ester bonds|0016788||IEA	energy reserve metabolic process|0006112||IEA		phaZ	-	Poly(3-hydroxyalkanoate) depolymerase	ko:K22250	-	ko00000,ko01000	-	-	Abhydrolase_1
NCS66_RS24970	class I SAM-dependent methyltransferase	WP_034473361.1					-	methyltransferase	-	-	-	-	-	-
NCS66_RS24975	SDR family oxidoreductase	WP_033536410.1					-	Short-chain dehydrogenase reductase sdr	-	-	-	-	-	adh_short_C2
NCS66_RS24980	LysR substrate-binding domain-containing protein	WP_008347535.1					-	Transcriptional regulator, LysR family	-	-	-	-	-	HTH_1,LysR_substrate
NCS66_RS24985	hypothetical protein	WP_051079011.1					-	-	-	-	-	-	-	-
NCS66_RS24990	AraC family transcriptional regulator	WP_250480886.1	DNA binding|0003677||IEA	regulation of DNA-templated transcription|0006355||IEA			-	PFAM helix-turn-helix- domain containing protein AraC type	-	-	-	-	-	Arabinose_bd,HTH_18
NCS66_RS24995	acyl-CoA dehydrogenase	WP_008347544.1					-	acyl-CoA dehydrogenase	ko:K20035	-	ko00000,ko00001,ko01000	-	-	Acyl-CoA_dh_1,Acyl-CoA_dh_C,Acyl-CoA_dh_M,Acyl-CoA_dh_N,AcylCoA_DH_N
NCS66_RS25005	DUF4239 domain-containing protein	WP_034473363.1					-	Protein of unknown function (DUF4239)	-	-	-	-	-	DUF4239
NCS66_RS25010	hypothetical protein	WP_008347550.1					-	Antitoxin component of a toxin-antitoxin (TA) module	-	-	-	-	-	PhdYeFM_antitox
NCS66_RS25015	SGNH/GDSL hydrolase family protein	WP_008347551.1					-	PFAM lipolytic protein G-D-S-L family	-	-	-	-	-	Lipase_GDSL
NCS66_RS25020	glycoside hydrolase family 55 protein	WP_235366248.1					-	Parallel beta-helix repeats	-	-	-	-	-	Beta_helix,Pectate_lyase_3
NCS66_RS25025	lipid II flippase MurJ	WP_008347555.1					-	MviN-like protein	-	-	-	-	-	MVIN
NCS66_RS25035	alpha/beta hydrolase	WP_033536427.1	hydrolase activity|0016787||IEA				-	PFAM Alpha beta hydrolase fold-3 domain protein	-	-	-	-	-	Abhydrolase_3
NCS66_RS25040	CBS domain-containing protein	WP_235366247.1					-	PFAM CBS domain containing protein	-	-	-	-	-	BON,CBS
NCS66_RS25045	hypothetical protein	WP_008347565.1					-	-	-	-	-	-	-	-
NCS66_RS25085	AMP-binding protein	WP_008347578.1					-	AMP-binding enzyme	-	-	-	-	-	AMP-binding,AMP-binding_C
NCS66_RS25095	muconolactone Delta-isomerase	WP_008347582.1	muconolactone delta-isomerase activity|0016159||IEA	beta-ketoadipate pathway|0042952||IEA		catC	-	Belongs to the muconolactone Delta-isomerase family	ko:K03464	M00568	ko00000,ko00001,ko00002,ko01000	-	-	MIase
NCS66_RS25100	muconate/chloromuconate family cycloisomerase	WP_008347583.1	manganese ion binding|0030145||IEA				-	mandelate racemase muconate lactonizing	ko:K01856,ko:K02549	M00116,M00568	ko00000,ko00001,ko00002,ko01000	-	-	MR_MLE_C,MR_MLE_N
NCS66_RS25105	LysR family transcriptional regulator	WP_008347585.1					-	transcriptional Regulator, LysR family	ko:K21757	-	ko00000,ko03000	-	-	HTH_1,LysR_substrate
NCS66_RS25110	catechol 1,2-dioxygenase	WP_008347586.1	catechol 1,2-dioxygenase activity|0018576||IEA	catechol catabolic process, ortho-cleavage|0019615||IEA		catA	-	catechol 1,2-dioxygenase	ko:K03381	M00568	ko00000,ko00001,ko00002,ko01000	-	-	Dioxygenase_C,Dioxygenase_N
NCS66_RS25155	universal stress protein	WP_008347606.1	adenyl ribonucleotide binding|0032559||IEA				-	universal stress protein	-	-	-	-	-	Usp
NCS66_RS25160	hypothetical protein	WP_008347607.1					-	-	-	-	-	-	-	-
NCS66_RS25165	DUF1488 domain-containing protein	WP_008347608.1					-	Protein of unknown function (DUF1488)	-	-	-	-	-	DUF1488
NCS66_RS25180	universal stress protein	WP_008347612.1	adenyl ribonucleotide binding|0032559||IEA				-	Universal stress protein	-	-	-	-	-	Usp
NCS66_RS25185	PAS domain S-box protein	WP_034474259.1					-	PFAM ATP-binding region, ATPase domain protein	ko:K02486	-	ko00000,ko01000,ko01001,ko02022	-	-	CHASE5,HAMP,HATPase_c,HisKA_3,PAS,PAS_4,PAS_8,PAS_9,Response_reg
NCS66_RS25190	hypothetical protein	WP_008347614.1					-	-	-	-	-	-	-	-
NCS66_RS25195	hypothetical protein	WP_008347615.1					-	-	-	-	-	-	-	-
NCS66_RS25210	PQQ-binding-like beta-propeller repeat protein	WP_235366245.1					-	Pyrrolo-quinoline quinone	-	-	-	-	-	PQQ,PQQ_2,PQQ_3
NCS66_RS25215	DUF1993 domain-containing protein	WP_008347619.1					-	Domain of unknown function (DUF1993)	ko:K09983	-	ko00000	-	-	DUF1993
NCS66_RS25230	lipocalin-like domain-containing protein	WP_008347624.1					-	Lipocalin-like domain	-	-	-	-	-	CrtC,Lipocalin_9
NCS66_RS25235	peptidoglycan DD-metalloendopeptidase family protein	WP_081851927.1					-	peptidase	-	-	-	-	-	Peptidase_M23
NCS66_RS25240	GGDEF domain-containing protein	WP_033536406.1	metal ion binding|0046872||IEA		plasma membrane|0005886||IEA		-	diguanylate cyclase	-	-	-	-	-	GGDEF
NCS66_RS25245	RNA polymerase factor sigma-70	WP_008347629.1	sigma factor activity|0016987||IEA	DNA-templated transcription initiation|0006352||IEA			-	RNA polymerase sigma factor	ko:K03088	-	ko00000,ko03021	-	-	Sigma70_r2,Sigma70_r4_2
NCS66_RS25250	MbtH family NRPS accessory protein	WP_008347630.1					-	PFAM MbtH domain protein	ko:K05375	M00736	ko00000,ko00001,ko00002	-	-	MbtH
NCS66_RS25255	TauD/TfdA family dioxygenase	WP_008347633.1	oxidoreductase activity|0016491||IEA				-	PFAM Taurine catabolism dioxygenase TauD TfdA	-	-	-	-	-	TauD
NCS66_RS25270	siderophore-iron reductase FhuF	WP_008347638.1	2 iron, 2 sulfur cluster binding|0051537||IEA	siderophore-dependent iron import into cell|0033214||IEA		fhuF	-	Iron reductase	ko:K13255	-	ko00000	-	-	FhuF,FhuF_C
NCS66_RS25285	non-ribosomal peptide synthetase	WP_034471008.1					-	amino acid adenylation domain protein	-	-	-	-	-	AMP-binding,AMP-binding_C,Condensation,PP-binding,Thioesterase
NCS66_RS25290	non-ribosomal peptide synthetase	WP_008347644.1					-	amino acid adenylation domain protein	-	-	-	-	-	AMP-binding,AMP-binding_C,Condensation,PP-binding,Thioesterase
NCS66_RS25295	lysine N(6)-hydroxylase/L-ornithine N(5)-oxygenase family protein	WP_008347646.1					-	L-lysine 6-monooxygenase (NADPH-requiring)	ko:K03897,ko:K10531	-	ko00000,ko00001,ko01000	-	-	K_oxygenase
NCS66_RS25300	hypothetical protein	WP_008347648.1					-	Formyl transferase	-	-	-	-	-	Formyl_trans_N
NCS66_RS25305	GNAT family N-acetyltransferase	WP_008347650.1	acyltransferase activity|0016746||IEA				-	Siderophore biosynthesis protein domain	-	-	-	-	-	Acetyltransf_8
NCS66_RS25315	hypothetical protein	WP_008347655.1					-	-	-	-	-	-	-	-
NCS66_RS25325	class II aldolase/adducin family protein	WP_008347659.1					-	Class II aldolase adducin family protein	-	-	-	-	-	Aldolase_II
NCS66_RS25330	4-oxalocrotonate tautomerase	WP_008347661.1					-	4-oxalocrotonate tautomerase	ko:K01821	M00569	ko00000,ko00001,ko00002,ko01000	-	-	Tautomerase
NCS66_RS25360	LysR substrate-binding domain-containing protein	WP_008347672.1					-	Transcriptional regulator	-	-	-	-	-	HTH_1,LysR_substrate
NCS66_RS25365	M20 aminoacylase family protein	WP_008347674.1	hydrolase activity, acting on carbon-nitrogen (but not peptide) bonds|0016810||IEA				-	amidohydrolase	-	-	-	-	-	M20_dimer,Peptidase_M20
NCS66_RS25370	M14 family metallopeptidase	WP_008347675.1					-	Protein of unknown function (DUF2817)	-	-	-	-	-	DUF2817
NCS66_RS25375	endonuclease/exonuclease/phosphatase family protein	WP_008347677.1	catalytic activity|0003824||IEA				-	endonuclease	-	-	-	-	-	Exo_endo_phos
NCS66_RS25380	DUF4019 domain-containing protein	WP_008347679.1					-	Protein of unknown function (DUF4019)	-	-	-	-	-	DUF4019
NCS66_RS25385	high-potential iron-sulfur protein	WP_034471001.1					-	Specific class of high-redox-potential 4Fe-4S ferredoxins. Functions in anaerobic electron transport in most purple and in some other photosynthetic bacteria and in at least one genus (Paracoccus) of halophilic, denitrifying bacteria	-	-	-	-	-	HIPIP
NCS66_RS34395	type II toxin-antitoxin system ParD family antitoxin	WP_268811659.1					-	Bacterial antitoxin of ParD toxin-antitoxin type II system and RHH	ko:K07746	-	ko00000,ko02048	-	-	ParD_antitoxin
NCS66_RS25400	hypothetical protein	WP_008347687.1					-	-	-	-	-	-	-	-
NCS66_RS25405	OFA family MFS transporter	WP_008347689.1	transmembrane transporter activity|0022857||IEA	transmembrane transport|0055085||IEA			-	Major facilitator superfamily	-	-	-	-	-	MFS_1
NCS66_RS25415	DUF779 domain-containing protein	WP_033536247.1					-	Protein of unknown function (DUF779)	ko:K09959	-	ko00000	-	-	DUF779
NCS66_RS25420	enoyl-CoA hydratase	WP_008347695.1	catalytic activity|0003824||IEA				-	enoyl-CoA hydratase	-	-	-	-	-	ECH_1
NCS66_RS25425	acyl-CoA synthetase	WP_008347698.1					-	PFAM AMP-dependent synthetase and ligase	ko:K00666	-	ko00000,ko01000,ko01004	-	-	AMP-binding,AMP-binding_C
NCS66_RS25440	NAD(P)H-dependent oxidoreductase	WP_008347703.1	FMN binding|0010181||IEA				-	NADPH dehydrogenase	ko:K00355	-	ko00000,ko00001,ko01000	-	-	Flavodoxin_2
NCS66_RS25445	LysR family transcriptional regulator	WP_008347704.1	DNA-binding transcription activator activity|0001216||IEA				-	Transcriptional regulator	-	-	-	-	-	HTH_1,LysR_substrate
NCS66_RS25470	porin	WP_008347714.1	porin activity|0015288||IEA		cell outer membrane|0009279||IEA		-	PFAM porin Gram-negative type	-	-	-	-	-	Porin_4
NCS66_RS25480	HAD family hydrolase	WP_008347718.1	hydrolase activity|0016787||IEA				-	TIGRFAM HAD-superfamily hydrolase, subfamily IA, variant 3	-	-	-	-	-	HAD_2
NCS66_RS25490	response regulator	WP_008347722.1		phosphorelay signal transduction system|0000160||IEA			-	Histidine kinase	-	-	-	-	-	GAF_2,HATPase_c,HisKA,PAS_3,PAS_4,PAS_9,Response_reg
NCS66_RS25495	DUF6723 family protein	WP_008347724.1					-	-	-	-	-	-	-	-
NCS66_RS25515	glycosyltransferase family 87 protein	WP_250480891.1	glycosyltransferase activity|0016757||IEA				-	Pfam:DUF2029	-	-	-	-	-	GT87
NCS66_RS25525	TetR/AcrR family transcriptional regulator	WP_008346406.1	DNA-binding transcription factor activity|0003700||IEA	regulation of DNA-templated transcription|0006355||IEA			-	Bacterial regulatory proteins, tetR family	-	-	-	-	-	TetR_N
NCS66_RS25530	VOC family protein	WP_008346408.1					-	Glyoxalase/Bleomycin resistance protein/Dioxygenase superfamily	-	-	-	-	-	Glyoxalase
NCS66_RS25535	family 1 encapsulin nanocompartment shell protein	WP_008346410.1			encapsulin nanocompartment|0140737||IEA		-	PFAM Linocin_M18 bacteriocin protein	-	-	-	-	-	Linocin_M18
NCS66_RS25545	haloacid dehalogenase type II	WP_008346414.1	(S)-2-haloacid dehalogenase activity|0018784||IEA	xenobiotic metabolic process|0006805||IEA			-	Haloacid dehalogenase-like hydrolase	ko:K01560	-	ko00000,ko00001,ko01000	-	-	HAD_2
NCS66_RS25550	NUDIX hydrolase	WP_193788591.1	metal ion binding|0046872||IEA				-	Hydrolase of X-linked nucleoside diphosphate N terminal	-	-	-	-	-	NUDIX,Nudix_N
NCS66_RS25555	TetR/AcrR family transcriptional regulator	WP_008346417.1	DNA binding|0003677||IEA	regulation of DNA-templated transcription|0006355||IEA			-	TetR family transcriptional regulator	-	-	-	-	-	TetR_N
NCS66_RS25565	DUF2235 domain-containing protein	WP_008346423.1					-	Uncharacterized alpha/beta hydrolase domain (DUF2235)	-	-	-	-	-	DUF2235
NCS66_RS25575	hypothetical protein	WP_008346426.1					-	-	-	-	-	-	-	-
NCS66_RS25580	hybrid sensor histidine kinase/response regulator	WP_034470142.1					-	Histidine kinase	-	-	-	-	-	HATPase_c,HisKA,Response_reg
NCS66_RS25585	response regulator transcription factor	WP_008346429.1	DNA binding|0003677||IEA	regulation of DNA-templated transcription|0006355||IEA			-	regulator	-	-	-	-	-	GerE,Response_reg
NCS66_RS25590	murein transglycosylase A	WP_008346431.1					-	MltA specific insert domain	ko:K08304	-	ko00000,ko01000,ko01011	-	GH102	3D,MltA
NCS66_RS25595	serine/threonine-protein kinase	WP_008346433.1					-	Protein tyrosine kinase	ko:K08282	-	ko00000,ko01000	-	-	DUF4384,Pkinase
NCS66_RS25600	type VI secretion system-associated protein TagF	WP_008346435.1				tagF	-	Uncharacterized protein conserved in bacteria (DUF2094)	ko:K11890	-	ko00000,ko00001,ko02044	-	-	DUF2094
NCS66_RS25625	CHAT domain-containing tetratricopeptide repeat protein	WP_008346444.1					-	CHAT domain	-	-	-	-	-	CHAT,TPR_12,TPR_16
NCS66_RS25630	ShlB/FhaC/HecB family hemolysin secretion/activation protein	WP_008346446.1	porin activity|0015288||IEA	protein transport|0015031||IEA	pore complex|0046930||IEA		-	Polypeptide-transport-associated domain protein ShlB-type	-	-	-	-	-	POTRA_2,ShlB
NCS66_RS25635	filamentous hemagglutinin N-terminal domain-containing protein	WP_081851804.1					-	family outer membrane protein	-	-	-	-	-	ESPR,Haemagg_act
NCS66_RS25640	type VI secretion system protein TssA	WP_008346449.1				tssA	-	ImpA, N-terminal, type VI secretion system	ko:K11902	M00334	ko00000,ko00001,ko00002,ko02044	-	-	ImpA_N
NCS66_RS25655	PP2C family serine/threonine-protein phosphatase	WP_008346453.1					-	Serine/threonine phosphatases, family 2C, catalytic domain	ko:K20074	-	ko00000,ko01000,ko01009	-	-	PP2C_2
NCS66_RS25660	type VI secretion system-associated FHA domain protein TagH	WP_008346455.1	molecular_function|0003674||IEA	protein secretion by the type VI secretion system|0033103||IEA		tagH	-	Forkhead associated domain	ko:K07169,ko:K11913	-	ko00000,ko00001,ko02044	-	-	FHA
NCS66_RS25680	type VI secretion system baseplate subunit TssE	WP_008346462.1	molecular_function|0003674||IEA	protein secretion by the type VI secretion system|0033103||IEA		tssE	-	Gene 25-like lysozyme	ko:K11897	M00334	ko00000,ko00002,ko02044	-	-	GPW_gp25
NCS66_RS25685	type VI secretion system tube protein Hcp	WP_008346463.1					-	Type VI secretion system effector, Hcp	-	-	-	-	-	T6SS_HCP
NCS66_RS25690	type VI secretion system tube protein Hcp	WP_008346465.1					-	Type VI secretion system effector, Hcp	-	-	-	-	-	T6SS_HCP
NCS66_RS25695	chemotaxis protein CheB	WP_008346467.1					-	protein-glutamate methylesterase activity	ko:K00575,ko:K03412,ko:K03413	M00506	ko00000,ko00001,ko00002,ko01000,ko02022,ko02035	-	-	CheB_methylest,Response_reg
NCS66_RS25705	SDR family oxidoreductase	WP_008346471.1					-	short-chain dehydrogenase	-	-	-	-	-	adh_short_C2
NCS66_RS25710	dihydrodipicolinate synthase family protein	WP_008346473.1					-	Protein of unknown function (DUF993)	-	-	-	-	-	DUF993
NCS66_RS25715	3-ketoacyl-ACP reductase	WP_008346475.1	oxidoreductase activity|0016491||IEA				-	Enoyl-(Acyl carrier protein) reductase	-	-	-	-	-	adh_short_C2
NCS66_RS25720	acyl-CoA dehydrogenase family protein	WP_008346477.1	oxidoreductase activity, acting on the CH-CH group of donors|0016627||IEA				-	Acyl-CoA dehydrogenase, C-terminal domain	-	-	-	-	-	Acyl-CoA_dh_1,Acyl-CoA_dh_M,Acyl-CoA_dh_N
NCS66_RS25725	TetR/AcrR family transcriptional regulator	WP_051996389.1	DNA binding|0003677||IEA	regulation of DNA-templated transcription|0006355||IEA			-	TetR family transcriptional regulator	-	-	-	-	-	TetR_N
NCS66_RS25740	PRC-barrel domain-containing protein	WP_008346482.1	bacteriochlorophyll binding|0042314||IEA	photosynthesis, light reaction|0019684||IEA			-	PFAM PRC-barrel domain protein	-	-	-	-	-	PRC
NCS66_RS25745	transglutaminase-like domain-containing protein	WP_008346484.1					-	Periplasmic Protein	-	-	-	-	-	-
NCS66_RS25765	PAS sensor domain-containing protein	WP_008346492.1					-	PAS domain	-	-	-	-	-	PAS
NCS66_RS25785	PLP-dependent aminotransferase family protein	WP_008346500.1	pyridoxal phosphate binding|0030170||IEA				-	helix_turn_helix gluconate operon transcriptional repressor	-	-	-	-	-	Aminotran_1_2,GntR
NCS66_RS25800	HPP family protein	WP_008346506.1					-	-	-	-	-	-	-	-
NCS66_RS25805	tripartite tricarboxylate transporter permease	WP_008346508.1					-	Tripartite tricarboxylate transporter TctA family	-	-	-	-	-	TctA
NCS66_RS25810	PHB depolymerase family esterase	WP_008346510.1	hydrolase activity|0016787||IEA				-	depolymerase	ko:K05973	-	ko00000,ko00001,ko01000	-	-	Esterase_phd
NCS66_RS25815	CopG family transcriptional regulator	WP_008346513.1					-	transcriptional regulators containing the CopG Arc MetJ DNA-binding domain	-	-	-	-	-	-
NCS66_RS25820	hypothetical protein	WP_008346515.1					-	-	-	-	-	-	-	-
NCS66_RS25830	HAMP domain-containing sensor histidine kinase	WP_250480903.1	ATP binding|0005524||IEA	signal transduction|0007165||IEA			-	His Kinase A (phosphoacceptor) domain	-	-	-	-	-	GAF,HATPase_c,HisKA,MEDS
NCS66_RS25855	succinylglutamate desuccinylase/aspartoacylase family protein	WP_008346529.1	hydrolase activity, acting on ester bonds|0016788||IEA				-	Succinylglutamate desuccinylase aspartoacylase	ko:K06987	-	ko00000	-	-	AstE_AspA
NCS66_RS25860	IclR family transcriptional regulator	WP_008346531.1	DNA-binding transcription factor activity|0003700||IEA	regulation of DNA-templated transcription|0006355||IEA			-	helix_turn_helix isocitrate lyase regulation	ko:K02624	-	ko00000,ko03000	-	-	HTH_IclR,IclR
NCS66_RS25865	aminotransferase class V-fold PLP-dependent enzyme	WP_034470165.1					-	COG0520 Selenocysteine lyase	-	-	-	-	-	Aminotran_5
NCS66_RS25870	amino acid adenylation domain-containing protein	WP_008346536.1					-	amino acid adenylation domain protein	ko:K02364	-	ko00000,ko00001,ko01000,ko01008	-	-	AMP-binding,AMP-binding_C,Condensation,NAD_binding_4,PP-binding,Thioesterase
NCS66_RS25875	AraC family transcriptional regulator	WP_250480893.1	DNA binding|0003677||IEA	regulation of DNA-templated transcription|0006355||IEA			-	PFAM helix-turn-helix- domain containing protein AraC type	-	-	-	-	-	Arabinose_bd,HTH_18
NCS66_RS25880	3-keto-5-aminohexanoate cleavage protein	WP_008346539.1					-	beta-keto acid cleavage enzyme	ko:K18013	-	ko00000,ko00001,ko01000	-	-	BKACE
NCS66_RS25890	SDR family oxidoreductase	WP_008346542.1					-	PFAM short-chain dehydrogenase reductase SDR	-	-	-	-	-	adh_short_C2
NCS66_RS25895	SDR family oxidoreductase	WP_008346543.1					-	NmrA family	-	-	-	-	-	NAD_binding_10,NmrA
NCS66_RS25900	PLP-dependent aminotransferase family protein	WP_008346545.1	pyridoxal phosphate binding|0030170||IEA				-	aminotransferase class I and II	ko:K00375	-	ko00000,ko03000	-	-	Aminotran_1_2,GntR
NCS66_RS25905	NAD(P)H-dependent oxidoreductase	WP_008346547.1					-	Catalyzes the reductive cleavage of azo bond in aromatic azo compounds to the corresponding amines. Requires NADH, but not NADPH, as an electron donor for its activity	ko:K01118	-	ko00000,ko01000	-	-	Flavodoxin_2
NCS66_RS25910	GNAT family N-acetyltransferase	WP_008346549.1	N-acetyltransferase activity|0008080||IEA				-	Acetyltransferase (GNAT) family	-	-	-	-	-	Acetyltransf_1
NCS66_RS25915	FAD-dependent oxidoreductase	WP_008346551.1	FAD binding|0071949||IEA				-	PFAM FAD dependent oxidoreductase	ko:K00285	-	ko00000,ko00001,ko01000	-	-	DAO
NCS66_RS25925	ornithine cyclodeaminase family protein	WP_250480894.1					-	ornithine cyclodeaminase	ko:K19744	-	ko00000,ko00001,ko01000	-	-	OCD_Mu_crystall
NCS66_RS25930	PAS domain-containing protein	WP_235366183.1					-	PFAM YheO domain protein	ko:K21829	-	ko00000,ko03000	-	-	HTH_22,PAS_6
NCS66_RS25935	HAMP domain-containing sensor histidine kinase	WP_008346558.1	ATP binding|0005524||IEA	signal transduction|0007165||IEA			-	Histidine kinase	-	-	-	-	-	HATPase_c,HisKA
NCS66_RS25945	hypothetical protein	WP_309792361.1					-	-	-	-	-	-	-	-
NCS66_RS25950	hypothetical protein	WP_008346563.1					-	-	-	-	-	-	-	-
NCS66_RS25955	MFS transporter	WP_033536002.1	transmembrane transporter activity|0022857||IEA	transmembrane transport|0055085||IEA			-	Major Facilitator	-	-	-	-	-	MFS_1
NCS66_RS25970	urea amidolyase associated protein UAAP2	WP_250480904.1					-	urea carboxylase-associated protein 1	ko:K09967	-	ko00000	-	-	DUF1989
NCS66_RS25975	urea amidolyase associated protein UAAP1	WP_033536001.1					-	Domain of unknown function (DUF1989)	ko:K09967	-	ko00000	-	-	DUF1989
NCS66_RS25995	CsgE family curli-type amyloid fiber assembly protein	WP_008346582.1					-	Curli assembly protein CsgE	ko:K04337	-	ko00000,ko02044	-	-	CsgE
NCS66_RS26010	hypothetical protein	WP_008346589.1					GO:0003674,GO:0005488,GO:0005515,GO:0005575,GO:0005623,GO:0006807,GO:0007155,GO:0008150,GO:0008152,GO:0009279,GO:0009289,GO:0009987,GO:0016020,GO:0016043,GO:0019538,GO:0019867,GO:0022610,GO:0030312,GO:0030313,GO:0031975,GO:0042710,GO:0042802,GO:0042995,GO:0043170,GO:0044010,GO:0044238,GO:0044462,GO:0044464,GO:0044764,GO:0051704,GO:0071704,GO:0071840,GO:0071944,GO:0097435,GO:1901564,GO:1990000	PFAM Curlin associated repeat	ko:K04335	-	ko00000,ko00001,ko02044	-	-	Curlin_rpt
NCS66_RS26015	curlin associated protein	WP_008346592.1					-	PFAM Curlin associated repeat	-	-	-	-	-	Curlin_rpt
NCS66_RS26025	epoxide hydrolase family protein	WP_244808291.1					-	Epoxide hydrolase N terminus	-	-	-	-	-	EHN
NCS66_RS26030	YciI family protein	WP_008346598.1					-	YCII-related domain	-	-	-	-	-	YCII
NCS66_RS34255	hypothetical protein	WP_051996391.1					-	Part of the outer membrane protein assembly complex, which is involved in assembly and insertion of beta-barrel proteins into the outer membrane	-	-	-	-	-	-
NCS66_RS26045	isochorismatase family protein	WP_034470174.1					-	Isochorismatase family	-	-	-	-	-	Isochorismatase
NCS66_RS26050	helix-turn-helix domain-containing protein	WP_008346605.1	sequence-specific DNA binding|0043565||IEA	regulation of DNA-templated transcription|0006355||IEA			-	DJ-1/PfpI family	-	-	-	-	-	DJ-1_PfpI,HTH_18
NCS66_RS26100	SMP-30/gluconolactonase/LRE family protein	WP_008346624.1					-	SMP-30/Gluconolaconase/LRE-like region	ko:K01053	M00129	ko00000,ko00001,ko00002,ko01000,ko04147	-	-	SGL
NCS66_RS26105	LysR family transcriptional regulator	WP_008346626.1					-	LysR substrate binding domain	-	-	-	-	-	HTH_1,LysR_substrate
NCS66_RS26115	MFS transporter	WP_008346630.1	transmembrane transporter activity|0022857||IEA	transmembrane transport|0055085||IEA			-	Major Facilitator Superfamily	-	-	-	-	-	MFS_1
NCS66_RS26125	FCD domain-containing protein	WP_008346635.1					-	LysR substrate binding domain	-	-	-	-	-	HTH_1,LysR_substrate
NCS66_RS26130	glycosyltransferase family 2 protein	WP_008346637.1	glycosyltransferase activity|0016757||IEA				-	glycosyl transferase, family 2	-	-	-	-	-	Glycos_transf_2
NCS66_RS26140	TRAP transporter small permease	WP_008346641.1	transmembrane transporter activity|0022857||IEA		membrane|0016020||IEA		-	Tripartite ATP-independent periplasmic transporters, DctQ component	-	-	-	-	-	DctQ
NCS66_RS26145	TRAP transporter substrate-binding protein	WP_008346643.1					-	)transporter	-	-	-	-	-	DctP
NCS66_RS26150	MaoC family dehydratase	WP_033535795.1					-	MaoC like domain	-	-	-	-	-	MaoC_dehydratas
NCS66_RS26155	enoyl-CoA hydratase/isomerase family protein	WP_008346647.1					-	Enoyl-CoA hydratase/isomerase	-	-	-	-	-	ECH_1
NCS66_RS26165	CoA transferase	WP_033535816.1	transferase activity|0016740||IEA				-	CoA-transferase family III	-	-	-	-	-	CoA_transf_3
NCS66_RS26175	helix-turn-helix domain-containing protein	WP_008346653.1	sequence-specific DNA binding|0043565||IEA	regulation of DNA-templated transcription|0006355||IEA			-	Transcriptional regulator	ko:K18954	-	ko00000,ko03000	-	-	AraC_binding,HTH_18
NCS66_RS26180	glycoside hydrolase family 88 protein	WP_235366153.1					-	Glycosyl Hydrolase Family 88	ko:K18581	-	ko00000,ko01000	-	GH88	Glyco_hydro_88
NCS66_RS26205	DeoR/GlpR family DNA-binding transcription regulator	WP_008346661.1	DNA-binding transcription factor activity|0003700||IEA				-	PFAM regulatory protein DeoR	-	-	-	-	-	DeoRC,HTH_DeoR
NCS66_RS26215	sulfite exporter TauE/SafE family protein	WP_008346663.1		transport|0006810||IEA			-	membrane transporter protein	ko:K07090	-	ko00000	-	-	TauE
NCS66_RS26220	YrzE family protein	WP_008346664.1					-	Protein conserved in bacteria	-	-	-	-	-	-
NCS66_RS26225	YsnF/AvaK domain-containing protein	WP_008346665.1					-	Domain of unknown function (DUF2382)	-	-	-	-	-	DUF2382
NCS66_RS26230	YsnF/AvaK domain-containing protein	WP_008346666.1					-	Domain of unknown function (DUF2382)	-	-	-	-	-	DUF2382
NCS66_RS26235	GntR family transcriptional regulator	WP_008346667.1	DNA-binding transcription factor activity|0003700||IEA				-	FCD	-	-	-	-	-	FCD,GntR
NCS66_RS26240	oxalurate catabolism protein HpxZ	WP_008346668.1				hpxZ	-	Protein of unknown function (DUF3225)	-	-	-	-	-	DUF3225
NCS66_RS26245	cysteine hydrolase	WP_033535797.1					-	Isochorismatase family	-	-	-	-	-	Isochorismatase
NCS66_RS26260	isochorismatase family cysteine hydrolase	WP_008346673.1	hydrolase activity|0016787||IEA				-	Isochorismatase family	-	-	-	-	-	Isochorismatase
NCS66_RS26290	DUF6566 family protein	WP_008346683.1					-	-	-	-	-	-	-	-
NCS66_RS26295	glycosyltransferase family 4 protein	WP_008346685.1					-	PFAM glycosyl transferase group 1	-	-	-	-	-	Glyco_trans_1_4,Glyco_transf_4,Glycos_transf_1
NCS66_RS26300	glycosyltransferase family 4 protein	WP_008346687.1					-	PFAM glycosyl transferase group 1	-	-	-	-	-	Glyco_transf_4,Glycos_transf_1
NCS66_RS26305	HAD-IIB family hydrolase	WP_250480897.1	hydrolase activity|0016787||IEA	metabolic process|0008152||IEA			-	PFAM Haloacid dehalogenase domain protein hydrolase type 3	-	-	-	-	-	Hydrolase_3
NCS66_RS26310	NADH:flavin oxidoreductase/NADH oxidase	WP_008346690.1					-	NADH:flavin oxidoreductase / NADH oxidase family	ko:K00219	-	ko00000,ko01000	-	-	Oxidored_FMN
NCS66_RS26330	hypothetical protein	WP_008346698.1					-	Cyclase dehydrase	-	-	-	-	-	-
NCS66_RS26340	hypothetical protein	WP_008346702.1					-	-	-	-	-	-	-	-
NCS66_RS26350	hybrid sensor histidine kinase/response regulator	WP_008346705.1					-	Histidine kinase	-	-	-	-	-	GAF_2,HATPase_c,HisKA,PAS_3,PAS_4,PAS_9,Response_reg,dCache_1
NCS66_RS26355	catechol 1,2-dioxygenase	WP_008346707.1	catechol 1,2-dioxygenase activity|0018576||IEA	catechol catabolic process, ortho-cleavage|0019615||IEA		catA	-	catechol 1,2-dioxygenase	ko:K03381	M00568	ko00000,ko00001,ko00002,ko01000	-	-	Dioxygenase_C,Dioxygenase_N
NCS66_RS26370	acyl-CoA dehydrogenase family protein	WP_008346712.1	oxidoreductase activity, acting on the CH-CH group of donors|0016627||IEA				-	Acyl-CoA dehydrogenase type 2 domain	ko:K20942,ko:K22027	-	ko00000,ko00001,ko01000	-	-	Acyl-CoA_dh_2,Acyl-CoA_dh_N
NCS66_RS26380	hypothetical protein	WP_008346716.1					-	-	-	-	-	-	-	-
NCS66_RS26385	LysR family transcriptional regulator	WP_033535823.1					-	LysR substrate binding domain	-	-	-	-	-	HTH_1,LysR_substrate
NCS66_RS26400	LysR family transcriptional regulator	WP_008346723.1					-	LysR substrate binding domain	-	-	-	-	-	HTH_1,LysR_substrate
NCS66_RS26405	aromatic ring-hydroxylating dioxygenase subunit alpha	WP_008346725.1					-	rieske 2fe-2s	ko:K00479	-	ko00000	-	-	Rieske,Ring_hydroxyl_A
NCS66_RS26410	aromatic-ring-hydroxylating dioxygenase subunit beta	WP_008346726.1		metabolic process|0008152||IEA			-	PFAM aromatic-ring-hydroxylating dioxygenase beta subunit	-	-	-	-	-	Ring_hydroxyl_B
NCS66_RS26415	tautomerase family protein	WP_008346728.1	isomerase activity|0016853||IEA	metabolic process|0008152||IEA			-	Tautomerase enzyme	-	-	-	-	-	Tautomerase
NCS66_RS26420	nuclear transport factor 2 family protein	WP_008346729.1					-	SnoaL-like domain	-	-	-	-	-	SnoaL_4
NCS66_RS26430	HAMP domain-containing sensor histidine kinase	WP_250480898.1	ATP binding|0005524||IEA	signal transduction|0007165||IEA			-	PFAM ATP-binding region, ATPase domain protein	-	-	-	-	-	HATPase_c,HisKA,PAS,PAS_3,PAS_4,PAS_8
NCS66_RS26440	response regulator	WP_008346733.1	phosphorelay response regulator activity|0000156||IEA	phosphorelay signal transduction system|0000160||IEA			-	Pfam Response regulator receiver	-	-	-	-	-	Response_reg
NCS66_RS26445	response regulator	WP_008346734.1	phosphorelay response regulator activity|0000156||IEA	phosphorelay signal transduction system|0000160||IEA			-	Response regulator receiver	-	-	-	-	-	Response_reg
NCS66_RS26450	ATPase domain-containing protein	WP_008346736.1					-	KaiC	ko:K08482	-	ko00000	-	-	ATPase
NCS66_RS26455	ATP-binding protein	WP_008346738.1					-	Histidine kinase	-	-	-	-	-	GAF,GAF_2,HATPase_c,HisKA,PAS_3,PAS_4,PAS_8,PAS_9,Response_reg
NCS66_RS26460	ATPase domain-containing protein	WP_008346739.1					-	KaiC	ko:K08482	-	ko00000	-	-	ATPase
NCS66_RS26465	EAL domain-containing protein	WP_008346742.1					-	Diguanylate phosphodiesterase	-	-	-	-	-	EAL
NCS66_RS26470	nitroreductase family protein	WP_008346743.1					-	Nitroreductase family	-	-	-	-	-	Nitroreductase
NCS66_RS26480	LLM class flavin-dependent oxidoreductase	WP_008346746.1	oxidoreductase activity|0016491||IEA				-	Nitrilotriacetate monooxygenase	-	-	-	-	-	Bac_luciferase
NCS66_RS26490	peroxidase-related enzyme	WP_008346750.1	peroxiredoxin activity|0051920||IEA				-	Antioxidant protein with alkyl hydroperoxidase activity. Required for the reduction of the AhpC active site cysteine residues and for the regeneration of the AhpC enzyme activity	-	-	-	-	-	CMD
NCS66_RS26495	peroxidase-related enzyme	WP_008346752.1	peroxiredoxin activity|0051920||IEA				-	hydroperoxide reductase activity	-	-	-	-	-	CMD
NCS66_RS26500	acyl-CoA dehydrogenase family protein	WP_008346754.1	flavin adenine dinucleotide binding|0050660||IEA				-	Acyl-CoA dehydrogenase, C-terminal domain	-	-	-	-	-	Acyl-CoA_dh_2,Acyl-CoA_dh_M,Acyl-CoA_dh_N
NCS66_RS26535	acyl-CoA dehydrogenase family protein	WP_008346768.1					-	acyl-CoA dehydrogenase	-	-	-	-	-	Acyl-CoA_dh_2,Acyl-CoA_dh_M,Acyl-CoA_dh_N
NCS66_RS26565	PAAR domain-containing protein	WP_008346775.1					-	PAAR repeat-containing protein	-	-	-	-	-	PAAR_motif
NCS66_RS26570	M35 family metallo-endopeptidase	WP_008346776.1	metalloendopeptidase activity|0004222||IEA				-	Lysine-specific metallo-endopeptidase	-	-	-	-	-	Aspzincin_M35
NCS66_RS26575	OmpA family protein	WP_160172872.1					-	-	-	-	-	-	-	-
NCS66_RS26580	LLM class flavin-dependent oxidoreductase	WP_008346778.1	oxidoreductase activity|0016491||IEA				-	Nitrilotriacetate monooxygenase	-	-	-	-	-	Bac_luciferase
NCS66_RS26590	LLM class flavin-dependent oxidoreductase	WP_008346780.1	oxidoreductase activity|0016491||IEA				-	Luciferase-like monooxygenase	-	-	-	-	-	Bac_luciferase
NCS66_RS26595	DUF3088 domain-containing protein	WP_033535827.1					-	Protein of unknown function (DUF3088)	-	-	-	-	-	DUF3088
NCS66_RS26600	hypothetical protein	WP_033535802.1					-	-	-	-	-	-	-	-
NCS66_RS26610	sulfite dehydrogenase	WP_033535828.1	molybdenum ion binding|0030151||IEA			soxC	-	Mo-co oxidoreductase dimerisation domain	ko:K17225	M00595	ko00000,ko00001,ko00002	-	-	Mo-co_dimer,Oxidored_molyb
NCS66_RS26615	RidA family protein	WP_008346786.1					-	endoribonuclease L-PSP	-	-	-	-	-	YjgF_endoribonc
NCS66_RS26620	porin	WP_008346788.1	porin activity|0015288||IEA		cell outer membrane|0009279||IEA		-	Gram-negative porin	-	-	-	-	-	Porin_4
NCS66_RS26630	formylglycine-generating enzyme family protein	WP_033535804.1	metal ion binding|0046872||IEA				-	Sulfatase-modifying factor enzyme 1	-	-	-	-	-	FGE-sulfatase
NCS66_RS26640	hypothetical protein	WP_081851813.1					-	PFAM Uncharacterised protein family (UPF0153)	-	-	-	-	-	CxxCxxCC
NCS66_RS26665	DUF2160 domain-containing protein	WP_008346804.1					-	Predicted small integral membrane protein (DUF2160)	-	-	-	-	-	DUF2160
NCS66_RS26685	LacI family DNA-binding transcriptional regulator	WP_235366154.1					-	periplasmic binding protein LacI transcriptional regulator	ko:K06145	-	ko00000,ko03000	-	-	LacI,Peripla_BP_3
NCS66_RS26710	CoA-binding protein	WP_034470200.1					-	Succinyl-CoA ligase like flavodoxin domain	-	-	-	-	-	CoA_binding,Succ_CoA_lig
NCS66_RS26715	ATP citrate lyase citrate-binding domain-containing protein	WP_008346824.1					-	ATP citrate lyase citrate-binding	-	-	-	-	-	ATP-grasp_2,Citrate_bind
NCS66_RS26740	LysR family transcriptional regulator	WP_033535808.1	DNA-binding transcription activator activity|0001216||IEA				-	LysR family transcriptional regulator	-	-	-	-	-	HTH_1,LysR_substrate
NCS66_RS26745	TRAP transporter substrate-binding protein	WP_008346836.1					-	Bacterial extracellular solute-binding protein, family 7	-	-	-	-	-	DctP
NCS66_RS26750	TRAP transporter large permease subunit	WP_008346838.1					-	Tripartite ATP-independent periplasmic transporters, DctQ component	-	-	-	-	-	DctM,DctQ
NCS66_RS26755	LacI family DNA-binding transcriptional regulator	WP_008346840.1	sequence-specific DNA binding|0043565||IEA	negative regulation of DNA-templated transcription|0045892||IEA			-	helix_turn _helix lactose operon repressor	ko:K02529	-	ko00000,ko03000	-	-	LacI,Peripla_BP_3
NCS66_RS26765	amidohydrolase family protein	WP_008346845.1	hydrolase activity|0016787||IEA				-	Amidohydrolase	ko:K18982	-	ko00000,ko00001,ko01000	-	-	Amidohydro_2
NCS66_RS26770	D-2-hydroxyacid dehydrogenase family protein	WP_008346847.1					-	Belongs to the D-isomer specific 2-hydroxyacid dehydrogenase family	-	-	-	-	-	2-Hacid_dh,2-Hacid_dh_C
NCS66_RS26775	MFS transporter	WP_008346849.1	transmembrane transporter activity|0022857||IEA	transmembrane transport|0055085||IEA			-	Major facilitator transporter	-	-	-	-	-	MFS_1
NCS66_RS26780	alpha/beta hydrolase	WP_051996399.1	hydrolase activity|0016787||IEA				-	Alpha/beta hydrolase family	-	-	-	-	-	Abhydrolase_6
NCS66_RS26785	hydroxymethylglutaryl-CoA lyase	WP_008346853.1					-	Belongs to the alpha-IPM synthase homocitrate synthase family	-	-	-	-	-	HMGL-like
NCS66_RS26790	MFS transporter	WP_008346855.1	transmembrane transporter activity|0022857||IEA	transmembrane transport|0055085||IEA			-	Major Facilitator Superfamily	-	-	-	-	-	MFS_1
NCS66_RS26800	CoA transferase	WP_033535833.1	transferase activity|0016740||IEA				-	CoA-transferase family III	-	-	-	-	-	CoA_transf_3
NCS66_RS26805	hydantoinase B/oxoprolinase family protein	WP_033535809.1					-	Hydantoinase B/oxoprolinase	ko:K01474	-	ko00000,ko00001,ko01000	-	-	Hydantoinase_B
NCS66_RS26810	hydantoinase/oxoprolinase family protein	WP_008346862.1					-	5-oxoprolinase	ko:K01473	-	ko00000,ko00001,ko01000	-	-	Hydant_A_N,Hydantoinase_A
NCS66_RS26815	LysR family transcriptional regulator	WP_033535810.1	DNA-binding transcription activator activity|0001216||IEA				-	LysR substrate binding domain	-	-	-	-	-	HTH_1,LysR_substrate
NCS66_RS26830	MFS transporter	WP_008346869.1	transmembrane transporter activity|0022857||IEA	transmembrane transport|0055085||IEA			-	Sugar (and other) transporter	-	-	-	-	-	MFS_1,Sugar_tr
NCS66_RS26835	enoyl-CoA hydratase-related protein	WP_008346870.1	catalytic activity|0003824||IEA				-	Enoyl-CoA hydratase/isomerase	-	-	-	-	-	ECH_1
NCS66_RS26845	CoA transferase	WP_008346872.1	transferase activity|0016740||IEA				-	CoA-transferase family III	-	-	-	-	-	CoA_transf_3
NCS66_RS26865	mechanosensitive ion channel family protein	WP_033535811.1					-	mechanosensitive ion channel	-	-	-	-	-	MS_channel,cNMP_binding
NCS66_RS26870	DUF2889 domain-containing protein	WP_008346878.1					-	Protein of unknown function (DUF2889)	-	-	-	-	-	DUF2889
NCS66_RS26890	electron transfer flavoprotein subunit beta/FixA family protein	WP_250480907.1	electron transfer activity|0009055||IEA				-	Electron transfer flavoprotein	ko:K03521	-	ko00000	-	-	ETF
NCS66_RS26900	GntR family transcriptional regulator	WP_051078976.1	DNA-binding transcription factor activity|0003700||IEA				-	Transcriptional regulator	-	-	-	-	-	GntR,UTRA
NCS66_RS26905	CoA transferase	WP_250480908.1	transferase activity|0016740||IEA				-	CoA-transferase family III	-	-	-	-	-	CoA_transf_3
NCS66_RS26915	MmgE/PrpD family protein	WP_008346892.1	lyase activity|0016829||IEA				-	MmgE PrpD family protein	-	-	-	-	-	MmgE_PrpD
NCS66_RS26925	MaoC family dehydratase	WP_008346896.1	lyase activity|0016829||IEA				-	N-terminal half of MaoC dehydratase	-	-	-	-	-	MaoC_dehydratas
NCS66_RS26930	hypothetical protein	WP_008346898.1					-	-	-	-	-	-	-	-
NCS66_RS26940	SLC13 family permease	WP_008346901.1		transmembrane transport|0055085||IEA	membrane|0016020||IEA		-	Citrate transporter	-	-	-	-	-	CitMHS
NCS66_RS26945	bifunctional allantoicase/(S)-ureidoglycine aminohydrolase	WP_008346903.1	ureidoglycine aminohydrolase activity|0071522||IEA	ureide catabolic process|0010136||IEA			-	Cupin 2, conserved barrel domain protein	ko:K14977	-	ko00000,ko00001,ko01000	-	-	Cupin_2
NCS66_RS26955	LysR family transcriptional regulator	WP_008346906.1	DNA-binding transcription factor activity|0003700||IEA	regulation of DNA-templated transcription|0006355||IEA			-	PFAM regulatory protein LysR	-	-	-	-	-	HTH_1,LysR_substrate
NCS66_RS26960	LysR family transcriptional regulator	WP_008346907.1	DNA-binding transcription activator activity|0001216||IEA				-	Transcriptional regulator	-	-	-	-	-	HTH_1,LysR_substrate
NCS66_RS26965	MFS transporter	WP_008346909.1	transmembrane transporter activity|0022857||IEA	transmembrane transport|0055085||IEA			-	Major facilitator superfamily	-	-	-	-	-	MFS_1,Sugar_tr
NCS66_RS26970	DUF4148 domain-containing protein	WP_008346912.1					-	Domain of unknown function (DUF4148)	-	-	-	-	-	DUF4148
NCS66_RS26975	FKBP-type peptidyl-prolyl cis-trans isomerase	WP_008346914.1	peptidyl-prolyl cis-trans isomerase activity|0003755||IEA				-	peptidyl-prolyl cis-trans isomerase	ko:K03772,ko:K03773	-	ko00000,ko01000,ko03110	-	-	FKBP_C,FKBP_N
NCS66_RS26990	SRPBCC family protein	WP_008346919.1					-	Activator of Hsp90 ATPase	-	-	-	-	-	AHSA1
NCS66_RS27010	homoserine dehydrogenase NAD-binding protein	WP_008346927.1					-	-	-	-	-	-	-	GFO_IDH_MocA,NAD_binding_3,SAF
NCS66_RS27025	IclR family transcriptional regulator	WP_008346931.1	DNA-binding transcription factor activity|0003700||IEA	regulation of DNA-templated transcription|0006355||IEA			-	Transcriptional regulator	ko:K13641	-	ko00000,ko03000	-	-	HTH_IclR,IclR
NCS66_RS27030	MFS transporter	WP_008346933.1	transmembrane transporter activity|0022857||IEA	transmembrane transport|0055085||IEA			-	Sugar (and other) transporter	-	-	-	-	-	MFS_1,Sugar_tr
NCS66_RS27040	NUDIX hydrolase	WP_033537185.1	metal ion binding|0046872||IEA				-	Belongs to the Nudix hydrolase family	-	-	-	-	-	NUDIX
NCS66_RS27045	methyl-accepting chemotaxis protein	WP_008346940.1		signal transduction|0007165||IEA	membrane|0016020||IEA		-	chemotaxis	ko:K05874	-	ko00000,ko00001,ko02035	-	-	HAMP,MCPsignal
NCS66_RS27055	PTS sugar transporter subunit IIA	WP_008346942.1					-	Phosphoenolpyruvate-dependent sugar phosphotransferase system, EIIA 2	ko:K02806	-	ko00000,ko00001,ko01000,ko02000	-	-	PTS_EIIA_2
NCS66_RS27060	septal ring lytic transglycosylase RlpA family protein	WP_008346944.1					-	Lytic transglycosylase with a strong preference for naked glycan strands that lack stem peptides	ko:K03642	-	ko00000	-	-	DPBB_1
NCS66_RS27065	YSC84-related protein	WP_008346946.1					-	Las17-binding protein actin regulator	-	-	-	-	-	Ysc84
NCS66_RS27070	NADH:flavin oxidoreductase	WP_008346949.1					-	NADH:flavin oxidoreductase / NADH oxidase family	ko:K00317	-	ko00000,ko00001,ko01000	-	-	Oxidored_FMN,Pyr_redox_2
NCS66_RS27075	TetR/AcrR family transcriptional regulator	WP_008346950.1	DNA-binding transcription factor activity|0003700||IEA	regulation of DNA-templated transcription|0006355||IEA			-	Bacterial regulatory proteins, tetR family	-	-	-	-	-	TetR_N
NCS66_RS27080	phytanoyl-CoA dioxygenase family protein	WP_008346952.1					-	Phytanoyl-CoA dioxygenase (PhyH)	-	-	-	-	-	PhyH
NCS66_RS27090	YbfB/YjiJ family MFS transporter	WP_008346955.1					-	Major facilitator superfamily MFS_1	-	-	-	-	-	MFS_4
NCS66_RS27095	GNAT family N-acetyltransferase	WP_034470248.1	acyltransferase activity, transferring groups other than amino-acyl groups|0016747||IEA				-	Acetyltransferase (GNAT) domain	-	-	-	-	-	Acetyltransf_1,Acetyltransf_10,Acetyltransf_7
NCS66_RS27105	aspartate aminotransferase family protein	WP_008346959.1					-	Belongs to the class-III pyridoxal-phosphate-dependent aminotransferase family	-	-	-	-	-	Aminotran_3
NCS66_RS27125	M14 family metallopeptidase	WP_008346967.1					-	Succinylglutamate desuccinylase	-	-	-	-	-	AstE_AspA
NCS66_RS27130	cupin domain-containing protein	WP_008346969.1					-	Protein of unknown function (DUF861)	ko:K06995	-	ko00000	-	-	Cupin_3
NCS66_RS27140	GMC family oxidoreductase N-terminal domain-containing protein	WP_008346972.1	flavin adenine dinucleotide binding|0050660||IEA				-	Belongs to the GMC oxidoreductase family	ko:K16873	-	ko00000,ko00001,ko01000	-	-	GMC_oxred_C,GMC_oxred_N
NCS66_RS27160	FAD-binding oxidoreductase	WP_008346977.1	oxidoreductase activity|0016491||IEA				-	fad dependent oxidoreductase	-	-	-	-	-	DAO
NCS66_RS27165	HAD-IA family hydrolase	WP_008346978.1					-	Haloacid dehalogenase-like hydrolase	ko:K07025	-	ko00000	-	-	HAD_2,Hydrolase
NCS66_RS27175	LysR family transcriptional regulator	WP_008346980.1	DNA-binding transcription factor activity|0003700||IEA	regulation of DNA-templated transcription|0006355||IEA			-	Transcriptional regulator	-	-	-	-	-	HTH_1,LysR_substrate
NCS66_RS27180	AraC family transcriptional regulator	WP_008346981.1	sequence-specific DNA binding|0043565||IEA				-	PFAM helix-turn-helix- domain containing protein AraC type	-	-	-	-	-	HTH_18
NCS66_RS27190	NAD(P)/FAD-dependent oxidoreductase	WP_008346983.1					-	BFD domain protein 2Fe-2S -binding domain protein	ko:K10815	-	ko00000,ko00001,ko01000,ko02042	-	-	Fer2_BFD,Pyr_redox_2
NCS66_RS27195	(2Fe-2S)-binding protein	WP_008346985.1					-	2Fe-2S iron-sulfur cluster binding domain	-	-	-	-	-	Fer2_4
NCS66_RS27220	FAD-binding oxidoreductase	WP_008346993.1	oxidoreductase activity|0016491||IEA				-	fad dependent oxidoreductase	-	-	-	-	-	DAO
NCS66_RS27225	haloacid dehalogenase type II	WP_008346995.1	(S)-2-haloacid dehalogenase activity|0018784||IEA	xenobiotic metabolic process|0006805||IEA			-	Haloacid dehalogenase, type II	ko:K01560	-	ko00000,ko00001,ko01000	-	-	HAD_2
NCS66_RS27235	GNAT family N-acetyltransferase	WP_008346999.1	acyltransferase activity, transferring groups other than amino-acyl groups|0016747||IEA				-	Acetyltransferase (GNAT) domain	-	-	-	-	-	Acetyltransf_1,Acetyltransf_10
NCS66_RS27245	FAD-dependent oxidoreductase	WP_008347002.1	oxidoreductase activity|0016491||IEA				-	NADH:flavin oxidoreductase / NADH oxidase family	ko:K00317,ko:K21833	-	ko00000,ko00001,ko01000	-	-	Oxidored_FMN,Pyr_redox_2
NCS66_RS27250	LysR family transcriptional regulator	WP_008347005.1	DNA-binding transcription factor activity|0003700||IEA	regulation of DNA-templated transcription|0006355||IEA			-	LysR substrate binding domain	-	-	-	-	-	HTH_1,LysR_substrate
NCS66_RS27275	hypothetical protein	WP_008347012.1					-	-	-	-	-	-	-	-
NCS66_RS27295	ATP-binding protein	WP_008347018.1					-	His Kinase A (phosphoacceptor) domain	-	-	-	-	-	GAF_3,HATPase_c,HisKA,PAS_3,PAS_4,Response_reg
NCS66_RS27300	sensor domain-containing diguanylate cyclase	WP_051996395.1	diguanylate cyclase activity|0052621||IEA				-	PFAM GGDEF domain containing protein	-	-	-	-	-	GGDEF,dCache_1
NCS66_RS27305	acyl-CoA dehydrogenase	WP_008347021.1					-	acyl-CoA dehydrogenase	-	-	-	-	-	Acyl-CoA_dh_1,Acyl-CoA_dh_M,Acyl-CoA_dh_N
NCS66_RS27310	acyl-CoA dehydrogenase family protein	WP_008347023.1	oxidoreductase activity, acting on the CH-CH group of donors|0016627||IEA				-	acyl-CoA dehydrogenase	-	-	-	-	-	Acyl-CoA_dh_1,Acyl-CoA_dh_M,Acyl-CoA_dh_N
NCS66_RS27320	LysR family transcriptional regulator	WP_008347026.1	DNA-binding transcription activator activity|0001216||IEA				-	Transcriptional regulator, LysR family	-	-	-	-	-	HTH_1,LysR_substrate
NCS66_RS27325	DMT family transporter	WP_008347028.1	transporter activity|0005215||IEA	transmembrane transport|0055085||IEA			-	EamA-like transporter family	-	-	-	-	-	EamA
NCS66_RS27330	LysR substrate-binding domain-containing protein	WP_008347029.1					-	LysR substrate binding domain	-	-	-	-	-	HTH_1,LysR_substrate
NCS66_RS27335	FkbO/Hyg5 family chorismatase	WP_008347030.1					-	pteridine-dependent deoxygenase	-	-	-	-	-	Ribonuc_L-PSP
NCS66_RS27340	hypothetical protein	WP_033536447.1					-	CopG domain protein DNA-binding domain protein	ko:K18918	-	ko00000,ko02048,ko03000	-	-	-
NCS66_RS27345	hybrid sensor histidine kinase/response regulator	WP_144403715.1		phosphorelay signal transduction system|0000160||IEA			-	Histidine kinase	-	-	-	-	-	GAF_2,HATPase_c,HisKA,PAS_3,PAS_9,Response_reg
NCS66_RS27350	hypothetical protein	WP_008347038.1					-	-	-	-	-	-	-	-
NCS66_RS27360	DUF2278 family protein	WP_034470221.1					-	Uncharacterized conserved protein (DUF2278)	-	-	-	-	-	DUF2278
NCS66_RS27365	CHAD domain-containing protein	WP_008347044.1					-	PFAM CHAD domain containing protein	-	-	-	-	-	CHAD
NCS66_RS27370	NUDIX domain-containing protein	WP_034470223.1	hydrolase activity|0016787||IEA				-	Nudix hydrolase	ko:K03574	-	ko00000,ko01000,ko03400	-	-	NUDIX
NCS66_RS27375	MFS transporter	WP_008347047.1	transmembrane transporter activity|0022857||IEA	transmembrane transport|0055085||IEA			-	PFAM major facilitator superfamily MFS_1	-	-	-	-	-	MFS_1
NCS66_RS27380	BON domain-containing protein	WP_008347050.1					-	BON domain	-	-	-	-	-	BON
NCS66_RS27385	hypothetical protein	WP_235366254.1					-	LysR substrate binding domain	-	-	-	-	-	HTH_1,LysR_substrate
NCS66_RS27395	Rossmann-like and DUF2520 domain-containing protein	WP_008347056.1					-	Domain of unknown function (DUF2520)	-	-	-	-	-	DUF2520,Rossmann-like
NCS66_RS27410	LysR family transcriptional regulator	WP_008347062.1	DNA-binding transcription activator activity|0001216||IEA				-	LysR substrate binding domain	-	-	-	-	-	HTH_1,LysR_substrate
NCS66_RS27430	hypothetical protein	WP_008347071.1					-	-	-	-	-	-	-	-
NCS66_RS27435	PAAR domain-containing protein	WP_008347073.1					-	PAAR motif	-	-	-	-	-	PAAR_motif
NCS66_RS27445	hypothetical protein	WP_250480909.1					-	COG3209 Rhs family protein	-	-	-	-	-	-
NCS66_RS27455	MFS transporter	WP_008347078.1	transmembrane transporter activity|0022857||IEA	transmembrane transport|0055085||IEA			-	Major facilitator superfamily	-	-	-	-	-	MFS_1
NCS66_RS27470	TetR/AcrR family transcriptional regulator	WP_008347084.1	DNA-binding transcription factor activity|0003700||IEA	regulation of DNA-templated transcription|0006355||IEA			-	Bacterial regulatory proteins, tetR family	-	-	-	-	-	TetR_N
NCS66_RS27475	nuclear transport factor 2 family protein	WP_008347086.1					-	SnoaL-like polyketide cyclase	-	-	-	-	-	SnoaL
NCS66_RS27500	DUF2165 domain-containing protein	WP_033536907.1					-	Predicted small integral membrane protein (DUF2165)	-	-	-	-	-	DUF2165
NCS66_RS27520	DUF1801 domain-containing protein	WP_008345927.1					-	Domain of unknown function (DU1801)	-	-	-	-	-	DUF1801
NCS66_RS27525	DUF4142 domain-containing protein	WP_008345928.1					-	Domain of unknown function (DUF4142)	ko:K08995	-	ko00000	-	-	DUF4142
NCS66_RS27535	ATP-binding protein	WP_033536880.1					-	Histidine kinase	-	-	-	-	-	HATPase_c,HisKA,PAS_3,PAS_4,PAS_9,Response_reg
NCS66_RS27560	DUF3022 domain-containing protein	WP_008345934.1					-	-	-	-	-	-	-	DUF3022
NCS66_RS27565	hypothetical protein	WP_033536881.1					-	-	-	-	-	-	-	-
NCS66_RS27575	MFS transporter	WP_051078959.1	transmembrane transporter activity|0022857||IEA	transmembrane transport|0055085||IEA			-	Major Facilitator	-	-	-	-	-	MFS_1
NCS66_RS27585	protein-L-isoaspartate(D-aspartate) O-methyltransferase	WP_008345938.1	protein-L-isoaspartate (D-aspartate) O-methyltransferase activity|0004719||IEA	protein modification process|0036211||IEA			-	Catalyzes the methyl esterification of L-isoaspartyl residues in peptides and proteins that result from spontaneous decomposition of normal L-aspartyl and L-asparaginyl residues. It plays a role in the repair and or degradation of damaged proteins	-	-	-	-	-	Erythro_esteras,PCMT
NCS66_RS27590	RcnB family protein	WP_008345939.1					-	Nickel/cobalt transporter regulator	-	-	-	-	-	RcnB
NCS66_RS27600	thiamine pyrophosphate-binding protein	WP_250480911.1	thiamine pyrophosphate binding|0030976||IEA				-	Belongs to the TPP enzyme family	ko:K00156	-	ko00000,ko00001,ko01000	-	-	TPP_enzyme_C,TPP_enzyme_M,TPP_enzyme_N
NCS66_RS27605	thiamine pyrophosphate-requiring protein	WP_250480912.1	thiamine pyrophosphate binding|0030976||IEA				-	Belongs to the TPP enzyme family	ko:K00156	-	ko00000,ko00001,ko01000	-	-	TPP_enzyme_C,TPP_enzyme_M,TPP_enzyme_N
NCS66_RS27615	SDR family oxidoreductase	WP_033536883.1					-	Belongs to the short-chain dehydrogenases reductases (SDR) family	-	-	-	-	-	adh_short
NCS66_RS27620	hypothetical protein	WP_008345944.1					-	-	-	-	-	-	-	-
NCS66_RS27625	alpha/beta hydrolase	WP_008345945.1	hydrolase activity|0016787||IEA				-	TAP-like protein	-	-	-	-	-	Abhydrolase_1,Abhydrolase_4
NCS66_RS27635	ParB/Srx family N-terminal domain-containing protein	WP_008345947.1					-	ParB-like nuclease	-	-	-	-	-	ParBc_2
NCS66_RS27640	hypothetical protein	WP_235366302.1					-	6-phospho-beta-galactosidase activity	-	-	-	-	-	-
NCS66_RS27660	hypothetical protein	WP_008345953.1					-	-	-	-	-	-	-	-
NCS66_RS27665	cytochrome c	WP_241484846.1	heme binding|0020037||IEA				-	PFAM cytochrome c, class I	-	-	-	-	-	Cytochrom_C
NCS66_RS27680	hypothetical protein	WP_081851799.1					-	-	-	-	-	-	-	-
NCS66_RS27685	hypothetical protein	WP_008345957.1					-	-	-	-	-	-	-	-
NCS66_RS27690	chemotaxis protein CheB	WP_008345959.1					-	methylesterase	ko:K03412	M00506	ko00000,ko00001,ko00002,ko01000,ko02022,ko02035	-	-	CheB_methylest
NCS66_RS27695	CheR family methyltransferase	WP_250480913.1					-	catalyzes the demethylation of specific methylglutamate residues introduced into the chemoreceptors (methyl-accepting chemotaxis proteins) by CheR	ko:K13924	M00506	ko00000,ko00001,ko00002,ko01000,ko02022,ko02035	-	-	CheB_methylest,CheR,CheR_N,HATPase_c,HisKA,PAS,PAS_10,Response_reg
NCS66_RS27700	recombinase family protein	WP_051078960.1	DNA binding|0003677||IEA	DNA recombination|0006310||IEA			-	Resolvase, N terminal domain	ko:K14060	-	ko00000	-	-	HTH_7,Resolvase
NCS66_RS27705	hypothetical protein	WP_034470053.1					-	-	-	-	-	-	-	-
NCS66_RS27710	DUF6723 family protein	WP_033536913.1					-	-	-	-	-	-	-	-
NCS66_RS27715	hypothetical protein	WP_144403779.1					-	-	-	-	-	-	-	-
NCS66_RS27720	LysE family translocator	WP_008345968.1					-	Lysine exporter protein LysE YggA	-	-	-	-	-	LysE
NCS66_RS27730	class I SAM-dependent methyltransferase	WP_008345972.1	S-adenosyl-L-methionine binding|1904047||IEA				-	Methyltransferase	-	-	-	-	-	Methyltransf_11,Methyltransf_25
NCS66_RS27735	FAD-dependent monooxygenase	WP_008345973.1	FAD binding|0071949||IEA				-	FAD binding domain	-	-	-	-	-	FAD_binding_3
NCS66_RS27740	hypothetical protein	WP_235366310.1					-	Protein of unknown function (DUF1634)	-	-	-	-	-	DUF1634
NCS66_RS27745	sulfite exporter TauE/SafE family protein	WP_008345977.1		transport|0006810||IEA			-	Sulfite exporter TauE/SafE	-	-	-	-	-	TauE
NCS66_RS27750	IclR family transcriptional regulator	WP_008345979.1	DNA-binding transcription factor activity|0003700||IEA	regulation of DNA-templated transcription|0006355||IEA			-	Transcriptional regulator	-	-	-	-	-	HTH_IclR,IclR
NCS66_RS27755	DUF6531 domain-containing protein	WP_250480914.1					-	Rhs_assc_core RHS repeat-associated core domain protein	-	-	-	-	-	Colicin-DNase,PAAR_motif,RHS,RHS_repeat
NCS66_RS27760	RHS repeat-associated core domain-containing protein	WP_250480915.1					-	Rhs_assc_core RHS repeat-associated core domain protein	-	-	-	-	-	Colicin-DNase,PAAR_motif,RHS,RHS_repeat
NCS66_RS27775	hypothetical protein	WP_152563166.1					-	-	-	-	-	-	-	-
NCS66_RS27780	hypothetical protein	WP_008345983.1					-	-	-	-	-	-	-	-
NCS66_RS27785	porin	WP_008345987.1	porin activity|0015288||IEA		cell outer membrane|0009279||IEA		-	PFAM porin Gram-negative type	-	-	-	-	-	Porin_4
NCS66_RS27795	recombinase-like helix-turn-helix domain-containing protein	WP_008345993.1					-	-	-	-	-	-	-	-
NCS66_RS27800	aromatic ring-hydroxylating dioxygenase subunit alpha	WP_008345995.1	2 iron, 2 sulfur cluster binding|0051537||IEA				-	Rieske 2Fe-2S	-	-	-	-	-	Rieske
NCS66_RS27805	SDR family oxidoreductase	WP_008345996.1					-	Short-chain dehydrogenase reductase sdr	-	-	-	-	-	adh_short_C2
NCS66_RS27810	cupin domain-containing protein	WP_008345999.1					-	PFAM Cupin 2, conserved barrel domain protein	-	-	-	-	-	Cupin_2
NCS66_RS27815	alpha/beta hydrolase	WP_034470071.1	hydrolase activity|0016787||IEA				-	Alpha beta hydrolase	-	-	-	-	-	Abhydrolase_1,Abhydrolase_6
NCS66_RS27820	IclR family transcriptional regulator	WP_008346003.1	DNA-binding transcription factor activity|0003700||IEA	regulation of DNA-templated transcription|0006355||IEA			-	Transcriptional regulator	-	-	-	-	-	HTH_IclR,IclR
NCS66_RS27825	SDR family oxidoreductase	WP_008346005.1					-	short-chain dehydrogenase	-	-	-	-	-	adh_short,adh_short_C2
NCS66_RS27835	aspartate dehydrogenase	WP_008346008.1					-	Specifically catalyzes the NAD or NADP-dependent dehydrogenation of L-aspartate to iminoaspartate	ko:K06989	-	ko00000,ko00001,ko01000	-	-	DUF108,NAD_binding_3
NCS66_RS27845	VOC family protein	WP_008346011.1	metal ion binding|0046872||IEA				-	glyoxalase bleomycin resistance protein dioxygenase	-	-	-	-	-	Glyoxalase
NCS66_RS27855	MFS transporter	WP_008346015.1	transmembrane transporter activity|0022857||IEA	transmembrane transport|0055085||IEA			-	Uncharacterised MFS-type transporter YbfB	-	-	-	-	-	MFS_1,MFS_4,Sugar_tr
NCS66_RS27865	DUF3304 domain-containing protein	WP_008346018.1					-	Protein of unknown function (DUF3304)	-	-	-	-	-	DUF3304
NCS66_RS27870	DUF4123 domain-containing protein	WP_144403781.1					-	Domain of unknown function (DUF4123)	-	-	-	-	-	DUF4123
NCS66_RS27895	Hcp family type VI secretion system effector	WP_008346030.1		protein secretion by the type VI secretion system|0033103||IEA			-	type VI secretion system	ko:K11903	M00334	ko00000,ko00001,ko00002,ko02044	-	-	T6SS_HCP
NCS66_RS27905	type VI secretion system baseplate subunit TssE	WP_033536886.1	molecular_function|0003674||IEA	protein secretion by the type VI secretion system|0033103||IEA		tssE	-	Type VI secretion	ko:K11905	M00334	ko00000,ko00002,ko02044	-	-	GPW_gp25
NCS66_RS27910	tetratricopeptide repeat protein	WP_008346033.1					-	repeat-containing protein	-	-	-	-	-	Glyco_transf_9,TPR_1,TPR_16
NCS66_RS27925	aldehyde dehydrogenase family protein	WP_008346038.1	oxidoreductase activity|0016491||IEA				-	Aldehyde dehydrogenase family	ko:K15515	-	ko00000,ko01000	-	-	Aldedh
NCS66_RS27930	IclR family transcriptional regulator	WP_008346040.1	DNA-binding transcription factor activity|0003700||IEA	regulation of DNA-templated transcription|0006355||IEA			-	Transcriptional regulator	-	-	-	-	-	HTH_IclR,IclR
NCS66_RS27940	nuclear transport factor 2 family protein	WP_008346044.1					-	SnoaL-like polyketide cyclase	-	-	-	-	-	SnoaL_2
NCS66_RS27945	FAD-binding oxidoreductase	WP_008346045.1	oxidoreductase activity|0016491||IEA				-	oxidoreductase	ko:K07256	-	ko00000,ko00001,ko01000	-	-	DAO
NCS66_RS27950	cobaltochelatase	WP_008346049.1					-	Cobalamin biosynthesis protein CobT	ko:K09883	-	ko00000,ko00001,ko01000	-	-	CobT,CobT_C
NCS66_RS27955	AAA family ATPase	WP_008346051.1	ATP hydrolysis activity|0016887||IEA				-	Cobaltochelatase CobS subunit N terminal	ko:K09882	-	ko00000,ko00001,ko01000	-	-	AAA_5,CobS_N
NCS66_RS27960	IclR family transcriptional regulator	WP_008346053.1	DNA-binding transcription factor activity|0003700||IEA	regulation of DNA-templated transcription|0006355||IEA			-	Bacterial transcriptional regulator	-	-	-	-	-	HTH_IclR,IclR
NCS66_RS27965	IclR family transcriptional regulator	WP_250480917.1	DNA-binding transcription factor activity|0003700||IEA	regulation of DNA-templated transcription|0006355||IEA			-	Transcriptional regulator	-	-	-	-	-	HTH_IclR,IclR
NCS66_RS27970	sulfoacetaldehyde acetyltransferase	WP_051078970.1	sulfoacetaldehyde acetyltransferase activity|0050487||IEA	taurine catabolic process|0019529||IEA	cytoplasm|0005737||IEA	xsc	-	Belongs to the TPP enzyme family	ko:K03852	-	ko00000,ko00001,ko01000	-	-	TPP_enzyme_C,TPP_enzyme_M,TPP_enzyme_N
NCS66_RS27980	IclR family transcriptional regulator	WP_008346059.1	DNA-binding transcription factor activity|0003700||IEA	regulation of DNA-templated transcription|0006355||IEA			-	Bacterial transcriptional regulator	-	-	-	-	-	HTH_IclR,IclR
NCS66_RS27995	hypothetical protein	WP_144403782.1					-	DUF218 domain	-	-	-	-	-	DUF218
NCS66_RS28000	dual specificity protein phosphatase family protein	WP_250480919.1					-	Tyrosine phosphatase family	-	-	-	-	-	DSPc,Y_phosphatase2,Y_phosphatase3
NCS66_RS28005	hypothetical protein	WP_244808276.1					-	-	-	-	-	-	-	-
NCS66_RS28010	glycosyltransferase	WP_008346069.1	hexosyltransferase activity|0016758||IEA				-	Monogalactosyldiacylglycerol synthase	ko:K03429,ko:K03715	-	ko00000,ko00001,ko01000,ko01003	-	GT28	Glyco_tran_28_C,MGDG_synth
NCS66_RS28015	PLP-dependent aminotransferase family protein	WP_008346070.1	pyridoxal phosphate binding|0030170||IEA				-	Aminotransferase	ko:K00375	-	ko00000,ko03000	-	-	Aminotran_1_2,GntR
NCS66_RS28020	cytochrome b	WP_008346072.1	metal ion binding|0046872||IEA	respiratory electron transport chain|0022904||IEA	membrane|0016020||IEA		-	Cytochrome B561	ko:K12262	-	ko00000	-	-	Ni_hydr_CYTB
NCS66_RS28030	hypothetical protein	WP_008346076.1					-	-	-	-	-	-	-	-
NCS66_RS28035	MBOAT family protein	WP_008346078.1					-	PFAM membrane bound O-acyl transferase MBOAT family protein	ko:K19294	-	ko00000	-	-	MBOAT
NCS66_RS28040	ribbon-helix-helix domain-containing protein	WP_033536923.1					-	Ribbon-helix-helix domain	-	-	-	-	-	RHH_4
NCS66_RS28045	GMC family oxidoreductase	WP_008346081.1	oxidoreductase activity|0016491||IEA				-	PFAM glucose-methanol-choline oxidoreductase	ko:K03333	-	ko00000,ko00001,ko01000	-	-	GMC_oxred_C,GMC_oxred_N,NAD_binding_8
NCS66_RS28050	twin-arginine translocation signal domain-containing protein	WP_008346083.1					-	(twin-arginine translocation) pathway signal	-	-	-	-	-	Gluconate_2-dh3
NCS66_RS28070	porin	WP_008346091.1	porin activity|0015288||IEA		cell outer membrane|0009279||IEA		-	PFAM porin Gram-negative type	-	-	-	-	-	Porin_4
NCS66_RS28090	DMT family transporter	WP_008346096.1	transporter activity|0005215||IEA	transmembrane transport|0055085||IEA			-	Drug metabolite transporter (DMT) superfamily	-	-	-	-	-	EamA
NCS66_RS28120	hypothetical protein	WP_008346106.1					-	6-phospho-beta-galactosidase activity	-	-	-	-	-	Glyco_hydro_cc
NCS66_RS28125	Rieske 2Fe-2S domain-containing protein	WP_008346109.1	2 iron, 2 sulfur cluster binding|0051537||IEA				-	Rieske [2Fe-2S] domain	-	-	-	-	-	Rieske
NCS66_RS28130	intradiol ring-cleavage dioxygenase	WP_008346110.1					-	PFAM intradiol ring-cleavage dioxygenase	ko:K03381	M00568	ko00000,ko00001,ko00002,ko01000	-	-	Dioxygenase_C,Dioxygenase_N
NCS66_RS28135	maleylacetate reductase	WP_008346113.1	metal ion binding|0046872||IEA				-	maleylacetate reductase	ko:K00217	-	ko00000,ko00001,ko01000	-	-	Fe-ADH
NCS66_RS28145	hypothetical protein	WP_033536888.1					-	-	-	-	-	-	-	-
NCS66_RS28150	hypothetical protein	WP_033536925.1					-	-	-	-	-	-	-	-
NCS66_RS28155	nuclear transport factor 2 family protein	WP_008346123.1					-	SnoaL-like domain	-	-	-	-	-	SnoaL_2
NCS66_RS28165	FAD-dependent oxidoreductase	WP_008346126.1	oxidoreductase activity|0016491||IEA				-	FAD binding domain	-	-	-	-	-	FAD_binding_2
NCS66_RS28170	transporter	WP_033536889.1					-	Putative MetA-pathway of phenol degradation	-	-	-	-	-	Phenol_MetA_deg
NCS66_RS28175	AraC family transcriptional regulator	WP_008346129.1	sequence-specific DNA binding|0043565||IEA				-	helix_turn_helix, arabinose operon control protein	-	-	-	-	-	HTH_18
NCS66_RS28180	LysR family transcriptional regulator	WP_008346131.1	DNA-binding transcription activator activity|0001216||IEA				-	LysR substrate binding domain	-	-	-	-	-	HTH_1,LysR_substrate
NCS66_RS28185	AEC family transporter	WP_008346134.1		transmembrane transport|0055085||IEA			-	Membrane transport protein	ko:K07088	-	ko00000	-	-	Mem_trans
NCS66_RS28190	catalase	WP_235366304.1	heme binding|0020037||IEA				-	Catalase	-	-	-	-	-	Catalase
NCS66_RS28195	cytochrome c	WP_008346138.1	heme binding|0020037||IEA				-	Cytochrome C oxidase, cbb3-type, subunit III	-	-	-	-	-	Cytochrome_CBB3
NCS66_RS28200	hypothetical protein	WP_008346140.1					-	-	-	-	-	-	-	-
NCS66_RS28210	zinc-finger-containing protein	WP_008346143.1					-	zinc-finger-containing domain	-	-	-	-	-	DUF3268
NCS66_RS28215	hypothetical protein	WP_008346145.1					-	-	-	-	-	-	-	-
NCS66_RS28225	ParB/RepB/Spo0J family partition protein	WP_250480921.1	DNA binding|0003677||IEA	chromosome segregation|0007059||IEA			-	Belongs to the ParB family	ko:K03497	-	ko00000,ko03000,ko03036,ko04812	-	-	ParBc
NCS66_RS28230	AAA family ATPase	WP_033536892.1					-	Plasmid partition protein A	ko:K03496	-	ko00000,ko03036,ko04812	-	-	AAA_31,MerR_1
NCS66_RS28235	replication initiation protein	WP_008346150.1	DNA-directed DNA polymerase activity|0003887||IEA	DNA replication initiation|0006270||IEA			-	Initiator replication protein B	-	-	-	-	-	Rep_3
NCS66_RS28240	YbfB/YjiJ family MFS transporter	WP_008346152.1					-	Major facilitator superfamily MFS_1	-	-	-	-	-	MFS_4
NCS66_RS28245	phosphocholine-specific phospholipase C	WP_008346153.1	phospholipase C activity|0004629||IEA				-	phospholipase C	ko:K01114	-	ko00000,ko00001,ko01000,ko02042	-	-	DUF756,Phosphoesterase
NCS66_RS28250	NUDIX domain-containing protein	WP_051078963.1	hydrolase activity|0016787||IEA				-	NUDIX domain	ko:K03574	-	ko00000,ko01000,ko03400	-	-	NUDIX
NCS66_RS28255	hypothetical protein	WP_008346157.1					-	Attaches a formyl group to the free amino group of methionyl-tRNA(fMet). The formyl group appears to play a dual role in the initiator identity of N-formylmethionyl-tRNA by promoting its recognition by IF2 and preventing the misappropriation of this tRNA by the elongation apparatus	-	-	-	-	-	-
NCS66_RS28260	glycosyltransferase	WP_008346158.1					-	Glycosyl transferase 4-like domain	ko:K21011	-	ko00000,ko00001,ko01003	-	GT4	Glyco_trans_1_4,Glyco_transf_4,Glycos_transf_1
NCS66_RS28270	IS3 family transposase	WP_250480922.1	transposase activity|0004803||IEA				-	PFAM Integrase catalytic region	ko:K07497	-	ko00000	-	-	HTH_21,rve,rve_2
NCS66_RS28270	IS3 family transposase	WP_250480922.1	transposase activity|0004803||IEA				-	PFAM Integrase catalytic region	ko:K07497	-	ko00000	-	-	HTH_21,rve,rve_2
NCS66_RS28275	glycosyltransferase	WP_033536894.1					-	Glycosyl transferase family 4	ko:K02851	-	ko00000,ko01000,ko01003,ko01005	-	-	Glycos_transf_4
NCS66_RS28280	polysaccharide biosynthesis tyrosine autokinase	WP_033536895.1		extracellular polysaccharide biosynthetic process|0045226||IEA			-	TIGRFAM exopolysaccharide transport protein family	ko:K16692	-	ko00000,ko01000,ko01001	-	-	AAA_31,CbiA,GNVR,Wzz
NCS66_RS28285	Vi polysaccharide biosynthesis UDP-N-acetylglucosamine C-6 dehydrogenase TviB	WP_008346170.1	NAD binding|0051287||IEA	polysaccharide biosynthetic process|0000271||IEA		tviB	-	Belongs to the UDP-glucose GDP-mannose dehydrogenase family	ko:K02474,ko:K13015	-	ko00000,ko00001,ko01000,ko01005	-	-	UDPG_MGDP_dh,UDPG_MGDP_dh_C,UDPG_MGDP_dh_N
NCS66_RS28290	glycosyltransferase family 4 protein	WP_008346171.1					-	Glycosyl transferase 4-like	-	-	-	-	-	Glyco_trans_1_4,Glyco_trans_4_2,Glyco_transf_4,Glycos_transf_1
NCS66_RS28300	glycosyltransferase family 4 protein	WP_008346175.1	glycosyltransferase activity|0016757||IEA				-	Glycosyl transferases group 1	-	-	-	-	-	Glyco_transf_4,Glycos_transf_1
NCS66_RS28305	glycosyltransferase family 4 protein	WP_034470106.1	glycosyltransferase activity|0016757||IEA				-	glycosyl transferase	-	-	-	-	-	Glyco_transf_4,Glycos_transf_1
NCS66_RS28310	hypothetical protein	WP_008346179.1					-	Belongs to the glycosyl hydrolase 28 family	-	-	-	-	-	Beta_helix
NCS66_RS28315	EpsG family protein	WP_235366307.1					-	-	-	-	-	-	-	EpsG
NCS66_RS28320	polysaccharide deacetylase family protein	WP_008346183.1	hydrolase activity, acting on carbon-nitrogen (but not peptide) bonds|0016810||IEA	carbohydrate metabolic process|0005975||IEA			-	Polysaccharide deacetylase	-	-	-	-	-	Polysacc_deac_1
NCS66_RS28325	acyltransferase family protein	WP_250480923.1	acyltransferase activity, transferring groups other than amino-acyl groups|0016747||IEA				-	Acyltransferase family	-	-	-	-	-	Acyl_transf_3
NCS66_RS28330	lipid II flippase MurJ	WP_008346187.1					-	MviN-like protein	-	-	-	-	-	MVIN
NCS66_RS28335	serine O-acetyltransferase	WP_008346189.1	serine O-acetyltransferase activity|0009001||IEA	cysteine biosynthetic process from serine|0006535||IEA			-	Hexapeptide repeat of succinyl-transferase	-	-	-	-	-	Hexapep
NCS66_RS28340	hypothetical protein	WP_008346191.1					-	Belongs to the glycosyl hydrolase 28 family	-	-	-	-	-	-
NCS66_RS28345	GDSL-type esterase/lipase family protein	WP_008346193.1					-	G-D-S-L family	-	-	-	-	-	Lipase_GDSL_2
NCS66_RS28350	transglycosylase domain-containing protein	WP_235366312.1					-	penicillin-binding protein	ko:K05366	-	ko00000,ko00001,ko01000,ko01003,ko01011	-	GT51	Transgly,Transpeptidase
NCS66_RS28365	nucleotidyl transferase AbiEii/AbiGii toxin family protein	WP_033536896.1					-	Nucleotidyl transferase AbiEii toxin, Type IV TA system	-	-	-	-	-	AbiEii
NCS66_RS28370	type IV toxin-antitoxin system AbiEi family antitoxin	WP_034470111.1					-	Transcriptional regulator, AbiEi antitoxin, Type IV TA system	-	-	-	-	-	AbiEi_2
NCS66_RS28385	class II aldolase/adducin family protein	WP_008346210.1					-	Class II aldolase adducin family protein	-	-	-	-	-	Aldolase_II
NCS66_RS28390	Crp/Fnr family transcriptional regulator	WP_008346211.1	cAMP binding|0030552||IEA	regulation of DNA-templated transcription|0006355||IEA			-	CRP FNR family	-	-	-	-	-	HTH_Crp_2
NCS66_RS28415	Rieske 2Fe-2S domain-containing protein	WP_008346220.1	2 iron, 2 sulfur cluster binding|0051537||IEA				-	rieske 2fe-2s	-	-	-	-	-	Rieske,Ring_hydroxyl_A
NCS66_RS28420	LysR family transcriptional regulator	WP_008346221.1					-	Transcriptional regulator	-	-	-	-	-	HTH_1,LysR_substrate
NCS66_RS28425	NAD(P)/FAD-dependent oxidoreductase	WP_008346223.1	NADP binding|0050661||IEA				-	oxidoreductase	ko:K07222	-	ko00000	-	-	Pyr_redox_3
NCS66_RS28430	RidA family protein	WP_008346225.1	hydrolase activity|0016787||IEA				-	endoribonuclease L-PSP	-	-	-	-	-	Ribonuc_L-PSP
NCS66_RS28435	DUF1028 domain-containing protein	WP_250480924.1					-	Family of unknown function (DUF1028)	-	-	-	-	-	DUF1028
NCS66_RS28450	epoxide hydrolase	WP_008346232.1					-	Epoxide hydrolase N terminus	-	-	-	-	-	EHN
NCS66_RS28460	dimethylsulfoniopropionate lyase	WP_008346237.1					-	Dimethlysulfonioproprionate lyase	-	-	-	-	-	DMSP_lyase
NCS66_RS28465	Xaa-Pro peptidase family protein	WP_008346239.1	peptidase activity|0008233||IEA	proteolysis|0006508||IEA			-	Metallopeptidase family M24	-	-	-	-	-	Creatinase_N,Peptidase_M24
NCS66_RS28470	hybrid-cluster NAD(P)-dependent oxidoreductase	WP_008346241.1					-	Oxidoreductase NAD-binding domain	ko:K11933,ko:K21832	-	ko00000,ko01000	-	-	FAD_binding_6,Fer2,NAD_binding_1
NCS66_RS28480	helix-turn-helix domain-containing protein	WP_008346244.1					-	Helix-turn-helix domain	-	-	-	-	-	HTH_3,HTH_31
NCS66_RS28490	GNAT family N-acetyltransferase	WP_008346248.1	acyltransferase activity, transferring groups other than amino-acyl groups|0016747||IEA				-	FR47-like protein	-	-	-	-	-	FR47
NCS66_RS28495	SDR family oxidoreductase	WP_008346249.1					-	Nad-dependent epimerase dehydratase	-	-	-	-	-	Epimerase
NCS66_RS28500	helix-turn-helix transcriptional regulator	WP_033536024.1	DNA binding|0003677||IEA				-	Helix-turn-helix XRE-family like proteins	-	-	-	-	-	HTH_31
NCS66_RS28505	SDR family NAD(P)-dependent oxidoreductase	WP_008346254.1					-	Enoyl-(Acyl carrier protein) reductase	-	-	-	-	-	adh_short
NCS66_RS28510	ShlB/FhaC/HecB family hemolysin secretion/activation protein	WP_309792300.1	porin activity|0015288||IEA	protein transport|0015031||IEA	pore complex|0046930||IEA		-	Hemolysin activator HlyB domain protein	ko:K07326	-	ko00000,ko00001	-	-	POTRA_2,POTRA_3,ShlB
NCS66_RS28520	hypothetical protein	WP_008346261.1					-	-	-	-	-	-	-	-
NCS66_RS28525	hypothetical protein	WP_008346263.1					-	-	-	-	-	-	-	-
NCS66_RS28530	hypothetical protein	WP_008346270.1					-	-	-	-	-	-	-	-
NCS66_RS28530	hypothetical protein	WP_008346270.1					-	-	-	-	-	-	-	-
NCS66_RS28535	hypothetical protein	WP_008346266.1					-	-	-	-	-	-	-	-
NCS66_RS28540	hypothetical protein	WP_008346268.1					-	-	-	-	-	-	-	-
NCS66_RS28545	hypothetical protein	WP_008346270.1					-	-	-	-	-	-	-	-
NCS66_RS28545	hypothetical protein	WP_008346270.1					-	-	-	-	-	-	-	-
NCS66_RS28550	alpha/beta fold hydrolase	WP_008346272.1					-	Serine aminopeptidase, S33	-	-	-	-	-	Hydrolase_4
NCS66_RS28555	M4 family metallopeptidase	WP_033536051.1	metalloendopeptidase activity|0004222||IEA				-	Peptidase M4	-	-	-	-	-	Peptidase_M4,Peptidase_M4_C
NCS66_RS28560	protealysin inhibitor emfourin	WP_250480925.1					-	-	-	-	-	-	-	-
NCS66_RS28565	cupin domain-containing protein	WP_033536022.1					-	Protein of unknown function (DUF861)	ko:K06995	-	ko00000	-	-	Cupin_3
NCS66_RS28570	helix-turn-helix domain-containing protein	WP_235366191.1	sequence-specific DNA binding|0043565||IEA	regulation of DNA-templated transcription|0006355||IEA			-	PFAM helix-turn-helix- domain containing protein, AraC type	-	-	-	-	-	HTH_18
NCS66_RS28585	glycosyltransferase family 1 protein	WP_235366190.1	glycosyltransferase activity|0016757||IEA				-	Glycosyl transferases group 1	-	-	-	-	-	Glycos_transf_1
NCS66_RS28590	glycosyltransferase	WP_008346286.1	glycosyltransferase activity|0016757||IEA				-	PFAM glycosyl transferase group 1	-	-	-	-	-	Glyco_trans_4_4,Glyco_transf_4,Glycos_transf_1
NCS66_RS28595	hypothetical protein	WP_008346288.1					-	-	-	-	-	-	-	-
NCS66_RS28605	phytanoyl-CoA dioxygenase family protein	WP_008346293.1					-	Phytanoyl-CoA dioxygenase (PhyH)	-	-	-	-	-	PhyH
NCS66_RS28610	polysaccharide biosynthesis protein	WP_235366189.1					-	Polysaccharide biosynthesis protein	-	-	-	-	-	Polysacc_synt
NCS66_RS28615	GNVR domain-containing protein	WP_008346296.1					GO:0005575,GO:0005623,GO:0005886,GO:0016020,GO:0044464,GO:0071944	TIGRFAM exopolysaccharide transport protein family	ko:K16692	-	ko00000,ko01000,ko01001	-	-	AAA_31,CbiA,GNVR,Wzz
NCS66_RS28620	endo-1,3-alpha-glucanase family glycosylhydrolase	WP_051996383.1	glucan endo-1,3-alpha-glucosidase activity|0051118||IEA				-	Glycosyl hydrolase family 71	-	-	-	-	-	Glyco_hydro_71
NCS66_RS28625	hypothetical protein	WP_008346299.1					-	-	-	-	-	-	-	-
NCS66_RS28630	hypothetical protein	WP_008346301.1					-	-	-	-	-	-	-	-
NCS66_RS28640	DegT/DnrJ/EryC1/StrS family aminotransferase	WP_008346305.1	transaminase activity|0008483||IEA				-	Belongs to the DegT DnrJ EryC1 family	ko:K13010	-	ko00000,ko00001,ko01000,ko01005,ko01007	-	-	Acetyltransf_3,DegT_DnrJ_EryC1
NCS66_RS28655	class I SAM-dependent methyltransferase	WP_008346312.1	S-adenosyl-L-methionine binding|1904047||IEA				-	Methyltransferase domain	-	-	-	-	-	Methyltransf_25
NCS66_RS28660	helix-turn-helix domain-containing protein	WP_008346313.1	sequence-specific DNA binding|0043565||IEA	regulation of DNA-templated transcription|0006355||IEA			-	helix_turn_helix, arabinose operon control protein	-	-	-	-	-	HTH_18
NCS66_RS28665	amidohydrolase family protein	WP_008346314.1					-	Amidohydrolase family	-	-	-	-	-	Amidohydro_1
NCS66_RS28675	GTP-binding protein	WP_008346316.1	GTP binding|0005525||IEA				-	cobalamin synthesis protein	-	-	-	-	-	CobW_C,cobW
NCS66_RS28685	UbiD family decarboxylase	WP_008346318.1	metal ion binding|0046872||IEA				-	Belongs to the UbiD family	ko:K16874	-	ko00000,ko00001	-	-	UbiD
NCS66_RS28690	amidohydrolase family protein	WP_008346319.1					-	amidohydrolase	ko:K07045	-	ko00000	-	-	Amidohydro_2
NCS66_RS28695	amidohydrolase family protein	WP_008346320.1					-	amidohydrolase	ko:K07045	-	ko00000	-	-	Amidohydro_2
NCS66_RS28705	LysR substrate-binding domain-containing protein	WP_034470129.1					-	Transcriptional regulator	-	-	-	-	-	HTH_1,LysR_substrate
NCS66_RS28715	molybdopterin cofactor-binding domain-containing protein	WP_008346324.1	oxidoreductase activity|0016491||IEA				-	aldehyde oxidase	ko:K07303	-	ko00000,ko01000	-	-	Ald_Xan_dh_C,Ald_Xan_dh_C2
NCS66_RS28725	DUF1328 family protein	WP_008346326.1			plasma membrane|0005886||IEA		-	UPF0391 membrane protein	-	-	-	-	-	DUF1328
NCS66_RS28730	helix-turn-helix domain-containing protein	WP_008346327.1	sequence-specific DNA binding|0043565||IEA	regulation of DNA-templated transcription|0006355||IEA			-	helix-turn-helix- domain containing protein, AraC type	-	-	-	-	-	DJ-1_PfpI,HTH_18,HTH_AraC
NCS66_RS28735	aspartate aminotransferase family protein	WP_250480927.1					-	Belongs to the class-III pyridoxal-phosphate-dependent aminotransferase family	ko:K00596	-	ko00000,ko01000,ko01007	-	-	Aminotran_3
NCS66_RS28740	LysR family transcriptional regulator	WP_008346329.1	DNA-binding transcription activator activity|0001216||IEA				-	Transcriptional regulator	-	-	-	-	-	HTH_1,LysR_substrate
NCS66_RS28745	AraC family transcriptional regulator	WP_008346330.1	sequence-specific DNA binding|0043565||IEA				-	AraC family	-	-	-	-	-	HTH_18
NCS66_RS28750	VOC family protein	WP_008346331.1					-	PFAM Glyoxalase bleomycin resistance protein dioxygenase	-	-	-	-	-	Glyoxalase
NCS66_RS28755	SLATT domain-containing protein	WP_033536018.1					-	-	-	-	-	-	-	-
NCS66_RS28760	hypothetical protein	WP_008346334.1					-	-	-	-	-	-	-	-
NCS66_RS28765	hypothetical protein	WP_008346335.1					-	-	-	-	-	-	-	-
NCS66_RS28770	diguanylate cyclase	WP_008346336.1					-	GAF domain	-	-	-	-	-	GAF,GGDEF,PAS,PAS_4,PAS_9
NCS66_RS28775	EamA family transporter	WP_008346337.1			membrane|0016020||IEA		-	EamA-like transporter family	-	-	-	-	-	EamA
NCS66_RS28790	porin	WP_235366192.1	porin activity|0015288||IEA		cell outer membrane|0009279||IEA		-	Gram-negative porin	-	-	-	-	-	Porin_4
NCS66_RS28795	MarR family transcriptional regulator	WP_034470239.1					-	Transcriptional regulator	-	-	-	-	-	-
NCS66_RS28805	hypothetical protein	WP_008346350.1					-	-	-	-	-	-	-	MASE1
NCS66_RS28830	DUF3140 domain-containing protein	WP_008346360.1					-	Protein of unknown function (DUF3140)	-	-	-	-	-	DUF3140
NCS66_RS28835	phytanoyl-CoA dioxygenase family protein	WP_034470134.1					-	Phytanoyl-CoA dioxygenase	-	-	-	-	-	PhyH
NCS66_RS28870	DUF6726 family protein	WP_033536015.1					-	-	-	-	-	-	-	-
NCS66_RS28875	hypothetical protein	WP_235366186.1					-	-	-	-	-	-	-	-
NCS66_RS28895	ATP-binding protein	WP_008346378.1					-	histidine kinase HAMP region domain protein	ko:K07638	M00445,M00742,M00743	ko00000,ko00001,ko00002,ko01000,ko01001,ko02022	-	-	HAMP,HATPase_c
NCS66_RS28900	tyrosine-protein phosphatase	WP_034470139.1	protein tyrosine phosphatase activity|0004725||IEA	protein dephosphorylation|0006470||IEA			-	Tyrosine phosphatase family	ko:K01104	-	ko00000,ko01000	-	-	Y_phosphatase3
NCS66_RS28905	ATP-binding protein	WP_033536013.1					-	Histidine kinase	ko:K02484,ko:K07645	M00453	ko00000,ko00001,ko00002,ko01000,ko01001,ko02022	-	-	HATPase_c,HisKA
NCS66_RS28910	hypothetical protein	WP_085955295.1					-	-	-	-	-	-	-	-
NCS66_RS28915	hypothetical protein	WP_008346386.1					-	-	-	-	-	-	-	-
NCS66_RS28920	hypothetical protein	WP_033536012.1					-	6-phospho-beta-galactosidase activity	-	-	-	-	-	Glyco_hydro_cc
NCS66_RS28930	tannase/feruloyl esterase family alpha/beta hydrolase	WP_144403633.1					-	Tannase and feruloyl esterase	-	-	-	-	-	Tannase
NCS66_RS28935	porin	WP_051996387.1	porin activity|0015288||IEA		cell outer membrane|0009279||IEA		-	PFAM porin Gram-negative type	-	-	-	-	-	Porin_4
NCS66_RS28940	LysR substrate-binding domain-containing protein	WP_250480928.1					-	transcriptional Regulator, LysR family	-	-	-	-	-	HTH_1,LysR_substrate
NCS66_RS28960	IclR family transcriptional regulator C-terminal domain-containing protein	WP_250480931.1					-	helix_turn_helix isocitrate lyase regulation	ko:K02624	-	ko00000,ko03000	-	-	HTH_IclR,IclR
NCS66_RS28970	aromatic-ring-hydroxylating dioxygenase subunit beta	WP_250480932.1		catabolic process|0009056||IEA			-	Ring hydroxylating beta subunit	ko:K18075	M00624	br01602,ko00000,ko00001,ko00002,ko01000	-	-	Ring_hydroxyl_B,SnoaL_4
NCS66_RS28975	FAD-binding oxidoreductase	WP_250480933.1					-	Oxidoreductase FAD-binding domain	ko:K00523	-	ko00000,ko00001,ko01000	-	-	FAD_binding_6,Fer2,NAD_binding_1
NCS66_RS28980	NADPH:quinone reductase	WP_250480934.1					-	Zinc-binding dehydrogenase	ko:K00344	-	ko00000,ko01000	-	-	ADH_N,ADH_zinc_N
NCS66_RS28985	IclR family transcriptional regulator C-terminal domain-containing protein	WP_250480935.1					-	helix_turn_helix isocitrate lyase regulation	-	-	-	-	-	HTH_IclR,IclR
NCS66_RS28990	helix-turn-helix domain-containing protein	WP_250480936.1	DNA binding|0003677||IEA	regulation of DNA-templated transcription|0006355||IEA			-	Transcriptional regulator	ko:K02624,ko:K13641,ko:K21602	-	ko00000,ko03000	-	-	HTH_IclR,IclR
NCS66_RS29000	alpha/beta hydrolase	WP_250480938.1	hydrolase activity|0016787||IEA				-	Alpha/beta hydrolase family	-	-	-	-	-	Abhydrolase_1,Abhydrolase_6
NCS66_RS29005	LLM class flavin-dependent oxidoreductase	WP_250480939.1	oxidoreductase activity, acting on paired donors, with incorporation or reduction of molecular oxygen|0016705||IEA				-	Luciferase-like monooxygenase	-	-	-	-	-	Bac_luciferase
NCS66_RS29010	alpha/beta hydrolase	WP_250480940.1	hydrolase activity|0016787||IEA				-	Alpha beta hydrolase	-	-	-	-	-	Abhydrolase_6
NCS66_RS29015	porin	WP_250520409.1	porin activity|0015288||IEA		cell outer membrane|0009279||IEA		-	Gram-negative porin	-	-	-	-	-	Porin_4
NCS66_RS29035	pyridoxamine 5'-phosphate oxidase family protein	WP_250480945.1					-	oxidoreductase FAD NAD(P)-binding domain protein	ko:K07006	-	ko00000	-	-	FAD_binding_6,Fer2,NAD_binding_1,Putative_PNPOx
NCS66_RS29040	nuclear transport factor 2 family protein	WP_250480946.1					-	protein conserved in bacteria	ko:K09958	-	ko00000	-	-	DUF1348
NCS66_RS29045	MFS transporter	WP_250480947.1	transmembrane transporter activity|0022857||IEA	transmembrane transport|0055085||IEA			-	Major Facilitator Superfamily	-	-	-	-	-	MFS_1
NCS66_RS29050	hypothetical protein	WP_250480948.1					-	-	-	-	-	-	-	-
NCS66_RS29055	fumarylacetoacetate hydrolase family protein	WP_250480949.1	catalytic activity|0003824||IEA				-	Fumarylacetoacetate (FAA) hydrolase family	-	-	-	-	-	FAA_hydrolase
NCS66_RS29060	YciI family protein	WP_250480950.1					-	YCII-related domain	-	-	-	-	-	YCII
NCS66_RS29070	NIPSNAP family protein	WP_244808551.1					-	NIPSNAP	-	-	-	-	-	NIPSNAP
NCS66_RS29080	LysR family transcriptional regulator	WP_250480953.1					-	Transcriptional regulator	-	-	-	-	-	HTH_1,LysR_substrate
NCS66_RS29095	aromatic ring-hydroxylating dioxygenase subunit alpha	WP_250520415.1					-	Rieske [2Fe-2S] domain	-	-	-	-	-	PaO,Rieske
NCS66_RS29100	coniferyl-alcohol dehydrogenase	WP_244808557.1	oxidoreductase activity|0016491||IEA				-	Enoyl-(Acyl carrier protein) reductase	-	-	-	-	-	adh_short_C2
NCS66_RS29105	SRPBCC family protein	WP_244808558.1	binding|0005488||IEA				-	Domain of unknown function (DUF1857)	-	-	-	-	-	DUF1857
NCS66_RS29110	nuclear transport factor 2 family protein	WP_244808559.1					-	SnoaL-like domain	-	-	-	-	-	SnoaL_2
NCS66_RS29120	porin	WP_250480956.1	porin activity|0015288||IEA		cell outer membrane|0009279||IEA		-	Outer membrane porin	-	-	-	-	-	Porin_4
NCS66_RS29125	BON domain-containing protein	WP_244808562.1					-	hyperosmotic response	ko:K04065	-	ko00000	-	-	BON
NCS66_RS29130	flavin-dependent oxidoreductase	WP_244808563.1					-	2-polyprenyl-6-methoxyphenol hydroxylase and related FAD-dependent oxidoreductases	ko:K20940	M00835	ko00000,ko00001,ko00002,ko01000	-	-	FAD_binding_3
NCS66_RS29135	MarR family transcriptional regulator	WP_244808564.1	DNA-binding transcription factor activity|0003700||IEA				-	helix_turn_helix multiple antibiotic resistance protein	-	-	-	-	-	MarR
NCS66_RS29145	gentisate 1,2-dioxygenase	WP_244808566.1	gentisate 1,2-dioxygenase activity|0047922||IEA			gtdA	-	Gentisate 1,2-dioxygenase	ko:K00450	-	ko00000,ko00001,ko01000	-	-	Cupin_2
NCS66_RS29160	porin	WP_250480957.1	porin activity|0015288||IEA		cell outer membrane|0009279||IEA		-	Gram-negative porin	-	-	-	-	-	Porin_4
NCS66_RS29165	SRPBCC family protein	WP_244808570.1	binding|0005488||IEA				-	Domain of unknown function (DUF1857)	-	-	-	-	-	DUF1857
NCS66_RS29170	fumarylacetoacetate hydrolase family protein	WP_244808571.1					-	Fumarylacetoacetate (FAA) hydrolase family	-	-	-	-	-	FAA_hydrolase
NCS66_RS29175	zinc-binding dehydrogenase	WP_250480958.1					-	NADPH:quinone reductase activity	-	-	-	-	-	ADH_N,ADH_zinc_N
NCS66_RS29180	FCD domain-containing protein	WP_244808573.1					-	FCD	-	-	-	-	-	FCD,GntR
NCS66_RS29185	MFS transporter	WP_244808574.1	transmembrane transporter activity|0022857||IEA	transmembrane transport|0055085||IEA			-	Major Facilitator Superfamily	-	-	-	-	-	MFS_1
NCS66_RS29190	SDR family oxidoreductase	WP_244808575.1	oxidoreductase activity|0016491||IEA				-	Enoyl-(Acyl carrier protein) reductase	-	-	-	-	-	adh_short_C2
NCS66_RS29195	VOC family protein	WP_250480959.1					-	glyoxalase bleomycin resistance protein dioxygenase	-	-	-	-	-	Glyoxalase
NCS66_RS29200	VOC family protein	WP_250480960.1	metal ion binding|0046872||IEA				-	Glyoxalase/Bleomycin resistance protein/Dioxygenase superfamily	-	-	-	-	-	Glyoxalase
NCS66_RS29205	fumarylacetoacetate hydrolase family protein	WP_250480961.1	catalytic activity|0003824||IEA				-	PFAM fumarylacetoacetate (FAA) hydrolase	ko:K01826	M00533	ko00000,ko00001,ko00002,ko01000	-	-	DUF2437,FAA_hydrolase
NCS66_RS29210	SDR family NAD(P)-dependent oxidoreductase	WP_244808842.1					-	Enoyl-(Acyl carrier protein) reductase	-	-	-	-	-	adh_short_C2
NCS66_RS29215	hypothetical protein	WP_244808579.1					-	Pfam:Arch_ATPase	-	-	-	-	-	AAA_16
NCS66_RS29220	alpha/beta fold hydrolase	WP_250480962.1					-	Thioesterase domain	-	-	-	-	-	Abhydrolase_1,DUF4440,SnoaL_2
NCS66_RS29225	LysR family transcriptional regulator	WP_250480963.1	DNA-binding transcription activator activity|0001216||IEA				-	LysR substrate binding domain	-	-	-	-	-	HTH_1,LysR_substrate
NCS66_RS29240	PLP-dependent aminotransferase family protein	WP_244808583.1	pyridoxal phosphate binding|0030170||IEA				-	aminotransferase class I and II	ko:K00375	-	ko00000,ko03000	-	-	Aminotran_1_2,GntR
NCS66_RS29245	SDR family oxidoreductase	WP_244808584.1					-	NmrA family	-	-	-	-	-	NAD_binding_10,NmrA
NCS66_RS29250	carboxymuconolactone decarboxylase family protein	WP_244808585.1					-	Antioxidant protein with alkyl hydroperoxidase activity. Required for the reduction of the AhpC active site cysteine residues and for the regeneration of the AhpC enzyme activity	-	-	-	-	-	CMD
NCS66_RS29255	TetR/AcrR family transcriptional regulator	WP_244808586.1	DNA-binding transcription factor activity|0003700||IEA	regulation of DNA-templated transcription|0006355||IEA			-	transcriptional regulator	-	-	-	-	-	TetR_N
NCS66_RS29260	NAD(P)H-binding protein	WP_250480964.1					GO:0003674,GO:0003824,GO:0005575,GO:0005622,GO:0005623,GO:0005737,GO:0005829,GO:0008150,GO:0008152,GO:0016491,GO:0016651,GO:0016655,GO:0044424,GO:0044444,GO:0044464,GO:0055114	NmrA-like family	ko:K19267	-	ko00000,ko00001,ko01000	-	-	NAD_binding_10,NmrA
NCS66_RS29280	PLP-dependent aminotransferase family protein	WP_244808591.1	pyridoxal phosphate binding|0030170||IEA				-	aminotransferase class I and II	-	-	-	-	-	Aminotran_1_2,GntR
NCS66_RS29295	ectoine synthase	WP_250480967.1					-	Catalyzes the circularization of gamma-N-acetyl- alpha,gamma-diaminobutyric acid (ADABA) to ectoine (1,4,5,6- tetrahydro-2-methyl-4-pyrimidine carboxylic acid), which is an excellent osmoprotectant	ko:K06720	M00033	ko00000,ko00001,ko00002,ko01000	-	-	Ectoine_synth
NCS66_RS29300	DUF2817 domain-containing protein	WP_250480968.1					-	Protein of unknown function (DUF2817)	-	-	-	-	-	DUF2817
NCS66_RS29305	VOC family protein	WP_250480969.1					-	Glyoxalase-like domain	-	-	-	-	-	Glyoxalase_3
NCS66_RS29310	NAD(P)H-dependent oxidoreductase	WP_250480970.1	NADH:ubiquinone reductase (non-electrogenic) activity|0050136||IEA				-	Flavodoxin-like fold	ko:K00355	-	ko00000,ko00001,ko01000	-	-	Flavodoxin_2
NCS66_RS29315	DUF3331 domain-containing protein	WP_244808597.1					-	Domain of unknown function (DUF3331)	-	-	-	-	-	DUF3331
NCS66_RS29320	AraC family transcriptional regulator	WP_250480971.1	sequence-specific DNA binding|0043565||IEA				-	PFAM helix-turn-helix- domain containing protein AraC type	-	-	-	-	-	HTH_18
NCS66_RS29325	LysR substrate-binding domain-containing protein	WP_250480973.1					-	transcriptional Regulator, LysR family	-	-	-	-	-	HTH_1,LysR_substrate
NCS66_RS29335	VOC family protein	WP_250480975.1					-	Glyoxalase/Bleomycin resistance protein/Dioxygenase superfamily	ko:K10621	M00539	br01602,ko00000,ko00001,ko00002,ko01000	-	-	Glyoxalase
NCS66_RS29340	class II aldolase/adducin family protein	WP_244808603.1					-	Class II Aldolase and Adducin N-terminal domain	ko:K10622	M00539	br01602,ko00000,ko00001,ko00002,ko01000	-	-	Aldolase_II
NCS66_RS29360	Rieske 2Fe-2S domain-containing protein	WP_244808607.1	2 iron, 2 sulfur cluster binding|0051537||IEA				-	Ring hydroxylating alpha subunit (catalytic domain)	-	-	-	-	-	Rieske,Ring_hydroxyl_A
NCS66_RS29365	aromatic-ring-hydroxylating dioxygenase subunit beta	WP_350029970.1		catabolic process|0009056||IEA			-	Ring hydroxylating beta subunit	-	-	-	-	-	Ring_hydroxyl_B
NCS66_RS29370	non-heme iron oxygenase ferredoxin subunit	WP_244808609.1					-	Rieske-like [2Fe-2S] domain	ko:K14578	M00534,M00638	br01602,ko00000,ko00001,ko00002	-	-	Rieske
NCS66_RS29375	4-hydroxythreonine-4-phosphate dehydrogenase PdxA	WP_250480978.1	NAD binding|0051287||IEA				-	Assigned by KAAS to KEGG Orthology K00097 4-hydroxythreonine-4-phosphate dehydrogenase	ko:K00097,ko:K22024	M00124	ko00000,ko00001,ko00002,ko01000	-	-	PdxA
NCS66_RS29380	FAD-dependent oxidoreductase	WP_032488745.1	oxidoreductase activity|0016491||IEA				-	PFAM FAD-dependent pyridine nucleotide-disulphide oxidoreductase	ko:K00529	M00545	br01602,ko00000,ko00001,ko00002,ko01000	-	-	AIF_C,Pyr_redox_2,Reductase_C
NCS66_RS29385	MHS family MFS transporter	WP_250480979.1					-	PFAM General substrate transporter	-	-	-	-	-	MFS_1,Sugar_tr
NCS66_RS29390	porin	WP_250480980.1	porin activity|0015288||IEA		cell outer membrane|0009279||IEA		-	Gram-negative porin	-	-	-	-	-	Porin_4
NCS66_RS29405	c-type cytochrome	WP_250480983.1	heme binding|0020037||IEA				-	Cytochrome C oxidase, cbb3-type, subunit III	-	-	-	-	-	Cytochrome_CBB3
NCS66_RS29410	DUF4148 domain-containing protein	WP_250480984.1					-	Domain of unknown function (DUF4148)	-	-	-	-	-	DUF4148
NCS66_RS29415	DUF305 domain-containing protein	WP_250480985.1					-	Domain of unknown function (DUF305)	-	-	-	-	-	DUF305
NCS66_RS29420	LysR family transcriptional regulator	WP_250480986.1	DNA-binding transcription factor activity|0003700||IEA	regulation of DNA-templated transcription|0006355||IEA			-	LysR family	-	-	-	-	-	HTH_1,LysR_substrate
NCS66_RS29435	pirin family protein	WP_244808620.1					-	Belongs to the pirin family	ko:K06911	-	ko00000	-	-	Pirin,Pirin_C
NCS66_RS29440	type II toxin-antitoxin system ParD family antitoxin	WP_244808621.1		regulation of chromosome segregation|0051983||IEA			-	Bacterial antitoxin of ParD toxin-antitoxin type II system and RHH	-	-	-	-	-	ParD_antitoxin
NCS66_RS29445	type II toxin-antitoxin system RelE/ParE family toxin	WP_250480987.1	protein homodimerization activity|0042803||IEA	protein heterotetramerization|0051290||IEA			-	ParE toxin of type II toxin-antitoxin system, parDE	-	-	-	-	-	ParE_toxin
NCS66_RS29455	nuclear transport factor 2 family protein	WP_250480989.1					-	-	-	-	-	-	-	-
NCS66_RS29460	nuclear transport factor 2 family protein	WP_244808624.1					-	-	-	-	-	-	-	-
NCS66_RS29465	MarR family winged helix-turn-helix transcriptional regulator	WP_250480990.1	DNA-binding transcription factor activity|0003700||IEA	regulation of DNA-templated transcription|0006355||IEA			-	helix_turn_helix multiple antibiotic resistance protein	-	-	-	-	-	HTH_27,MarR,MarR_2
NCS66_RS29475	response regulator	WP_244808627.1	phosphorelay response regulator activity|0000156||IEA	phosphorelay signal transduction system|0000160||IEA			-	Pfam Response regulator receiver	-	-	-	-	-	Response_reg
NCS66_RS29485	amidase family protein	WP_250480993.1					-	Amidase	ko:K21801	-	ko00000,ko00001,ko01000	-	-	Amidase
NCS66_RS29495	MarR family transcriptional regulator	WP_244808632.1	DNA-binding transcription factor activity|0003700||IEA	regulation of DNA-templated transcription|0006355||IEA			-	helix_turn_helix multiple antibiotic resistance protein	-	-	-	-	-	MarR,MarR_2
NCS66_RS29500	methyl-accepting chemotaxis protein	WP_250480994.1		signal transduction|0007165||IEA	membrane|0016020||IEA		-	Chemotaxis sensory transducer	ko:K03406,ko:K03776,ko:K05874,ko:K05875	-	ko00000,ko00001,ko02035	-	-	4HB_MCP_1,HAMP,MCPsignal,TarH,sCache_2
NCS66_RS29505	MarR family winged helix-turn-helix transcriptional regulator	WP_244808634.1	DNA-binding transcription factor activity|0003700||IEA	regulation of DNA-templated transcription|0006355||IEA			-	helix_turn_helix multiple antibiotic resistance protein	-	-	-	-	-	MarR,MarR_2
NCS66_RS29510	CaiB/BaiF CoA-transferase family protein	WP_244808635.1					-	PFAM L-carnitine dehydratase bile acid-inducible protein F	-	-	-	-	-	CoA_transf_3
NCS66_RS29515	enoyl-CoA hydratase/isomerase family protein	WP_244808636.1	catalytic activity|0003824||IEA				-	Belongs to the enoyl-CoA hydratase isomerase family	-	-	-	-	-	ECH_1
NCS66_RS29525	DUF485 domain-containing protein	WP_244808638.1					-	Protein of unknown function, DUF485	-	-	-	-	-	DUF485
NCS66_RS29530	3-keto-5-aminohexanoate cleavage protein	WP_250480995.1					-	beta-keto acid cleavage enzyme	ko:K18013	-	ko00000,ko00001,ko01000	-	-	BKACE
NCS66_RS29535	DUF302 domain-containing protein	WP_244808640.1					-	Domain of unknown function DUF302	-	-	-	-	-	DUF302
NCS66_RS29550	amidase family protein	WP_244808643.1					-	Amidase	ko:K02433,ko:K21801	-	ko00000,ko00001,ko01000,ko03029	-	-	Amidase
NCS66_RS29555	DUF302 domain-containing protein	WP_244808644.1					-	Domain of unknown function DUF302	-	-	-	-	-	DUF302
NCS66_RS29560	TetR/AcrR family transcriptional regulator	WP_244808645.1	DNA-binding transcription factor activity|0003700||IEA	regulation of DNA-templated transcription|0006355||IEA			-	Bacterial regulatory proteins, tetR family	-	-	-	-	-	TetR_N
NCS66_RS29565	antitoxin Xre/MbcA/ParS toxin-binding domain-containing protein	WP_035968713.1					-	Protein of unknown function (DUF2384)	-	-	-	-	-	DUF2384
NCS66_RS29570	RES domain-containing protein	WP_250480997.1					-	RES	-	-	-	-	-	RES
NCS66_RS29575	hypothetical protein	WP_250480998.1					-	-	-	-	-	-	-	-
NCS66_RS29585	DUF302 domain-containing protein	WP_250481000.1					-	Domain of unknown function DUF302	-	-	-	-	-	DUF302
NCS66_RS29590	helix-turn-helix domain-containing protein	WP_250481001.1	DNA binding|0003677||IEA				-	HxlR-like helix-turn-helix	-	-	-	-	-	HxlR
NCS66_RS29595	MarR family transcriptional regulator	WP_250481002.1	DNA-binding transcription factor activity|0003700||IEA	regulation of DNA-templated transcription|0006355||IEA			-	MarR family	-	-	-	-	-	MarR,MarR_2
NCS66_RS29600	tautomerase family protein	WP_250481003.1					-	Tautomerase enzyme	-	-	-	-	-	Tautomerase
NCS66_RS29605	MFS transporter	WP_250481004.1	transmembrane transporter activity|0022857||IEA	transmembrane transport|0055085||IEA			-	Sugar (and other) transporter	-	-	-	-	-	Sugar_tr
NCS66_RS29615	AraC family transcriptional regulator	WP_250481006.1	sequence-specific DNA binding|0043565||IEA				-	AraC-like ligand binding domain	ko:K05372	-	ko00000,ko03000	-	-	AraC_binding,HTH_18
NCS66_RS29625	MFS transporter	WP_250481008.1	transmembrane transporter activity|0022857||IEA	transmembrane transport|0055085||IEA			-	Major Facilitator Superfamily	-	-	-	-	-	MFS_1
NCS66_RS29630	hypothetical protein	WP_250481009.1					-	alpha beta	-	-	-	-	-	-
NCS66_RS29635	D-amino acid dehydrogenase	WP_250481010.1	oxidoreductase activity|0016491||IEA				-	Catalyzes the oxidative deamination of D-amino acids	ko:K00285	-	ko00000,ko00001,ko01000	-	-	DAO
NCS66_RS29640	sulfite exporter TauE/SafE family protein	WP_250481011.1		transport|0006810||IEA			-	Sulfite exporter TauE/SafE	ko:K07090	-	ko00000	-	-	TauE
NCS66_RS29645	efflux transporter outer membrane subunit	WP_250481012.1	porin activity|0015288||IEA	transport|0006810||IEA	cell outer membrane|0009279||IEA		-	TIGRFAM RND efflux system, outer membrane lipoprotein, NodT family	-	-	-	-	-	OEP
NCS66_RS29650	efflux RND transporter periplasmic adaptor subunit	WP_250481013.1	transporter activity|0005215||IEA	transport|0006810||IEA			-	Belongs to the membrane fusion protein (MFP) (TC 8.A.1) family	-	-	-	-	-	HlyD_D23
NCS66_RS29655	efflux RND transporter permease subunit	WP_250481014.1	transmembrane transporter activity|0022857||IEA		membrane|0016020||IEA		-	Belongs to the resistance-nodulation-cell division (RND) (TC 2.A.6) family	-	-	-	-	-	ACR_tran
NCS66_RS29660	cytochrome c	WP_250481015.1	heme binding|0020037||IEA				-	Cytochrome C oxidase, cbb3-type, subunit III	-	-	-	-	-	Cytochrome_CBB3
NCS66_RS34410	DUF2817 domain-containing protein	WP_350029972.1					-	Protein of unknown function (DUF2817)	-	-	-	-	-	DUF2817
NCS66_RS29675	DUF4148 domain-containing protein	WP_053572631.1					-	Domain of unknown function (DUF4148)	-	-	-	-	-	DUF4148
NCS66_RS29680	hypothetical protein	WP_250481018.1					-	-	-	-	-	-	-	-
NCS66_RS29685	hypothetical protein	WP_250481019.1					-	-	-	-	-	-	-	-
NCS66_RS29690	hypothetical protein	WP_350029973.1					-	-	-	-	-	-	-	-
NCS66_RS34420	response regulator	WP_350029617.1	phosphorelay response regulator activity|0000156||IEA	phosphorelay signal transduction system|0000160||IEA			-	Response regulator receiver	-	-	-	-	-	Response_reg
NCS66_RS29705	hypothetical protein	WP_250481022.1					-	-	-	-	-	-	-	-
NCS66_RS29720	poly(3-hydroxyalkanoate) depolymerase	WP_250481050.1	hydrolase activity, acting on ester bonds|0016788||IEA	energy reserve metabolic process|0006112||IEA		phaZ	-	Poly(3-hydroxyalkanoate) depolymerase	ko:K22250	-	ko00000,ko01000	-	-	Abhydrolase_1
NCS66_RS29725	PAS domain S-box protein	WP_250481051.1					-	Histidine kinase	-	-	-	-	-	HATPase_c,HisKA,PAS_3,PAS_9,Response_reg
NCS66_RS29745	hypothetical protein	WP_250481027.1					-	PFAM SMP-30 Gluconolaconase	-	-	-	-	-	-
NCS66_RS29765	YSC84-related protein	WP_250481030.1					-	Las17-binding protein actin regulator	-	-	-	-	-	Ysc84
NCS66_RS29775	hypothetical protein	WP_250481032.1					-	Belongs to the peptidase S1B family	-	-	-	-	-	-
NCS66_RS29785	type II toxin-antitoxin system RelE/ParE family toxin	WP_250481033.1	protein homodimerization activity|0042803||IEA	protein heterotetramerization|0051290||IEA			-	ParE toxin of type II toxin-antitoxin system, parDE	-	-	-	-	-	ParE_toxin
NCS66_RS29790	CopG family transcriptional regulator	WP_244808321.1					-	.,Oxidizes proline to glutamate for use as a carbon and nitrogen source	-	-	-	-	-	RHH_1
NCS66_RS29805	carboxymuconolactone decarboxylase family protein	WP_250481035.1					-	Antioxidant protein with alkyl hydroperoxidase activity. Required for the reduction of the AhpC active site cysteine residues and for the regeneration of the AhpC enzyme activity	-	-	-	-	-	CMD
NCS66_RS29810	NAD(P)H-binding protein	WP_250481036.1					-	NmrA family	-	-	-	-	-	NAD_binding_10,NmrA
NCS66_RS29835	DUF6723 family protein	WP_250481037.1					-	-	-	-	-	-	-	-
NCS66_RS29840	hypothetical protein	WP_250481056.1					-	PFAM transposase, IS4 family protein	ko:K07481	-	ko00000	-	-	DDE_Tnp_1,DUF772
NCS66_RS29845	cytochrome c	WP_250481052.1	heme binding|0020037||IEA				-	PFAM cytochrome c, class I	-	-	-	-	-	Cytochrom_C,Cytochrome_CBB3
NCS66_RS29850	hypothetical protein	WP_250481038.1					-	-	-	-	-	-	-	-
NCS66_RS29865	thiamine pyrophosphate-requiring protein	WP_250481040.1	thiamine pyrophosphate binding|0030976||IEA				-	Belongs to the TPP enzyme family	ko:K00156	-	ko00000,ko00001,ko01000	-	-	TPP_enzyme_C,TPP_enzyme_M,TPP_enzyme_N
NCS66_RS29870	enolase C-terminal domain-like protein	WP_250481041.1					-	mandelate racemase muconate lactonizing	-	-	-	-	-	MR_MLE_C,MR_MLE_N
NCS66_RS29875	hypothetical protein	WP_250481054.1					-	-	-	-	-	-	-	-
NCS66_RS29880	gluconate 2-dehydrogenase subunit 3 family protein	WP_250481042.1					-	Gluconate 2-dehydrogenase subunit 3	-	-	-	-	-	Gluconate_2-dh3
NCS66_RS29885	GMC family oxidoreductase	WP_250481055.1	oxidoreductase activity|0016491||IEA				-	PFAM glucose-methanol-choline oxidoreductase	ko:K03333	-	ko00000,ko00001,ko01000	-	-	GMC_oxred_C,GMC_oxred_N,NAD_binding_8
NCS66_RS29890	SDR family oxidoreductase	WP_250481043.1					-	Belongs to the short-chain dehydrogenases reductases (SDR) family	-	-	-	-	-	adh_short
NCS66_RS29895	glycoside hydrolase family 15 protein	WP_250481044.1					-	PFAM glycoside hydrolase 15-related	-	-	-	-	-	Glyco_hydro_15
NCS66_RS29900	low affinity iron permease family protein	WP_250481045.1					-	Low affinity iron permease	-	-	-	-	-	Iron_permease
NCS66_RS29905	sensory rhodopsin transducer	WP_250481046.1					-	Anabaena sensory rhodopsin transducer	-	-	-	-	-	ASRT
NCS66_RS29910	hypothetical protein	WP_250481047.1					-	-	-	-	-	-	-	-
NCS66_RS29915	superinfection immunity protein	WP_350029618.1					-	Superinfection immunity protein	-	-	-	-	-	Imm_superinfect
NCS66_RS29920	CBS domain-containing protein	WP_250481049.1					-	Domain in cystathionine beta-synthase and other proteins.	-	-	-	-	-	CBS
NCS66_RS29925	enolase C-terminal domain-like protein	WP_250481057.1					-	mandelate racemase muconate lactonizing	-	-	-	-	-	MR_MLE_C,MR_MLE_N
NCS66_RS29930	hypothetical protein	WP_250481058.1					-	-	-	-	-	-	-	-
NCS66_RS29935	gluconate 2-dehydrogenase subunit 3 family protein	WP_250481059.1					-	Gluconate 2-dehydrogenase subunit 3	-	-	-	-	-	Gluconate_2-dh3
NCS66_RS29940	GMC family oxidoreductase	WP_250481060.1	oxidoreductase activity|0016491||IEA				-	PFAM glucose-methanol-choline oxidoreductase	ko:K03333	-	ko00000,ko00001,ko01000	-	-	GMC_oxred_C,GMC_oxred_N,NAD_binding_8
NCS66_RS29945	SDR family oxidoreductase	WP_250481061.1					-	Belongs to the short-chain dehydrogenases reductases (SDR) family	-	-	-	-	-	adh_short
NCS66_RS29950	glycoside hydrolase family 15 protein	WP_250481062.1					-	PFAM glycoside hydrolase 15-related	-	-	-	-	-	Glyco_hydro_15
NCS66_RS29960	putative Na+/H+ antiporter	WP_250481064.1					-	Putative Na+/H+ antiporter	-	-	-	-	-	Na_H_antiport_3
NCS66_RS29965	glutaredoxin	WP_350029974.1					-	COG0695 glutaredoxin and related proteins	-	-	-	-	-	Glutaredoxin,MauE
NCS66_RS29975	hypothetical protein	WP_250481067.1					-	Psort location CytoplasmicMembrane, score 9.46	-	-	-	-	-	-
NCS66_RS29980	hypothetical protein	WP_250441832.1					-	-	-	-	-	-	-	-
NCS66_RS29990	HAD family hydrolase	WP_250481069.1	hydrolase activity|0016787||IEA				-	haloacid dehalogenase-like hydrolase	-	-	-	-	-	HAD
NCS66_RS29995	arylsulfatase	WP_250481070.1					-	C-terminal region of aryl-sulfatase	-	-	-	-	-	Sulfatase,Sulfatase_C
NCS66_RS30005	cytochrome b	WP_250481071.1	metal ion binding|0046872||IEA	respiratory electron transport chain|0022904||IEA	membrane|0016020||IEA		-	Cytochrome B561	ko:K12262	-	ko00000	-	-	Ni_hydr_CYTB
NCS66_RS30015	MBL fold metallo-hydrolase	WP_250441838.1					-	PFAM beta-lactamase domain protein	-	-	-	-	-	Lactamase_B
NCS66_RS30025	YeeE/YedE family protein	WP_250441840.1					-	transporter component	ko:K07112	-	ko00000	-	-	Sulf_transp
NCS66_RS30030	DUF6691 family protein	WP_250442078.1					-	transporter component	ko:K07112	-	ko00000	-	-	Sulf_transp
NCS66_RS30035	OBAP family protein	WP_284508069.1					-	Protein of unknown function (DUF1264)	-	-	-	-	-	DUF1264
NCS66_RS30040	PIN domain-containing protein	WP_250481073.1					-	PIN domain	-	-	-	-	-	PIN_3
NCS66_RS30045	helix-turn-helix domain-containing protein	WP_250481074.1	DNA binding|0003677||IEA				-	Helix-turn-helix domain	-	-	-	-	-	-
NCS66_RS30050	ProQ/FinO family protein	WP_250481075.1					-	ProQ/FINO family	ko:K03607	-	ko00000	-	-	ProQ
NCS66_RS30055	type II toxin-antitoxin system RelE/ParE family toxin	WP_250481076.1	protein homodimerization activity|0042803||IEA	protein heterotetramerization|0051290||IEA			-	Plasmid stabilization system	-	-	-	-	-	ParE_toxin
NCS66_RS30060	stability determinant	WP_250481077.1					-	-	-	-	-	-	-	-
NCS66_RS30070	hypothetical protein	WP_250481079.1					-	-	-	-	-	-	-	-
NCS66_RS30075	hypothetical protein	WP_250481080.1					-	-	-	-	-	-	-	-
NCS66_RS30080	DUF3717 domain-containing protein	WP_250481081.1					-	Protein of unknown function (DUF3717)	-	-	-	-	-	DUF3717
NCS66_RS30085	flagellar biosynthesis anti-sigma factor FlgM	WP_250481082.1		negative regulation of DNA-templated transcription|0045892||IEA		flgM	-	Anti-sigma-28 factor, FlgM	-	-	-	-	-	FlgM
NCS66_RS30090	hypothetical protein	WP_250481083.1					-	-	-	-	-	-	-	-
NCS66_RS30095	hypothetical protein	WP_250481084.1					-	-	-	-	-	-	-	-
NCS66_RS30115	nucleoside 2-deoxyribosyltransferase	WP_250481086.1					-	Nucleoside 2-deoxyribosyltransferase	ko:K08728	-	ko00000,ko00001,ko01000	-	-	Nuc_deoxyrib_tr
NCS66_RS30120	tyrosine-type recombinase/integrase	WP_250481087.1	DNA binding|0003677||IEA	DNA integration|0015074||IEA			-	Belongs to the 'phage' integrase family	-	-	-	-	-	Phage_integrase
NCS66_RS30125	hypothetical protein	WP_250481088.1					-	-	-	-	-	-	-	-
NCS66_RS30130	tyrosine-type recombinase/integrase	WP_250481089.1	DNA binding|0003677||IEA	DNA integration|0015074||IEA			-	Phage integrase, N-terminal SAM-like domain	ko:K04763	-	ko00000,ko03036	-	-	Phage_int_SAM_4,Phage_integrase
NCS66_RS30135	IS91 family transposase	WP_250481090.1	transposase activity|0004803||IEA				-	transposase	-	-	-	-	-	Y2_Tnp,Zn_Tnp_IS91
NCS66_RS30145	helix-turn-helix transcriptional regulator	WP_350029975.1	DNA-binding transcription factor activity|0003700||IEA	regulation of DNA-templated transcription|0006355||IEA			-	AraC family transcriptional regulator	-	-	-	-	-	AraC_binding,HTH_18
NCS66_RS30150	RidA family protein	WP_250481092.1					-	YjgF/chorismate_mutase-like, putative endoribonuclease	-	-	-	-	-	YjgF_endoribonc
NCS66_RS30160	pyridoxamine 5'-phosphate oxidase family protein	WP_250481093.1					-	Pyridoxamine 5'-phosphate oxidase	-	-	-	-	-	Pyridox_ox_2
NCS66_RS30180	RidA family protein	WP_250481098.1					-	endoribonuclease L-PSP	-	-	-	-	-	YjgF_endoribonc
NCS66_RS30190	hypothetical protein	WP_250481100.1					-	-	-	-	-	-	-	-
NCS66_RS30195	HNH endonuclease	WP_250481101.1					-	HNH endonuclease	-	-	-	-	-	HNH_5
NCS66_RS30200	hypothetical protein	WP_111933854.1					-	-	-	-	-	-	-	-
NCS66_RS30205	IS1182 family transposase	WP_250481102.1	transposase activity|0004803||IEA				-	PFAM transposase, IS4 family protein	ko:K07487	-	ko00000	-	-	DDE_Tnp_1_6,DUF772
NCS66_RS30210	TetR/AcrR family transcriptional regulator	WP_250481103.1	DNA binding|0003677||IEA				-	TetR family transcriptional regulator	-	-	-	-	-	TetR_N
NCS66_RS30215	hypothetical protein	WP_250441863.1					-	-	-	-	-	-	-	-
NCS66_RS30220	hypothetical protein	WP_250481104.1					-	-	-	-	-	-	-	-
NCS66_RS30225	hypothetical protein	WP_250481105.1					-	-	-	-	-	-	-	-
NCS66_RS30230	3'-5' exonuclease	WP_250481106.1	hydrolase activity|0016787||IEA				-	UvrD-like helicase C-terminal domain	-	-	-	-	-	AAA_19,UvrD-helicase,UvrD_C,UvrD_C_2
NCS66_RS30245	translesion DNA synthesis-associated protein ImuA	WP_250481107.1		negative regulation of cell division|0051782||IEA		imuA	-	Component of the SOS system and an inhibitor of cell division. Accumulation of SulA causes rapid cessation of cell division and the appearance of long, non-septate filaments. In the presence of GTP, binds a polymerization-competent form of FtsZ in a 1 1 ratio, thus inhibiting FtsZ polymerization and therefore preventing it from participating in the assembly of the Z ring. This mechanism prevents the premature segregation of damaged DNA to daughter cells during cell division	ko:K14160	-	ko00000,ko03400	-	-	-
NCS66_RS30250	DNA polymerase Y family protein	WP_250481108.1					-	DNA polymerase	ko:K14161	-	ko00000,ko03400	-	-	IMS
NCS66_RS30255	error-prone DNA polymerase	WP_250481109.1					-	DNA polymerase involved in damage-induced mutagenesis and translesion synthesis (TLS). It is not the major replicative DNA polymerase	ko:K14162	-	ko00000,ko01000,ko03400	-	-	DNA_pol3_alpha,HHH_6,PHP,tRNA_anti-codon
NCS66_RS30260	BON domain-containing protein	WP_250441870.1					-	PFAM transport-associated	-	-	-	-	-	BON
NCS66_RS30270	fumarylacetoacetate hydrolase family protein	WP_217192804.1	catalytic activity|0003824||IEA				-	Fumarylacetoacetate (FAA) hydrolase family	-	-	-	-	-	FAA_hydrolase
NCS66_RS30275	VOC family protein	WP_250441872.1					-	Glyoxalase/Bleomycin resistance protein/Dioxygenase superfamily	-	-	-	-	-	Glyoxalase
NCS66_RS30285	heme-binding protein	WP_250441874.1					-	Haem-degrading	-	-	-	-	-	Haem_degrading
NCS66_RS30295	carboxylesterase family protein	WP_250481110.1					-	Belongs to the type-B carboxylesterase lipase family	ko:K03929	-	ko00000,ko01000	-	CE10	COesterase
NCS66_RS30300	carboxymuconolactone decarboxylase family protein	WP_250441877.1	peroxiredoxin activity|0051920||IEA				-	decarboxylase	ko:K01607	-	ko00000,ko00001,ko01000	-	-	CMD
NCS66_RS30305	alpha/beta fold hydrolase	WP_250441878.1					-	Ndr family	-	-	-	-	-	Abhydrolase_6
NCS66_RS30310	DUF4286 family protein	WP_250441879.1					-	Evidence 4 Homologs of previously reported genes of	-	-	-	-	-	-
NCS66_RS30320	LysR family transcriptional regulator	WP_250441881.1	DNA-binding transcription factor activity|0003700||IEA	regulation of DNA-templated transcription|0006355||IEA			-	LysR substrate binding domain	-	-	-	-	-	HTH_1,LysR_substrate
NCS66_RS30325	amidohydrolase family protein	WP_250441882.1	hydrolase activity|0016787||IEA				-	amidohydrolase	-	-	-	-	-	Amidohydro_1
NCS66_RS30335	FAD-binding oxidoreductase	WP_250481111.1	flavin adenine dinucleotide binding|0050660||IEA				-	FAD binding domain	-	-	-	-	-	FAD_binding_4
NCS66_RS30340	MFS transporter	WP_250481112.1	transmembrane transporter activity|0022857||IEA	transmembrane transport|0055085||IEA			-	Major facilitator superfamily	-	-	-	-	-	MFS_1
NCS66_RS30345	SDR family oxidoreductase	WP_250481113.1	oxidoreductase activity|0016491||IEA				-	Enoyl-(Acyl carrier protein) reductase	-	-	-	-	-	adh_short_C2
NCS66_RS30360	NAD(P)/FAD-dependent oxidoreductase	WP_250441889.1	oxidoreductase activity|0016491||IEA				-	COG1233 Phytoene dehydrogenase and related proteins	-	-	-	-	-	Amino_oxidase,DAO,NAD_binding_8
NCS66_RS30365	hypothetical protein	WP_250441890.1					-	-	-	-	-	-	-	-
NCS66_RS30370	TetR family transcriptional regulator C-terminal domain-containing protein	WP_250441891.1		negative regulation of DNA-templated transcription|0045892||IEA			-	tetR family	-	-	-	-	-	TetR_C_9,TetR_N
NCS66_RS30385	CAP domain-containing protein	WP_250481116.1					-	Cysteine-rich secretory protein family	-	-	-	-	-	CAP
NCS66_RS30390	DUF2726 domain-containing protein	WP_250441896.1					-	Protein of unknown function (DUF2726)	-	-	-	-	-	DUF2726
NCS66_RS30395	hypothetical protein	WP_250481117.1					-	-	-	-	-	-	-	-
NCS66_RS30405	CsgG/HfaB family protein	WP_250441899.1			outer membrane-bounded periplasmic space|0030288||IEA		-	PFAM Peptidoglycan-binding domain 1 protein	-	-	-	-	-	CsgG,PG_binding_1
NCS66_RS30410	hypothetical protein	WP_035510755.1					-	Proteolipid membrane potential modulator	-	-	-	-	-	Pmp3
NCS66_RS30415	SOS response-associated peptidase family protein	WP_309790871.1	single-stranded DNA binding|0003697||IEA	DNA damage response|0006974||IEA			-	Belongs to the SOS response-associated peptidase family	-	-	-	-	-	SRAP
NCS66_RS30420	Ku protein	WP_250441901.1	DNA end binding|0045027||IEA	double-strand break repair via nonhomologous end joining|0006303||IEA			-	With LigD forms a non-homologous end joining (NHEJ) DNA repair enzyme, which repairs dsDNA breaks with reduced fidelity. Binds linear dsDNA with 5'- and 3'- overhangs but not closed circular dsDNA nor ssDNA. Recruits and stimulates the ligase activity of LigD	ko:K10979	-	ko00000,ko00001,ko03400	-	-	Ku
NCS66_RS30425	tetratricopeptide repeat protein	WP_250441902.1					-	Tetratricopeptide repeat	-	-	-	-	-	MerR_1,TPR_11,TPR_16,TPR_6,TPR_8
NCS66_RS30430	cation:proton antiporter	WP_250441903.1	antiporter activity|0015297||IEA	proton transmembrane transport|1902600||IEA	membrane|0016020||IEA		-	Pfam Sodium hydrogen exchanger	-	-	-	-	-	Na_H_Exchanger
NCS66_RS30435	hypothetical protein	WP_008343290.1					-	-	-	-	-	-	-	-
NCS66_RS30440	DUF4148 domain-containing protein	WP_250441904.1					-	Domain of unknown function (DUF4148)	-	-	-	-	-	DUF4148
NCS66_RS30445	hypothetical protein	WP_250441905.1					-	-	-	-	-	-	-	-
NCS66_RS30450	type II toxin-antitoxin system ParD family antitoxin	WP_250441906.1		regulation of chromosome segregation|0051983||IEA			-	Bacterial antitoxin of ParD toxin-antitoxin type II system and RHH	ko:K07746	-	ko00000,ko02048	-	-	ParD_antitoxin
NCS66_RS30455	type II toxin-antitoxin system RelE/ParE family toxin	WP_250441908.1	protein homodimerization activity|0042803||IEA	protein heterotetramerization|0051290||IEA			-	Belongs to the RelE toxin family	ko:K19092	-	ko00000,ko02048	-	-	ParE_toxin
NCS66_RS30460	DNA ligase D	WP_250441909.1		double-strand break repair via nonhomologous end joining|0006303||IEA		ligD	-	DNA polymerase	ko:K01971	-	ko00000,ko00001,ko01000,ko03400	-	-	DNA_ligase_A_C,DNA_ligase_A_M,DNA_primase_S
NCS66_RS30470	hypothetical protein	WP_250481118.1					-	-	-	-	-	-	-	-
NCS66_RS30475	sensor domain-containing diguanylate cyclase	WP_250481119.1					-	Diguanylate cyclase	-	-	-	-	-	GGDEF,MASE4
NCS66_RS30485	hypothetical protein	WP_250481121.1					-	-	-	-	-	-	-	-
NCS66_RS30490	phosphoadenosine phosphosulfate reductase family protein	WP_250441914.1	catalytic activity|0003824||IEA				-	COG0175 3-phosphoadenosine 5-phosphosulfate sulfotransferase (PAPS reductase) FAD synthetase and related enzymes	ko:K19170	-	ko00000,ko02048	-	-	PAPS_reduct
NCS66_RS30495	hypothetical protein	WP_250441916.1					-	Belongs to the queuine tRNA-ribosyltransferase family	-	-	-	-	-	TGT
NCS66_RS30500	hypothetical protein	WP_250441917.1					-	-	-	-	-	-	-	-
NCS66_RS30505	hypothetical protein	WP_250441918.1					-	-	-	-	-	-	-	-
NCS66_RS30520	hypothetical protein	WP_250441921.1					-	-	-	-	-	-	-	-
NCS66_RS30525	metallophosphatase family protein	WP_250441922.1					-	3'-5' exonuclease activity	ko:K03547	-	ko00000,ko03400	-	-	Metallophos_2
NCS66_RS30530	NADAR family protein	WP_250441923.1					-	Domain of unknown function (DUF1768)	ko:K09935	-	ko00000	-	-	DUF1768
NCS66_RS30535	hypothetical protein	WP_250441924.1					-	-	-	-	-	-	-	-
NCS66_RS30540	hypothetical protein	WP_061168064.1					-	-	-	-	-	-	-	-
NCS66_RS30545	DUF1845 domain-containing protein	WP_250481122.1					-	-	-	-	-	-	-	DUF1845
NCS66_RS30550	hypothetical protein	WP_250481123.1					-	-	-	-	-	-	-	-
NCS66_RS30555	polymer-forming cytoskeletal protein	WP_250481124.1					-	Polymer-forming cytoskeletal	-	-	-	-	-	Bactofilin
NCS66_RS30565	ATP-dependent helicase	WP_250481126.1	ATP hydrolysis activity|0016887||IEA				-	DNA helicase	-	-	-	-	-	UvrD-helicase,UvrD_C
NCS66_RS30570	ATPase	WP_250479688.1					-	-	-	-	-	-	-	-
NCS66_RS30575	DUF4400 domain-containing protein	WP_250481127.1					-	Domain of unknown function (DUF4400)	-	-	-	-	-	DUF4400
NCS66_RS30580	hypothetical protein	WP_250481128.1					-	-	-	-	-	-	-	-
NCS66_RS30585	hypothetical protein	WP_250479691.1					-	-	-	-	-	-	-	-
NCS66_RS30600	type IV secretion system protein	WP_250481131.1		protein secretion by the type IV secretion system|0030255||IEA			-	TrbL/VirB6 plasmid conjugal transfer protein	-	-	-	-	-	TrbL
NCS66_RS30605	type VI secretion protein	WP_250481132.1					-	-	-	-	-	-	-	-
NCS66_RS30620	hypothetical protein	WP_035967777.1					-	-	-	-	-	-	-	-
NCS66_RS30625	ATPase, T2SS/T4P/T4SS family	WP_250481134.1					-	PFAM type II secretion system protein E	-	-	-	-	-	T2SSE
NCS66_RS30630	zinc-finger-containing protein	WP_250481135.1					-	zinc-finger-containing domain	-	-	-	-	-	DUF3268
NCS66_RS30635	hypothetical protein	WP_086966750.1					-	-	-	-	-	-	-	-
NCS66_RS30640	VWA-like domain-containing protein	WP_250481136.1					-	Putative metallopeptidase domain	-	-	-	-	-	DUF2201,DUF2201_N
NCS66_RS30645	hypothetical protein	WP_045463797.1					-	-	-	-	-	-	-	-
NCS66_RS30650	ATP-binding protein	WP_250441944.1					-	associated with various cellular activities	-	-	-	-	-	AAA,AAA_5
NCS66_RS30655	hypothetical protein	WP_250481137.1					-	-	-	-	-	-	-	-
NCS66_RS30660	hypothetical protein	WP_250481138.1					-	-	-	-	-	-	-	-
NCS66_RS30665	hypothetical protein	WP_250481139.1					-	-	-	-	-	-	-	-
NCS66_RS30670	hypothetical protein	WP_045463789.1					-	-	-	-	-	-	-	-
NCS66_RS30675	hypothetical protein	WP_250481140.1					-	-	-	-	-	-	-	-
NCS66_RS30695	phosphoadenosine phosphosulfate reductase family protein	WP_250481141.1					-	COG0175 3-phosphoadenosine 5-phosphosulfate sulfotransferase (PAPS reductase) FAD synthetase and related enzymes	-	-	-	-	-	PAPS_reduct
NCS66_RS30700	hypothetical protein	WP_250481142.1					-	-	-	-	-	-	-	-
NCS66_RS30705	PRTRC system ThiF family protein	WP_250481143.1					-	PFAM UBA THIF-type NAD FAD binding protein	-	-	-	-	-	ThiF
NCS66_RS30710	PRTRC system protein A	WP_250481144.1					-	Domain of unknown function (DUF2016)	-	-	-	-	-	DUF2016,Prok-JAB
NCS66_RS30715	PRTRC system protein B	WP_250481145.1					-	Prokaryotic E2 family D	-	-	-	-	-	Prok-E2_D
NCS66_RS30720	PRTRC system protein F	WP_250481146.1					-	Alpha-helical domain 2	-	-	-	-	-	alpha-hel2
NCS66_RS30725	PRTRC system protein C	WP_045463747.1					-	Prokaryotic Ubiquitin	-	-	-	-	-	Prok_Ub
NCS66_RS30730	PRTRC system protein E	WP_250481147.1					-	-	-	-	-	-	-	-
NCS66_RS30735	PRTRC system ParB family protein	WP_250481152.1					-	Belongs to the ParB family	ko:K03497	-	ko00000,ko03000,ko03036,ko04812	-	-	HTH_8,ParBc
NCS66_RS30740	hypothetical protein	WP_250481148.1					-	-	-	-	-	-	-	-
NCS66_RS30750	IS256 family transposase	WP_250481150.1	transposase activity|0004803||IEA				-	PFAM transposase mutator type	ko:K07493	-	ko00000	-	-	Transposase_mut
NCS66_RS30755	IS110 family transposase	WP_250481151.1	transposase activity|0004803||IEA				-	Transposase IS116 IS110 IS902 family	-	-	-	-	-	DEDD_Tnp_IS110,Transposase_20
NCS66_RS30760	hypothetical protein	WP_350029977.1					-	-	-	-	-	-	-	-
NCS66_RS30765	SNF2-related protein	WP_309790889.1	ATP-dependent chromatin remodeler activity|0140658||IEA				-	SNF2 family N-terminal domain	-	-	-	-	-	Helicase_C,SNF2_N
NCS66_RS30770	hypothetical protein	WP_250481153.1					-	-	-	-	-	-	-	-
NCS66_RS30800	DUF1173 family protein	WP_250481158.1					-	Protein of unknown function (DUF1173)	-	-	-	-	-	DUF1173
NCS66_RS30805	hypothetical protein	WP_250481159.1					-	-	-	-	-	-	-	-
NCS66_RS30810	hypothetical protein	WP_250481160.1					-	-	-	-	-	-	-	-
NCS66_RS30815	hypothetical protein	WP_250481161.1					-	-	-	-	-	-	-	-
NCS66_RS30825	Lar family restriction alleviation protein	WP_035511709.1					-	Restriction alleviation protein Lar	-	-	-	-	-	Lar_restr_allev
NCS66_RS30830	hypothetical protein	WP_159680267.1					-	-	-	-	-	-	-	-
NCS66_RS30835	integrase domain-containing protein	WP_250481162.1					-	Belongs to the 'phage' integrase family	-	-	-	-	-	HTH_8,Integrase_1,Phage_int_SAM_2
NCS66_RS30840	PRTRC system protein D	WP_250481163.1					-	Plasmid segregation protein ParM	ko:K18640	-	ko00000,ko04812	-	-	StbA
NCS66_RS30855	hypothetical protein	WP_250481166.1					-	-	-	-	-	-	-	-
NCS66_RS30860	primase-helicase zinc-binding domain-containing protein	WP_250481175.1	zinc ion binding|0008270||IEA				-	P4 alpha zinc-binding domain protein	ko:K06919	-	ko00000	-	-	Prim_Zn_Ribbon,Toprim_3
NCS66_RS30870	hypothetical protein	WP_250481168.1					-	-	-	-	-	-	-	-
NCS66_RS30875	hypothetical protein	WP_250481169.1					-	-	-	-	-	-	-	-
NCS66_RS30880	hypothetical protein	WP_250481170.1					-	-	-	-	-	-	-	-
NCS66_RS30885	nuclease-related domain-containing protein	WP_250481171.1	endonuclease activity|0004519||IEA				-	Nuclease-related domain	-	-	-	-	-	NERD,zf-C4_Topoisom
NCS66_RS30890	hypothetical protein	WP_250481172.1					-	-	-	-	-	-	-	-
NCS66_RS30895	hypothetical protein	WP_250481173.1					-	-	-	-	-	-	-	-
NCS66_RS30900	hypothetical protein	WP_250481174.1					-	Flagellar transcriptional activator (FlhC)	-	-	-	-	-	FlhC
NCS66_RS30905	transposase domain-containing protein	WP_250480693.1					-	transposase IS66	-	-	-	-	-	DDE_Tnp_IS66,DDE_Tnp_IS66_C,LZ_Tnp_IS66,zf-IS66
NCS66_RS30905	transposase domain-containing protein	WP_250480693.1					-	transposase IS66	-	-	-	-	-	DDE_Tnp_IS66,DDE_Tnp_IS66_C,LZ_Tnp_IS66,zf-IS66
NCS66_RS30905	transposase domain-containing protein	WP_250480693.1					-	transposase IS66	-	-	-	-	-	DDE_Tnp_IS66,DDE_Tnp_IS66_C,LZ_Tnp_IS66,zf-IS66
NCS66_RS30910	FlhC family transcriptional regulator	WP_250481176.1					-	Flagellar transcriptional activator (FlhC)	-	-	-	-	-	FlhC
NCS66_RS30915	hypothetical protein	WP_167351030.1					-	-	-	-	-	-	-	-
NCS66_RS30920	hypothetical protein	WP_250481177.1					-	-	-	-	-	-	-	-
NCS66_RS30925	CAP domain-containing protein	WP_250481178.1					-	Cysteine-rich secretory protein family	-	-	-	-	-	CAP
NCS66_RS30930	hypothetical protein	WP_250481179.1					-	-	-	-	-	-	-	-
NCS66_RS30935	type 4 pilus major pilin	WP_250481180.1					-	-	-	-	-	-	-	PilS
NCS66_RS30940	type II secretion system protein	WP_250441991.1					-	Type II secretion system	-	-	-	-	-	T2SSF
NCS66_RS30945	ATPase, T2SS/T4P/T4SS family	WP_250481181.1					-	Secretion system protein E	-	-	-	-	-	T2SSE
NCS66_RS30950	hypothetical protein	WP_250481182.1					-	-	-	-	-	-	-	-
NCS66_RS30955	hypothetical protein	WP_250481183.1					-	-	-	-	-	-	-	PAP_PilO
NCS66_RS30960	type II secretory pathway protein	WP_250481184.1					-	type IVB pilus formation outer membrane protein, R64 PilN family	-	-	-	-	-	Secretin,Secretin_N_2
NCS66_RS30965	toxin co-regulated pilus biosynthesis Q family protein	WP_250481205.1					-	Toxin co-regulated pilus biosynthesis protein Q	-	-	-	-	-	TcpQ
NCS66_RS30970	lytic transglycosylase domain-containing protein	WP_061138294.1					-	PFAM Lytic transglycosylase catalytic	-	-	-	-	-	SLT
NCS66_RS30975	hypothetical protein	WP_250481185.1					-	-	-	-	-	-	-	-
NCS66_RS30980	transglycosylase SLT domain-containing protein	WP_250481186.1					-	lytic transglycosylase	-	-	-	-	-	SLT
NCS66_RS31000	hypothetical protein	WP_250481189.1					-	Replication protein	-	-	-	-	-	-
NCS66_RS31005	hypothetical protein	WP_250442002.1					-	-	-	-	-	-	-	-
NCS66_RS31010	AAA family ATPase	WP_250442003.1					-	Cobyrinic acid ac-diamide synthase	ko:K03496	-	ko00000,ko03036,ko04812	-	-	AAA_31
NCS66_RS31015	ParB/RepB/Spo0J family partition protein	WP_250442004.1	DNA binding|0003677||IEA	chromosome segregation|0007059||IEA			-	Belongs to the ParB family	ko:K03497	-	ko00000,ko03000,ko03036,ko04812	-	-	ParBc
NCS66_RS31020	Replication protein O	WP_250481190.1					-	Replication protein	-	-	-	-	-	-
NCS66_RS31030	hypothetical protein	WP_250481191.1					-	-	-	-	-	-	-	-
NCS66_RS31035	phage integrase family protein	WP_250481192.1					-	Belongs to the 'phage' integrase family	-	-	-	-	-	DUF3701,Phage_integrase
NCS66_RS31040	DUF3800 domain-containing protein	WP_250481193.1					-	-	-	-	-	-	-	-
NCS66_RS31045	retron Ec67 family RNA-directed DNA polymerase/endonuclease	WP_250481194.1					-	PFAM RNA-directed DNA polymerase (Reverse transcriptase)	ko:K00986	-	ko00000,ko01000	-	-	RVT_1,Trypsin_2
NCS66_RS31050	McrC family protein	WP_250481195.1					-	McrBC 5-methylcytosine restriction system component	ko:K19147	-	ko00000,ko02048	-	-	McrBC
NCS66_RS31055	AAA family ATPase	WP_250481196.1	ATP hydrolysis activity|0016887||IEA				-	AAA domain (dynein-related subfamily)	ko:K07452	-	ko00000,ko01000,ko02048	-	-	AAA_5,DUF4357
NCS66_RS34435	HNH endonuclease signature motif containing protein	WP_350029978.1	endonuclease activity|0004519||IEA				-	HNH endonuclease	ko:K07454	-	ko00000	-	-	HNH_2
NCS66_RS31060	hypothetical protein	WP_250481197.1					-	HNH endonuclease	ko:K07454	-	ko00000	-	-	HNH_2
NCS66_RS31070	hypothetical protein	WP_250481199.1					-	Cleaves both 3' and 5' ssDNA extremities of branched DNA structures	ko:K09968	-	ko00000	-	-	-
NCS66_RS31075	hypothetical protein	WP_250481200.1					-	-	-	-	-	-	-	-
NCS66_RS31080	hypothetical protein	WP_250481201.1					-	-	-	-	-	-	-	-
NCS66_RS31085	hypothetical protein	WP_250481202.1					-	-	-	-	-	-	-	-
NCS66_RS31090	metallophosphoesterase	WP_250481203.1					-	Calcineurin-like phosphoesterase	-	-	-	-	-	Metallophos
NCS66_RS31105	TniQ family protein	WP_284508074.1					-	Transcriptional regulator	-	-	-	-	-	HTH_18
NCS66_RS31110	AAA family ATPase	WP_250481207.1	ATP hydrolysis activity|0016887||IEA				-	Bacterial TniB protein	-	-	-	-	-	-
NCS66_RS31115	hypothetical protein	WP_250481208.1					-	PFAM Integrase catalytic region	ko:K07497	-	ko00000	-	-	Mu-transpos_C,Tn7_Tnp_TnsA_N,rve
NCS66_RS31120	Tn7 transposase TnsA N-terminal domain-containing protein	WP_250481209.1					-	PFAM Integrase catalytic region	ko:K07497	-	ko00000	-	-	Mu-transpos_C,Tn7_Tnp_TnsA_N,rve
NCS66_RS31125	HAD domain-containing protein	WP_250481210.1					-	-	-	-	-	-	-	-
NCS66_RS31130	DUF6471 domain-containing protein	WP_250481211.1					-	-	-	-	-	-	-	-
NCS66_RS31135	BPSL0761 family protein	WP_250481212.1					-	-	-	-	-	-	-	-
NCS66_RS34440	type IV toxin-antitoxin system AbiEi family antitoxin domain-containing protein	WP_350029981.1					-	Transcriptional regulator, AbiEi antitoxin N-terminal domain	-	-	-	-	-	AbiEi_3,AbiEi_3_N
NCS66_RS31150	hypothetical protein	WP_250481214.1					-	Psort location Cytoplasmic, score 8.87	-	-	-	-	-	-
NCS66_RS31155	DEAD/DEAH box helicase family protein	WP_250481215.1	hydrolase activity|0016787||IEA				-	Type III restriction enzyme res subunit	-	-	-	-	-	ResIII
NCS66_RS31165	N-6 DNA methylase	WP_250481217.1	N-methyltransferase activity|0008170||IEA				-	N-6 DNA Methylase	ko:K03427	-	ko00000,ko01000,ko02048	-	-	N6_Mtase
NCS66_RS31170	hypothetical protein	WP_250481218.1					-	-	-	-	-	-	-	-
NCS66_RS31175	hypothetical protein	WP_250481219.1					-	NAD+ binding	-	-	-	-	-	DUF4020,SIR2_2
NCS66_RS31180	hypothetical protein	WP_250481220.1					-	-	-	-	-	-	-	-
NCS66_RS31185	MFS transporter	WP_250481221.1	transmembrane transporter activity|0022857||IEA	transmembrane transport|0055085||IEA			-	Major facilitator superfamily	-	-	-	-	-	MFS_1,Sugar_tr
NCS66_RS31190	porin	WP_250481222.1	porin activity|0015288||IEA		cell outer membrane|0009279||IEA		-	Gram-negative porin	-	-	-	-	-	Porin_4
NCS66_RS31195	bifunctional 3-(3-hydroxy-phenyl)propionate/3-hydroxycinnamic acid hydroxylase	WP_250481223.1					-	PFAM monooxygenase FAD-binding	-	-	-	-	-	FAD_binding_3
NCS66_RS31205	fumarylacetoacetate hydrolase family protein	WP_250481225.1	catalytic activity|0003824||IEA				-	Fumarylacetoacetate (FAA) hydrolase family	-	-	-	-	-	DUF2437,FAA_hydrolase
NCS66_RS31210	TetR/AcrR family transcriptional regulator	WP_250481253.1	DNA-binding transcription factor activity|0003700||IEA	regulation of DNA-templated transcription|0006355||IEA			-	Bacterial regulatory proteins, tetR family	-	-	-	-	-	TetR_N
NCS66_RS31225	TetR/AcrR family transcriptional regulator C-terminal domain-containing protein	WP_284508076.1		negative regulation of DNA-templated transcription|0045892||IEA			-	Tetracyclin repressor, C-terminal all-alpha domain	-	-	-	-	-	TetR_C
NCS66_RS31230	alpha/beta hydrolase	WP_250481227.1					-	Alpha beta hydrolase	-	-	-	-	-	-
NCS66_RS31235	AMP-binding protein	WP_250481228.1					-	AMP-binding enzyme C-terminal domain	ko:K02363	-	ko00000,ko00001,ko01000,ko01008	-	-	AMP-binding,AMP-binding_C
NCS66_RS31240	VOC family protein	WP_250481229.1					-	Glyoxalase/Bleomycin resistance protein/Dioxygenase superfamily	-	-	-	-	-	Glyoxalase
NCS66_RS31245	FAD-dependent monooxygenase	WP_250481230.1	FAD binding|0071949||IEA				-	FAD binding domain	-	-	-	-	-	FAD_binding_3
NCS66_RS31250	acyl-CoA thioesterase	WP_250481231.1	thiolester hydrolase activity|0016790||IEA				-	Thioesterase-like superfamily	ko:K07107	-	ko00000,ko01000	-	-	4HBT_2
NCS66_RS31260	MFS transporter	WP_250481233.1	transmembrane transporter activity|0022857||IEA	transmembrane transport|0055085||IEA			-	Major facilitator Superfamily	-	-	-	-	-	MFS_1
NCS66_RS31285	hypothetical protein	WP_244807564.1					-	-	-	-	-	-	-	-
NCS66_RS31290	chemotaxis protein CheB	WP_250481238.1	protein-glutamate methylesterase activity|0008984||IEA	chemotaxis|0006935||IEA	cytoplasm|0005737||IEA		-	catalyzes the demethylation of specific methylglutamate residues introduced into the chemoreceptors (methyl-accepting chemotaxis proteins) by CheR	ko:K13924	M00506	ko00000,ko00001,ko00002,ko01000,ko02022,ko02035	-	-	CheB_methylest,CheR,CheR_N,HATPase_c,HisKA,PAS,PAS_10,Response_reg
NCS66_RS31295	response regulator	WP_250481239.1	phosphorelay response regulator activity|0000156||IEA	phosphorelay signal transduction system|0000160||IEA			-	Response regulator receiver	-	-	-	-	-	Response_reg
NCS66_RS31300	flavin reductase	WP_350029982.1	FMN binding|0010181||IEA				-	Flavin reductase like domain	-	-	-	-	-	Flavin_Reduct
NCS66_RS31305	transposase	WP_350029979.1	transposase activity|0004803||IEA	DNA transposition|0006313||IEA			-	PFAM transposase IS3 IS911 family protein	ko:K07483	-	ko00000	-	-	HTH_Tnp_1
NCS66_RS31310	IS66 family insertion sequence element accessory protein TnpB	WP_250481241.1				tnpB	-	Evidence 2b Function of strongly homologous gene	-	-	-	-	-	TnpB_IS66
NCS66_RS31320	tyrosine-type recombinase/integrase	WP_250481242.1	DNA binding|0003677||IEA	DNA integration|0015074||IEA			-	PFAM integrase family protein	-	-	-	-	-	Phage_integrase
NCS66_RS31335	serine protease	WP_350029980.1	serine-type peptidase activity|0008236||IEA	proteolysis|0006508||IEA			-	Trypsin-like peptidase domain	-	-	-	-	-	Trypsin_2
NCS66_RS31340	hypothetical protein	WP_250481243.1					-	-	-	-	-	-	-	-
NCS66_RS31355	transglutaminase family protein	WP_250481244.1					-	Transglutaminase/protease-like homologues	-	-	-	-	-	Transglut_core
NCS66_RS31365	PAS domain S-box protein	WP_250481246.1					-	Histidine kinase	-	-	-	-	-	HATPase_c,HisKA,PAS_3,PAS_9,Response_reg
NCS66_RS31370	oxidoreductase	WP_250481247.1	oxidoreductase activity|0016491||IEA				-	Belongs to the short-chain dehydrogenases reductases (SDR) family	-	-	-	-	-	adh_short
NCS66_RS31375	LLM class flavin-dependent oxidoreductase	WP_239294575.1	oxidoreductase activity|0016491||IEA				-	Luciferase-like monooxygenase	-	-	-	-	-	Bac_luciferase
NCS66_RS31385	SDR family oxidoreductase	WP_250481248.1	oxidoreductase activity|0016491||IEA				-	Belongs to the short-chain dehydrogenases reductases (SDR) family	-	-	-	-	-	adh_short
NCS66_RS31395	response regulator	WP_239294572.1		phosphorelay signal transduction system|0000160||IEA			-	response regulator	-	-	-	-	-	Response_reg
NCS66_RS31400	DUF6723 family protein	WP_239294571.1					-	-	-	-	-	-	-	-
NCS66_RS31405	response regulator	WP_350029872.1	phosphorelay response regulator activity|0000156||IEA	phosphorelay signal transduction system|0000160||IEA			-	Response regulator receiver	-	-	-	-	-	Response_reg
NCS66_RS31410	hypothetical protein	WP_250481250.1					-	-	-	-	-	-	-	-
NCS66_RS31450	recombinase family protein	WP_250481259.1					-	Site-specific recombinase, DNA invertase Pin	-	-	-	-	-	HTH_17,Recombinase,Resolvase,Zn_ribbon_recom
NCS66_RS31455	ATP-binding protein	WP_284508083.1	ATP binding|0005524||IEA				-	PFAM IstB domain protein ATP-binding protein	-	-	-	-	-	IstB_IS21,IstB_IS21_ATP
NCS66_RS31460	IS21 family transposase	WP_250481264.1	transposase activity|0004803||IEA			istA	-	PFAM Integrase catalytic region	-	-	-	-	-	rve
NCS66_RS31470	hypothetical protein	WP_250481261.1					-	-	-	-	-	-	-	-
NCS66_RS31490	non-ribosomal peptide synthetase	WP_250481266.1					-	amino acid adenylation domain protein	-	-	-	-	-	AMP-binding,AMP-binding_C,Condensation,Methyltransf_12,PP-binding,Thioesterase
NCS66_RS31495	hypothetical protein	WP_008345485.1					-	Domain present in phytochromes and cGMP-specific phosphodiesterases.	-	-	-	-	-	GAF_2
NCS66_RS31500	alpha/beta hydrolase	WP_235366135.1	hydrolase activity|0016787||IEA				-	Serine aminopeptidase, S33	-	-	-	-	-	Abhydrolase_1,Abhydrolase_6
NCS66_RS31515	methyl-accepting chemotaxis protein	WP_008345479.1		signal transduction|0007165||IEA	membrane|0016020||IEA		-	Chemotaxis sensory transducer	ko:K03406,ko:K03776,ko:K05874	-	ko00000,ko00001,ko02035	-	-	4HB_MCP_1,HAMP,MCPsignal,TarH,sCache_2
NCS66_RS31525	hypothetical protein	WP_008345468.1					-	6-phospho-beta-galactosidase activity	-	-	-	-	-	-
NCS66_RS31530	hypothetical protein	WP_081851829.1					-	-	-	-	-	-	-	-
NCS66_RS31535	EAL domain-containing protein	WP_008345467.1					-	Diguanylate cyclase	-	-	-	-	-	CHASE8,EAL,GGDEF
NCS66_RS31540	YfiR family protein	WP_081851830.1					-	Domain of unknown function (DUF4154)	-	-	-	-	-	DUF4154
NCS66_RS31550	ATP-binding protein	WP_051996446.1					-	Histidine kinase	-	-	-	-	-	HATPase_c,HisKA,PAS_4,Response_reg
NCS66_RS31555	LLM class flavin-dependent oxidoreductase	WP_008345463.1	oxidoreductase activity|0016491||IEA				-	FMN-dependent oxidoreductase, nitrilotriacetate monooxygenase family	ko:K20938	-	ko00000,ko01000	-	-	Bac_luciferase
NCS66_RS31560	SDR family oxidoreductase	WP_051078948.1					-	Short-chain dehydrogenase reductase sdr	-	-	-	-	-	adh_short_C2
NCS66_RS31565	rhodanese-like domain-containing protein	WP_034471158.1					-	Rhodanese Homology Domain	-	-	-	-	-	Rhodanese
NCS66_RS31570	LLM class flavin-dependent oxidoreductase	WP_008345460.1	oxidoreductase activity|0016491||IEA				-	Luciferase-like monooxygenase	ko:K17228	-	ko00000,ko00001,ko01000	-	-	Bac_luciferase
NCS66_RS31575	LLM class flavin-dependent oxidoreductase	WP_008345459.1	oxidoreductase activity|0016491||IEA				-	Nitrilotriacetate monooxygenase	-	-	-	-	-	Bac_luciferase
NCS66_RS31580	SfnB family sulfur acquisition oxidoreductase	WP_034471126.1	oxidoreductase activity|0016491||IEA	sulfur compound metabolic process|0006790||IEA			-	acyl-CoA dehydrogenase	-	-	-	-	-	Acyl-CoA_dh_2,Acyl-CoA_dh_M,Acyl-CoA_dh_N
NCS66_RS31650	LysR substrate-binding domain-containing protein	WP_008345439.1					-	LysR substrate binding domain	ko:K03566	-	ko00000,ko00001,ko03000	-	-	HTH_1,LysR_substrate
NCS66_RS31655	sterol desaturase family protein	WP_008345438.1	oxidoreductase activity|0016491||IEA	lipid biosynthetic process|0008610||IEA			-	Fatty acid hydroxylase	-	-	-	-	-	FA_hydroxylase,Polyketide_cyc2
NCS66_RS31660	Gfo/Idh/MocA family oxidoreductase	WP_008345437.1	oxidoreductase activity, acting on NAD(P)H|0016651||IEA				-	oxidoreductase	-	-	-	-	-	GFO_IDH_MocA,GFO_IDH_MocA_C
NCS66_RS31665	ester cyclase	WP_008345436.1		polyketide metabolic process|0030638||IEA			-	SnoaL-like polyketide cyclase	-	-	-	-	-	SnoaL
NCS66_RS31695	CmcJ/NvfI family oxidoreductase	WP_008345423.1	oxidoreductase activity|0016491||IEA				-	-	-	-	-	-	-	-
NCS66_RS31700	acyl-CoA dehydrogenase family protein	WP_033535660.1	oxidoreductase activity, acting on the CH-CH group of donors|0016627||IEA				-	acyl-CoA dehydrogenase	-	-	-	-	-	Acyl-CoA_dh_2,Acyl-CoA_dh_N
NCS66_RS31705	LLM class flavin-dependent oxidoreductase	WP_008345420.1	oxidoreductase activity|0016491||IEA				-	FMN-dependent oxidoreductase, nitrilotriacetate monooxygenase family	ko:K20938	-	ko00000,ko01000	-	-	Bac_luciferase
NCS66_RS31735	acyl-CoA dehydrogenase family protein	WP_008345411.1	flavin adenine dinucleotide binding|0050660||IEA				-	Acyl-CoA dehydrogenase, type 2	-	-	-	-	-	Acyl-CoA_dh_2,Acyl-CoA_dh_M,Acyl-CoA_dh_N
NCS66_RS31750	MFS transporter	WP_235366138.1					-	Major Facilitator Superfamily	-	-	-	-	-	MFS_1
NCS66_RS31755	nuclear transport factor 2 family protein	WP_008345406.1					-	SnoaL-like domain	-	-	-	-	-	SnoaL_4
NCS66_RS31760	TetR/AcrR family transcriptional regulator	WP_008345405.1	DNA-binding transcription factor activity|0003700||IEA	regulation of DNA-templated transcription|0006355||IEA			-	Bacterial regulatory proteins, tetR family	-	-	-	-	-	TetR_N
NCS66_RS31765	NmrA family NAD(P)-binding protein	WP_008345404.1					-	NmrA-like family	-	-	-	-	-	NmrA
NCS66_RS31770	MarR family transcriptional regulator	WP_008345403.1	DNA-binding transcription factor activity|0003700||IEA				-	helix_turn_helix multiple antibiotic resistance protein	-	-	-	-	-	MarR
NCS66_RS31775	MFS transporter	WP_008345402.1	transmembrane transporter activity|0022857||IEA	transmembrane transport|0055085||IEA			-	PFAM major facilitator superfamily MFS_1	-	-	-	-	-	MFS_1
NCS66_RS31780	LysR family transcriptional regulator	WP_250508293.1	DNA-binding transcription activator activity|0001216||IEA				-	Transcriptional regulator	-	-	-	-	-	HTH_1,LysR_substrate
NCS66_RS31785	phytanoyl-CoA dioxygenase family protein	WP_008345400.1					-	Phytanoyl-CoA dioxygenase (PhyH)	ko:K10674	-	ko00000,ko00001,ko01000	-	-	PhyH
NCS66_RS31790	LysR family transcriptional regulator	WP_008345399.1					-	Transcriptional regulator	-	-	-	-	-	HTH_1,LysR_substrate
NCS66_RS31800	MFS transporter	WP_033535663.1	transmembrane transporter activity|0022857||IEA	transmembrane transport|0055085||IEA			-	Major Facilitator Superfamily	-	-	-	-	-	MFS_1
NCS66_RS31805	amidohydrolase family protein	WP_008345396.1	metal ion binding|0046872||IEA				-	Amidohydrolase	ko:K10220,ko:K14333	-	ko00000,ko00001,ko01000	-	-	Amidohydro_2
NCS66_RS31810	RraA family protein	WP_008345394.1					-	Aldolase/RraA	-	-	-	-	-	RraA-like
NCS66_RS31815	hypothetical protein	WP_033535664.1					-	-	-	-	-	-	-	-
NCS66_RS31825	DUF4148 domain-containing protein	WP_008345390.1					-	Domain of unknown function (DUF4148)	-	-	-	-	-	DUF4148
NCS66_RS31835	EAL domain-containing protein	WP_008345388.1					-	Diguanylate cyclase	-	-	-	-	-	EAL,GGDEF,PAS_3,PAS_4
NCS66_RS31850	type VI immunity family protein	WP_250479830.1					-	Protein of unknown function (DUF3396)	-	-	-	-	-	DUF3396
NCS66_RS31860	PAAR-like domain-containing protein	WP_051078947.1					-	nuclear chromosome segregation	ko:K21471	-	ko00000,ko01000,ko01002,ko01011	-	-	DUF4150,NLPC_P60
NCS66_RS31865	beta-ketoacyl synthase N-terminal-like domain-containing protein	WP_008345382.1					-	synthase	ko:K00647	M00083,M00572	ko00000,ko00001,ko00002,ko01000,ko01004	-	-	ketoacyl-synt
NCS66_RS31870	DUF2169 domain-containing protein	WP_008345381.1					-	Uncharacterized protein conserved in bacteria (DUF2169)	-	-	-	-	-	DUF2169
NCS66_RS31875	TIGR02270 family protein	WP_008345380.1	molecular_function|0003674||IEA	biological_process|0008150||IEA			-	lyase activity	-	-	-	-	-	HEAT_2
NCS66_RS31880	DUF6484 domain-containing protein	WP_008345379.1					-	-	-	-	-	-	-	-
NCS66_RS31925	helix-turn-helix domain-containing protein	WP_008345370.1	sequence-specific DNA binding|0043565||IEA	regulation of DNA-templated transcription|0006355||IEA			-	PFAM helix-turn-helix- domain containing protein AraC type	-	-	-	-	-	AraC_binding,HTH_18
NCS66_RS31930	PIG-L family deacetylase	WP_008345369.1					-	PFAM LmbE family protein	-	-	-	-	-	PIG-L
NCS66_RS31935	glycosyltransferase	WP_008345368.1					-	glycosyl transferase family 2	-	-	-	-	-	Glyco_tranf_2_3,Glycos_transf_2
NCS66_RS31950	glycosyltransferase family 9 protein	WP_081851835.1	glycosyltransferase activity|0016757||IEA				-	PFAM glycosyl transferase family 9	-	-	-	-	-	Glyco_transf_9
NCS66_RS31955	carbamoyltransferase C-terminal domain-containing protein	WP_033535668.1					-	Carbamoyltransferase	ko:K00612	-	ko00000,ko01000	-	-	Carbam_trans_C,Carbam_trans_N
NCS66_RS31960	glycosyltransferase family A protein	WP_051078954.1					-	Glycosyl transferase family group 2	-	-	-	-	-	Glycos_transf_2
NCS66_RS31965	glycosyltransferase family 9 protein	WP_008345362.1	glycosyltransferase activity|0016757||IEA				-	PFAM glycosyl transferase family 9	-	-	-	-	-	Glyco_transf_9
NCS66_RS31970	glycosyltransferase family 4 protein	WP_008345361.1	glycosyltransferase activity|0016757||IEA				-	glycosyl transferase group 1	-	-	-	-	-	Glyco_trans_1_2,Glycos_transf_1
NCS66_RS31990	hypothetical protein	WP_239295324.1					-	-	-	-	-	-	-	-
NCS66_RS31995	hypothetical protein	WP_008345356.1					-	-	-	-	-	-	-	-
NCS66_RS32005	response regulator transcription factor	WP_008345354.1	DNA binding|0003677||IEA	regulation of DNA-templated transcription|0006355||IEA			-	response regulator	ko:K02483,ko:K07659	M00445,M00742,M00743	ko00000,ko00001,ko00002,ko02022	-	-	Response_reg,Trans_reg_C
NCS66_RS32010	DUF2866 domain-containing protein	WP_051078953.1					-	Protein of unknown function (DUF2866)	-	-	-	-	-	DUF2866
NCS66_RS32025	ATP-binding protein	WP_034471160.1					-	HAMP (Histidine kinases, Adenylyl cyclases, Methyl binding proteins, Phosphatases) domain	-	-	-	-	-	HAMP,HATPase_c,HisKA
NCS66_RS32055	helix-turn-helix transcriptional regulator	WP_008345344.1	DNA binding|0003677||IEA				-	PFAM helix-turn-helix domain protein	ko:K15773	-	ko00000,ko02048,ko03000	-	-	HTH_3
NCS66_RS32065	chloride channel protein	WP_008345342.1	voltage-gated chloride channel activity|0005247||IEA	chloride transport|0006821||IEA			-	Chloride channel	-	-	-	-	-	Voltage_CLC
NCS66_RS32070	MarR family winged helix-turn-helix transcriptional regulator	WP_008345341.1	DNA-binding transcription factor activity|0003700||IEA	regulation of DNA-templated transcription|0006355||IEA			-	Winged helix DNA-binding domain	-	-	-	-	-	MarR_2
NCS66_RS32075	hypothetical protein	WP_008345340.1					-	-	-	-	-	-	-	-
NCS66_RS32080	adenylate/guanylate cyclase domain-containing protein	WP_008345339.1		intracellular signal transduction|0035556||IEA			-	PFAM adenylyl cyclase class-3 4 guanylyl cyclase	-	-	-	-	-	AAA_16,BTAD,Guanylate_cyc,SAM_1,TPR_12,Trans_reg_C
NCS66_RS32085	hypothetical protein	WP_008345338.1					-	Psort location CytoplasmicMembrane, score 9.46	-	-	-	-	-	-
NCS66_RS32090	hypothetical protein	WP_008345337.1					-	Alkyl sulfatase dimerisation	-	-	-	-	-	Alkyl_sulf_C,Alkyl_sulf_dimr,Lactamase_B
NCS66_RS32095	cytosine permease	WP_034474157.1	transmembrane transporter activity|0022857||IEA	transmembrane transport|0055085||IEA	membrane|0016020||IEA		-	Belongs to the purine-cytosine permease (2.A.39) family	-	-	-	-	-	Transp_cyt_pur
NCS66_RS32100	LysR family transcriptional regulator	WP_008345335.1	DNA-binding transcription factor activity|0003700||IEA	regulation of DNA-templated transcription|0006355||IEA			-	LysR substrate binding domain	-	-	-	-	-	HTH_1,LysR_substrate
NCS66_RS32105	FAD-dependent oxidoreductase	WP_008345334.1	FAD binding|0071949||IEA				-	FAD dependent oxidoreductase	-	-	-	-	-	DAO
NCS66_RS32110	cupin domain-containing protein	WP_008345333.1					-	Protein of unknown function (DUF861)	-	-	-	-	-	Cupin_3
NCS66_RS32115	helix-turn-helix transcriptional regulator	WP_008345332.1	DNA binding|0003677||IEA	regulation of DNA-templated transcription|0006355||IEA			-	PFAM regulatory protein LuxR	-	-	-	-	-	GerE
NCS66_RS32130	RNA chaperone Hfq	WP_008345329.1	RNA binding|0003723||IEA	RNA metabolic process|0016070||IEA		hfq	-	RNA chaperone that binds small regulatory RNA (sRNAs) and mRNAs to facilitate mRNA translational regulation in response to envelope stress, environmental stress and changes in metabolite concentrations. Also binds with high specificity to tRNAs	ko:K03666	-	ko00000,ko00001,ko03019,ko03036	-	-	Hfq
NCS66_RS32135	TetR family transcriptional regulator	WP_008345328.1	DNA binding|0003677||IEA				-	Bacterial regulatory proteins, tetR family	-	-	-	-	-	TetR_N
NCS66_RS32150	efflux transporter outer membrane subunit	WP_144403559.1	porin activity|0015288||IEA	transport|0006810||IEA	cell outer membrane|0009279||IEA		-	RND efflux system, outer membrane lipoprotein	-	-	-	-	-	OEP
NCS66_RS32160	IclR family transcriptional regulator	WP_250481265.1	DNA-binding transcription factor activity|0003700||IEA	regulation of DNA-templated transcription|0006355||IEA			-	Bacterial transcriptional regulator	-	-	-	-	-	HTH_IclR,IclR
NCS66_RS32185	DUF4148 domain-containing protein	WP_085955287.1					-	-	-	-	-	-	-	-
NCS66_RS32195	DsbA family oxidoreductase	WP_008345316.1					-	DsbA oxidoreductase	-	-	-	-	-	DSBA
NCS66_RS32205	replication initiation protein	WP_008345315.1	DNA-directed DNA polymerase activity|0003887||IEA	DNA replication initiation|0006270||IEA			-	Initiator replication protein B	-	-	-	-	-	Rep_3
NCS66_RS32210	AAA family ATPase	WP_033535672.1					-	Plasmid partition protein A	ko:K03496	-	ko00000,ko03036,ko04812	-	-	AAA_31
NCS66_RS32215	ParB/RepB/Spo0J family partition protein	WP_008345313.1	DNA binding|0003677||IEA	chromosome segregation|0007059||IEA			-	Belongs to the ParB family	ko:K03497	-	ko00000,ko03000,ko03036,ko04812	-	-	ParBc
NCS66_RS32220	hypothetical protein	WP_033535673.1					-	-	-	-	-	-	-	-
NCS66_RS32250	serine hydrolase domain-containing protein	WP_235366240.1	hydrolase activity|0016787||IEA				-	Beta-lactamase	-	-	-	-	-	Beta-lactamase
NCS66_RS32255	DUF3563 family protein	WP_008345908.1					-	Protein of unknown function (DUF3563)	-	-	-	-	-	DUF3563
NCS66_RS32260	glycosyltransferase family 4 protein	WP_008345906.1					-	glycosyl transferase	-	-	-	-	-	Glyco_trans_4_4,Glycos_transf_1
NCS66_RS32265	glycosyltransferase family 4 protein	WP_235366239.1					-	glycosyl transferase	-	-	-	-	-	Glyco_trans_4_4,Glycos_transf_1
NCS66_RS32270	hypothetical protein	WP_008345902.1					-	-	-	-	-	-	-	-
NCS66_RS32280	ATP-grasp fold amidoligase family protein	WP_235366241.1					-	TupA-like ATPgrasp	-	-	-	-	-	ATPgrasp_TupA
NCS66_RS32285	chemotaxis protein CheB	WP_250481268.1	protein-glutamate methylesterase activity|0008984||IEA	chemotaxis|0006935||IEA	cytoplasm|0005737||IEA		-	Motif C-terminal to PAS motifs (likely to contribute to PAS structural domain)	-	-	-	-	-	ANTAR,CheB_methylest,GAF_2,HATPase_c,HisKA,PAS,PAS_4,Response_reg
NCS66_RS32290	cupin domain-containing protein	WP_008345896.1					-	PFAM Cupin 2 conserved barrel domain protein	ko:K11312	-	ko00000	-	-	Cupin_2
NCS66_RS32295	SpoIIE family protein phosphatase	WP_008345894.1	phosphatase activity|0016791||IEA				-	Sigma factor PP2C-like phosphatases	-	-	-	-	-	CBS,SpoIIE
NCS66_RS32300	SiaB family protein kinase	WP_008345892.1					-	-	-	-	-	-	-	-
NCS66_RS32305	DUF1987 domain-containing protein	WP_008345890.1					-	Domain of unknown function (DUF1987)	-	-	-	-	-	DUF1987
NCS66_RS32310	GGDEF domain-containing protein	WP_034473661.1	metal ion binding|0046872||IEA		plasma membrane|0005886||IEA		-	diguanylate cyclase	-	-	-	-	-	GGDEF
NCS66_RS32315	NUDIX domain-containing protein	WP_008345887.1	hydrolase activity|0016787||IEA				-	Nudix hydrolase	ko:K03574	-	ko00000,ko01000,ko03400	-	-	NUDIX
NCS66_RS32325	H-NS histone family protein	WP_008345885.1					-	H-NS histone family	ko:K03746	-	ko00000,ko03036,ko03400	-	-	Histone_HNS
NCS66_RS32330	DUF2501 domain-containing protein	WP_034473659.1					-	Protein of unknown function (DUF2501)	-	-	-	-	-	DUF2501
NCS66_RS32335	sorbosone dehydrogenase family protein	WP_008345882.1					-	Dehydrogenase	-	-	-	-	-	GSDH
NCS66_RS32340	DUF2231 domain-containing protein	WP_033536374.1					-	membrane	-	-	-	-	-	-
NCS66_RS32350	2-methylaconitate cis-trans isomerase PrpF	WP_008345875.1	isomerase activity|0016853||IEA	propionate catabolic process, 2-methylcitrate cycle|0019629||IEA		prpF	-	AcnD-accessory protein PrpF	ko:K09788	-	ko00000,ko00001,ko01000	-	-	PrpF
NCS66_RS32360	citrate/2-methylcitrate synthase	WP_284507672.1	acyltransferase activity, acyl groups converted into alkyl on transfer|0046912||IEA	tricarboxylic acid cycle|0006099||IEA			-	Belongs to the citrate synthase family	ko:K01659	-	ko00000,ko00001,ko01000	-	-	Citrate_synt
NCS66_RS32375	propionate catabolism operon regulatory protein PrpR	WP_008345867.1	sequence-specific DNA binding|0043565||IEA	propionate catabolic process, 2-methylcitrate cycle|0019629||IEA	cytoplasm|0005737||IEA	prpR	-	propionate catabolism operon regulatory protein	ko:K02688	-	ko00000,ko03000	-	-	HTH_8,PAS,PAS_4,PAS_8,PrpR_N,Sigma54_activat
NCS66_RS32380	GYD domain-containing protein	WP_008345865.1					-	GYD domain	-	-	-	-	-	GYD
NCS66_RS32385	hypothetical protein	WP_075583566.1					-	-	-	-	-	-	-	-
NCS66_RS32395	hypothetical protein	WP_008345862.1					-	-	-	-	-	-	-	-
NCS66_RS32400	WD40 repeat domain-containing protein	WP_250481269.1	protein binding|0005515||IEA				-	WD40 repeats	-	-	-	-	-	ANAPC4_WD40,PD40,WD40
NCS66_RS32405	hypothetical protein	WP_008345859.1					-	-	-	-	-	-	-	-
NCS66_RS32410	aromatic/alkene/methane monooxygenase hydroxylase/oxygenase subunit alpha	WP_008345857.1					-	Methane/Phenol/Toluene Hydroxylase	ko:K18223	-	ko00000,ko00001,ko01000	-	-	Phenol_Hydrox
NCS66_RS32415	FAD-binding oxidoreductase	WP_008345856.1					-	Oxidoreductase FAD-binding domain	-	-	-	-	-	FAD_binding_6,Fer2,NAD_binding_1
NCS66_RS32420	aromatic/alkene monooxygenase hydroxylase subunit beta	WP_008345854.1					-	Methane/Phenol/Toluene Hydroxylase	ko:K18224	-	ko00000,ko00001,ko01000	-	-	Phenol_Hydrox
NCS66_RS32425	MmoB/DmpM family protein	WP_008345851.1					-	MmoB/DmpM family	ko:K18226	-	ko00000,ko00001	-	-	MmoB_DmpM
NCS66_RS32430	amidohydrolase family protein	WP_008345850.1	metal ion binding|0046872||IEA				-	Amidohydrolase	ko:K07045	-	ko00000	-	-	Amidohydro_2
NCS66_RS32435	iron-sulfur cluster assembly protein	WP_008345846.1					-	Pfam:DUF59	-	-	-	-	-	FeS_assembly_P
NCS66_RS32445	sigma-54-dependent Fis family transcriptional regulator	WP_008345842.1					-	GAF domain	ko:K21405	-	ko00000,ko03000	-	-	GAF,HTH_8,Sigma54_activat
NCS66_RS32450	hypothetical protein	WP_144403547.1					-	Protein conserved in bacteria	-	-	-	-	-	-
NCS66_RS32460	MFS transporter	WP_008345836.1	transmembrane transporter activity|0022857||IEA	transmembrane transport|0055085||IEA			-	Major Facilitator Superfamily	-	-	-	-	-	MFS_1,Sugar_tr
NCS66_RS32465	ribonuclease	WP_008345834.1					-	ribonuclease	ko:K01167	-	ko00000,ko01000,ko03016,ko03019	-	-	Ribonuclease
NCS66_RS32470	phasin family protein	WP_008345832.1					-	Phasin protein	-	-	-	-	-	Phasin_2
NCS66_RS32480	GNAT family N-acetyltransferase	WP_008345829.1	acyltransferase activity, transferring groups other than amino-acyl groups|0016747||IEA				-	Acetyltransferase (GNAT) family	-	-	-	-	-	Acetyltransf_1
NCS66_RS32485	DUF2934 domain-containing protein	WP_008345827.1					-	Protein of unknown function (DUF2934)	-	-	-	-	-	DUF2934
NCS66_RS32490	NRAMP family divalent metal transporter	WP_008345825.1					-	Natural resistance-associated macrophage protein	-	-	-	-	-	Nramp
NCS66_RS32510	hypothetical protein	WP_008345819.1					-	-	-	-	-	-	-	-
NCS66_RS32515	DUF2778 domain-containing protein	WP_008345817.1					-	Protein of unknown function (DUF2778)	-	-	-	-	-	DUF2778
NCS66_RS32520	type VI secretion system tube protein TssD	WP_008345816.1	molecular_function|0003674||IEA			tssD	-	TIGRFAM type VI secretion system effector, Hcp1 family	-	-	-	-	-	T6SS_HCP
NCS66_RS32525	5,6-dimethylbenzimidazole synthase	WP_008345813.1	oxidoreductase activity, acting on metal ions|0016722||IEA	FMN catabolic process|0032363||IEA		bluB	-	Cob(II)yrinic acid a,c-diamide reductase	ko:K02303,ko:K04719	M00121	ko00000,ko00001,ko00002,ko01000	-	-	Nitroreductase
NCS66_RS32530	YciI family protein	WP_008345811.1					-	YCII-related domain	-	-	-	-	-	YCII
NCS66_RS32535	DUF6596 domain-containing protein	WP_008345809.1					-	Sigma-70 region 2	ko:K03088	-	ko00000,ko03021	-	-	Sigma70_r2
NCS66_RS32570	cellulose biosynthesis protein BcsE	WP_008345798.1	cyclic-di-GMP binding|0035438||IEA			bcsE	-	cellulose biosynthesis protein BcsE	-	-	-	-	-	CBP_GIL
NCS66_RS32575	hypothetical protein	WP_008345796.1					-	-	-	-	-	-	-	-
NCS66_RS32580	cellulose biosynthesis protein BcsQ	WP_008345794.1		bacterial cellulose biosynthetic process|0090540||IEA		bcsQ	-	cellulose synthase operon protein YhjQ	-	-	-	-	-	CBP_BcsQ
NCS66_RS32590	cellulose biosynthesis protein BcsG	WP_008345791.1	molecular_function|0003674||IEA	cellulose biosynthetic process|0030244||IEA	cellular_component|0005575||IEA	bcsG	-	cellulose synthase	-	-	-	-	-	CBP_BcsG
NCS66_RS32595	hypothetical protein	WP_008345789.1					-	-	-	-	-	-	-	-
NCS66_RS32620	EAL domain-containing protein	WP_008345781.1					-	Diguanylate cyclase phosphodiesterase	-	-	-	-	-	EAL,GGDEF,PAS_4,PAS_9
NCS66_RS32625	hypothetical protein	WP_051996442.1					-	Cytochrome c	-	-	-	-	-	-
NCS66_RS32630	RICIN domain-containing protein	WP_033535643.1					-	Kelch	-	-	-	-	-	DUF1929,RicinB_lectin_2
NCS66_RS32635	SCO family protein	WP_008345776.1					-	signal sequence binding	ko:K07152	-	ko00000,ko03029	-	-	SCO1-SenC
NCS66_RS32640	PQQ-binding-like beta-propeller repeat protein	WP_008345774.1					-	Pyrrolo-quinoline quinone	-	-	-	-	-	PQQ,PQQ_2,PQQ_3
NCS66_RS32645	hypothetical protein	WP_008345772.1					-	-	-	-	-	-	-	-
NCS66_RS32650	RcnB family protein	WP_008345771.1					-	Nickel/cobalt transporter regulator	-	-	-	-	-	RcnB
NCS66_RS32655	DUF2000 domain-containing protein	WP_008345769.1					-	Protein of unknown function (DUF2000)	-	-	-	-	-	DUF2000
NCS66_RS32660	AraC family transcriptional regulator	WP_008345768.1	sequence-specific DNA binding|0043565||IEA				-	helix-turn-helix- domain containing protein, AraC type	-	-	-	-	-	AraC_binding,HTH_18
NCS66_RS32665	MDR family MFS transporter	WP_033535645.1	transmembrane transporter activity|0022857||IEA	transmembrane transport|0055085||IEA			-	Major facilitator superfamily	-	-	-	-	-	MFS_1
NCS66_RS32670	aminotransferase class V-fold PLP-dependent enzyme	WP_008345764.1					-	Aminotransferase	-	-	-	-	-	Aminotran_5
NCS66_RS32690	flavin reductase family protein	WP_008345757.1					-	Flavin reductase like domain	-	-	-	-	-	Flavin_Reduct
NCS66_RS32695	DUF3597 domain-containing protein	WP_008345756.1					-	Domain of unknown function (DUF3597)	-	-	-	-	-	DUF3597
NCS66_RS32700	response regulator	WP_235366132.1		phosphorelay signal transduction system|0000160||IEA			-	response regulator	ko:K11443	M00511	ko00000,ko00001,ko00002,ko02022	-	-	Response_reg
NCS66_RS32705	manganese catalase family protein	WP_008345754.1					-	Pfam Manganese containing catalase	ko:K07217	-	ko00000	-	-	Mn_catalase
NCS66_RS32710	YihY/virulence factor BrkB family protein	WP_250481270.1			membrane|0016020||IEA		-	ribonuclease BN	ko:K07058	-	ko00000	-	-	Virul_fac_BrkB
NCS66_RS32715	hypothetical protein	WP_008345752.1					-	-	-	-	-	-	-	-
NCS66_RS32720	hypothetical protein	WP_008345751.1					-	CsbD-like	-	-	-	-	-	-
NCS66_RS32725	hypothetical protein	WP_008345750.1					-	-	-	-	-	-	-	-
NCS66_RS32730	cytochrome c	WP_235366140.1	heme binding|0020037||IEA				-	PFAM cytochrome c, class I	-	-	-	-	-	Cytochrom_C,Cytochrome_CBB3
NCS66_RS32735	c-type cytochrome	WP_008345748.1	heme binding|0020037||IEA				-	Cytochrome c	-	-	-	-	-	Cytochrom_C
NCS66_RS32740	cytochrome c oxidase assembly protein	WP_008345747.1					-	Cytochrome c oxidase caa3-type, assembly factor	ko:K02351	-	ko00000	-	-	Caa3_CtaG
NCS66_RS32745	hypothetical protein	WP_033535647.1					-	-	-	-	-	-	-	-
NCS66_RS32750	cytochrome c oxidase subunit 3	WP_008345745.1	cytochrome-c oxidase activity|0004129||IEA		membrane|0016020||IEA		-	Cytochrome c oxidase subunit III	-	-	-	-	-	COX3
NCS66_RS32765	CBS domain-containing protein	WP_033535648.1					-	Domain in cystathionine beta-synthase and other proteins.	-	-	-	-	-	CBS
NCS66_RS32770	response regulator	WP_008345740.1		phosphorelay signal transduction system|0000160||IEA			-	cheY-homologous receiver domain	-	-	-	-	-	Response_reg
NCS66_RS32780	L-dopachrome tautomerase-related protein	WP_051078957.1					-	Major royal jelly protein	-	-	-	-	-	MRJP
NCS66_RS32785	aromatic acid exporter family protein	WP_008345734.1					-	membrane	-	-	-	-	-	-
NCS66_RS32790	DUF2252 family protein	WP_008345732.1					-	Uncharacterized protein conserved in bacteria (DUF2252)	-	-	-	-	-	DUF2252
NCS66_RS32795	PLP-dependent aminotransferase family protein	WP_034471145.1	pyridoxal phosphate binding|0030170||IEA				-	aminotransferase class I and II	-	-	-	-	-	Aminotran_1_2,GntR
NCS66_RS32800	MSMEG_0572/Sll0783 family nitrogen starvation response protein	WP_008345727.1					-	PFAM DsrE DsrF-like family	-	-	-	-	-	DrsE
NCS66_RS32805	Nit6803 family nitrilase	WP_033535685.1	nitrilase activity|0000257||IEA	biosynthetic process|0009058||IEA			-	PFAM Nitrilase cyanide hydratase and apolipoprotein N-acyltransferase	ko:K01502	-	ko00000,ko00001,ko01000	-	-	CN_hydrolase
NCS66_RS32810	MSMEG_0568 family radical SAM protein	WP_008345724.1	4 iron, 4 sulfur cluster binding|0051539||IEA	S-adenosylmethionine metabolic process|0046500||IEA			-	PFAM Radical SAM domain protein	-	-	-	-	-	Radical_SAM
NCS66_RS32815	MSMEG_0567/Sll0786 family nitrogen starvation N-acetyltransferase	WP_008345722.1					-	Acetyltransferase (GNAT) family	-	-	-	-	-	Acetyltransf_1
NCS66_RS32820	sll0787 family AIR synthase-like protein	WP_008345719.1	catalytic activity|0003824||IEA	biosynthetic process|0009058||IEA			-	AIR synthase related protein domain protein	ko:K07123	-	ko00000	-	-	AIRS,AIRS_C
NCS66_RS32825	MSMEG_0570 family nitrogen starvation response protein	WP_008345717.1					-	flavoprotein involved in K transport	-	-	-	-	-	-
NCS66_RS32830	MSMEG_0569 family flavin-dependent oxidoreductase	WP_008345715.1					-	oxidoreductase	ko:K07222	-	ko00000	-	-	Pyr_redox_3
NCS66_RS32835	Pnap_2097 family protein	WP_250481271.1	molecular_function|0003674||IEA	biosynthetic process|0009058||IEA			-	maltose O-acetyltransferase activity	-	-	-	-	-	-
NCS66_RS32845	M48 family metalloprotease	WP_008345709.1	metalloendopeptidase activity|0004222||IEA	proteolysis|0006508||IEA			-	Peptidase family M48	-	-	-	-	-	Peptidase_M48
NCS66_RS32850	hypothetical protein	WP_008345708.1					-	-	-	-	-	-	-	-
NCS66_RS32870	mandelate racemase/muconate lactonizing enzyme family protein	WP_008345702.1					-	Belongs to the mandelate racemase muconate lactonizing enzyme family	ko:K22209	-	ko00000,ko01000	-	-	MR_MLE_C,MR_MLE_N
NCS66_RS32875	DUF2795 domain-containing protein	WP_008345700.1					-	Protein of unknown function (DUF2795)	-	-	-	-	-	DUF2795
NCS66_RS32880	DUF4142 domain-containing protein	WP_008345698.1					-	Domain of unknown function (DUF4142)	ko:K08995	-	ko00000	-	-	DUF4142
NCS66_RS32885	alpha/beta hydrolase	WP_008345696.1	hydrolase activity|0016787||IEA				-	Alpha beta hydrolase	-	-	-	-	-	Abhydrolase_1
NCS66_RS32895	hypothetical protein	WP_008345692.1					-	-	-	-	-	-	-	-
NCS66_RS32910	MBL fold metallo-hydrolase	WP_008345687.1					-	Metallo-beta-lactamase superfamily	-	-	-	-	-	Lactamase_B
NCS66_RS32915	SDR family oxidoreductase	WP_034471084.1	oxidoreductase activity|0016491||IEA				-	Belongs to the short-chain dehydrogenases reductases (SDR) family	-	-	-	-	-	adh_short
NCS66_RS32920	DUF2934 domain-containing protein	WP_008345682.1					-	Protein of unknown function (DUF2934)	-	-	-	-	-	DUF2934
NCS66_RS32925	DUF883 family protein	WP_061164684.1					-	ribosome binding	ko:K05594	-	ko00000	-	-	DUF883
NCS66_RS32945	hypothetical protein	WP_008345673.1					-	-	-	-	-	-	-	-
NCS66_RS32950	DUF1109 domain-containing protein	WP_008345671.1					-	Protein of unknown function (DUF1109)	-	-	-	-	-	DUF1109
NCS66_RS32955	sigma-70 family RNA polymerase sigma factor	WP_033535687.1	sigma factor activity|0016987||IEA	regulation of DNA-templated transcription|0006355||IEA			-	the sigma factor binds with the catalytic core of RNA polymerase to produce the holoenzyme and directs bacterial core RNA polymerase to specific promoter elements to initiate transcription	ko:K03088	-	ko00000,ko03021	-	-	Sigma70_r2,Sigma70_r4_2
NCS66_RS32960	cytochrome b/b6 domain-containing protein	WP_008345667.1	electron transfer activity|0009055||IEA		membrane|0016020||IEA		-	cytochrome	-	-	-	-	-	Ni_hydr_CYTB
NCS66_RS32965	molybdopterin-dependent oxidoreductase	WP_008345666.1					-	Oxidoreductase molybdopterin binding	-	-	-	-	-	Oxidored_molyb
NCS66_RS32970	pentapeptide MXKDX repeat protein	WP_008345665.1					-	TIGRFAM pentapeptide MXKDX repeat protein	-	-	-	-	-	-
NCS66_RS32975	alpha/beta hydrolase	WP_034471088.1	hydrolase activity|0016787||IEA				-	Alpha beta hydrolase	-	-	-	-	-	Abhydrolase_1
NCS66_RS32980	ABATE domain-containing protein	WP_250481272.1					-	Putative stress-induced transcription regulator	-	-	-	-	-	ABATE,zf-CGNR
NCS66_RS32985	hypothetical protein	WP_033535688.1					-	-	-	-	-	-	-	-
NCS66_RS32990	Hsp20/alpha crystallin family protein	WP_008345658.1					-	Belongs to the small heat shock protein (HSP20) family	ko:K13993	-	ko00000,ko00001,ko03110	-	-	HSP20
NCS66_RS32995	Hsp20/alpha crystallin family protein	WP_008345656.1					-	Belongs to the small heat shock protein (HSP20) family	-	-	-	-	-	HSP20
NCS66_RS33005	DUF3072 domain-containing protein	WP_008345654.1					-	Protein of unknown function (DUF3072)	-	-	-	-	-	DUF3072
NCS66_RS33010	GGDEF domain-containing protein	WP_008345652.1	metal ion binding|0046872||IEA		plasma membrane|0005886||IEA		-	diguanylate cyclase	-	-	-	-	-	GGDEF
NCS66_RS33025	hypothetical protein	WP_235366134.1					-	-	-	-	-	-	-	-
NCS66_RS33035	NAD(P)/FAD-dependent oxidoreductase	WP_034471093.1					-	BFD domain protein 2Fe-2S -binding domain protein	-	-	-	-	-	Fer2_BFD,Pyr_redox_2
NCS66_RS33040	(2Fe-2S)-binding protein	WP_008345641.1					-	NAD(FAD)-dependent dehydrogenase	-	-	-	-	-	Fer2_4
NCS66_RS33045	FAD-dependent oxidoreductase	WP_051078950.1	FAD binding|0071949||IEA				-	fad dependent oxidoreductase	-	-	-	-	-	DAO
NCS66_RS33050	LysR substrate-binding domain-containing protein	WP_008345638.1					-	Transcriptional regulator	-	-	-	-	-	HTH_1,LysR_substrate
NCS66_RS33055	hotdog domain-containing protein	WP_008345636.1					-	Thioesterase	-	-	-	-	-	4HBT
NCS66_RS33070	HAD family hydrolase	WP_008345631.1					-	Haloacid dehalogenase-like hydrolase	-	-	-	-	-	HAD_2
NCS66_RS33080	sigma 54-interacting transcriptional regulator	WP_008345628.1	transcription factor binding|0008134||IEA	regulation of DNA-templated transcription|0006355||IEA			-	propionate catabolism operon regulatory protein	ko:K21405	-	ko00000,ko03000	-	-	HTH_8,PAS,PAS_4,Sigma54_activat
NCS66_RS33085	NmrA family NAD(P)-binding protein	WP_034471100.1					-	NmrA family	-	-	-	-	-	NmrA
NCS66_RS33090	LysR family transcriptional regulator	WP_008345625.1	DNA-binding transcription activator activity|0001216||IEA				-	transcriptional Regulator, LysR family	-	-	-	-	-	HTH_1,LysR_substrate
NCS66_RS33095	sensor domain-containing diguanylate cyclase	WP_034471102.1	diguanylate cyclase activity|0052621||IEA				-	diguanylate cyclase	-	-	-	-	-	GGDEF,PAS,PAS_9,dCache_1
NCS66_RS33100	acetamidase/formamidase family protein	WP_250481275.1	hydrolase activity, acting on carbon-nitrogen (but not peptide) bonds, in linear amides|0016811||IEA				-	AraC family transcriptional regulator	-	-	-	-	-	AraC_binding_2,FmdA_AmdA,HTH_18
NCS66_RS33115	acetamidase/formamidase family protein	WP_008345615.1	hydrolase activity, acting on carbon-nitrogen (but not peptide) bonds, in linear amides|0016811||IEA				-	Acetamidase/Formamidase family	-	-	-	-	-	FmdA_AmdA
NCS66_RS33120	GTP-binding protein	WP_008345613.1	GTP binding|0005525||IEA				-	Cobalamin synthesis protein cobW C-terminal domain	-	-	-	-	-	CobW_C,cobW
NCS66_RS33125	DUF1097 domain-containing protein	WP_008345611.1			plasma membrane|0005886||IEA		-	Protein of unknown function (DUF1097)	-	-	-	-	-	DUF1097
NCS66_RS33130	nitrile hydratase subunit beta	WP_008345609.1	transition metal ion binding|0046914||IEA	nitrile metabolic process|0050898||IEA		nthB	-	NHase catalyzes the hydration of various nitrile compounds to the corresponding amides	ko:K20807	-	ko00000,ko00001,ko01000	-	-	NHase_beta
NCS66_RS33135	nitrile hydratase subunit alpha	WP_008345607.1	transition metal ion binding|0046914||IEA	nitrile metabolic process|0050898||IEA		nthA	-	Nitrile hydratase	ko:K01721	-	ko00000,ko00001,ko01000	-	-	NHase_alpha
NCS66_RS33140	nitrile hydratase accessory protein	WP_008345605.1	molecular_function|0003674||IEA	nitrile metabolic process|0050898||IEA			-	Nitrile hydratase beta subunit	-	-	-	-	-	NHase_beta
NCS66_RS33145	CbtB domain-containing protein	WP_008345603.1					-	Probable cobalt transporter subunit (CbtB)	-	-	-	-	-	CbtB
NCS66_RS33150	CbtA family protein	WP_008345601.1					-	Probable cobalt transporter subunit (CbtA)	-	-	-	-	-	CbtA
NCS66_RS33155	GlxA family transcriptional regulator	WP_008345598.1	DNA-binding transcription factor activity|0003700||IEA				-	helix-turn-helix- domain containing protein, AraC type	-	-	-	-	-	DJ-1_PfpI,HTH_18
NCS66_RS33160	EAL domain-containing protein	WP_008345596.1					-	GGDEF domain containing protein	-	-	-	-	-	CHASE,EAL,GAF,GAF_2,GGDEF,HAMP,PAS_4,PAS_9,Response_reg
NCS66_RS33165	TMEM175 family protein	WP_008345595.1	potassium ion leak channel activity|0022841||IEA	potassium ion transmembrane transport|0071805||IEA			-	Protein of unknown function (DUF1211)	-	-	-	-	-	DUF1211
NCS66_RS33170	methyl-accepting chemotaxis protein	WP_008345593.1		signal transduction|0007165||IEA	membrane|0016020||IEA		-	PFAM chemotaxis sensory transducer	ko:K03406	-	ko00000,ko00001,ko02035	-	-	4HB_MCP_1,HAMP,MCPsignal,PAS_3,TarH,sCache_2
NCS66_RS33185	MarR family transcriptional regulator	WP_033535651.1	DNA-binding transcription factor activity|0003700||IEA				-	PFAM regulatory protein, MarR	-	-	-	-	-	MarR
NCS66_RS33200	Rieske 2Fe-2S domain-containing protein	WP_250481276.1	2 iron, 2 sulfur cluster binding|0051537||IEA				-	PFAM Rieske 2Fe-2S domain protein	ko:K18068	M00623	br01602,ko00000,ko00001,ko00002,ko01000	-	-	Rieske
NCS66_RS33205	Gfo/Idh/MocA family oxidoreductase	WP_008345579.1	oxidoreductase activity, acting on NAD(P)H|0016651||IEA				-	Oxidoreductase family, C-terminal alpha/beta domain	ko:K18067	M00623	br01602,ko00000,ko00001,ko00002,ko01000	-	-	GFO_IDH_MocA,GFO_IDH_MocA_C
NCS66_RS33210	ABC transporter substrate-binding protein	WP_008343726.1					-	4,5-dihydroxyphthalate decarboxylase	ko:K04102	M00623	ko00000,ko00001,ko00002,ko01000	-	-	NMT1
NCS66_RS33215	MBL fold metallo-hydrolase	WP_008345578.1					-	Metallo-beta-lactamase superfamily	-	-	-	-	-	Lactamase_B
NCS66_RS33225	pyridoxamine 5'-phosphate oxidase family protein	WP_008345574.1					-	stress protein (general stress protein 26)	-	-	-	-	-	Pyrid_ox_like
NCS66_RS33235	hypothetical protein	WP_008345563.1					-	-	-	-	-	-	-	-
NCS66_RS33240	SDR family oxidoreductase	WP_008345562.1					-	Nad-dependent epimerase dehydratase	-	-	-	-	-	DoxX_3,Epimerase,NAD_binding_10
NCS66_RS33245	DUF2269 domain-containing protein	WP_008345559.1					-	Predicted integral membrane protein (DUF2269)	-	-	-	-	-	DUF2269
NCS66_RS33250	DUF3460 family protein	WP_008345557.1					-	Protein of unknown function (DUF3460)	-	-	-	-	-	DUF3460
NCS66_RS33255	DUF3005 domain-containing protein	WP_008345556.1					-	Protein of unknown function (DUF3005)	-	-	-	-	-	DUF3005
NCS66_RS33260	hypothetical protein	WP_008345549.1					-	-	-	-	-	-	-	-
NCS66_RS33270	NAD(P)/FAD-dependent oxidoreductase	WP_250442246.1	flavin adenine dinucleotide binding|0050660||IEA				-	Thioredoxin reductase	ko:K00384	-	ko00000,ko00001,ko01000	-	-	Pyr_redox_2
NCS66_RS33275	HigA family addiction module antitoxin	WP_008345543.1	DNA binding|0003677||IEA				-	Helix-turn-helix	-	-	-	-	-	HTH_3
NCS66_RS33280	ATPase domain-containing protein	WP_250481277.1					-	KaiC	ko:K08482	-	ko00000	-	-	ATPase
NCS66_RS33285	hybrid sensor histidine kinase/response regulator	WP_008345540.1					-	Histidine kinase	-	-	-	-	-	HATPase_c,HisKA,PAS_3,Response_reg
NCS66_RS33290	hypothetical protein	WP_008345539.1					-	acetyltransferases and hydrolases with the alpha beta hydrolase fold	-	-	-	-	-	-
NCS66_RS33295	LssY C-terminal domain-containing protein	WP_008345538.1					-	LssY C-terminus	-	-	-	-	-	LssY_C
NCS66_RS33300	LssY C-terminal domain-containing protein	WP_008345537.1					-	LssY C-terminus	-	-	-	-	-	LssY_C
NCS66_RS33305	alpha/beta family hydrolase	WP_008345536.1					-	Hydrolase of the alpha beta-hydrolase fold	ko:K07020	-	ko00000	-	-	DLH
NCS66_RS33315	cupin domain-containing protein	WP_075583491.1					-	Helix-turn-helix XRE-family like proteins	-	-	-	-	-	Cupin_2,HTH_31
NCS66_RS33320	urea carboxylase-associated family protein	WP_008345533.1					-	Domain of unknown function (DUF1989)	ko:K09967	-	ko00000	-	-	DUF1989
NCS66_RS33365	N-formylglutamate amidohydrolase	WP_008345517.1					-	N-formylglutamate amidohydrolase	-	-	-	-	-	FGase
NCS66_RS33370	porin	WP_075583492.1	porin activity|0015288||IEA		cell outer membrane|0009279||IEA		-	PFAM porin Gram-negative type	-	-	-	-	-	Porin_4
NCS66_RS33385	LysR family transcriptional regulator	WP_008345513.1	DNA-binding transcription factor activity|0003700||IEA	regulation of DNA-templated transcription|0006355||IEA			-	Transcriptional regulator	-	-	-	-	-	HTH_1,LysR_substrate
NCS66_RS33390	NAD-dependent epimerase/dehydratase family protein	WP_008345511.1	catalytic activity|0003824||IEA				-	NAD(P)H-binding	-	-	-	-	-	Epimerase,NAD_binding_10
NCS66_RS33410	SMP-30/gluconolactonase/LRE family protein	WP_008345503.1	hydrolase activity|0016787||IEA				-	Gluconolactonase	ko:K01053	M00129	ko00000,ko00001,ko00002,ko01000,ko04147	-	-	SGL
NCS66_RS33435	hypothetical protein	WP_033535656.1					-	FAD-NAD(P)-binding	-	-	-	-	-	K_oxygenase
NCS66_RS33445	cupin-like domain-containing protein	WP_033535657.1					-	peptidyl-arginine hydroxylation	-	-	-	-	-	Cupin_8
NCS66_RS33450	non-ribosomal peptide synthetase	WP_250481278.1					-	amino acid adenylation domain protein	-	-	-	-	-	AMP-binding,AMP-binding_C,Condensation,Methyltransf_12,PP-binding,Thioesterase
NCS66_RS33455	transposase	WP_250481280.1	transposase activity|0004803||IEA	DNA transposition|0006313||IEA			-	Transposase	-	-	-	-	-	DEDD_Tnp_IS110,Transposase_20
NCS66_RS33465	C1 family peptidase	WP_250481281.1	cysteine-type peptidase activity|0008234||IEA	proteolysis|0006508||IEA			-	Belongs to the peptidase C1 family	-	-	-	-	-	Peptidase_C1
NCS66_RS33475	hypothetical protein	WP_250481283.1					-	-	-	-	-	-	-	-
NCS66_RS33485	caspase family protein	WP_250481285.1					-	Caspase domain	-	-	-	-	-	Peptidase_C14
NCS66_RS33490	M12 family metallopeptidase	WP_250481286.1					-	Belongs to the peptidase M12A family	-	-	-	-	-	Astacin
NCS66_RS33495	hypothetical protein	WP_250481287.1					-	-	-	-	-	-	-	-
NCS66_RS33510	hypothetical protein	WP_250481290.1					-	Nad-dependent epimerase dehydratase	-	-	-	-	-	Epimerase
NCS66_RS33530	isochorismatase family protein	WP_250481294.1					-	isochorismatase	-	-	-	-	-	Isochorismatase
NCS66_RS33535	LuxR C-terminal-related transcriptional regulator	WP_250481295.1		regulation of DNA-templated transcription|0006355||IEA			-	PFAM regulatory protein LuxR	-	-	-	-	-	GerE,PAS_9
NCS66_RS33545	ATP-binding protein	WP_250481297.1					-	Putative ATP-dependent DNA helicase recG C-terminal	-	-	-	-	-	AlbA_2,HATPase_c_4
NCS66_RS33555	hypothetical protein	WP_250481298.1					-	Transposase	-	-	-	-	-	-
NCS66_RS33560	DUF2779 domain-containing protein	WP_250481299.1					-	Domain of unknown function(DUF2779)	-	-	-	-	-	DUF2779
NCS66_RS33565	hypothetical protein	WP_250481300.1					-	-	-	-	-	-	-	-
NCS66_RS33570	hypothetical protein	WP_250481301.1					-	-	-	-	-	-	-	-
NCS66_RS33575	hypothetical protein	WP_250481302.1					-	-	-	-	-	-	-	-
NCS66_RS33585	type II toxin-antitoxin system ParD family antitoxin	WP_250481303.1		regulation of chromosome segregation|0051983||IEA			-	Addiction module	ko:K07746	-	ko00000,ko02048	-	-	ParD_antitoxin
NCS66_RS33590	IS110 family transposase	WP_250481304.1	transposase activity|0004803||IEA				-	PFAM transposase IS116 IS110 IS902 family protein	-	-	-	-	-	DEDD_Tnp_IS110,Transposase_20
NCS66_RS33595	LysE family transporter	WP_250481305.1		amino acid transport|0006865||IEA	membrane|0016020||IEA		-	LysE type translocator	-	-	-	-	-	LysE
NCS66_RS33605	group II intron maturase-specific domain-containing protein	WP_250481307.1					-	DNA polymerase	-	-	-	-	-	GIIM,RVT_1
NCS66_RS33615	hypothetical protein	WP_250481321.1					-	-	-	-	-	-	-	-
NCS66_RS33625	cellulose biosynthesis cyclic di-GMP-binding regulatory protein BcsB	WP_250481309.1					-	Bacterial cellulose synthase subunit	-	-	-	-	-	BcsB
NCS66_RS33635	tetratricopeptide repeat protein	WP_250481311.1					-	Bacteriophage N adsorption protein A C-term	-	-	-	-	-	NfrA_C,TPR_19
NCS66_RS33640	hypothetical protein	WP_250481312.1					-	-	-	-	-	-	-	-
NCS66_RS33650	ATP-binding protein	WP_250481314.1					-	histidine kinase A domain protein	-	-	-	-	-	HATPase_c,HisKA,MEDS,PAS_3,PAS_4,Response_reg
NCS66_RS33655	hypothetical protein	WP_250481315.1					-	-	-	-	-	-	-	-
NCS66_RS33670	hypothetical protein	WP_250481317.1					-	oxidoreductase	-	-	-	-	-	GFO_IDH_MocA,GFO_IDH_MocA_C
NCS66_RS33675	IS91 family transposase	WP_250481318.1	transposase activity|0004803||IEA				-	transposase	-	-	-	-	-	Y2_Tnp,Zn_Tnp_IS91
NCS66_RS33685	antitoxin Xre-like helix-turn-helix domain-containing protein	WP_250481320.1	DNA binding|0003677||IEA				-	Protein of unknown function (DUF2384)	-	-	-	-	-	DUF2384
NCS66_RS33690	thiamine pyrophosphate-binding protein	WP_250481322.1	thiamine pyrophosphate binding|0030976||IEA				-	Belongs to the TPP enzyme family	ko:K00156	-	ko00000,ko00001,ko01000	-	-	TPP_enzyme_C,TPP_enzyme_M,TPP_enzyme_N
NCS66_RS33695	chloride channel protein	WP_250481323.1	voltage-gated chloride channel activity|0005247||IEA	chloride transport|0006821||IEA			-	Chloride channel	-	-	-	-	-	Voltage_CLC
NCS66_RS33700	MarR family winged helix-turn-helix transcriptional regulator	WP_008344646.1	DNA-binding transcription factor activity|0003700||IEA	regulation of DNA-templated transcription|0006355||IEA			-	Winged helix DNA-binding domain	-	-	-	-	-	MarR_2
NCS66_RS33705	DUF4396 domain-containing protein	WP_250481324.1					-	Domain of unknown function (DUF4396)	-	-	-	-	-	DUF4396
NCS66_RS33720	hypothetical protein	WP_250481327.1					-	-	-	-	-	-	-	-
NCS66_RS33725	cytochrome c	WP_250481328.1	heme binding|0020037||IEA				-	PFAM cytochrome c, class I	-	-	-	-	-	Cytochrom_C,Cytochrome_CBB3
NCS66_RS33740	DUF2254 domain-containing protein	WP_250481329.1					-	Membrane	-	-	-	-	-	DUF2254
NCS66_RS33750	mechanosensitive ion channel family protein	WP_250481331.1	mechanosensitive monoatomic ion channel activity|0008381||IEA				-	mechanosensitive ion channel	-	-	-	-	-	MS_channel
NCS66_RS33755	transposase domain-containing protein	WP_250480693.1					-	transposase IS66	-	-	-	-	-	DDE_Tnp_IS66,DDE_Tnp_IS66_C,LZ_Tnp_IS66,zf-IS66
NCS66_RS33755	transposase domain-containing protein	WP_250480693.1					-	transposase IS66	-	-	-	-	-	DDE_Tnp_IS66,DDE_Tnp_IS66_C,LZ_Tnp_IS66,zf-IS66
NCS66_RS33755	transposase domain-containing protein	WP_250480693.1					-	transposase IS66	-	-	-	-	-	DDE_Tnp_IS66,DDE_Tnp_IS66_C,LZ_Tnp_IS66,zf-IS66
NCS66_RS33760	DUF4148 domain-containing protein	WP_250481332.1					-	Domain of unknown function (DUF4148)	-	-	-	-	-	DUF4148
NCS66_RS33765	DUF4148 domain-containing protein	WP_250481333.1					-	Domain of unknown function (DUF4148)	-	-	-	-	-	DUF4148
NCS66_RS33770	heavy metal sensor histidine kinase	WP_250481334.1	transferase activity, transferring phosphorus-containing groups|0016772||IEA	phosphorylation|0016310||IEA	membrane|0016020||IEA		-	Member of a two-component regulatory system	ko:K07644	M00452,M00745	ko00000,ko00001,ko00002,ko01000,ko01001,ko01504,ko02022	-	-	HATPase_c,HisKA
NCS66_RS33780	response regulator	WP_250481336.1		phosphorelay signal transduction system|0000160||IEA			-	Response regulator receiver	-	-	-	-	-	Response_reg
NCS66_RS34465	ProQ/FINO family protein	WP_350029983.1					-	ProQ/FINO family	ko:K03607	-	ko00000	-	-	ProQ
NCS66_RS33785	type II toxin-antitoxin system RelE/ParE family toxin	WP_250481337.1	protein homodimerization activity|0042803||IEA	protein heterotetramerization|0051290||IEA			-	Plasmid stabilization system	-	-	-	-	-	ParE_toxin
NCS66_RS33790	antitoxin	WP_250481338.1					-	-	-	-	-	-	-	-
NCS66_RS33795	hypothetical protein	WP_250481339.1					-	-	-	-	-	-	-	-
NCS66_RS33800	PIN domain-containing protein	WP_008344624.1					-	Toxic component of a toxin-antitoxin (TA) module. An RNase	-	-	-	-	-	PIN
NCS66_RS33805	AbrB/MazE/SpoVT family DNA-binding domain-containing protein	WP_233392212.1	DNA binding|0003677||IEA				-	SpoVT / AbrB like domain	ko:K07172	-	ko00000,ko02048	-	-	MazE_antitoxin
NCS66_RS33875	succinate dehydrogenase, hydrophobic membrane anchor protein	WP_008354058.1	succinate dehydrogenase activity|0000104||IEA	tricarboxylic acid cycle|0006099||IEA	plasma membrane succinate dehydrogenase complex|0045282||IEA	sdhD	-	succinate dehydrogenase, hydrophobic membrane anchor protein	ko:K00242	M00009,M00011,M00149,M00173	ko00000,ko00001,ko00002	-	-	Sdh_cyt
NCS66_RS33880	succinate dehydrogenase, cytochrome b556 subunit	WP_250481342.1	electron transfer activity|0009055||IEA	tricarboxylic acid cycle|0006099||IEA	plasma membrane succinate dehydrogenase complex|0045282||IEA	sdhC	-	succinate dehydrogenase	ko:K00241	M00009,M00011,M00149,M00173,M00374,M00376	ko00000,ko00001,ko00002	-	-	Sdh_cyt
NCS66_RS33885	IS21 family transposase	WP_244807674.1	transposase activity|0004803||IEA			istA	-	Evidence 2b Function of strongly homologous gene	-	-	-	-	-	rve
NCS66_RS33890	IS21-like element helper ATPase IstB	WP_175983301.1	ATP binding|0005524||IEA			istB	-	Evidence 2b Function of strongly homologous gene	-	-	-	-	-	IstB_IS21
NCS66_RS33895	IS66 family transposase	WP_250481343.1	transposase activity|0004803||IEA				-	transposase IS66	-	-	-	-	-	DDE_Tnp_IS66,DDE_Tnp_IS66_C,LZ_Tnp_IS66,zf-IS66
NCS66_RS33900	IS66 family insertion sequence element accessory protein TnpB	WP_159835075.1				tnpB	-	IS66 Orf2 like protein	-	-	-	-	-	TnpB_IS66
NCS66_RS33905	transposase	WP_250481344.1	transposase activity|0004803||IEA	DNA transposition|0006313||IEA			-	Helix-turn-helix domain of transposase family ISL3	ko:K07483	-	ko00000	-	-	HTH_Tnp_1,HTH_Tnp_ISL3
NCS66_RS33915	IS110 family transposase	WP_250481345.1	transposase activity|0004803||IEA				-	Transposase (IS116 IS110 IS902 family)	-	-	-	-	-	DEDD_Tnp_IS110,Transposase_20
NCS66_RS33920	IS630 family transposase	WP_034474423.1	transposase activity|0004803||IEA				-	Elements of external origin	ko:K07494	-	ko00000	-	-	DDE_3,HTH_23,HTH_29,HTH_32
NCS66_RS33925	DUF6429 family protein	WP_034474419.1					-	-	-	-	-	-	-	-
NCS66_RS33930	IS110 family transposase	WP_008342558.1	transposase activity|0004803||IEA				-	transposase IS116 IS110 IS902 family	ko:K07486	-	ko00000	-	-	DEDD_Tnp_IS110,Transposase_20
NCS66_RS33940	RES domain-containing protein	WP_250481346.1					-	RES	-	-	-	-	-	RES
NCS66_RS33945	transposase	WP_350029984.1	transposase activity|0004803||IEA	DNA transposition|0006313||IEA			-	Transposase	-	-	-	-	-	HTH_Tnp_1
NCS66_RS33950	IS66 family insertion sequence element accessory protein TnpB	WP_045463971.1				tnpB	-	Evidence 2b Function of strongly homologous gene	-	-	-	-	-	TnpB_IS66
NCS66_RS33955	transposase	WP_250481347.1					-	transposase	-	-	-	-	-	DDE_Tnp_IS66,DDE_Tnp_IS66_C,LZ_Tnp_IS66,zf-IS66
NCS66_RS33960	IS3 family transposase	WP_250481348.1	transposase activity|0004803||IEA				-	Evidence 2b Function of strongly homologous gene	ko:K07497	-	ko00000	-	-	HTH_21,rve,rve_3
NCS66_RS33960	IS3 family transposase	WP_250481348.1	transposase activity|0004803||IEA				-	Evidence 2b Function of strongly homologous gene	ko:K07497	-	ko00000	-	-	HTH_21,rve,rve_3
NCS66_RS33965	IS66 family transposase	WP_250481349.1	transposase activity|0004803||IEA				-	transposase	-	-	-	-	-	DDE_Tnp_IS66,DDE_Tnp_IS66_C,LZ_Tnp_IS66,zf-IS66
NCS66_RS33970	IS3-like element ISBcen22 family transposase	WP_124633364.1	transposase activity|0004803||IEA	DNA transposition|0006313||IEA			-	Elements of external origin	ko:K07497	-	ko00000	-	-	HTH_21,rve,rve_3
NCS66_RS33970	IS3-like element ISBcen22 family transposase	WP_124633364.1	transposase activity|0004803||IEA	DNA transposition|0006313||IEA			-	Elements of external origin	ko:K07497	-	ko00000	-	-	HTH_21,rve,rve_3
NCS66_RS33975	IS110 family transposase	WP_175982528.1	transposase activity|0004803||IEA				-	Transposase IS116 IS110 IS902 family protein	ko:K07486	-	ko00000	-	-	DEDD_Tnp_IS110,Transposase_20
NCS66_RS34015	hypothetical protein	WP_250481353.1					-	lytic transglycosylase activity	-	-	-	-	-	-
NCS66_RS34020	LysR substrate-binding domain-containing protein	WP_250481354.1					-	Transcriptional regulator	-	-	-	-	-	HTH_1,LysR_substrate
NCS66_RS34030	hypothetical protein	WP_250481356.1					-	DNA polymerase III alpha subunit	ko:K02337	M00260	ko00000,ko00001,ko00002,ko01000,ko03032,ko03400	-	-	DNA_pol3_alpha,HHH_6,PHP,tRNA_anti-codon
NCS66_RS34040	terminase gpA endonuclease subunit	WP_250481357.1	endonuclease activity|0004519||IEA				-	Phage terminase large subunit (GpA)	-	-	-	-	-	Terminase_GpA
NCS66_RS34055	hypothetical protein	WP_250481359.1					-	-	-	-	-	-	-	-
NCS66_RS34470	AAA family ATPase	WP_350029985.1					-	AAA domain	-	-	-	-	-	AAA_25
NCS66_RS34080	hypothetical protein	WP_250481363.1					-	ATPase activity	ko:K03546	-	ko00000,ko03400	-	-	-
NCS66_RS34090	portal protein	WP_250481365.1					GO:0005575,GO:0019012	Bacteriophage T4-like capsid assembly protein (Gp20)	-	-	-	-	-	-
NCS66_RS34110	DNA cytosine methyltransferase	WP_250481369.1	methyltransferase activity|0008168||IEA				-	C-5 cytosine-specific DNA methylase	-	-	-	-	-	DNA_methylase
