locus_tag	product	protein_id	go_function	go_process	go_component	gene	GOs	Description	KEGG_ko	KEGG_Module	BRITE	KEGG_TC	CAZy	PFAMs
NCS66_RS00215	LysE family translocator	WP_250480193.1					-	PFAM Lysine exporter protein (LYSE YGGA)	ko:K11250	-	ko00000,ko02000	2.A.76.1.5	-	LysE
NCS66_RS00290	rod shape-determining protein MreD	WP_008352165.1	molecular_function|0003674||IEA	regulation of cell shape|0008360||IEA		mreD	-	Rod shape-determining protein MreD	ko:K03571	-	ko00000,ko03036	9.B.157.1	-	MreD
NCS66_RS00295	rod shape-determining protein MreC	WP_250480196.1		regulation of cell shape|0008360||IEA		mreC	-	shape-determining protein MreC	ko:K03570	-	ko00000,ko03036	9.B.157.1	-	MreC
NCS66_RS00415	type VI secretion system Vgr family protein	WP_250480207.1		protein secretion by the type VI secretion system|0033103||IEA	type VI protein secretion system complex|0033104||IEA		-	rhs element vgr protein	ko:K11904	M00334	ko00000,ko00001,ko00002,ko02044	3.A.23.1	-	DUF2345,Phage_GPD,T6SS_Vgr
NCS66_RS00435	glutathione S-transferase family protein	WP_008351977.1	protein binding|0005515||IEA	glutathione metabolic process|0006749||IEA			-	Glutathione S-transferase	ko:K00799	-	ko00000,ko00001,ko01000,ko02000	1.A.12.2.2,1.A.12.3.2	-	GST_C,GST_C_2,GST_N
NCS66_RS34300	glutathione S-transferase family protein	WP_250480216.1	protein binding|0005515||IEA	glutathione metabolic process|0006749||IEA			-	Glutathione S-transferase	ko:K00799	-	ko00000,ko00001,ko01000,ko02000	1.A.12.2.2,1.A.12.3.2	-	GST_C,GST_N,GST_N_3
NCS66_RS00615	sodium:calcium antiporter	WP_034470401.1					-	Sodium/calcium exchanger protein	ko:K07301	-	ko00000,ko02000	2.A.19.5	-	Na_Ca_ex
NCS66_RS00850	ABC transporter substrate-binding protein	WP_250438915.1					-	Branched-chain amino acid ABC transporter substrate-binding protein	ko:K01999	M00237	ko00000,ko00001,ko00002,ko02000	3.A.1.4	-	Peripla_BP_6
NCS66_RS00905	ABC transporter permease	WP_008351824.1	ABC-type transporter activity|0140359||IEA				-	ABC transporter permease	ko:K02066	M00210,M00669,M00670	ko00000,ko00001,ko00002,ko02000	3.A.1.27	-	MlaE
NCS66_RS00915	MlaD family protein	WP_175979746.1					-	MlaD protein	ko:K02067	M00210,M00669,M00670	ko00000,ko00001,ko00002,ko02000	3.A.1.27	-	MlaD
NCS66_RS00920	ABC-type transport auxiliary lipoprotein family protein	WP_250456628.1					-	ABC-type transport auxiliary lipoprotein component	ko:K18480	M00669	ko00000,ko00002,ko02000	3.A.1.27.1	-	ABC_trans_aux
NCS66_RS01035	PTS sugar transporter subunit IIB	WP_008351788.1					-	pts system fructose subfamily IIa component	ko:K02821	M00283,M00550	ko00000,ko00001,ko00002,ko01000,ko02000	4.A.7.1	-	EIIA-man
NCS66_RS01110	cytochrome c oxidase subunit II	WP_008351767.1	cytochrome-c oxidase activity|0004129||IEA			coxB	-	Subunits I and II form the functional core of the enzyme complex. Electrons originating in cytochrome c are transferred via heme a and Cu(A) to the binuclear center formed by heme a3 and Cu(B)	ko:K02275	M00155	ko00000,ko00001,ko00002,ko01000	3.D.4.2,3.D.4.4,3.D.4.6	-	COX2,COX2_TM,Cytochrome_CBB3,OmpA
NCS66_RS01125	cytochrome c oxidase assembly protein	WP_250480242.1					-	Cytochrome C oxidase assembly protein ctag	ko:K02258	M00154	ko00000,ko00001,ko00002,ko03029	3.D.4.8	-	CtaG_Cox11
NCS66_RS01135	cytochrome c oxidase subunit 3	WP_008351755.1					-	Cytochrome c oxidase subunit III	ko:K02276	M00155	ko00000,ko00001,ko00002,ko01000	3.D.4.4,3.D.4.6	-	COX3
NCS66_RS01145	SURF1 family protein	WP_034470509.1					-	SURF1-like protein	ko:K14998	-	ko00000,ko03029	3.D.4.8	-	SURF1
NCS66_RS01155	COX15/CtaA family protein	WP_008351746.1					-	cytochrome oxidase assembly	ko:K02259	M00154	ko00000,ko00001,ko00002,ko03029	3.D.4.4	-	COX15-CtaA
NCS66_RS01205	phosphoenolpyruvate--protein phosphotransferase	WP_250480243.1	phosphoenolpyruvate-protein phosphotransferase activity|0008965||IEA	phosphoenolpyruvate-dependent sugar phosphotransferase system|0009401||IEA		ptsP	-	Belongs to the PEP-utilizing enzyme family	ko:K02768,ko:K08483,ko:K11183,ko:K11189	M00273	ko00000,ko00001,ko00002,ko01000,ko02000	4.A.2.1,8.A.7	-	PEP-utilisers_N,PEP-utilizers,PEP-utilizers_C,PTS-HPr,PTS_EIIA_1
NCS66_RS01255	signal recognition particle-docking protein FtsY	WP_008351714.1	signal recognition particle binding|0005047||IEA	protein secretion|0009306||IEA		ftsY	-	Involved in targeting and insertion of nascent membrane proteins into the cytoplasmic membrane. Acts as a receptor for the complex formed by the signal recognition particle (SRP) and the ribosome-nascent chain (RNC). Interaction with SRP-RNC leads to the transfer of the RNC complex to the Sec translocase for insertion into the membrane, the hydrolysis of GTP by both Ffh and FtsY, and the dissociation of the SRP-FtsY complex into the individual components	ko:K03110	M00335	ko00000,ko00001,ko00002,ko02044	3.A.5.1,3.A.5.2,3.A.5.7	-	SRP54,SRP54_N
NCS66_RS01360	lipopolysaccharide transport periplasmic protein LptA	WP_033536543.1	lipopolysaccharide binding|0001530||IEA	lipopolysaccharide transport|0015920||IEA	ATP-binding cassette (ABC) transporter complex|0043190||IEA	lptA	-	Involved in the assembly of lipopolysaccharide (LPS). Required for the translocation of LPS from the inner membrane to the outer membrane	ko:K09774	-	ko00000,ko02000	1.B.42.1	-	OstA
NCS66_RS01365	LPS export ABC transporter periplasmic protein LptC	WP_008351682.1	lipopolysaccharide transmembrane transporter activity|0015221||IEA	lipopolysaccharide transport|0015920||IEA	plasma membrane|0005886||IEA	lptC	-	Lipopolysaccharide-assembly, LptC-related	ko:K11719	-	ko00000,ko02000	1.B.42.1	-	LptC
NCS66_RS01380	monovalent cation:proton antiporter family protein	WP_008351676.1	antiporter activity|0015297||IEA	proton transmembrane transport|1902600||IEA	membrane|0016020||IEA		-	Belongs to the monovalent cation proton antiporter 2 (CPA2) transporter (TC 2.A.37) family	ko:K03455	-	ko00000	2.A.37	-	Na_H_Exchanger,TrkA_C,TrkA_N
NCS66_RS01630	ABC transporter ATP-binding protein/permease	WP_008351592.1	ABC-type transporter activity|0140359||IEA				-	abc transporter	ko:K06147	-	ko00000,ko02000	3.A.1.106,3.A.1.109,3.A.1.21	-	ABC_membrane,ABC_tran
NCS66_RS01635	MFS transporter	WP_250480263.1	transmembrane transporter activity|0022857||IEA	transmembrane transport|0055085||IEA			-	PFAM major facilitator superfamily MFS_1	ko:K02575	M00615	ko00000,ko00001,ko00002,ko02000	2.A.1.8	-	MFS_1
NCS66_RS02160	MFS transporter	WP_235366269.1	transmembrane transporter activity|0022857||IEA	transmembrane transport|0055085||IEA			-	Major facilitator superfamily MFS_1	ko:K03762	-	ko00000,ko02000	2.A.1.6.4	-	Sugar_tr
NCS66_RS02195	CopD family protein	WP_175979825.1			membrane|0016020||IEA		-	PFAM copper resistance D domain protein	ko:K07245	-	ko00000,ko02000	9.B.62.1	-	CopD
NCS66_RS02360	pilin	WP_284508004.1					-	general secretion pathway protein	ko:K02650	-	ko00000,ko00001,ko02035,ko02044	3.A.15.2	-	N_methyl,Pilin
NCS66_RS02560	metal ABC transporter permease	WP_034474383.1		transmembrane transport|0055085||IEA	ATP-binding cassette (ABC) transporter complex|0043190||IEA		-	abc transporter, permease	ko:K02075,ko:K09816,ko:K09819	M00242,M00243,M00244	ko00000,ko00001,ko00002,ko02000	3.A.1.15,3.A.1.15.3,3.A.1.15.5	-	ABC-3
NCS66_RS02565	ATP-binding cassette domain-containing protein	WP_235366264.1	ATP binding|0005524||IEA				-	abc transporter	ko:K02074	M00244	ko00000,ko00002,ko02000	3.A.1.15	-	ABC_tran
NCS66_RS02570	metal ABC transporter solute-binding protein	WP_051996842.1					-	Belongs to the bacterial solute-binding protein 9 family	ko:K02077	M00244	ko00000,ko00002,ko02000	3.A.1.15	-	ZnuA
NCS66_RS02585	sugar ABC transporter substrate-binding protein	WP_008351257.1	ABC-type transporter activity|0140359||IEA		ATP-binding cassette (ABC) transporter complex, substrate-binding subunit-containing|0055052||IEA		-	PFAM extracellular solute-binding protein family 1	ko:K02027,ko:K10227	M00200,M00207	ko00000,ko00001,ko00002,ko02000	3.A.1.1,3.A.1.1.5	-	SBP_bac_1,SBP_bac_8
NCS66_RS02590	sugar ABC transporter permease	WP_008351256.1	ABC-type transporter activity|0140359||IEA				-	PFAM binding-protein-dependent transport systems inner membrane component	ko:K10228	M00200	ko00000,ko00001,ko00002,ko02000	3.A.1.1.5	-	BPD_transp_1
NCS66_RS02595	carbohydrate ABC transporter permease	WP_008351255.1		transmembrane transport|0055085||IEA			-	PFAM binding-protein-dependent transport systems inner membrane component	ko:K10229,ko:K17323	M00200,M00607	ko00000,ko00001,ko00002,ko02000	3.A.1.1.35,3.A.1.1.5	-	BPD_transp_1
NCS66_RS02710	aspartate-alanine antiporter	WP_250480319.1	aspartate:alanine antiporter activity|0070906||IEA			aspT	-	Predicted Permease Membrane Region	ko:K07085	-	ko00000	2.A.81	-	Asp-Al_Ex,TrkA_C
NCS66_RS02740	ABC transporter substrate-binding protein	WP_250433946.1	ABC-type transporter activity|0140359||IEA		ATP-binding cassette (ABC) transporter complex, substrate-binding subunit-containing|0055052||IEA		-	PFAM extracellular solute-binding protein, family 5	ko:K02035	M00239	ko00000,ko00001,ko00002,ko02000	3.A.1.5	-	SBP_bac_5
NCS66_RS02880	branched-chain amino acid ABC transporter substrate-binding protein	WP_008351162.1	ABC-type transporter activity|0140359||IEA	transmembrane transport|0055085||IEA			-	amino acid	ko:K01999	M00237	ko00000,ko00001,ko00002,ko02000	3.A.1.4	-	Peripla_BP_6
NCS66_RS02970	ABC transporter substrate-binding protein	WP_008351129.1					-	amino acid	ko:K01999	M00237	ko00000,ko00001,ko00002,ko02000	3.A.1.4	-	Peripla_BP_6
NCS66_RS03015	LPS export ABC transporter permease LptG	WP_008351117.1	lipopolysaccharide transmembrane transporter activity|0015221||IEA	lipopolysaccharide transport|0015920||IEA	plasma membrane|0005886||IEA	lptG	-	Permease, YjgP YjgQ family	ko:K11720	M00320	ko00000,ko00001,ko00002,ko02000	1.B.42.1	-	YjgP_YjgQ
NCS66_RS03020	LPS export ABC transporter permease LptF	WP_008351116.1	lipopolysaccharide transmembrane transporter activity|0015221||IEA	lipopolysaccharide transport|0015920||IEA	plasma membrane|0005886||IEA	lptF	-	Permease, YjgP YjgQ family	ko:K07091	M00320	ko00000,ko00001,ko00002,ko02000	1.B.42.1	-	YjgP_YjgQ
NCS66_RS03040	autotransporter outer membrane beta-barrel domain-containing protein	WP_250480338.1	autotransporter activity|0015474||IEA	protein secretion by the type V secretion system|0046819||IEA	cell outer membrane|0009279||IEA		-	Autotransporter beta-domain	ko:K12678	-	ko00000,ko02000,ko02044	1.B.12.1.1,1.B.12.1.3	-	Autotransporter,PATR,Pertactin
NCS66_RS03085	TonB-dependent receptor	WP_250480341.1					-	receptor	ko:K02014,ko:K16092	-	ko00000,ko02000	1.B.14,1.B.14.3	-	Plug,TonB_dep_Rec
NCS66_RS03170	autotransporter assembly complex family protein	WP_239295371.1			cell outer membrane|0009279||IEA		-	PFAM surface antigen (D15)	ko:K07278	-	ko00000,ko02000	1.B.33.2.4	-	Bac_surface_Ag,POTRA,POTRA_TamA_1
NCS66_RS03185	OmpA family protein	WP_008351059.1	peptidoglycan binding|0042834||IEA				-	Belongs to the ompA family	ko:K03286	-	ko00000,ko02000	1.B.6	-	Gly-zipper_Omp,Gly-zipper_YMGG,OmpA
NCS66_RS03215	fimbria/pilus outer membrane usher protein	WP_250480349.1	fimbrial usher porin activity|0015473||IEA	pilus assembly|0009297||IEA	membrane|0016020||IEA		-	Outer membrane usher protein	ko:K07347	-	ko00000,ko00001,ko02000,ko02035,ko02044	1.B.11.3	-	PapC_C,Usher
NCS66_RS03255	prepilin-type N-terminal cleavage/methylation domain-containing protein	WP_008351031.1					-	Prokaryotic N-terminal methylation motif	ko:K02456	M00331	ko00000,ko00001,ko00002,ko02044	3.A.15	-	N_methyl
NCS66_RS03260	type II secretion system protein	WP_008351029.1			plasma membrane|0005886||IEA		-	Prokaryotic N-terminal methylation motif	ko:K02456	M00331	ko00000,ko00001,ko00002,ko02044	3.A.15	-	N_methyl
NCS66_RS03265	secretin N-terminal domain-containing protein	WP_034474457.1					-	Secretin and TonB N terminus short domain	ko:K02453	M00331	ko00000,ko00001,ko00002,ko02044	3.A.15	-	STN,Secretin,Secretin_N
NCS66_RS03295	type II secretion system F family protein	WP_250480357.1					-	Type II secretion system (T2SS), protein F	ko:K02455	M00331	ko00000,ko00001,ko00002,ko02044	3.A.15	-	T2SSF
NCS66_RS03395	DNA translocase FtsK	WP_008350980.1					-	PFAM cell divisionFtsK SpoIIIE	ko:K03466	-	ko00000,ko03036	3.A.12	-	FtsK_4TM,FtsK_SpoIIIE,Ftsk_gamma
NCS66_RS03415	putative hydroxymethylpyrimidine transporter CytX	WP_250480367.1	transmembrane transporter activity|0022857||IEA	transmembrane transport|0055085||IEA	membrane|0016020||IEA	cytX	-	Belongs to the purine-cytosine permease (2.A.39) family	ko:K03457	-	ko00000	2.A.39	-	Transp_cyt_pur
NCS66_RS03480	TonB family protein	WP_008350950.1	secondary active transmembrane transporter activity|0015291||IEA	transport|0006810||IEA			-	TonB family	ko:K03832	-	ko00000,ko02000	2.C.1.1	-	TonB_2
NCS66_RS03565	porin	WP_008350922.1	porin activity|0015288||IEA		cell outer membrane|0009279||IEA		-	PFAM porin Gram-negative type	ko:K03285	-	ko00000	1.B.1	-	Porin_4
NCS66_RS03670	disulfide bond formation protein B	WP_033536679.1					-	Required for disulfide bond formation in some periplasmic proteins. Acts by oxidizing the DsbA protein	ko:K03611	-	ko00000,ko03110	5.A.2.1	-	DsbB
NCS66_RS03725	LysE family transporter	WP_008350875.1		amino acid transport|0006865||IEA	membrane|0016020||IEA		-	LysE type translocator	ko:K06895	-	ko00000,ko02000	2.A.75.1	-	LysE
NCS66_RS03815	carbohydrate ABC transporter permease	WP_008350838.1		transmembrane transport|0055085||IEA			-	PFAM binding-protein-dependent transport systems inner membrane component	ko:K17317	M00605	ko00000,ko00001,ko00002,ko02000	3.A.1.1.24,3.A.1.1.30	-	BPD_transp_1
NCS66_RS03820	sugar ABC transporter permease	WP_235366287.1	ABC-type transporter activity|0140359||IEA				-	PFAM binding-protein-dependent transport systems inner membrane component	ko:K17316	M00605	ko00000,ko00001,ko00002,ko02000	3.A.1.1.24,3.A.1.1.30	-	BPD_transp_1
NCS66_RS03825	ABC transporter substrate-binding protein	WP_008350833.1	ABC-type transporter activity|0140359||IEA		ATP-binding cassette (ABC) transporter complex, substrate-binding subunit-containing|0055052||IEA		-	PFAM extracellular solute-binding protein family 1	ko:K17315	M00605	ko00000,ko00001,ko00002,ko02000	3.A.1.1.24,3.A.1.1.30	-	SBP_bac_1
NCS66_RS03905	ABC transporter permease subunit	WP_008350803.1					-	PFAM binding-protein-dependent transport systems inner membrane component	ko:K02050	M00188	ko00000,ko00002,ko02000	3.A.1.16,3.A.1.17	-	BPD_transp_1
NCS66_RS03910	nitrate/sulfonate/bicarbonate ABC transporter ATP-binding protein	WP_033536675.1	ABC-type transporter activity|0140359||IEA				-	abc transporter	ko:K02049	M00188	ko00000,ko00002,ko02000	3.A.1.16,3.A.1.17	-	AAA_assoc_C,ABC_tran
NCS66_RS04215	hypothetical protein	WP_034471272.1					-	Uncharacterized protein conserved in bacteria (DUF2345)	ko:K11904	M00334	ko00000,ko00001,ko00002,ko02044	3.A.23.1	-	DUF2345,PAAR_motif,T6SS_Vgr
NCS66_RS04250	monocarboxylate uptake permease MctP	WP_008350706.1					-	Belongs to the sodium solute symporter (SSF) (TC 2.A.21) family	ko:K03307	-	ko00000	2.A.21	-	SSF
NCS66_RS04355	transporter	WP_008350659.1					-	CorA-like Mg2+ transporter protein	ko:K16074	-	ko00000,ko02000	1.A.35.4	-	CorA
NCS66_RS04360	DNA translocase FtsK	WP_250480414.1					-	Belongs to the FtsK SpoIIIE SftA family	ko:K03466	-	ko00000,ko03036	3.A.12	-	FtsK_4TM,FtsK_SpoIIIE,Ftsk_gamma
NCS66_RS04415	glycosyltransferase family 2 protein	WP_008350638.1	glycosyltransferase activity|0016757||IEA				-	glycosyl transferase family 2	ko:K12984	-	ko00000,ko01000,ko01003,ko01005,ko02000	4.D.1.3	GT2	Glycos_transf_2
NCS66_RS04425	O-antigen ligase family protein	WP_034471231.1					-	O-antigen	ko:K02847	M00080	ko00000,ko00001,ko00002,ko01000,ko01005,ko02000	9.B.67.4,9.B.67.5	-	Wzy_C
NCS66_RS04505	efflux RND transporter permease subunit	WP_034471185.1	transmembrane transporter activity|0022857||IEA	transmembrane transport|0055085||IEA	membrane|0016020||IEA		-	Belongs to the resistance-nodulation-cell division (RND) (TC 2.A.6) family	ko:K03296,ko:K07789	M00648	ko00000,ko00001,ko00002,ko02000	2.A.6.2	-	ACR_tran
NCS66_RS04540	mechanosensitive ion channel family protein	WP_250480419.1	mechanosensitive monoatomic ion channel activity|0008381||IEA				-	mechanosensitive ion channel	ko:K22044	-	ko00000,ko02000	1.A.23.3	-	MS_channel
NCS66_RS04970	iron transporter	WP_144403849.1					-	ferrous iron transport protein	ko:K07230	-	ko00000,ko02000	2.A.108.2.10,2.A.108.2.4,2.A.108.2.9	-	Iron_transport
NCS66_RS04980	FTR1 family protein	WP_008350446.1	iron ion transmembrane transporter activity|0005381||IEA	iron ion transmembrane transport|0034755||IEA	high-affinity iron permease complex|0033573||IEA		-	Iron permease	ko:K07243	-	ko00000,ko02000	2.A.108.1,2.A.108.2	-	FTR1
NCS66_RS05025	MotA/TolQ/ExbB proton channel family protein	WP_008350435.1		protein transport|0015031||IEA	plasma membrane|0005886||IEA		-	MotA TolQ ExbB proton channel	ko:K03561	-	ko00000,ko02000	1.A.30.2.1	-	MotA_ExbB
NCS66_RS05030	energy transducer TonB	WP_250480448.1	energy transducer activity|0031992||IEA		membrane|0016020||IEA		-	Interacts with outer membrane receptor proteins that carry out high-affinity binding and energy dependent uptake into the periplasmic space of specific substrates. It could act to transduce energy from the cytoplasmic membrane to specific energy- requiring processes in the outer membrane, resulting in the release into the periplasm of ligands bound by these outer membrane proteins	ko:K03832	-	ko00000,ko02000	2.C.1.1	-	TonB_C
NCS66_RS05075	sodium:solute symporter family protein	WP_244807895.1					-	Belongs to the sodium solute symporter (SSF) (TC 2.A.21) family	ko:K14393	-	ko00000,ko02000	2.A.21.7	-	SSF
NCS66_RS05150	porin	WP_241484860.1	porin activity|0015288||IEA		cell outer membrane|0009279||IEA		-	Gram-negative porin	ko:K03285	-	ko00000	1.B.1	-	Porin_4
NCS66_RS05510	outer membrane protein assembly factor BamC	WP_250480458.1				bamC	-	(Lipo)protein	ko:K07287	-	ko00000,ko02000	1.B.33.1	-	Lipoprotein_18
NCS66_RS05850	ABC transporter substrate-binding protein	WP_008350038.1	ABC-type transporter activity|0140359||IEA		ATP-binding cassette (ABC) transporter complex, substrate-binding subunit-containing|0055052||IEA		-	PFAM extracellular solute-binding protein, family 5	ko:K02035	M00239	ko00000,ko00001,ko00002,ko02000	3.A.1.5	-	SBP_bac_5
NCS66_RS05895	NCS1 family nucleobase:cation symporter-1	WP_250480478.1					-	PFAM permease for cytosine purines, uracil, thiamine, allantoin	ko:K03457	-	ko00000	2.A.39	-	Transp_cyt_pur
NCS66_RS05965	ABC transporter permease	WP_008349994.1	ABC-type transporter activity|0140359||IEA				-	Belongs to the binding-protein-dependent transport system permease family	ko:K02057	M00221	ko00000,ko00002,ko02000	3.A.1.2	-	BPD_transp_2
NCS66_RS05970	ABC transporter permease	WP_008349992.1			plasma membrane|0005886||IEA		-	Belongs to the binding-protein-dependent transport system permease family	ko:K02057	M00221	ko00000,ko00002,ko02000	3.A.1.2	-	BPD_transp_2
NCS66_RS05975	BMP family ABC transporter substrate-binding protein	WP_008349990.1					-	PFAM basic membrane lipoprotein	ko:K02058	M00221	ko00000,ko00002,ko02000	3.A.1.2	-	Bmp
NCS66_RS06050	DotU family type IV/VI secretion system protein	WP_250480485.1					-	TIGRFAM type IV VI secretion system protein, DotU family	ko:K11892	M00334	ko00000,ko00001,ko00002,ko02044	3.A.23.1	-	DotU
NCS66_RS06195	ABC transporter permease	WP_284508019.1	ABC-type transporter activity|0140359||IEA		membrane|0016020||IEA		-	Transport permease protein	ko:K09694	M00252	ko00000,ko00001,ko00002,ko02000	3.A.1.102	-	ABC2_membrane
NCS66_RS06310	inorganic phosphate transporter	WP_250480493.1		transmembrane transport|0055085||IEA	membrane|0016020||IEA		-	Phosphate transporter	ko:K03306	-	ko00000	2.A.20	-	PHO4
NCS66_RS06980	NCS1 family nucleobase:cation symporter-1	WP_033537166.1					-	Permease for cytosine/purines, uracil, thiamine, allantoin	ko:K03457	-	ko00000	2.A.39	-	Transp_cyt_pur
NCS66_RS07255	glutathione S-transferase	WP_008349463.1	glutathione binding|0043295||IEA	glutathione metabolic process|0006749||IEA			-	Glutathione S-transferase	ko:K00799	-	ko00000,ko00001,ko01000,ko02000	1.A.12.2.2,1.A.12.3.2	-	GST_C_3
NCS66_RS07265	ClcB-like voltage-gated chloride channel protein	WP_008349459.1	voltage-gated chloride channel activity|0005247||IEA	transmembrane transport|0055085||IEA	membrane|0016020||IEA		-	chloride channel	ko:K03281	-	ko00000	2.A.49	-	CBS,Voltage_CLC
NCS66_RS07285	TonB-dependent receptor	WP_250480530.1	channel activity|0015267||IEA	transmembrane transport|0055085||IEA			-	TonB dependent receptor	ko:K02014	-	ko00000,ko02000	1.B.14	-	Plug,STN,TonB_dep_Rec
NCS66_RS07300	iron export ABC transporter permease subunit FetB	WP_250480532.1				fetB	-	Uncharacterised protein family (UPF0014)	ko:K02069	M00211	ko00000,ko00002,ko02000	9.B.25.1	-	UPF0014
NCS66_RS07505	outer membrane protein assembly factor BamB	WP_008349379.1	protein binding|0005515||IEA		cell outer membrane|0009279||IEA	bamB	-	Part of the outer membrane protein assembly complex, which is involved in assembly and insertion of beta-barrel proteins into the outer membrane	ko:K17713	-	ko00000,ko02000	1.B.33.1	-	PQQ_2,PQQ_3
NCS66_RS07560	peptidoglycan DD-metalloendopeptidase family protein	WP_034473731.1					-	peptidase	ko:K06194	-	ko00000	1.A.34.1.2	-	LysM,Peptidase_M23
NCS66_RS07590	ABC transporter permease	WP_034473729.1	transmembrane transporter activity|0022857||IEA				-	binding-protein-dependent transport systems inner membrane component	ko:K02050	M00188	ko00000,ko00002,ko02000	3.A.1.16,3.A.1.17	-	BPD_transp_1
NCS66_RS07600	ABC transporter substrate-binding protein	WP_250434830.1					-	PFAM NMT1 THI5 like domain protein	ko:K02051	M00188	ko00000,ko00002,ko02000	3.A.1.16,3.A.1.17	-	NMT1_2
NCS66_RS07660	MATE family efflux transporter	WP_250434835.1	xenobiotic transmembrane transporter activity|0042910||IEA	xenobiotic transmembrane transport|0006855||IEA	membrane|0016020||IEA		-	MATE efflux family protein	ko:K03327	-	ko00000,ko02000	2.A.66.1	-	MatE
NCS66_RS07675	helix-hairpin-helix domain-containing protein	WP_175982271.1					-	Helix-hairpin-helix motif	ko:K02237	M00429	ko00000,ko00002,ko02044	3.A.11.1,3.A.11.2	-	HHH_3
NCS66_RS08255	NADH-quinone oxidoreductase subunit NuoN	WP_244807408.1	NADH dehydrogenase (ubiquinone) activity|0008137||IEA	ATP synthesis coupled electron transport|0042773||IEA		nuoN	-	NDH-1 shuttles electrons from NADH, via FMN and iron- sulfur (Fe-S) centers, to quinones in the respiratory chain. The immediate electron acceptor for the enzyme in this species is believed to be ubiquinone. Couples the redox reaction to proton translocation (for every two electrons transferred, four hydrogen ions are translocated across the cytoplasmic membrane), and thus conserves the redox energy in a proton gradient	ko:K00343	M00144	ko00000,ko00001,ko00002,ko01000	3.D.1	-	Proton_antipo_M
NCS66_RS08275	NADH-quinone oxidoreductase subunit J	WP_008341733.1	NADH dehydrogenase (ubiquinone) activity|0008137||IEA				-	Belongs to the complex I subunit 6 family	ko:K00339	M00144	ko00000,ko00001,ko00002,ko01000	3.D.1	-	Oxidored_q3
NCS66_RS08290	NADH-quinone oxidoreductase subunit NuoG	WP_250480559.1	NADH:ubiquinone reductase (non-electrogenic) activity|0050136||IEA	mitochondrial electron transport, NADH to ubiquinone|0006120||IEA		nuoG	-	NADH-quinone oxidoreductase	ko:K00336	M00144	ko00000,ko00001,ko00002,ko01000	3.D.1	-	Fer2_4,Molybdopterin,Molydop_binding,NADH-G_4Fe-4S_3
NCS66_RS08300	NADH-quinone oxidoreductase subunit NuoE	WP_008341741.1	oxidoreductase activity|0016491||IEA			nuoE	-	PFAM NADH dehydrogenase (ubiquinone) 24 kDa subunit	ko:K00334	M00144	ko00000,ko00001,ko00002,ko01000	3.D.1	-	2Fe-2S_thioredx
NCS66_RS08305	NADH-quinone oxidoreductase subunit D	WP_008341742.1	NAD binding|0051287||IEA				-	NDH-1 shuttles electrons from NADH, via FMN and iron- sulfur (Fe-S) centers, to quinones in the respiratory chain. The immediate electron acceptor for the enzyme in this species is believed to be ubiquinone. Couples the redox reaction to proton translocation (for every two electrons transferred, four hydrogen ions are translocated across the cytoplasmic membrane), and thus conserves the redox energy in a proton gradient	ko:K00333	M00144	ko00000,ko00001,ko00002,ko01000	3.D.1	-	Complex1_49kDa
NCS66_RS08310	NADH-quinone oxidoreductase subunit C	WP_008341743.1	NADH dehydrogenase (ubiquinone) activity|0008137||IEA				-	NDH-1 shuttles electrons from NADH, via FMN and iron- sulfur (Fe-S) centers, to quinones in the respiratory chain. The immediate electron acceptor for the enzyme in this species is believed to be ubiquinone. Couples the redox reaction to proton translocation (for every two electrons transferred, four hydrogen ions are translocated across the cytoplasmic membrane), and thus conserves the redox energy in a proton gradient	ko:K00332	M00144	ko00000,ko00001,ko00002,ko01000	3.D.1	-	Complex1_30kDa
NCS66_RS08315	NADH-quinone oxidoreductase subunit B	WP_006052903.1					-	NDH-1 shuttles electrons from NADH, via FMN and iron- sulfur (Fe-S) centers, to quinones in the respiratory chain. The immediate electron acceptor for the enzyme in this species is believed to be ubiquinone. Couples the redox reaction to proton translocation (for every two electrons transferred, four hydrogen ions are translocated across the cytoplasmic membrane), and thus conserves the redox energy in a proton gradient	ko:K00331	M00144	ko00000,ko00001,ko00002,ko01000	3.D.1	-	Oxidored_q6
NCS66_RS08320	NADH-quinone oxidoreductase subunit A	WP_008341784.1	quinone binding|0048038||IEA		plasma membrane|0005886||IEA		-	NDH-1 shuttles electrons from NADH, via FMN and iron- sulfur (Fe-S) centers, to quinones in the respiratory chain. The immediate electron acceptor for the enzyme in this species is believed to be ubiquinone. Couples the redox reaction to proton translocation (for every two electrons transferred, four hydrogen ions are translocated across the cytoplasmic membrane), and thus conserves the redox energy in a proton gradient	ko:K00330	M00144	ko00000,ko00001,ko00002,ko01000	3.D.1	-	Oxidored_q4
NCS66_RS08330	preprotein translocase subunit SecG	WP_175983176.1	sialic acid transmembrane transporter activity|0015136||IEA	sialic acid transport|0015739||IEA	membrane|0016020||IEA	secG	-	Preprotein translocase SecG subunit	ko:K03075	M00335	ko00000,ko00001,ko00002,ko02044	3.A.5.1,3.A.5.2	-	SecG
NCS66_RS08355	branched-chain amino acid ABC transporter substrate-binding protein	WP_250480560.1					-	abc transporter	ko:K01999	M00237	ko00000,ko00001,ko00002,ko02000	3.A.1.4	-	Peripla_BP_6
NCS66_RS08420	malonate decarboxylase subunit alpha	WP_244807414.1	decarboxylation-driven active transmembrane transporter activity|0015451||IEA	transport|0006810||IEA		mdcA	-	malonate decarboxylase alpha subunit	ko:K13929	-	ko00000,ko01000,ko02000	3.B.1.1.4	-	Mal_decarbox_Al
NCS66_RS08430	malonate decarboxylase subunit delta	WP_244807416.1					-	Malonate decarboxylase delta subunit	ko:K13931	-	ko00000,ko02000	3.B.1.1.4	-	ACP
NCS66_RS08565	outer membrane protein assembly factor BamC	WP_244807426.1				bamC	-	(Lipo)protein	ko:K07287	-	ko00000,ko02000	1.B.33.1	-	Lipoprotein_18
NCS66_RS08650	DNA internalization-related competence protein ComEC/Rec2	WP_244807431.1	transporter activity|0005215||IEA	DNA import into cell involved in transformation|0009290||IEA			-	Competence protein ComEC	ko:K02238	M00429	ko00000,ko00002,ko02044	3.A.11.1,3.A.11.2	-	Competence,DUF4131,Lactamase_B
NCS66_RS08800	FtsX-like permease family protein	WP_284504608.1			membrane|0016020||IEA		-	abc transporter, permease	ko:K02004	M00258	ko00000,ko00002,ko02000	3.A.1	-	FtsX,MacB_PCD
NCS66_RS08815	cytochrome ubiquinol oxidase subunit I	WP_244807443.1	metal ion binding|0046872||IEA	aerobic electron transport chain|0019646||IEA	cytochrome complex|0070069||IEA		-	cytochrome bd ubiquinol oxidase, subunit I	ko:K00425	M00153	ko00000,ko00001,ko00002,ko01000	3.D.4.3	-	Cyt_bd_oxida_I
NCS66_RS08820	cytochrome d ubiquinol oxidase subunit II	WP_034473035.1	oxidoreductase activity, acting on diphenols and related substances as donors, oxygen as acceptor|0016682||IEA			cydB	-	Cytochrome d ubiquinol oxidase, subunit II	ko:K00426	M00153	ko00000,ko00001,ko00002,ko01000	3.D.4.3	-	Cyt_bd_oxida_II
NCS66_RS08925	sugar ABC transporter substrate-binding protein	WP_008341961.1					-	ABC transporter substrate-binding protein	ko:K02058	M00221	ko00000,ko00002,ko02000	3.A.1.2	-	Peripla_BP_4
NCS66_RS08930	ABC transporter permease	WP_250480569.1	transmembrane transporter activity|0022857||IEA	carbohydrate transport|0008643||IEA	plasma membrane|0005886||IEA		-	Belongs to the binding-protein-dependent transport system permease family	ko:K02057	M00221	ko00000,ko00002,ko02000	3.A.1.2	-	BPD_transp_2
NCS66_RS08935	ATP-binding cassette domain-containing protein	WP_008341966.1	ATP binding|0005524||IEA				-	ABC transporter	ko:K02056	M00221	ko00000,ko00002,ko01000,ko02000	3.A.1.2	-	ABC_tran
NCS66_RS08980	branched-chain amino acid ABC transporter permease	WP_008341984.1	ABC-type transporter activity|0140359||IEA	branched-chain amino acid transport|0015803||IEA			-	Belongs to the binding-protein-dependent transport system permease family	ko:K01995,ko:K01998	M00237	ko00000,ko00001,ko00002,ko02000	3.A.1.4	-	ABC_tran,BCA_ABC_TP_C,BPD_transp_2
NCS66_RS08985	branched-chain amino acid ABC transporter permease	WP_250440001.1	ABC-type transporter activity|0140359||IEA		ATP-binding cassette (ABC) transporter complex|0043190||IEA		-	Belongs to the binding-protein-dependent transport system permease family	ko:K01997	M00237	ko00000,ko00001,ko00002,ko02000	3.A.1.4	-	BPD_transp_2
NCS66_RS09260	ABC transporter ATP-binding protein	WP_235366332.1	ATPase-coupled transmembrane transporter activity|0042626||IEA				-	abc transporter	ko:K06147	-	ko00000,ko02000	3.A.1.106,3.A.1.109,3.A.1.21	-	ABC_membrane,ABC_tran
NCS66_RS09610	MATE family efflux transporter	WP_250480583.1	xenobiotic transmembrane transporter activity|0042910||IEA	xenobiotic transmembrane transport|0006855||IEA	membrane|0016020||IEA		-	MATE efflux family protein	ko:K03327	-	ko00000,ko02000	2.A.66.1	-	MatE
NCS66_RS09800	helix-hairpin-helix domain-containing protein	WP_008342369.1					-	Helix-hairpin-helix motif	ko:K02237	M00429	ko00000,ko00002,ko02044	3.A.11.1,3.A.11.2	-	HHH_3
NCS66_RS09875	outer membrane protein OmpA	WP_033537188.1	porin activity|0015288||IEA	monoatomic ion transport|0006811||IEA		ompA	-	Belongs to the ompA family	ko:K03286	-	ko00000,ko02000	1.B.6	-	OmpA
NCS66_RS09970	cation:proton antiporter	WP_034472734.1		proton transmembrane transport|1902600||IEA			-	Pfam Sodium hydrogen exchanger	ko:K03455	-	ko00000	2.A.37	-	Na_H_Exchanger
NCS66_RS10015	urea ABC transporter substrate-binding protein	WP_008342462.1	ATPase-coupled urea transmembrane transporter activity|0033221||IEA	urea transport|0015840||IEA	ATP-binding cassette (ABC) transporter complex, substrate-binding subunit-containing|0055052||IEA	urtA	-	abc transporter	ko:K11959	M00323	ko00000,ko00001,ko00002,ko02000	3.A.1.4.4,3.A.1.4.5	-	Peripla_BP_5
NCS66_RS10020	urea ABC transporter permease subunit UrtB	WP_175980391.1	ATPase-coupled urea transmembrane transporter activity|0033221||IEA	urea transport|0015840||IEA	ATP-binding cassette (ABC) transporter complex, substrate-binding subunit-containing|0055052||IEA	urtB	-	Belongs to the binding-protein-dependent transport system permease family	ko:K11960	M00323	ko00000,ko00001,ko00002,ko02000	3.A.1.4.4,3.A.1.4.5	-	BPD_transp_2
NCS66_RS10025	urea ABC transporter permease subunit UrtC	WP_034472746.1	ATPase-coupled urea transmembrane transporter activity|0033221||IEA	urea transport|0015840||IEA	ATP-binding cassette (ABC) transporter complex, substrate-binding subunit-containing|0055052||IEA	urtC	-	Belongs to the binding-protein-dependent transport system permease family	ko:K11961	M00323	ko00000,ko00001,ko00002,ko02000	3.A.1.4.4,3.A.1.4.5	-	BPD_transp_2
NCS66_RS10045	transporter substrate-binding domain-containing protein	WP_008342474.1					-	PFAM extracellular solute-binding protein, family 3	ko:K02030,ko:K10022	M00235,M00236	ko00000,ko00001,ko00002,ko02000	3.A.1.3,3.A.1.3.11	-	SBP_bac_3
NCS66_RS10050	amino acid ABC transporter permease	WP_034472752.1	ABC-type transporter activity|0140359||IEA	amino acid transport|0006865||IEA			-	polar amino acid ABC transporter, inner membrane subunit	ko:K02029	M00236	ko00000,ko00002,ko02000	3.A.1.3	-	BPD_transp_1
NCS66_RS10120	oligosaccharide flippase family protein	WP_250480594.1			membrane|0016020||IEA		-	biosynthesis protein	ko:K03328	-	ko00000	2.A.66.2	-	Polysacc_synt,Polysacc_synt_3
NCS66_RS10490	ABC transporter ATP-binding protein	WP_250480639.1					-	ABC transporter	ko:K09691	M00250	ko00000,ko00001,ko00002,ko02000	3.A.1.103	-	ABC_tran,Wzt_C
NCS66_RS10495	ABC transporter permease	WP_250480640.1	ABC-type transporter activity|0140359||IEA		ATP-binding cassette (ABC) transporter complex|0043190||IEA		-	Transport permease protein	ko:K09690	M00250	ko00000,ko00001,ko00002,ko02000	3.A.1.103	-	ABC2_membrane
NCS66_RS10505	glycosyltransferase	WP_250480642.1					-	glycosyl transferase family 2	ko:K07011,ko:K20444	-	ko00000,ko01000,ko01005,ko02000	4.D.1.3	GT2,GT4	Glyco_tranf_2_3,Glyco_trans_1_4,Glycos_transf_2,Methyltransf_23
NCS66_RS10920	type IV pilin protein	WP_250480663.1		type IV pilus assembly|0043683||IEA			-	Type IV minor pilin ComP, DNA uptake sequence receptor	ko:K02655	-	ko00000,ko02035,ko02044	3.A.15.2	-	ComP_DUS,N_methyl
NCS66_RS10940	GspH/FimT family pseudopilin	WP_239295117.1		protein secretion by the type II secretion system|0015628||IEA	type II protein secretion system complex|0015627||IEA		-	Type II transport protein GspH	ko:K08084	-	ko00000,ko02044	3.A.15.2	-	GspH,N_methyl
NCS66_RS10975	cell envelope integrity protein TolA	WP_034471522.1	transporter activity|0005215||IEA	transport|0006810||IEA	periplasmic side of plasma membrane|0098567||IEA	tolA	-	TIGRFAM protein TolA	ko:K03646	-	ko00000,ko02000	2.C.1.2	-	TonB_2
NCS66_RS11045	LPS-assembly protein LptD	WP_239295125.1					-	Together with LptE, is involved in the assembly of lipopolysaccharide (LPS) at the surface of the outer membrane	ko:K04744	-	ko00000,ko02000	1.B.42.1	-	OstA,OstA_C
NCS66_RS11075	YadA-like family protein	WP_250480674.1					-	Hep_Hag repeat-containing protein	ko:K21449	-	ko00000,ko02000	1.B.40.2	-	ESPR,YadA_anchor,YadA_head,YadA_stalk
NCS66_RS11080	hypothetical protein	WP_250480675.1					-	Hep_Hag repeat-containing protein	ko:K21449	-	ko00000,ko02000	1.B.40.2	-	ESPR,YadA_anchor,YadA_head,YadA_stalk
NCS66_RS11135	LPS assembly lipoprotein LptE	WP_051996475.1		Gram-negative-bacterium-type cell outer membrane assembly|0043165||IEA	outer membrane|0019867||IEA	lptE	-	Together with LptD, is involved in the assembly of lipopolysaccharide (LPS) at the surface of the outer membrane. Required for the proper assembly of LptD. Binds LPS and may serve as the LPS recognition site at the outer membrane	ko:K03643	-	ko00000,ko02000	1.B.42.1	-	LptE
NCS66_RS11145	biopolymer transporter ExbD	WP_239295142.1	transmembrane transporter activity|0022857||IEA		membrane|0016020||IEA		-	Biopolymer transport protein, ExbD	ko:K03559	-	ko00000,ko02000	1.A.30.2.1	-	ExbD
NCS66_RS11150	MotA/TolQ/ExbB proton channel family protein	WP_239295143.1		protein transport|0015031||IEA	plasma membrane|0005886||IEA		-	PFAM MotA TolQ ExbB proton channel	ko:K03561	-	ko00000,ko02000	1.A.30.2.1	-	MotA_ExbB
NCS66_RS11160	outer membrane protein assembly factor BamE	WP_033537302.1					-	Part of the outer membrane protein assembly complex, which is involved in assembly and insertion of beta-barrel proteins into the outer membrane	ko:K06186	-	ko00000,ko02000	1.B.33.1	-	SmpA_OmlA
NCS66_RS11485	type II secretion system F family protein	WP_034471457.1					-	Type II secretion system	ko:K02653	-	ko00000,ko02035,ko02044	3.A.15.2	-	T2SSF
NCS66_RS11645	molybdopterin-dependent oxidoreductase	WP_250480692.1					-	Belongs to the prokaryotic molybdopterin-containing oxidoreductase family	ko:K07812	-	ko00000,ko01000,ko02000	5.A.3.4	-	Molybdop_Fe4S4,Molybdopterin,Molydop_binding
NCS66_RS11750	DsbC family protein	WP_034473936.1					-	Required for disulfide bond formation in some periplasmic proteins. Acts by transferring its disulfide bond to other proteins and is reduced in the process	ko:K03981	-	ko00000,ko01000,ko02044,ko03110	3.A.7.11.1	-	DsbC_N,Thioredoxin_2
NCS66_RS11840	Hsp70 family protein	WP_250460059.1	ATP-dependent protein folding chaperone|0140662||IEA				-	heat shock protein 70	ko:K04046	-	ko00000,ko03110	1.A.33	-	HSP70
NCS66_RS11955	Sec-independent protein translocase protein TatB	WP_008344147.1	protein transmembrane transporter activity|0008320||IEA	protein secretion by the type II secretion system|0015628||IEA	membrane|0016020||IEA	tatB	-	Part of the twin-arginine translocation (Tat) system that transports large folded proteins containing a characteristic twin-arginine motif in their signal peptide across membranes. Together with TatC, TatB is part of a receptor directly interacting with Tat signal peptides. TatB may form an oligomeric binding site that transiently accommodates folded Tat precursor proteins before their translocation	ko:K03117	M00336	ko00000,ko00001,ko00002,ko02044	2.A.64	-	MttA_Hcf106
NCS66_RS11960	Sec-independent protein translocase subunit TatA	WP_008344146.1		protein transport by the Tat complex|0043953||IEA	membrane|0016020||IEA	tatA	-	Part of the twin-arginine translocation (Tat) system that transports large folded proteins containing a characteristic twin-arginine motif in their signal peptide across membranes. TatA could form the protein-conducting channel of the Tat system	ko:K03116	M00336	ko00000,ko00001,ko00002,ko02044	2.A.64	-	MttA_Hcf106
NCS66_RS12045	STAS domain-containing protein	WP_081851876.1					-	STAS domain	ko:K07122	M00210	ko00000,ko00001,ko00002,ko02000	3.A.1.27.3	-	STAS_2
NCS66_RS12050	ABC transporter substrate-binding protein	WP_008344118.1					-	toluene tolerance	ko:K07323	M00210	ko00000,ko00001,ko00002,ko02000	3.A.1.27.3	-	MlaC
NCS66_RS12095	ABC transporter ATP-binding protein/permease	WP_008344104.1					-	abc transporter	ko:K02471	-	ko00000,ko00001,ko02000	3.A.1.203.11,3.A.1.203.4	-	ABC_membrane_2,ABC_tran
NCS66_RS12170	type IV pilus secretin PilQ	WP_250480717.1		protein secretion|0009306||IEA		pilQ	-	type IV pilus secretin PilQ	ko:K02666	-	ko00000,ko02035,ko02044	3.A.15.2	-	AMIN,STN,Secretin,Secretin_N
NCS66_RS12245	protein-disulfide reductase DsbD	WP_250480723.1	protein-disulfide reductase (NAD(P)H) activity|0047134||IEA			dsbD	-	Required to facilitate the formation of correct disulfide bonds in some periplasmic proteins and for the assembly of the periplasmic c-type cytochromes. Acts by transferring electrons from cytoplasmic thioredoxin to the periplasm. This transfer involves a cascade of disulfide bond formation and reduction steps	ko:K04084	-	ko00000,ko01000,ko03110	5.A.1.1	-	DsbC,DsbD,Thioredoxin_2,Thioredoxin_7
NCS66_RS12460	preprotein translocase subunit SecE	WP_008343790.1				secE	-	Essential subunit of the Sec protein translocation channel SecYEG. Clamps together the 2 halves of SecY. May contact the channel plug during translocation	ko:K03073	M00335	ko00000,ko00001,ko00002,ko02044	3.A.5.1,3.A.5.2	-	SecE
NCS66_RS12680	MgtC/SapB family protein	WP_051996639.1			plasma membrane|0005886||IEA		-	transporter	ko:K07507	-	ko00000,ko02000	9.B.20	-	MgtC
NCS66_RS12735	chromate efflux transporter	WP_250480733.1	chromate transmembrane transporter activity|0015109||IEA	chromate transport|0015703||IEA		chrA	-	TIGRFAM chromate transporter, chromate ion transporter (CHR) family	ko:K07240	-	ko00000,ko02000	2.A.51.1	-	Chromate_transp
NCS66_RS12780	glutathione S-transferase family protein	WP_250480736.1					-	Glutathione S-transferase	ko:K00799	-	ko00000,ko00001,ko01000,ko02000	1.A.12.2.2,1.A.12.3.2	-	GST_C_2,GST_C_3,GST_C_4,GST_N_3
NCS66_RS12945	CidA/LrgA family protein	WP_250480741.1			membrane|0016020||IEA		-	PFAM LrgA family protein	ko:K06518	-	ko00000,ko02000	1.E.14.2	-	LrgA
NCS66_RS13000	flagellar assembly protein FliH	WP_008352582.1	cytoskeletal motor activity|0003774||IEA		bacterial-type flagellum|0009288||IEA	fliH	-	Flagellar assembly protein flih	ko:K02411	-	ko00000,ko00001,ko02035,ko02044	3.A.6.2	-	FliH
NCS66_RS13050	flagellar biosynthetic protein FliO	WP_008352567.1		bacterial-type flagellum organization|0044781||IEA	membrane|0016020||IEA	fliO	-	flagellar	ko:K02418	-	ko00000,ko00001,ko02035,ko02044	3.A.6.2	-	FliO
NCS66_RS13265	branched-chain amino acid ABC transporter substrate-binding protein	WP_008352495.1	ABC-type transporter activity|0140359||IEA	transmembrane transport|0055085||IEA			-	amino acid	ko:K01999	M00237	ko00000,ko00001,ko00002,ko02000	3.A.1.4	-	Peripla_BP_6
NCS66_RS13325	F0F1 ATP synthase subunit delta	WP_034472325.1	proton-transporting ATP synthase activity, rotational mechanism|0046933||IEA	proton motive force-driven ATP synthesis|0015986||IEA			-	F(1)F(0) ATP synthase produces ATP from ADP in the presence of a proton or sodium gradient. F-type ATPases consist of two structural domains, F(1) containing the extramembraneous catalytic core and F(0) containing the membrane proton channel, linked together by a central stalk and a peripheral stalk. During catalysis, ATP synthesis in the catalytic domain of F(1) is coupled via a rotary mechanism of the central stalk subunits to proton translocation	ko:K02113	M00157	ko00000,ko00001,ko00002,ko00194	3.A.2.1	-	OSCP
NCS66_RS13335	F0F1 ATP synthase subunit C	WP_007180033.1	proton transmembrane transporter activity|0015078||IEA	proton motive force-driven ATP synthesis|0015986||IEA		atpE	-	F(1)F(0) ATP synthase produces ATP from ADP in the presence of a proton or sodium gradient. F-type ATPases consist of two structural domains, F(1) containing the extramembraneous catalytic core and F(0) containing the membrane proton channel, linked together by a central stalk and a peripheral stalk. During catalysis, ATP synthesis in the catalytic domain of F(1) is coupled via a rotary mechanism of the central stalk subunits to proton translocation	ko:K02110	M00157	ko00000,ko00001,ko00002,ko00194	3.A.2.1	-	ATP-synt_C
NCS66_RS13345	ATP synthase subunit I	WP_033536468.1					-	atp synthase	ko:K02116	-	ko00000,ko00194	3.A.2.1	-	ATP-synt_I
NCS66_RS13380	branched-chain amino acid ABC transporter ATP-binding protein/permease	WP_144403718.1	ABC-type transporter activity|0140359||IEA				-	Belongs to the binding-protein-dependent transport system permease family	ko:K01995,ko:K01998	M00237	ko00000,ko00001,ko00002,ko02000	3.A.1.4	-	ABC_tran,BCA_ABC_TP_C,BPD_transp_2
NCS66_RS13385	branched-chain amino acid ABC transporter permease	WP_008352437.1	ABC-type transporter activity|0140359||IEA	branched-chain amino acid transport|0015803||IEA			-	Belongs to the binding-protein-dependent transport system permease family	ko:K01997	M00237	ko00000,ko00001,ko00002,ko02000	3.A.1.4	-	BPD_transp_2
NCS66_RS13390	ABC transporter substrate-binding protein	WP_250480763.1					-	amino acid	ko:K01999	M00237	ko00000,ko00001,ko00002,ko02000	3.A.1.4	-	Peripla_BP_6
NCS66_RS13395	ABC transporter substrate-binding protein	WP_250480764.1					-	amino acid	ko:K01999	M00237	ko00000,ko00001,ko00002,ko02000	3.A.1.4	-	Peripla_BP_6
NCS66_RS13400	branched-chain amino acid ABC transporter permease	WP_008352433.1	ABC-type transporter activity|0140359||IEA	branched-chain amino acid transport|0015803||IEA			-	Belongs to the binding-protein-dependent transport system permease family	ko:K01998	M00237	ko00000,ko00001,ko00002,ko02000	3.A.1.4	-	BPD_transp_2
NCS66_RS13405	branched-chain amino acid ABC transporter permease	WP_008352432.1	ABC-type transporter activity|0140359||IEA		ATP-binding cassette (ABC) transporter complex|0043190||IEA		-	Belongs to the binding-protein-dependent transport system permease family	ko:K01997	M00237	ko00000,ko00001,ko00002,ko02000	3.A.1.4	-	BPD_transp_2
NCS66_RS13410	ABC transporter substrate-binding protein	WP_008352431.1					-	abc transporter	ko:K01999	M00237	ko00000,ko00001,ko00002,ko02000	3.A.1.4	-	Peripla_BP_6
NCS66_RS13520	type II secretion system secretin GspD	WP_250480772.1		protein secretion by the type II secretion system|0015628||IEA	outer membrane|0019867||IEA	gspD	-	general secretion pathway protein D	ko:K02453	M00331	ko00000,ko00001,ko00002,ko02044	3.A.15	-	Secretin,Secretin_N
NCS66_RS13535	general secretion pathway protein GspC	WP_175979674.1					-	general secretion pathway protein	ko:K02452	M00331	ko00000,ko00001,ko00002,ko02044	3.A.15	-	T2SSC
NCS66_RS13545	GspH/FimT family pseudopilin	WP_239294372.1		protein secretion by the type II secretion system|0015628||IEA	type II protein secretion system complex|0015627||IEA		-	general secretion pathway protein	ko:K02457	M00331	ko00000,ko00001,ko00002,ko02044	3.A.15	-	GspH,N_methyl
NCS66_RS13550	type II secretion system minor pseudopilin GspI	WP_008352388.1		protein secretion by the type II secretion system|0015628||IEA	type II protein secretion system complex|0015627||IEA	gspI	-	General secretion pathway protein I	ko:K02458	M00331	ko00000,ko00001,ko00002,ko02044	3.A.15	-	N_methyl,T2SSI
NCS66_RS13555	prepilin-type N-terminal cleavage/methylation domain-containing protein	WP_239294371.1					-	general secretion pathway protein	ko:K02459	M00331	ko00000,ko00001,ko00002,ko02044	3.A.15	-	N_methyl,T2SSJ
NCS66_RS13560	type II secretion system minor pseudopilin GspK	WP_250435367.1		protein secretion|0009306||IEA	membrane|0016020||IEA	gspK	-	general secretion pathway protein K	ko:K02460	M00331	ko00000,ko00001,ko00002,ko02044	3.A.15	-	T2SSK
NCS66_RS13565	type II secretion system protein GspL	WP_250480774.1		protein secretion by the type II secretion system|0015628||IEA	type II protein secretion system complex|0015627||IEA	gspL	-	General secretion pathway protein L	ko:K02461	M00331	ko00000,ko00001,ko00002,ko02044	3.A.15	-	GspL_C,T2SSL
NCS66_RS13570	type II secretion system protein M	WP_250480775.1					-	General secretion pathway	ko:K02462	M00331	ko00000,ko00001,ko00002,ko02044	3.A.15	-	T2SSM
NCS66_RS13575	type II secretion system protein N	WP_008352383.1					-	General Secretory Pathway	ko:K02463	M00331	ko00000,ko00001,ko00002,ko02044	3.A.15	-	T2SSN
NCS66_RS13685	mechanosensitive ion channel family protein	WP_008352348.1	mechanosensitive monoatomic ion channel activity|0008381||IEA				-	mechanosensitive ion channel	ko:K03442	-	ko00000,ko02000	1.A.23.2	-	MS_channel,TM_helix
NCS66_RS13710	amino acid permease	WP_008352338.1	transmembrane transporter activity|0022857||IEA	transmembrane transport|0055085||IEA	membrane|0016020||IEA		-	amino acid	ko:K03294	-	ko00000	2.A.3.2	-	AA_permease_2
NCS66_RS13785	branched-chain amino acid ABC transporter substrate-binding protein	WP_008352302.1	ABC-type transporter activity|0140359||IEA	transmembrane transport|0055085||IEA			-	amino acid	ko:K01999	M00237	ko00000,ko00001,ko00002,ko02000	3.A.1.4	-	Peripla_BP_6
NCS66_RS13845	c-type cytochrome	WP_175979692.1	heme binding|0020037||IEA				-	cytochrome C	ko:K08738	M00595	ko00000,ko00001,ko00002	3.D.4.6	-	Cytochrom_C,Cytochrome_CBB3
NCS66_RS13960	hypothetical protein	WP_250480797.1					-	Protein involved in receptor activity and transport	ko:K02014	-	ko00000,ko02000	1.B.14	-	Plug,TonB_dep_Rec
NCS66_RS14015	glycine betaine ABC transporter substrate-binding protein	WP_008354144.1					-	PFAM Substrate-binding region of ABC-type glycine betaine transport system	ko:K02002	M00208	ko00000,ko00001,ko00002,ko02000	3.A.1.12	-	OpuAC
NCS66_RS14035	choline ABC transporter substrate-binding protein	WP_008354139.1					-	PFAM Substrate-binding region of ABC-type glycine betaine transport system	ko:K02002	M00208	ko00000,ko00001,ko00002,ko02000	3.A.1.12	-	OpuAC
NCS66_RS14045	porin	WP_008354137.1	porin activity|0015288||IEA		cell outer membrane|0009279||IEA		-	PFAM porin Gram-negative type	ko:K08720	-	ko00000,ko00001,ko02000	1.B.1.2.1	-	Porin_4
NCS66_RS14060	choline ABC transporter substrate-binding protein	WP_008354134.1					-	PFAM Substrate-binding region of ABC-type glycine betaine transport system	ko:K02002	M00208	ko00000,ko00001,ko00002,ko02000	3.A.1.12	-	OpuAC
NCS66_RS14140	branched-chain amino acid ABC transporter substrate-binding protein	WP_008354116.1	ABC-type transporter activity|0140359||IEA	transmembrane transport|0055085||IEA			-	PFAM Extracellular ligand-binding receptor	ko:K01999	M00237	ko00000,ko00001,ko00002,ko02000	3.A.1.4	-	Peripla_BP_6
NCS66_RS14185	substrate-binding domain-containing protein	WP_008354107.1					-	Periplasmic binding protein domain	ko:K10439	M00212	ko00000,ko00001,ko00002,ko02000	3.A.1.2.1,3.A.1.2.13,3.A.1.2.19	-	Peripla_BP_4
NCS66_RS14215	chromate transporter	WP_033536666.1	chromate transmembrane transporter activity|0015109||IEA	chromate transport|0015703||IEA			-	Chromate transporter	ko:K07240	-	ko00000,ko02000	2.A.51.1	-	Chromate_transp
NCS66_RS14220	chromate transporter	WP_008354099.1	chromate transmembrane transporter activity|0015109||IEA	chromate transport|0015703||IEA			-	Chromate transporter	ko:K07240	-	ko00000,ko02000	2.A.51.1	-	Chromate_transp
NCS66_RS14555	flippase	WP_033536876.1					-	Polysaccharide biosynthesis protein	ko:K03328	-	ko00000	2.A.66.2	-	Polysacc_synt,Polysacc_synt_C
NCS66_RS14790	glutathione S-transferase N-terminal domain-containing protein	WP_008353963.1	protein binding|0005515||IEA	glutathione metabolic process|0006749||IEA			-	Glutathione S-transferase	ko:K00799	-	ko00000,ko00001,ko01000,ko02000	1.A.12.2.2,1.A.12.3.2	-	GST_C_2,GST_N_3
NCS66_RS14900	TRAP transporter large permease	WP_008353936.1	transmembrane transporter activity|0022857||IEA	carbohydrate transport|0008643||IEA	tripartite ATP-independent periplasmic transporter complex|0031317||IEA		-	Tripartite ATP-independent periplasmic transporter, DctM component	ko:K21393	-	ko00000,ko02000	2.A.56.1	-	DctM
NCS66_RS14905	TRAP transporter small permease	WP_008353934.1	transmembrane transporter activity|0022857||IEA		membrane|0016020||IEA		-	Tripartite ATP-independent periplasmic transporters, DctQ component	ko:K11689	-	ko00000,ko00001,ko02000	2.A.56.1	-	DctQ
NCS66_RS14940	MFS transporter	WP_008353924.1	transmembrane transporter activity|0022857||IEA	transmembrane transport|0055085||IEA			-	MFS/sugar transport protein	ko:K08172	-	ko00000,ko02000	2.A.1.6.6	-	MFS_1,Sugar_tr
NCS66_RS14965	type VI secretion system Vgr family protein	WP_034471898.1				vgrG	-	rhs element vgr protein	ko:K11904	M00334	ko00000,ko00001,ko00002,ko02044	3.A.23.1	-	DUF2345,Phage_GPD,T6SS_Vgr
NCS66_RS14990	ImcF-related family protein	WP_241484859.1					-	PFAM ImcF domain protein	ko:K11891	M00334	ko00000,ko00001,ko00002,ko02044	3.A.23.1	-	IcmF-related,IcmF_C
NCS66_RS15000	type VI secretion system baseplate subunit TssF	WP_008353914.1	molecular_function|0003674||IEA	protein secretion by the type VI secretion system|0033103||IEA		tssF	-	Type VI secretion	ko:K11896	M00334	ko00000,ko00002,ko02044	3.A.23.1	-	T6SS_TssF
NCS66_RS15005	type VI secretion system baseplate subunit TssG	WP_008353912.1		protein secretion by the type VI secretion system|0033103||IEA		tssG	-	Type VI secretion protein	ko:K11895	M00334	ko00000,ko00001,ko00002,ko02044	3.A.23.1	-	T6SS_TssG
NCS66_RS15010	type VI secretion system lipoprotein TssJ	WP_008353910.1	molecular_function|0003674||IEA	protein secretion by the type VI secretion system|0033103||IEA		tssJ	-	Type VI secretion	ko:K11906	M00334	ko00000,ko00001,ko00002,ko02044	3.A.23.1	-	T6SS-SciN
NCS66_RS15015	type VI secretion system lipoprotein TssJ	WP_235366207.1	molecular_function|0003674||IEA	protein secretion by the type VI secretion system|0033103||IEA		tssJ	-	Type VI secretion	ko:K11906	M00334	ko00000,ko00001,ko00002,ko02044	3.A.23.1	-	T6SS-SciN
NCS66_RS15045	oxalate/formate MFS antiporter	WP_008353903.1	antiporter activity|0015297||IEA			oxlT	-	Major Facilitator Superfamily	ko:K08177	-	ko00000,ko02000	2.A.1.11	-	MFS_1
NCS66_RS15435	2-aminoethylphosphonate ABC transporter substrate-binding protein	WP_008353793.1	2-aminoethylphosphonate binding|0033226||IEA	2-aminoethylphosphonate transport|0033223||IEA	ATP-binding cassette (ABC) transporter complex, substrate-binding subunit-containing|0055052||IEA	phnS	-	2-aminoethylphosphonate ABC transporter, 2-aminoethylphosphonate binding protein	ko:K02055,ko:K11081	M00193,M00302	ko00000,ko00001,ko00002,ko02000	3.A.1.11,3.A.1.11.5	-	SBP_bac_6
NCS66_RS15445	2-aminoethylphosphonate ABC transporter permease subunit	WP_008353791.1					-	2-aminoethylphosphonate ABC transporter, permease protein	ko:K11083	M00302	ko00000,ko00001,ko00002,ko02000	3.A.1.11.5	-	BPD_transp_1
NCS66_RS15450	2-aminoethylphosphonate ABC transport system, membrane component PhnV	WP_008353790.1	ATPase-coupled 2-aminoethylphosphonate transporter activity|0033225||IEA	2-aminoethylphosphonate transport|0033223||IEA	ATP-binding cassette (ABC) transporter complex, substrate-binding subunit-containing|0055052||IEA	phnV	-	2-aminoethylphosphonate ABC transport system, membrane component PhnV	ko:K11082	M00302	ko00000,ko00001,ko00002,ko02000	3.A.1.11.5	-	BPD_transp_1
NCS66_RS15480	aspartate-alanine antiporter	WP_008353783.1	aspartate:alanine antiporter activity|0070906||IEA			aspT	-	TrkA-C domain	ko:K07085	-	ko00000	2.A.81	-	Asp-Al_Ex,TrkA_C
NCS66_RS15510	MFS transporter	WP_034471865.1	transmembrane transporter activity|0022857||IEA	transmembrane transport|0055085||IEA			-	transporter	ko:K08369	-	ko00000,ko02000	2.A.1	-	Sugar_tr
NCS66_RS15705	M55 family metallopeptidase	WP_008353731.1					-	PFAM peptidase M55 D-aminopeptidase	ko:K16203	-	ko00000,ko01000,ko01002	3.A.1.5.2	-	Peptidase_M55
NCS66_RS15775	NCS1 family nucleobase:cation symporter-1	WP_008353715.1					-	PFAM permease for cytosine purines, uracil, thiamine, allantoin	ko:K03457	-	ko00000	2.A.39	-	Transp_cyt_pur
NCS66_RS15845	DHA2 family efflux MFS transporter permease subunit	WP_034471854.1		response to xenobiotic stimulus|0009410||IEA	plasma membrane|0005886||IEA		-	Major facilitator Superfamily	ko:K03446	M00701	ko00000,ko00002,ko02000	2.A.1.3	-	MFS_1
NCS66_RS16045	TonB-dependent siderophore receptor	WP_008353644.1	signaling receptor activity|0038023||IEA	siderophore transport|0015891||IEA	cell outer membrane|0009279||IEA		-	TonB-dependent siderophore receptor	ko:K16090	-	ko00000,ko02000	1.B.14.1.11	-	Plug,TonB_dep_Rec
NCS66_RS16055	cellulose biosynthesis protein BcsC	WP_008353642.1		cellulose biosynthetic process|0030244||IEA	outer membrane|0019867||IEA		-	cellulose synthase operon C domain protein	ko:K20543	-	ko00000,ko02000	1.B.55.3	-	BCSC_C,TPR_16,TPR_19,TPR_4,TPR_7,TPR_8
NCS66_RS16110	ABC transporter permease	WP_008353631.1	ABC-type transporter activity|0140359||IEA	transmembrane transport|0055085||IEA	ATP-binding cassette (ABC) transporter complex, substrate-binding subunit-containing|0055052||IEA		-	PFAM binding-protein-dependent transport systems inner membrane component	ko:K02053	M00193	ko00000,ko00001,ko00002,ko02000	3.A.1.11	-	BPD_transp_1
NCS66_RS16115	ABC transporter permease	WP_051079071.1	ABC-type transporter activity|0140359||IEA	transmembrane transport|0055085||IEA	ATP-binding cassette (ABC) transporter complex, substrate-binding subunit-containing|0055052||IEA		-	PFAM binding-protein-dependent transport systems inner membrane component	ko:K02054	M00193	ko00000,ko00001,ko00002,ko02000	3.A.1.11	-	BPD_transp_1
NCS66_RS16120	ABC transporter substrate-binding protein	WP_235366336.1	ABC-type transporter activity|0140359||IEA		ATP-binding cassette (ABC) transporter complex, substrate-binding subunit-containing|0055052||IEA		-	PFAM extracellular solute-binding protein family 1	ko:K02055	M00193	ko00000,ko00001,ko00002,ko02000	3.A.1.11	-	SBP_bac_8
NCS66_RS16145	transporter	WP_008353624.1					-	PFAM Mg2 transporter protein CorA family protein	ko:K16074	-	ko00000,ko02000	1.A.35.4	-	CorA
NCS66_RS16230	CmpA/NrtA family ABC transporter substrate-binding protein	WP_008353602.1	ABC-type transporter activity|0140359||IEA		ATP-binding cassette (ABC) transporter complex, substrate-binding subunit-containing|0055052||IEA		-	Nitrate ABC transporter	ko:K02051,ko:K15576,ko:K22067	M00188,M00438	ko00000,ko00001,ko00002,ko02000,ko02022	3.A.1.16,3.A.1.16.1,3.A.1.16.2,3.A.1.17	-	NMT1_2
NCS66_RS16245	MFS transporter	WP_008353599.1	transmembrane transporter activity|0022857||IEA	transmembrane transport|0055085||IEA			-	Major facilitator superfamily MFS_1	ko:K02575	M00615	ko00000,ko00001,ko00002,ko02000	2.A.1.8	-	MFS_1
NCS66_RS16350	MFS transporter	WP_033536123.1					-	PFAM major facilitator superfamily MFS_1	ko:K08166	-	ko00000,ko02000	2.A.1.3.10	-	MFS_1,MFS_3
NCS66_RS16405	glutathione S-transferase	WP_008353558.1					-	Belongs to the GST superfamily	ko:K00799	-	ko00000,ko00001,ko01000,ko02000	1.A.12.2.2,1.A.12.3.2	-	GST_C,GST_C_3,GST_N,GST_N_3
NCS66_RS16480	ABC transporter permease	WP_008353537.1	transmembrane transporter activity|0022857||IEA	carbohydrate transport|0008643||IEA	plasma membrane|0005886||IEA		-	Belongs to the binding-protein-dependent transport system permease family	ko:K10560	M00220	ko00000,ko00001,ko00002,ko02000	3.A.1.2.9	-	BPD_transp_2
NCS66_RS16485	ABC transporter permease	WP_008353535.1	ABC-type transporter activity|0140359||IEA				-	Belongs to the binding-protein-dependent transport system permease family	ko:K10561	M00220	ko00000,ko00001,ko00002,ko02000	3.A.1.2.9	-	BPD_transp_2
NCS66_RS16490	rhamnose ABC transporter substrate-binding protein	WP_008353534.1	rhamnose binding|0033296||IEA	rhamnose transmembrane transport|0015762||IEA	ATP-binding cassette (ABC) transporter complex, substrate-binding subunit-containing|0055052||IEA	rhaS	-	TIGRFAM rhamnose ABC transporter, periplasmic rhamnose-binding protein	ko:K10559	M00220	ko00000,ko00001,ko00002,ko02000	3.A.1.2.9	-	Peripla_BP_4
NCS66_RS16510	nitrate/sulfonate/bicarbonate ABC transporter inner membrane protein	WP_008353530.1					-	ABC-type nitrate sulfonate bicarbonate transport system permease component	ko:K02050	M00188	ko00000,ko00002,ko02000	3.A.1.16,3.A.1.17	-	BPD_transp_1
NCS66_RS16515	ATP-binding cassette domain-containing protein	WP_008353529.1	ATP binding|0005524||IEA				-	ATPases associated with a variety of cellular activities	ko:K02049	M00188	ko00000,ko00002,ko02000	3.A.1.16,3.A.1.17	-	ABC_tran
NCS66_RS16555	HoxN/HupN/NixA family nickel/cobalt transporter	WP_008353519.1					-	Belongs to the NiCoT transporter (TC 2.A.52) family	ko:K07241	-	ko00000,ko02000	2.A.52.1	-	NicO
NCS66_RS16615	magnesium/cobalt transporter CorA	WP_008353501.1	magnesium ion transmembrane transporter activity|0015095||IEA	magnesium ion transport|0015693||IEA	membrane|0016020||IEA	corA	-	Mediates influx of magnesium ions	ko:K03284	-	ko00000,ko02000	1.A.35.1,1.A.35.3	-	CorA
NCS66_RS16860	glutathione S-transferase family protein	WP_008353437.1					-	Glutathione S-transferase	ko:K00799	-	ko00000,ko00001,ko01000,ko02000	1.A.12.2.2,1.A.12.3.2	-	GST_C_2,GST_N_2,GST_N_3
NCS66_RS16910	extracellular solute-binding protein	WP_008353424.1					-	Bacterial extracellular solute-binding protein	ko:K02055	M00193	ko00000,ko00001,ko00002,ko02000	3.A.1.11	-	SBP_bac_8
NCS66_RS16920	sugar ABC transporter permease	WP_008353421.1	ABC-type transporter activity|0140359||IEA				-	PFAM binding-protein-dependent transport systems inner membrane component	ko:K02054	M00193	ko00000,ko00001,ko00002,ko02000	3.A.1.11	-	BPD_transp_1
NCS66_RS16925	ABC transporter permease	WP_033536134.1	ABC-type transporter activity|0140359||IEA	transmembrane transport|0055085||IEA	ATP-binding cassette (ABC) transporter complex, substrate-binding subunit-containing|0055052||IEA		-	PFAM binding-protein-dependent transport systems inner membrane component	ko:K02053	M00193	ko00000,ko00001,ko00002,ko02000	3.A.1.11	-	BPD_transp_1
NCS66_RS16955	bifunctional lysylphosphatidylglycerol flippase/synthetase MprF	WP_033536136.1				mprF	-	Uncharacterised conserved protein (DUF2156)	ko:K07027,ko:K14205	M00726	ko00000,ko00001,ko00002,ko01000,ko01504,ko02000	2.A.1.3.37,4.D.2	-	DUF2156,LPG_synthase_TM
NCS66_RS17085	mechanosensitive ion channel domain-containing protein	WP_033536138.1		transmembrane transport|0055085||IEA	membrane|0016020||IEA		-	mechanosensitive ion channel	ko:K22044	-	ko00000,ko02000	1.A.23.3	-	MS_channel
NCS66_RS17150	Na+/H+ antiporter	WP_008353358.1	sodium:proton antiporter activity|0015385||IEA	proton transmembrane transport|1902600||IEA	membrane|0016020||IEA		-	Na H antiporter	ko:K03316	-	ko00000	2.A.36	-	Na_H_Exchanger
NCS66_RS17165	ABC transporter substrate-binding protein	WP_008353355.1					-	PFAM periplasmic binding protein LacI transcriptional regulator	ko:K10439	M00212	ko00000,ko00001,ko00002,ko02000	3.A.1.2.1,3.A.1.2.13,3.A.1.2.19	-	Peripla_BP_4
NCS66_RS17425	amino acid permease	WP_033535977.1	transmembrane transporter activity|0022857||IEA	transmembrane transport|0055085||IEA	membrane|0016020||IEA		-	amino acid	ko:K03294	-	ko00000	2.A.3.2	-	AA_permease_2
NCS66_RS17450	branched-chain amino acid ABC transporter ATP-binding protein/permease	WP_008353274.1	ABC-type transporter activity|0140359||IEA				-	Belongs to the binding-protein-dependent transport system permease family	ko:K01995,ko:K01998	M00237	ko00000,ko00001,ko00002,ko02000	3.A.1.4	-	ABC_tran,BCA_ABC_TP_C,BPD_transp_2
NCS66_RS17455	branched-chain amino acid ABC transporter permease	WP_008353273.1	ABC-type transporter activity|0140359||IEA	branched-chain amino acid transport|0015803||IEA			-	Belongs to the binding-protein-dependent transport system permease family	ko:K01997	M00237	ko00000,ko00001,ko00002,ko02000	3.A.1.4	-	BPD_transp_2
NCS66_RS17460	ABC transporter substrate-binding protein	WP_008353271.1					-	ABC transporter substrate-binding protein	ko:K01999	M00237	ko00000,ko00001,ko00002,ko02000	3.A.1.4	-	Peripla_BP_6
NCS66_RS17515	peptidase domain-containing ABC transporter	WP_008353255.1					-	ABC transporter	ko:K06147	-	ko00000,ko02000	3.A.1.106,3.A.1.109,3.A.1.21	-	ABC_membrane,ABC_tran,Peptidase_C39,cNMP_binding
NCS66_RS17685	b(o/a)3-type cytochrome-c oxidase subunit 1	WP_008353201.1					-	Cytochrome C oxidase subunit I	ko:K02274	M00155	ko00000,ko00001,ko00002,ko01000	3.D.4.2,3.D.4.3,3.D.4.4,3.D.4.6	-	COX1
NCS66_RS17690	cupredoxin domain-containing protein	WP_008353200.1					-	Cytochrome C oxidase subunit II, periplasmic domain	ko:K02275	M00155	ko00000,ko00001,ko00002,ko01000	3.D.4.2,3.D.4.4,3.D.4.6	-	COX2
NCS66_RS17745	oxalate/formate MFS antiporter	WP_033537054.1	antiporter activity|0015297||IEA			oxlT	-	Spermidine putrescine ABC transporter substrate-binding protein	ko:K08177	-	ko00000,ko02000	2.A.1.11	-	MFS_1
NCS66_RS17830	ionic transporter y4hA	WP_008353159.1					-	PFAM sodium calcium exchanger membrane region	ko:K07300	-	ko00000,ko02000	2.A.19	-	Na_Ca_ex
NCS66_RS17900	cytochrome ubiquinol oxidase subunit I	WP_008353141.1	metal ion binding|0046872||IEA	aerobic electron transport chain|0019646||IEA	cytochrome complex|0070069||IEA		-	cytochrome bd ubiquinol oxidase, subunit I	ko:K00425	M00153	ko00000,ko00001,ko00002,ko01000	3.D.4.3	-	Cyt_bd_oxida_I
NCS66_RS17905	cytochrome d ubiquinol oxidase subunit II	WP_008353140.1	oxidoreductase activity, acting on diphenols and related substances as donors, oxygen as acceptor|0016682||IEA			cydB	-	Cytochrome d ubiquinol oxidase, subunit II	ko:K00426	M00153	ko00000,ko00001,ko00002,ko01000	3.D.4.3	-	Cyt_bd_oxida_II
NCS66_RS18100	efflux transporter outer membrane subunit	WP_033537058.1	porin activity|0015288||IEA	transport|0006810||IEA	cell outer membrane|0009279||IEA		-	RND efflux system, outer membrane lipoprotein	ko:K18903	M00698	ko00000,ko00002,ko01504,ko02000	1.B.17.3.3	-	OEP
NCS66_RS18110	efflux RND transporter periplasmic adaptor subunit	WP_008353077.1	transporter activity|0005215||IEA	transport|0006810||IEA			-	Belongs to the membrane fusion protein (MFP) (TC 8.A.1) family	ko:K18901	M00698	ko00000,ko00002,ko01504,ko02000	2.A.6.2,8.A.1	-	Biotin_lipoyl_2,HlyD_3,HlyD_D23
NCS66_RS18170	ABC transporter substrate-binding protein	WP_008353061.1					-	SMART extracellular solute-binding protein, family 3	ko:K02030	M00236	ko00000,ko00002,ko02000	3.A.1.3	-	SBP_bac_3
NCS66_RS18260	ectoine/hydroxyectoine ABC transporter substrate-binding protein EhuB	WP_033537059.1	hydroxyectoine binding|0033295||IEA	ectoine transmembrane transport|0051470||IEA	outer membrane-bounded periplasmic space|0030288||IEA	ehuB	-	extracellular solute-binding protein, family 3	ko:K02030	M00236	ko00000,ko00002,ko02000	3.A.1.3	-	SBP_bac_3
NCS66_RS18270	ectoine/hydroxyectoine ABC transporter permease subunit EhuD	WP_200889187.1	ATPase-coupled hydroxyectoine transmembrane transporter activity|0033288||IEA	ectoine transmembrane transport|0051470||IEA	plasma membrane|0005886||IEA	ehuD	-	amino acid ABC transporter	ko:K02029,ko:K10009	M00234,M00236	ko00000,ko00001,ko00002,ko02000	3.A.1.3,3.A.1.3.10,3.A.1.3.14	-	BPD_transp_1
NCS66_RS18325	ammonium transporter	WP_008353013.1	ammonium transmembrane transporter activity|0008519||IEA	ammonium transmembrane transport|0072488||IEA	membrane|0016020||IEA		-	Ammonium transporter	ko:K03320,ko:K06580	-	ko00000,ko02000,ko04090	1.A.11,1.A.11.4	-	Ammonium_transp
NCS66_RS18350	mechanosensitive ion channel family protein	WP_008353005.1	mechanosensitive monoatomic ion channel activity|0008381||IEA				-	mechanosensitive ion channel	ko:K03442,ko:K16052	-	ko00000,ko02000	1.A.23.2,1.A.23.4	-	MS_channel,TM_helix
NCS66_RS18415	DMT family transporter	WP_008352989.1	transporter activity|0005215||IEA	transmembrane transport|0055085||IEA			-	EamA-like transporter family	ko:K15270	-	ko00000,ko02000	2.A.7.3.7	-	EamA
NCS66_RS18675	ABC transporter substrate-binding protein	WP_033536707.1					-	PFAM Extracellular ligand-binding receptor	ko:K01999	M00237	ko00000,ko00001,ko00002,ko02000	3.A.1.4	-	Peripla_BP_6
NCS66_RS18690	ABC transporter permease	WP_033536721.1					-	Belongs to the binding-protein-dependent transport system permease family	ko:K01997,ko:K01998	M00237	ko00000,ko00001,ko00002,ko02000	3.A.1.4	-	BPD_transp_2
NCS66_RS18825	TonB-dependent siderophore receptor	WP_033536703.1	signaling receptor activity|0038023||IEA	siderophore transport|0015891||IEA	cell outer membrane|0009279||IEA		-	siderophore receptor	ko:K02014,ko:K16090	-	ko00000,ko02000	1.B.14,1.B.14.1.11	-	Plug,TonB_dep_Rec
NCS66_RS18835	TonB-dependent receptor	WP_235366291.1	channel activity|0015267||IEA	transmembrane transport|0055085||IEA			-	siderophore receptor	ko:K02014	-	ko00000,ko02000	1.B.14	-	Plug,STN,TonB_dep_Rec
NCS66_RS18855	porin	WP_008352860.1	porin activity|0015288||IEA		cell outer membrane|0009279||IEA		-	Gram-negative porin	ko:K03285	-	ko00000	1.B.1	-	Porin_4
NCS66_RS18875	mechanosensitive ion channel domain-containing protein	WP_250480825.1	mechanosensitive monoatomic ion channel activity|0008381||IEA				-	Mechanosensitive ion channel	ko:K22044	-	ko00000,ko02000	1.A.23.3	-	MS_channel
NCS66_RS18890	efflux RND transporter permease subunit	WP_244808157.1	transmembrane transporter activity|0022857||IEA		membrane|0016020||IEA		-	Belongs to the resistance-nodulation-cell division (RND) (TC 2.A.6) family	ko:K18303	M00642	ko00000,ko00002,ko01504,ko02000	2.A.6.2.17	-	ACR_tran
NCS66_RS18930	ABC transporter substrate-binding protein	WP_008352837.1					-	NMT1-like family	ko:K02051	M00188	ko00000,ko00002,ko02000	3.A.1.16,3.A.1.17	-	NMT1,NMT1_2
NCS66_RS19005	porin	WP_008352819.1	porin activity|0015288||IEA		cell outer membrane|0009279||IEA		GO:0005575,GO:0005623,GO:0009279,GO:0016020,GO:0019867,GO:0030312,GO:0030313,GO:0031975,GO:0044462,GO:0044464,GO:0071944	PFAM porin Gram-negative type	ko:K03285	-	ko00000	1.B.1	-	Porin_4
NCS66_RS19065	H(+)/Cl(-) exchange transporter ClcA	WP_250480828.1	voltage-gated chloride channel activity|0005247||IEA	transmembrane transport|0055085||IEA	plasma membrane|0005886||IEA	clcA	-	Voltage gated chloride channel	ko:K03281	-	ko00000	2.A.49	-	Voltage_CLC
NCS66_RS19175	ABC transporter ATP-binding protein	WP_008354443.1	ATP binding|0005524||IEA				-	ABC transporter	ko:K01990	M00254	ko00000,ko00002,ko02000	3.A.1	-	ABC_tran
NCS66_RS19180	ABC transporter permease	WP_008354441.1	ABC-type transporter activity|0140359||IEA		membrane|0016020||IEA		-	ABC-2 type transporter	ko:K01992	M00254	ko00000,ko00002,ko02000	3.A.1	-	ABC2_membrane_3
NCS66_RS19205	ABC transporter permease	WP_008354431.1	ABC-type transporter activity|0140359||IEA				-	Belongs to the binding-protein-dependent transport system permease family	ko:K10440	M00212	ko00000,ko00001,ko00002,ko02000	3.A.1.2.1,3.A.1.2.13,3.A.1.2.19	-	BPD_transp_2
NCS66_RS19215	sugar ABC transporter substrate-binding protein	WP_034473488.1					-	ABC transporter substrate-binding protein	ko:K10439	M00212	ko00000,ko00001,ko00002,ko02000	3.A.1.2.1,3.A.1.2.13,3.A.1.2.19	-	Peripla_BP_4
NCS66_RS19305	ABC transporter permease	WP_008354409.1	transmembrane transporter activity|0022857||IEA				-	PFAM binding-protein-dependent transport systems inner membrane component	ko:K02050	M00188	ko00000,ko00002,ko02000	3.A.1.16,3.A.1.17	-	BPD_transp_1
NCS66_RS19315	ABC transporter substrate-binding protein	WP_008354407.1	ABC-type transporter activity|0140359||IEA		ATP-binding cassette (ABC) transporter complex, substrate-binding subunit-containing|0055052||IEA		-	transport system substrate-binding protein	ko:K02051	M00188	ko00000,ko00002,ko02000	3.A.1.16,3.A.1.17	-	NMT1_2
NCS66_RS19395	MFS transporter	WP_008354390.1	transmembrane transporter activity|0022857||IEA	transmembrane transport|0055085||IEA			-	Major facilitator superfamily MFS_1	ko:K08195	-	ko00000,ko02000	2.A.1.15	-	MFS_1,MFS_4,Sugar_tr
NCS66_RS19450	phosphonate ABC transporter, permease protein PhnE	WP_250480833.1	ABC-type phosphonate transporter activity|0015416||IEA	organic phosphonate transport|0015716||IEA	ATP-binding cassette (ABC) transporter complex, substrate-binding subunit-containing|0055052||IEA	phnE	-	Phosphonate ABC transporter	ko:K02042	M00223	ko00000,ko00001,ko00002,ko02000	3.A.1.9	-	BPD_transp_1
NCS66_RS19735	TonB-dependent receptor	WP_033535974.1	channel activity|0015267||IEA	transmembrane transport|0055085||IEA			-	TonB-dependent receptor	ko:K02014	-	ko00000,ko02000	1.B.14	-	Plug,TonB_dep_Rec
NCS66_RS19750	SulP family inorganic anion transporter	WP_008354311.1	sulfate transmembrane transporter activity|0015116||IEA	sulfate transport|0008272||IEA	membrane|0016020||IEA		-	cyclic nucleotide-binding	ko:K03321	-	ko00000,ko02000	2.A.53.3	-	STAS,Sulfate_transp,cNMP_binding
NCS66_RS19805	hypothetical protein	WP_034472249.1					-	-	ko:K03646	-	ko00000,ko02000	2.C.1.2	-	-
NCS66_RS19810	EamA family transporter RarD	WP_008354297.1	transporter activity|0005215||IEA	transport|0006810||IEA	plasma membrane|0005886||IEA	rarD	-	RarD protein, DMT superfamily transporter	ko:K05786	-	ko00000,ko02000	2.A.7.7	-	EamA
NCS66_RS19910	ABC transporter substrate-binding protein	WP_008354276.1					-	PFAM toluene tolerance family protein	ko:K07323	M00210	ko00000,ko00001,ko00002,ko02000	3.A.1.27.3	-	MlaC
NCS66_RS20030	glutathione S-transferase	WP_008354250.1					-	Glutathione S-transferase	ko:K00799	-	ko00000,ko00001,ko01000,ko02000	1.A.12.2.2,1.A.12.3.2	-	GST_C,GST_C_2,GST_C_3,GST_N,GST_N_3
NCS66_RS20315	MgtC/SapB family protein	WP_008354188.1			membrane|0016020||IEA		-	MgtC family	ko:K07507	-	ko00000,ko02000	9.B.20	-	MgtC
NCS66_RS20345	choline ABC transporter substrate-binding protein	WP_033535840.1					-	choline ABC transporter, periplasmic binding	ko:K02002	M00208	ko00000,ko00001,ko00002,ko02000	3.A.1.12	-	OpuAC
NCS66_RS20575	sugar ABC transporter substrate-binding protein	WP_008347772.1	ABC-type transporter activity|0140359||IEA		ATP-binding cassette (ABC) transporter complex, substrate-binding subunit-containing|0055052||IEA		-	Bacterial extracellular solute-binding protein	ko:K02027	M00207	ko00000,ko00002,ko02000	3.A.1.1	-	SBP_bac_1,SBP_bac_8
NCS66_RS20585	carbohydrate ABC transporter permease	WP_235366217.1		transmembrane transport|0055085||IEA			-	Binding-protein-dependent transport system inner membrane component	ko:K02026,ko:K17323	M00207,M00607	ko00000,ko00001,ko00002,ko02000	3.A.1.1,3.A.1.1.35	-	BPD_transp_1
NCS66_RS20650	monocarboxylate uptake permease MctP	WP_008347801.1					-	Belongs to the sodium solute symporter (SSF) (TC 2.A.21) family	ko:K03307	-	ko00000	2.A.21	-	SSF
NCS66_RS20805	c-type cytochrome	WP_033536259.1	heme binding|0020037||IEA				-	PFAM cytochrome c, class I	ko:K02030	M00236	ko00000,ko00002,ko02000	3.A.1.3	-	Cytochrome_CBB3,SBP_bac_3
NCS66_RS20850	ABC transporter substrate-binding protein	WP_008347858.1					-	branched-chain amino acid	ko:K01999	M00237	ko00000,ko00001,ko00002,ko02000	3.A.1.4	-	Peripla_BP_6
NCS66_RS20855	branched-chain amino acid ABC transporter permease	WP_034470975.1	ABC-type transporter activity|0140359||IEA	branched-chain amino acid transport|0015803||IEA			-	Belongs to the binding-protein-dependent transport system permease family	ko:K01997	M00237	ko00000,ko00001,ko00002,ko02000	3.A.1.4	-	BPD_transp_2
NCS66_RS20860	branched-chain amino acid ABC transporter permease	WP_235366230.1	ABC-type transporter activity|0140359||IEA	branched-chain amino acid transport|0015803||IEA			-	Belongs to the binding-protein-dependent transport system permease family	ko:K01998	M00237	ko00000,ko00001,ko00002,ko02000	3.A.1.4	-	BPD_transp_2
NCS66_RS20930	ABC transporter permease	WP_008347884.1	ABC-type transporter activity|0140359||IEA				-	MacB-like periplasmic core domain	ko:K02004	M00258	ko00000,ko00002,ko02000	3.A.1	-	FtsX,MacB_PCD
NCS66_RS20935	ABC transporter permease	WP_008347886.1					-	MacB-like periplasmic core domain	ko:K02004	M00258	ko00000,ko00002,ko02000	3.A.1	-	FtsX,MacB_PCD
NCS66_RS21075	aromatic acid/H+ symport family MFS transporter	WP_250480842.1					-	Major facilitator superfamily MFS_1	ko:K08195	-	ko00000,ko02000	2.A.1.15	-	MFS_1,MFS_4,Sugar_tr
NCS66_RS21295	MFS transporter	WP_008348015.1	transmembrane transporter activity|0022857||IEA	transmembrane transport|0055085||IEA			-	Major facilitator superfamily MFS_1	ko:K08191	-	ko00000,ko02000	2.A.1.14.2	-	MFS_1
NCS66_RS21330	amino acid ABC transporter permease	WP_008348025.1	ABC-type transporter activity|0140359||IEA	amino acid transport|0006865||IEA			-	Binding-protein-dependent transport system inner membrane component	ko:K02029	M00236	ko00000,ko00002,ko02000	3.A.1.3	-	BPD_transp_1
NCS66_RS21345	transporter substrate-binding domain-containing protein	WP_008348028.1					-	amino acid	ko:K02030	M00236	ko00000,ko00002,ko02000	3.A.1.3	-	SBP_bac_3
NCS66_RS21375	bile acid:sodium symporter family protein	WP_008348034.1	symporter activity|0015293||IEA				-	Bile acid sodium symporter	ko:K03453	-	ko00000	2.A.28	-	SBF
NCS66_RS21390	sugar efflux transporter	WP_008348039.1					-	PFAM major facilitator superfamily MFS_1	ko:K03291	-	ko00000,ko02000	2.A.1.20	-	MFS_1
NCS66_RS21485	ABC transporter substrate-binding protein	WP_008348073.1	ABC-type transporter activity|0140359||IEA		ATP-binding cassette (ABC) transporter complex, substrate-binding subunit-containing|0055052||IEA		-	PFAM extracellular solute-binding protein family 1	ko:K02055	M00193	ko00000,ko00001,ko00002,ko02000	3.A.1.11	-	SBP_bac_6,SBP_bac_8
NCS66_RS21495	ABC transporter permease	WP_008348076.1	ABC-type transporter activity|0140359||IEA	transmembrane transport|0055085||IEA	ATP-binding cassette (ABC) transporter complex, substrate-binding subunit-containing|0055052||IEA		-	PFAM binding-protein-dependent transport systems inner membrane component	ko:K02054	M00193	ko00000,ko00001,ko00002,ko02000	3.A.1.11	-	BPD_transp_1
NCS66_RS21500	ABC transporter permease	WP_008348078.1	ABC-type transporter activity|0140359||IEA	transmembrane transport|0055085||IEA	ATP-binding cassette (ABC) transporter complex, substrate-binding subunit-containing|0055052||IEA		-	PFAM binding-protein-dependent transport systems inner membrane component	ko:K02053	M00193	ko00000,ko00001,ko00002,ko02000	3.A.1.11	-	BPD_transp_1
NCS66_RS21665	transporter substrate-binding domain-containing protein	WP_008348129.1					-	Periplasmic binding protein domain	ko:K01999	M00237	ko00000,ko00001,ko00002,ko02000	3.A.1.4	-	Peripla_BP_5
NCS66_RS21680	ABC transporter ATP-binding protein	WP_008348134.1	ABC-type transporter activity|0140359||IEA				-	ABC transporter	ko:K01995	M00237	ko00000,ko00001,ko00002,ko02000	3.A.1.4	-	ABC_tran
NCS66_RS21685	ABC transporter permease	WP_008348137.1					-	Belongs to the binding-protein-dependent transport system permease family	ko:K01998	M00237	ko00000,ko00001,ko00002,ko02000	3.A.1.4	-	BPD_transp_2
NCS66_RS21690	branched-chain amino acid ABC transporter permease	WP_008348139.1					-	Belongs to the binding-protein-dependent transport system permease family	ko:K01997	M00237	ko00000,ko00001,ko00002,ko02000	3.A.1.4	-	BPD_transp_2
NCS66_RS21695	urea ABC transporter substrate-binding protein	WP_008348141.1	ATPase-coupled urea transmembrane transporter activity|0033221||IEA	urea transport|0015840||IEA	ATP-binding cassette (ABC) transporter complex, substrate-binding subunit-containing|0055052||IEA		-	Periplasmic binding protein domain	ko:K01999	M00237	ko00000,ko00001,ko00002,ko02000	3.A.1.4	-	Peripla_BP_6
NCS66_RS21730	benzoate/H(+) symporter BenE family transporter	WP_008348155.1	benzoate transmembrane transporter activity|0042925||IEA	benzoate transport|0042919||IEA	membrane|0016020||IEA		-	Benzoate membrane transport protein	ko:K05782	-	ko00000,ko02000	2.A.46.1	-	BenE
NCS66_RS21810	hypothetical protein	WP_034470903.1					-	EamA-like transporter family	ko:K15270	-	ko00000,ko02000	2.A.7.3.7	-	EamA
NCS66_RS21855	ABC transporter permease	WP_235366231.1	transmembrane transporter activity|0022857||IEA	carbohydrate transport|0008643||IEA	plasma membrane|0005886||IEA		-	Belongs to the binding-protein-dependent transport system permease family	ko:K02057	M00221	ko00000,ko00002,ko02000	3.A.1.2	-	BPD_transp_2
NCS66_RS21865	substrate-binding domain-containing protein	WP_008348178.1					-	PFAM periplasmic binding protein LacI transcriptional regulator	ko:K02058	M00221	ko00000,ko00002,ko02000	3.A.1.2	-	Peripla_BP_4
NCS66_RS21895	ABC transporter substrate-binding protein	WP_051996429.1					-	ABC transporter substrate-binding protein	ko:K01999	M00237	ko00000,ko00001,ko00002,ko02000	3.A.1.4	-	Peripla_BP_6
NCS66_RS21900	branched-chain amino acid ABC transporter permease	WP_034470891.1	ABC-type transporter activity|0140359||IEA	branched-chain amino acid transport|0015803||IEA			-	Belongs to the binding-protein-dependent transport system permease family	ko:K01997	M00237	ko00000,ko00001,ko00002,ko02000	3.A.1.4	-	BPD_transp_2
NCS66_RS21905	branched-chain amino acid ABC transporter ATP-binding protein/permease	WP_008348195.1	ABC-type transporter activity|0140359||IEA				-	Belongs to the binding-protein-dependent transport system permease family	ko:K01995,ko:K01998	M00237	ko00000,ko00001,ko00002,ko02000	3.A.1.4	-	ABC_tran,BCA_ABC_TP_C,BPD_transp_2
NCS66_RS22015	glycine betaine ABC transporter substrate-binding protein	WP_008348248.1					-	Glycine betaine ABC transporter substrate-binding protein	ko:K02002	M00208	ko00000,ko00001,ko00002,ko02000	3.A.1.12	-	OpuAC
NCS66_RS22150	MFS transporter	WP_008348295.1	transmembrane transporter activity|0022857||IEA	transmembrane transport|0055085||IEA			-	Major Facilitator Superfamily	ko:K13021	-	ko00000,ko02000	2.A.1.14.3	-	MFS_1
NCS66_RS22340	MFS transporter	WP_008348352.1	transmembrane transporter activity|0022857||IEA	transmembrane transport|0055085||IEA			-	transporter	ko:K08369	-	ko00000,ko02000	2.A.1	-	Sugar_tr
NCS66_RS22480	MFS transporter	WP_033536226.1	transmembrane transporter activity|0022857||IEA	transmembrane transport|0055085||IEA			-	Major Facilitator	ko:K03288,ko:K03762	-	ko00000,ko02000	2.A.1.6.1,2.A.1.6.4,2.A.1.6.7	-	MFS_1,Sugar_tr
NCS66_RS22635	branched-chain amino acid ABC transporter substrate-binding protein	WP_008348467.1	ABC-type transporter activity|0140359||IEA	transmembrane transport|0055085||IEA			-	PFAM Extracellular ligand-binding receptor	ko:K01999	M00237	ko00000,ko00001,ko00002,ko02000	3.A.1.4	-	Peripla_BP_6
NCS66_RS22760	TrkA C-terminal domain-containing protein	WP_008348513.1	monoatomic cation transmembrane transporter activity|0008324||IEA	potassium ion transport|0006813||IEA			-	TrkA-C domain	ko:K07085	-	ko00000	2.A.81	-	Asp-Al_Ex,TrkA_C
NCS66_RS22860	glycine betaine ABC transporter substrate-binding protein	WP_033536294.1					-	Glycine betaine ABC transporter substrate-binding protein	ko:K02002	M00208	ko00000,ko00001,ko00002,ko02000	3.A.1.12	-	OpuAC
NCS66_RS23040	substrate-binding domain-containing protein	WP_008348611.1					-	Bacterial extracellular solute-binding protein	ko:K02020	M00189	ko00000,ko00001,ko00002,ko02000	3.A.1.8	-	SBP_bac_11
NCS66_RS23090	carbohydrate ABC transporter permease	WP_008348938.1		transmembrane transport|0055085||IEA			-	PFAM binding-protein-dependent transport systems inner membrane component	ko:K02026,ko:K17323	M00207,M00607	ko00000,ko00001,ko00002,ko02000	3.A.1.1,3.A.1.1.35	-	BPD_transp_1
NCS66_RS23095	sugar ABC transporter permease	WP_008348939.1	ABC-type transporter activity|0140359||IEA				-	PFAM binding-protein-dependent transport systems inner membrane component	ko:K02025	M00207	ko00000,ko00002,ko02000	3.A.1.1	-	BPD_transp_1
NCS66_RS23100	extracellular solute-binding protein	WP_008348942.1					-	PFAM extracellular solute-binding protein family 1	ko:K02027	M00207	ko00000,ko00002,ko02000	3.A.1.1	-	SBP_bac_8
NCS66_RS23115	MFS transporter	WP_008348949.1	transmembrane transporter activity|0022857||IEA	transmembrane transport|0055085||IEA			-	Major facilitator Superfamily	ko:K08195	-	ko00000,ko02000	2.A.1.15	-	MFS_1,Sugar_tr
NCS66_RS23155	TolC family outer membrane protein	WP_081851866.1	efflux transmembrane transporter activity|0015562||IEA	transmembrane transport|0055085||IEA	outer membrane|0019867||IEA		-	Outer membrane efflux protein	ko:K12340	M00325,M00326,M00339,M00571,M00575,M00646,M00647,M00696,M00697,M00709,M00720,M00821	ko00000,ko00001,ko00002,ko01504,ko02000,ko02044	1.B.17,2.A.6.2	-	OEP
NCS66_RS23235	glutathione S-transferase family protein	WP_008348990.1	protein binding|0005515||IEA	glutathione metabolic process|0006749||IEA			-	Glutathione S-transferase	ko:K00799	-	ko00000,ko00001,ko01000,ko02000	1.A.12.2.2,1.A.12.3.2	-	GST_C,GST_C_2,GST_N_3
NCS66_RS23265	NrtA/SsuA/CpmA family ABC transporter substrate-binding protein	WP_033536495.1					-	Substrate binding domain of ABC-type glycine betaine transport system	ko:K15553	M00436	ko00000,ko00001,ko00002,ko02000	3.A.1.17.2	-	NMT1
NCS66_RS23330	MarC family protein	WP_008349021.1			membrane|0016020||IEA		-	UPF0056 inner membrane protein	ko:K05595	-	ko00000,ko02000	2.A.95.1	-	MarC
NCS66_RS23380	citrate:proton symporter	WP_008349037.1	citrate transmembrane transporter activity|0015137||IEA	citrate transport|0015746||IEA	membrane|0016020||IEA		-	TIGRFAM citrate H symporter, CitMHS family	ko:K03300	-	ko00000	2.A.11	-	CitMHS
NCS66_RS23520	nitrate/nitrite transporter	WP_034472398.1	transmembrane transporter activity|0022857||IEA	transmembrane transport|0055085||IEA			-	PFAM major facilitator superfamily MFS_1	ko:K02575	M00615	ko00000,ko00001,ko00002,ko02000	2.A.1.8	-	MFS_1
NCS66_RS34385	ATP-binding cassette domain-containing protein	WP_350029263.1	ATP binding|0005524||IEA				-	ATPases associated with a variety of cellular activities	ko:K02010	M00190	ko00000,ko00001,ko00002,ko01000,ko02000	3.A.1.10	-	ABC_tran,TOBE_2
NCS66_RS23530	peptidoglycan DD-metalloendopeptidase family protein	WP_008349093.1					-	Peptidoglycan-binding LysM	ko:K06194	-	ko00000	1.A.34.1.2	-	LysM,Peptidase_M23
NCS66_RS23615	DHA2 family efflux MFS transporter permease subunit	WP_008349125.1		response to xenobiotic stimulus|0009410||IEA	plasma membrane|0005886||IEA		-	Major facilitator superfamily	ko:K03446,ko:K18926	M00701,M00715	ko00000,ko00002,ko02000	2.A.1.3,2.A.1.3.30	-	MFS_1
NCS66_RS23620	HlyD family secretion protein	WP_008349127.1	transmembrane transporter activity|0022857||IEA	transmembrane transport|0055085||IEA	membrane|0016020||IEA		-	PFAM secretion protein HlyD family protein	ko:K03543	M00701	ko00000,ko00002,ko02000	8.A.1.1	-	Biotin_lipoyl_2,HlyD_3,HlyD_D23
NCS66_RS23640	substrate-binding domain-containing protein	WP_033536490.1					-	PFAM periplasmic binding protein LacI transcriptional regulator	ko:K10439	M00212	ko00000,ko00001,ko00002,ko02000	3.A.1.2.1,3.A.1.2.13,3.A.1.2.19	-	Peripla_BP_4
NCS66_RS23665	ABC transporter substrate-binding protein	WP_008349139.1					-	abc transporter	ko:K10439,ko:K17213	M00212,M00593	ko00000,ko00001,ko00002,ko02000	3.A.1.2,3.A.1.2.1,3.A.1.2.13,3.A.1.2.19	-	Peripla_BP_4
NCS66_RS23735	aromatic acid/H+ symport family MFS transporter	WP_008349153.1	xenobiotic transmembrane transporter activity|0042910||IEA	xenobiotic transport|0042908||IEA	plasma membrane|0005886||IEA		-	Major facilitator Superfamily	ko:K08195	-	ko00000,ko02000	2.A.1.15	-	MFS_1,MFS_4,Sugar_tr
NCS66_RS23980	molybdate ABC transporter substrate-binding protein	WP_008347177.1	molybdate ion binding|0030973||IEA	molybdate ion transport|0015689||IEA	ATP-binding cassette (ABC) transporter complex, substrate-binding subunit-containing|0055052||IEA	modA	-	ABC transporter, periplasmic molybdate-binding protein	ko:K02020	M00189	ko00000,ko00001,ko00002,ko02000	3.A.1.8	-	SBP_bac_11
NCS66_RS24140	MFS transporter	WP_008347243.1	transmembrane transporter activity|0022857||IEA	transmembrane transport|0055085||IEA			-	transporter	ko:K08369	-	ko00000,ko02000	2.A.1	-	Sugar_tr
NCS66_RS24275	ABC transporter permease	WP_008347288.1	transmembrane transporter activity|0022857||IEA				-	binding-protein-dependent transport systems inner membrane component	ko:K02050	M00188	ko00000,ko00002,ko02000	3.A.1.16,3.A.1.17	-	BPD_transp_1
NCS66_RS24285	ABC transporter substrate-binding protein	WP_008347292.1					-	Nitrate ABC transporter substrate-binding protein	ko:K02051	M00188	ko00000,ko00002,ko02000	3.A.1.16,3.A.1.17	-	NMT1
NCS66_RS24700	phage late control D family protein	WP_250480882.1					-	rhs element vgr protein	ko:K11904	M00334	ko00000,ko00001,ko00002,ko02044	3.A.23.1	-	DUF2345,Phage_GPD,T6SS_Vgr
NCS66_RS24775	sugar ABC transporter substrate-binding protein	WP_008347464.1					-	Periplasmic binding proteins and sugar binding domain of LacI family	ko:K10439	M00212	ko00000,ko00001,ko00002,ko02000	3.A.1.2.1,3.A.1.2.13,3.A.1.2.19	-	Peripla_BP_4
NCS66_RS24890	branched-chain amino acid ABC transporter substrate-binding protein	WP_008347507.1	ABC-type transporter activity|0140359||IEA	transmembrane transport|0055085||IEA			-	Receptor family ligand binding region	ko:K01999	M00237	ko00000,ko00001,ko00002,ko02000	3.A.1.4	-	Peripla_BP_6
NCS66_RS25140	MFS transporter	WP_250480887.1	transmembrane transporter activity|0022857||IEA	transmembrane transport|0055085||IEA			-	Major Facilitator	ko:K05548	-	ko00000,ko02000	2.A.1.15	-	MFS_1,MFS_4,Sugar_tr
NCS66_RS25225	FtsX-like permease family protein	WP_051996824.1			membrane|0016020||IEA		-	FtsX-like permease family	ko:K02004	M00258	ko00000,ko00002,ko02000	3.A.1	-	FtsX,MacB_PCD
NCS66_RS25265	Fe(3+)-hydroxamate ABC transporter permease FhuB	WP_008347637.1				fhuB	-	Belongs to the binding-protein-dependent transport system permease family. FecCD subfamily	ko:K02015	M00240	ko00000,ko00001,ko00002,ko02000	3.A.1.14	-	FecCD
NCS66_RS25275	iron-siderophore ABC transporter substrate-binding protein	WP_235366251.1		siderophore transport|0015891||IEA			-	Periplasmic binding protein	ko:K02016	M00240	ko00000,ko00001,ko00002,ko02000	3.A.1.14	-	Peripla_BP_2
NCS66_RS25280	cyclic peptide export ABC transporter	WP_250480888.1	peptide transmembrane transporter activity|1904680||IEA	peptide transport|0015833||IEA	membrane|0016020||IEA		-	cyclic peptide transporter	ko:K06159,ko:K06160	-	ko00000,ko00001,ko02000	3.A.1.113.2,3.A.1.113.3	-	ABC_membrane,ABC_tran
NCS66_RS25320	urea transporter	WP_033536176.1	urea transmembrane transporter activity|0015204||IEA	urea transmembrane transport|0071918||IEA	membrane|0016020||IEA		-	Urea transporter	ko:K08717	-	ko00000,ko02000	1.A.28.2	-	UT
NCS66_RS25450	ABC transporter substrate-binding protein	WP_033536248.1					-	Receptor family ligand binding region	ko:K01999	M00237	ko00000,ko00001,ko00002,ko02000	3.A.1.4	-	Peripla_BP_6
NCS66_RS25455	branched-chain amino acid ABC transporter permease	WP_008347709.1	ABC-type transporter activity|0140359||IEA	branched-chain amino acid transport|0015803||IEA			-	Belongs to the binding-protein-dependent transport system permease family	ko:K01997	M00237	ko00000,ko00001,ko00002,ko02000	3.A.1.4	-	BPD_transp_2
NCS66_RS25460	branched-chain amino acid ABC transporter permease	WP_008347710.1	ABC-type transporter activity|0140359||IEA	branched-chain amino acid transport|0015803||IEA			-	Belongs to the binding-protein-dependent transport system permease family	ko:K01998	M00237	ko00000,ko00001,ko00002,ko02000	3.A.1.4	-	BPD_transp_2
NCS66_RS25465	ATP-binding cassette domain-containing protein	WP_034470999.1	ATP binding|0005524||IEA				-	ATPases associated with a variety of cellular activities	ko:K01995,ko:K01996	M00237	ko00000,ko00001,ko00002,ko02000	3.A.1.4	-	ABC_tran,BCA_ABC_TP_C
NCS66_RS25505	ABC transporter permease	WP_250480889.1	ABC-type transporter activity|0140359||IEA				-	Belongs to the binding-protein-dependent transport system permease family	ko:K10440	M00212	ko00000,ko00001,ko00002,ko02000	3.A.1.2.1,3.A.1.2.13,3.A.1.2.19	-	BPD_transp_2
NCS66_RS25605	type VI secretion system membrane subunit TssM	WP_034470145.1	molecular_function|0003674||IEA	protein secretion by the type VI secretion system|0033103||IEA		tssM	-	type VI secretion protein	ko:K11891	M00334	ko00000,ko00001,ko00002,ko02044	3.A.23.1	-	IcmF-related,IcmF_C,ImcF-related_N
NCS66_RS25610	DotU family type VI secretion system protein	WP_008346439.1					-	type VI secretion system OmpA MotB family protein	ko:K11892	M00334	ko00000,ko00001,ko00002,ko02044	3.A.23.1	-	DotU,OmpA
NCS66_RS25615	type VI secretion system baseplate subunit TssK	WP_008346440.1	molecular_function|0003674||IEA	protein secretion by the type VI secretion system|0033103||IEA		tssK	-	type VI secretion protein	ko:K11893	M00334	ko00000,ko00001,ko00002,ko02044	3.A.23.1	-	T6SS_VasE
NCS66_RS25620	type VI secretion system lipoprotein TssJ	WP_008346442.1	molecular_function|0003674||IEA	protein secretion by the type VI secretion system|0033103||IEA		tssJ	-	TIGRFAM type VI secretion lipoprotein, VC_A0113 family	ko:K11906	M00334	ko00000,ko00001,ko00002,ko02044	3.A.23.1	-	T6SS-SciN
NCS66_RS25645	type VI secretion system contractile sheath small subunit	WP_008346450.1	molecular_function|0003674||IEA	protein secretion by the type VI secretion system|0033103||IEA		tssB	-	TIGRFAM type VI secretion protein, VC_A0107 family	ko:K11901	M00334	ko00000,ko00001,ko00002,ko02044	3.A.23.1	-	T6SS_VipA
NCS66_RS25650	type VI secretion system contractile sheath large subunit	WP_008346451.1	molecular_function|0003674||IEA	protein secretion by the type VI secretion system|0033103||IEA	type VI protein secretion system complex|0033104||IEA	tssC	-	type VI secretion protein	ko:K11900	M00334	ko00000,ko00001,ko00002,ko02044	3.A.23.1	-	VipB
NCS66_RS25670	type VI secretion system baseplate subunit TssG	WP_008346458.1		protein secretion by the type VI secretion system|0033103||IEA		tssG	-	type VI secretion protein	ko:K11895	M00334	ko00000,ko00001,ko00002,ko02044	3.A.23.1	-	T6SS_TssG
NCS66_RS25675	type VI secretion system baseplate subunit TssF	WP_244808287.1	molecular_function|0003674||IEA	protein secretion by the type VI secretion system|0033103||IEA		tssF	-	type VI secretion protein	ko:K11896	M00334	ko00000,ko00002,ko02044	3.A.23.1	-	T6SS_TssF
NCS66_RS25750	oxalate/formate MFS antiporter	WP_008346486.1	antiporter activity|0015297||IEA			oxlT	-	Major Facilitator Superfamily	ko:K08177	-	ko00000,ko02000	2.A.1.11	-	MFS_1
NCS66_RS25985	ABC transporter permease subunit	WP_008346577.1		transmembrane transport|0055085||IEA	membrane|0016020||IEA		-	PFAM binding-protein-dependent transport systems inner membrane component	ko:K02050	M00188	ko00000,ko00002,ko02000	3.A.1.16,3.A.1.17	-	BPD_transp_1
NCS66_RS25990	putative urea ABC transporter substrate-binding protein	WP_008346580.1					-	NMT1/THI5 like	ko:K02051	M00188	ko00000,ko00002,ko02000	3.A.1.16,3.A.1.17	-	NMT1
NCS66_RS26070	ABC transporter substrate-binding protein	WP_008346612.1					-	ABC transporter, phosphonate, periplasmic substrate-binding protein	ko:K02051	M00188	ko00000,ko00002,ko02000	3.A.1.16,3.A.1.17	-	NMT1
NCS66_RS26080	ABC transporter permease	WP_008346615.1	transmembrane transporter activity|0022857||IEA				-	binding-protein-dependent transport systems inner membrane component	ko:K02050	M00188	ko00000,ko00002,ko02000	3.A.1.16,3.A.1.17	-	BPD_transp_1
NCS66_RS26095	ABC transporter substrate-binding protein	WP_250480905.1					-	ABC transporter, phosphonate, periplasmic substrate-binding protein	ko:K02051	M00188	ko00000,ko00002,ko02000	3.A.1.16,3.A.1.17	-	NMT1_2
NCS66_RS26135	TRAP transporter large permease	WP_008346639.1	transmembrane transporter activity|0022857||IEA	carbohydrate transport|0008643||IEA	tripartite ATP-independent periplasmic transporter complex|0031317||IEA		-	Tripartite ATP-independent periplasmic transporter, DctM component	ko:K21393	-	ko00000,ko02000	2.A.56.1	-	DctM
NCS66_RS26190	ABC transporter permease	WP_008346658.1	ABC-type transporter activity|0140359||IEA	transmembrane transport|0055085||IEA	ATP-binding cassette (ABC) transporter complex, substrate-binding subunit-containing|0055052||IEA		-	PFAM binding-protein-dependent transport systems inner membrane component	ko:K02053	M00193	ko00000,ko00001,ko00002,ko02000	3.A.1.11	-	BPD_transp_1
NCS66_RS26195	ABC transporter permease subunit	WP_008346659.1					-	PFAM binding-protein-dependent transport systems inner membrane component	ko:K02054	M00193	ko00000,ko00001,ko00002,ko02000	3.A.1.11	-	BPD_transp_1
NCS66_RS26200	ABC transporter substrate-binding protein	WP_008346660.1					-	PFAM extracellular solute-binding protein family 1	ko:K02055	M00193	ko00000,ko00001,ko00002,ko02000	3.A.1.11	-	SBP_bac_6
NCS66_RS26255	ABC transporter ATP-binding protein	WP_008346672.1	ABC-type transporter activity|0140359||IEA				-	ATPases associated with a variety of cellular activities	ko:K02056	M00221	ko00000,ko00002,ko01000,ko02000	3.A.1.2	-	ABC_tran
NCS66_RS26265	ABC transporter permease	WP_008346674.1			plasma membrane|0005886||IEA		-	Belongs to the binding-protein-dependent transport system permease family	ko:K02057	M00221	ko00000,ko00002,ko02000	3.A.1.2	-	BPD_transp_2
NCS66_RS26270	ABC transporter permease	WP_033535798.1	ABC-type transporter activity|0140359||IEA				-	Branched-chain amino acid transport system / permease component	ko:K02057	M00221	ko00000,ko00002,ko02000	3.A.1.2	-	BPD_transp_2
NCS66_RS26275	BMP family ABC transporter substrate-binding protein	WP_008346678.1					-	ABC transporter substrate-binding protein PnrA-like	ko:K02058,ko:K07335	M00221	ko00000,ko00002,ko02000	3.A.1.2	-	Bmp
NCS66_RS26360	porin	WP_008346709.1	porin activity|0015288||IEA		cell outer membrane|0009279||IEA		-	PFAM porin Gram-negative type	ko:K03285	-	ko00000	1.B.1	-	Porin_4
NCS66_RS26515	amino acid ABC transporter permease	WP_008346760.1	ABC-type transporter activity|0140359||IEA	amino acid transport|0006865||IEA			-	amino acid ABC transporter	ko:K02029	M00236	ko00000,ko00002,ko02000	3.A.1.3	-	BPD_transp_1
NCS66_RS26520	amino acid ABC transporter permease	WP_008346762.1	ABC-type transporter activity|0140359||IEA	amino acid transport|0006865||IEA			-	amino acid ABC transporter	ko:K02029	M00236	ko00000,ko00002,ko02000	3.A.1.3	-	BPD_transp_1
NCS66_RS26555	ABC transporter substrate-binding protein	WP_008346773.1					-	ABC transporter substrate-binding protein	ko:K02035	M00239	ko00000,ko00001,ko00002,ko02000	3.A.1.5	-	SBP_bac_5
NCS66_RS26585	aliphatic sulfonate ABC transporter substrate-binding protein	WP_250480901.1	ATPase-coupled transmembrane transporter activity|0042626||IEA	alkanesulfonate transmembrane transport|0042918||IEA	ATP-binding cassette (ABC) transporter complex|0043190||IEA		-	ABC transporter, phosphonate, periplasmic substrate-binding protein	ko:K15553	M00436	ko00000,ko00001,ko00002,ko02000	3.A.1.17.2	-	NMT1,NMT1_2
NCS66_RS26605	cytochrome c	WP_033535803.1	metal ion binding|0046872||IEA				-	cytochrome	ko:K08738	M00595	ko00000,ko00001,ko00002	3.D.4.6	-	Cytochrome_CBB3
NCS66_RS26655	sugar ABC transporter permease	WP_008346800.1	ABC-type transporter activity|0140359||IEA				-	PFAM binding-protein-dependent transport systems inner membrane component	ko:K17322	M00607	ko00000,ko00001,ko00002,ko02000	3.A.1.1.35	-	BPD_transp_1
NCS66_RS26660	carbohydrate ABC transporter permease	WP_008346802.1		transmembrane transport|0055085||IEA			-	PFAM binding-protein-dependent transport systems inner membrane component	ko:K17323	M00607	ko00000,ko00001,ko00002,ko02000	3.A.1.1.35	-	BPD_transp_1
NCS66_RS26670	ABC transporter substrate-binding protein	WP_008346806.1	ABC-type transporter activity|0140359||IEA		ATP-binding cassette (ABC) transporter complex, substrate-binding subunit-containing|0055052||IEA		-	PFAM extracellular solute-binding protein family 1	ko:K17321	M00607	ko00000,ko00001,ko00002,ko02000	3.A.1.1.35	-	SBP_bac_1,SBP_bac_8
NCS66_RS26705	MFS transporter	WP_008346820.1					-	TIGRFAM metabolite H symporter, major facilitator superfamily (MFS)	ko:K03288	-	ko00000,ko02000	2.A.1.6.1,2.A.1.6.7	-	MFS_1,Sugar_tr
NCS66_RS26935	amino acid ABC transporter substrate-binding protein	WP_008346900.1	ABC-type transporter activity|0140359||IEA		ATP-binding cassette (ABC) transporter complex, substrate-binding subunit-containing|0055052||IEA		-	Bacterial extracellular solute-binding proteins, family 3	ko:K02030,ko:K09969,ko:K10001	M00230,M00232,M00236	ko00000,ko00001,ko00002,ko02000	3.A.1.3,3.A.1.3.18,3.A.1.3.19,3.A.1.3.4,3.A.1.3.7,3.A.1.3.8	-	SBP_bac_3
NCS66_RS27135	ABC transporter substrate-binding protein	WP_008346971.1	ABC-type transporter activity|0140359||IEA		ATP-binding cassette (ABC) transporter complex, substrate-binding subunit-containing|0055052||IEA		-	Bacterial extracellular solute-binding protein	ko:K02055	M00193	ko00000,ko00001,ko00002,ko02000	3.A.1.11	-	SBP_bac_8
NCS66_RS27150	ABC transporter permease	WP_008346975.1	ABC-type transporter activity|0140359||IEA	transmembrane transport|0055085||IEA	ATP-binding cassette (ABC) transporter complex, substrate-binding subunit-containing|0055052||IEA		-	PFAM binding-protein-dependent transport systems inner membrane component	ko:K02053	M00193	ko00000,ko00001,ko00002,ko02000	3.A.1.11	-	BPD_transp_1
NCS66_RS27205	ABC transporter permease	WP_008346989.1	ABC-type transporter activity|0140359||IEA				-	PFAM binding-protein-dependent transport systems inner membrane component	ko:K02034	M00239	ko00000,ko00001,ko00002,ko02000	3.A.1.5	-	BPD_transp_1,OppC_N
NCS66_RS27210	ABC transporter permease	WP_008346990.1		transmembrane transport|0055085||IEA			-	PFAM binding-protein-dependent transport systems inner membrane component	ko:K02033	M00239	ko00000,ko00001,ko00002,ko02000	3.A.1.5	-	BPD_transp_1
NCS66_RS27215	ABC transporter substrate-binding protein	WP_008346991.1	ABC-type transporter activity|0140359||IEA		ATP-binding cassette (ABC) transporter complex, substrate-binding subunit-containing|0055052||IEA		-	PFAM extracellular solute-binding protein, family 5	ko:K02035	M00239	ko00000,ko00001,ko00002,ko02000	3.A.1.5	-	SBP_bac_5
NCS66_RS27240	ABC transporter substrate-binding protein	WP_008347001.1	ABC-type transporter activity|0140359||IEA		ATP-binding cassette (ABC) transporter complex, substrate-binding subunit-containing|0055052||IEA		-	Bacterial extracellular solute-binding proteins, family 5 Middle	ko:K02035	M00239	ko00000,ko00001,ko00002,ko02000	3.A.1.5	-	SBP_bac_5
NCS66_RS27280	NADH-quinone oxidoreductase subunit M	WP_033536446.1	oxidoreductase activity, acting on NAD(P)H, quinone or similar compound as acceptor|0016655||IEA				-	proton-translocating NADH-quinone oxidoreductase, chain M	ko:K00342	M00144	ko00000,ko00001,ko00002,ko01000	3.D.1	-	Proton_antipo_M
NCS66_RS27355	multidrug effflux MFS transporter	WP_051078977.1	transmembrane transporter activity|0022857||IEA	transmembrane transport|0055085||IEA			-	PFAM major facilitator superfamily MFS_1	ko:K08154	-	ko00000,ko02000	2.A.1.2.9	-	MFS_1
NCS66_RS27415	type VI secretion system baseplate subunit TssF	WP_008347065.1	molecular_function|0003674||IEA	protein secretion by the type VI secretion system|0033103||IEA		tssF	-	Type VI secretion	ko:K11896	M00334	ko00000,ko00002,ko02044	3.A.23.1	-	T6SS_TssF
NCS66_RS27420	ImcF-related family protein	WP_241484845.1					-	PFAM ImcF domain protein	ko:K11891	M00334	ko00000,ko00001,ko00002,ko02044	3.A.23.1	-	IcmF-related,IcmF_C
NCS66_RS27425	hypothetical protein	WP_008347069.1					-	PFAM ImcF domain protein	ko:K11891	M00334	ko00000,ko00001,ko00002,ko02044	3.A.23.1	-	IcmF-related,IcmF_C
NCS66_RS27450	type VI secretion system tip protein VgrG	WP_250480910.1					-	rhs element vgr protein	ko:K11904	M00334	ko00000,ko00001,ko00002,ko02044	3.A.23.1	-	DUF2345,Phage_GPD,T6SS_Vgr
NCS66_RS27495	amino acid carrier protein	WP_008345922.1	amino acid:monoatomic cation symporter activity|0005416||IEA	amino acid transport|0006865||IEA	membrane|0016020||IEA		-	Amino acid carrier	ko:K03310	-	ko00000	2.A.25	-	Na_Ala_symp
NCS66_RS27510	ABC transporter substrate-binding protein	WP_008345925.1	ABC-type transporter activity|0140359||IEA		ATP-binding cassette (ABC) transporter complex, substrate-binding subunit-containing|0055052||IEA		-	NMT1-like family	ko:K02051	M00188	ko00000,ko00002,ko02000	3.A.1.16,3.A.1.17	-	NMT1_2
NCS66_RS27580	hypothetical protein	WP_033536882.1					-	K+ potassium transporter	ko:K03549	-	ko00000,ko02000	2.A.72	-	K_trans
NCS66_RS27595	MgtC/SapB family protein	WP_008345940.1			membrane|0016020||IEA		-	MgtC family	ko:K07507	-	ko00000,ko02000	9.B.20	-	MgtC
NCS66_RS27645	cytochrome c oxidase subunit II	WP_008345950.1	cytochrome-c oxidase activity|0004129||IEA			coxB	-	cytochrome c oxidase subunit II	ko:K02275	M00155	ko00000,ko00001,ko00002,ko01000	3.D.4.2,3.D.4.4,3.D.4.6	-	COX2,Cytochrom_C
NCS66_RS27655	cytochrome c oxidase subunit 3	WP_008345952.1					-	Cytochrome c oxidase subunit	ko:K02276	M00155	ko00000,ko00001,ko00002,ko01000	3.D.4.4,3.D.4.6	-	COX3
NCS66_RS27875	DUF2345 domain-containing protein	WP_081851801.1					-	rhs element vgr protein	ko:K11904	M00334	ko00000,ko00001,ko00002,ko02044	3.A.23.1	-	DUF2345,Phage_GPD,T6SS_Vgr
NCS66_RS27880	type VI secretion system contractile sheath large subunit	WP_250480916.1	molecular_function|0003674||IEA	protein secretion by the type VI secretion system|0033103||IEA	type VI protein secretion system complex|0033104||IEA	tssC	-	type VI secretion protein	ko:K11900	M00334	ko00000,ko00001,ko00002,ko02044	3.A.23.1	-	VipB
NCS66_RS27885	type VI secretion system contractile sheath small subunit	WP_034470080.1	molecular_function|0003674||IEA	protein secretion by the type VI secretion system|0033103||IEA		tssB	-	Type VI secretion protein	ko:K11901	M00334	ko00000,ko00001,ko00002,ko02044	3.A.23.1	-	T6SS_VipA
NCS66_RS27915	MFS transporter	WP_008346035.1	transmembrane transporter activity|0022857||IEA	transmembrane transport|0055085||IEA			-	Major facilitator superfamily	ko:K08194	-	ko00000,ko02000	2.A.1.14.7	-	MFS_1
NCS66_RS28100	sugar ABC transporter substrate-binding protein	WP_008346098.1					-	Periplasmic binding protein domain	ko:K02058	M00221	ko00000,ko00002,ko02000	3.A.1.2	-	Peripla_BP_4
NCS66_RS28105	ABC transporter permease	WP_008346099.1	ABC-type transporter activity|0140359||IEA				-	Belongs to the binding-protein-dependent transport system permease family	ko:K02057	M00221	ko00000,ko00002,ko02000	3.A.1.2	-	BPD_transp_2
NCS66_RS28110	ATP-binding cassette domain-containing protein	WP_008346100.1	ATP binding|0005524||IEA				-	abc transporter	ko:K02056	M00221	ko00000,ko00002,ko01000,ko02000	3.A.1.2	-	ABC_tran
NCS66_RS28160	c-type cytochrome	WP_244808279.1	heme binding|0020037||IEA				-	Cytochrome c	ko:K08738	M00595	ko00000,ko00001,ko00002	3.D.4.6	-	Cytochrom_C
NCS66_RS28220	TonB-dependent receptor	WP_085955293.1					-	TonB-dependent receptor	ko:K02014	-	ko00000,ko02000	1.B.14	-	Plug,TonB_dep_Rec
NCS66_RS28395	ABC transporter permease	WP_008346213.1	ABC-type transporter activity|0140359||IEA	transmembrane transport|0055085||IEA	ATP-binding cassette (ABC) transporter complex, substrate-binding subunit-containing|0055052||IEA		-	PFAM binding-protein-dependent transport systems inner membrane component	ko:K02053	M00193	ko00000,ko00001,ko00002,ko02000	3.A.1.11	-	BPD_transp_1
NCS66_RS28400	ABC transporter permease	WP_008346215.1	ABC-type transporter activity|0140359||IEA	transmembrane transport|0055085||IEA	ATP-binding cassette (ABC) transporter complex, substrate-binding subunit-containing|0055052||IEA		-	PFAM binding-protein-dependent transport systems inner membrane component	ko:K02054	M00193	ko00000,ko00001,ko00002,ko02000	3.A.1.11	-	BPD_transp_1
NCS66_RS28405	ABC transporter substrate-binding protein	WP_008346216.1	ABC-type transporter activity|0140359||IEA		ATP-binding cassette (ABC) transporter complex, substrate-binding subunit-containing|0055052||IEA		-	PFAM extracellular solute-binding protein family 1	ko:K02055	M00193	ko00000,ko00001,ko00002,ko02000	3.A.1.11	-	SBP_bac_8
NCS66_RS28445	cytosine permease	WP_008346231.1					-	Belongs to the purine-cytosine permease (2.A.39) family	ko:K03457	-	ko00000	2.A.39	-	Transp_cyt_pur
NCS66_RS28810	2-hydroxycarboxylate transporter family protein	WP_034470131.1					-	Citrate carrier protein	ko:K11616	-	ko00000,ko00001	2.A.24.2	-	2HCT
NCS66_RS29030	glutathione S-transferase	WP_250480944.1					-	Glutathione S-transferase	ko:K00799	-	ko00000,ko00001,ko01000,ko02000	1.A.12.2.2,1.A.12.3.2	-	GST_C,GST_C_2,GST_C_3,GST_N,GST_N_3
NCS66_RS29285	branched-chain amino acid ABC transporter substrate-binding protein	WP_244808592.1	ABC-type transporter activity|0140359||IEA	transmembrane transport|0055085||IEA			-	PFAM Extracellular ligand-binding receptor	ko:K01999	M00237	ko00000,ko00001,ko00002,ko02000	3.A.1.4	-	Peripla_BP_6
NCS66_RS29665	chromate efflux transporter	WP_284508063.1	chromate transmembrane transporter activity|0015109||IEA	chromate transport|0015703||IEA		chrA	-	TIGRFAM chromate transporter, chromate ion transporter (CHR) family	ko:K07240	-	ko00000,ko02000	2.A.51.1	-	Chromate_transp
NCS66_RS29760	porin	WP_250481029.1	porin activity|0015288||IEA		cell outer membrane|0009279||IEA		-	Gram-negative porin	ko:K03285	-	ko00000	1.B.1	-	Porin_4
NCS66_RS29855	cytochrome c oxidase subunit I	WP_250481039.1	cytochrome-c oxidase activity|0004129||IEA	electron transport coupled proton transport|0015990||IEA		ctaD	-	Cytochrome c oxidase is the component of the respiratory chain that catalyzes the reduction of oxygen to water. Subunits 1- 3 form the functional core of the enzyme complex. CO I is the catalytic subunit of the enzyme. Electrons originating in cytochrome c are transferred via the copper A center of subunit 2 and heme A of subunit 1 to the bimetallic center formed by heme A3 and copper B	ko:K02274,ko:K02298,ko:K15408	M00155,M00417	ko00000,ko00001,ko00002,ko01000	3.D.4.2,3.D.4.3,3.D.4.4,3.D.4.5,3.D.4.6	-	COX1,COX3
NCS66_RS29860	cytochrome c oxidase subunit II	WP_250481053.1	cytochrome-c oxidase activity|0004129||IEA			coxB	-	cytochrome c oxidase subunit II	ko:K02275	M00155	ko00000,ko00001,ko00002,ko01000	3.D.4.2,3.D.4.4,3.D.4.6	-	COX2,Cytochrom_C
NCS66_RS30165	MFS transporter	WP_250481094.1	transmembrane transporter activity|0022857||IEA	transmembrane transport|0055085||IEA			-	Sugar (and other) transporter	ko:K08369	-	ko00000,ko02000	2.A.1	-	Sugar_tr
NCS66_RS30350	porin	WP_250441887.1	porin activity|0015288||IEA		cell outer membrane|0009279||IEA		GO:0005575,GO:0005623,GO:0009279,GO:0016020,GO:0019867,GO:0030312,GO:0030313,GO:0031975,GO:0044462,GO:0044464,GO:0071944	Gram-negative porin	ko:K03285	-	ko00000	1.B.1	-	Porin_4
NCS66_RS30590	conjugative transfer system coupling protein TraD	WP_250481129.1	molecular_function|0003674||IEA	DNA integration|0015074||IEA		traD	-	Conjugal transfer protein	ko:K12071	-	ko00000,ko02044	3.A.7.11.1	-	AAA_10,DUF87,TraG-D_C
NCS66_RS30595	TraI domain-containing protein	WP_250481130.1					-	Putative helicase	ko:K12070	-	ko00000,ko02044	3.A.7.11.1	-	TraI_2
NCS66_RS30610	type IV secretion system protein VirB4	WP_250481133.1					-	PFAM CagE, TrbE, VirB component of type IV transporter system	ko:K20530	-	ko00000,ko00001,ko02044	3.A.7.4	-	CagE_TrbE_VirB
NCS66_RS30615	VirB3 family type IV secretion system protein	WP_075644396.1					-	conjugation	ko:K20529	-	ko00000,ko00001,ko02044	3.A.7.4	-	VirB3
NCS66_RS34430	TrbI/VirB10 family protein	WP_250481187.1					-	PFAM conjugation TrbI family protein	ko:K03195,ko:K20533	M00333	ko00000,ko00001,ko00002,ko02044	3.A.7,3.A.7.4	-	TrbI
NCS66_RS30990	TrbG/VirB9 family P-type conjugative transfer protein	WP_250481188.1					-	PFAM Conjugal transfer protein TrbG VirB9 CagX	ko:K03204,ko:K20532	M00333	ko00000,ko00001,ko00002,ko02044	3.A.7,3.A.7.4	-	CagX
NCS66_RS30995	type IV secretion system protein	WP_250442000.1					-	type VI secretion protein	ko:K20531	-	ko00000,ko00001,ko02044	3.A.7.4	-	VirB8
NCS66_RS31215	porin	WP_250481226.1	porin activity|0015288||IEA		cell outer membrane|0009279||IEA		GO:0005575,GO:0005623,GO:0009279,GO:0016020,GO:0019867,GO:0030312,GO:0030313,GO:0031975,GO:0044462,GO:0044464,GO:0071944	Gram-negative porin	ko:K03285	-	ko00000	1.B.1	-	Porin_4
NCS66_RS31275	hypothetical protein	WP_250481236.1					-	Major facilitator Superfamily	ko:K05548,ko:K08195	-	ko00000,ko02000	2.A.1.15	-	MFS_1,MFS_4
NCS66_RS31390	hypothetical protein	WP_250481249.1					-	Major Facilitator Superfamily	ko:K19577	-	ko00000,ko02000	2.A.1.2.65	-	MFS_1
NCS66_RS31505	cyclic peptide export ABC transporter	WP_008345481.1	peptide transmembrane transporter activity|1904680||IEA	peptide transport|0015833||IEA	membrane|0016020||IEA		-	cyclic peptide transporter	ko:K06159,ko:K06160	-	ko00000,ko00001,ko02000	3.A.1.113.2,3.A.1.113.3	-	ABC_membrane,ABC_tran
NCS66_RS31520	porin	WP_008345477.1	porin activity|0015288||IEA		cell outer membrane|0009279||IEA		-	Gram-negative porin	ko:K03285	-	ko00000	1.B.1	-	Porin_4
NCS66_RS31545	TonB-dependent receptor	WP_008345465.1	channel activity|0015267||IEA	transmembrane transport|0055085||IEA			-	TonB-dependent receptor	ko:K02014	-	ko00000,ko02000	1.B.14	-	Plug,TonB_dep_Rec
NCS66_RS31585	ABC transporter substrate-binding protein	WP_008345457.1					-	NMT1/THI5 like	ko:K15553	M00436	ko00000,ko00001,ko00002,ko02000	3.A.1.17.2	-	NMT1
NCS66_RS31610	ABC transporter substrate-binding protein	WP_008345450.1					-	PFAM extracellular solute-binding protein family 1	ko:K02055	M00193	ko00000,ko00001,ko00002,ko02000	3.A.1.11	-	SBP_bac_6,SBP_bac_8
NCS66_RS31615	ABC transporter permease	WP_008345449.1	ABC-type transporter activity|0140359||IEA	transmembrane transport|0055085||IEA	ATP-binding cassette (ABC) transporter complex, substrate-binding subunit-containing|0055052||IEA		-	PFAM binding-protein-dependent transport systems inner membrane component	ko:K02054	M00193	ko00000,ko00001,ko00002,ko02000	3.A.1.11	-	BPD_transp_1
NCS66_RS31620	ABC transporter permease	WP_008345448.1	ABC-type transporter activity|0140359||IEA	transmembrane transport|0055085||IEA	ATP-binding cassette (ABC) transporter complex, substrate-binding subunit-containing|0055052||IEA		-	PFAM binding-protein-dependent transport systems inner membrane component	ko:K02053	M00193	ko00000,ko00001,ko00002,ko02000	3.A.1.11	-	BPD_transp_1
NCS66_RS31630	transporter substrate-binding domain-containing protein	WP_008345445.1					-	belongs to the bacterial solute-binding protein 3 family	ko:K02030	M00236	ko00000,ko00002,ko02000	3.A.1.3	-	SBP_bac_3
NCS66_RS31635	amino acid ABC transporter permease	WP_008345443.1	ABC-type transporter activity|0140359||IEA	amino acid transport|0006865||IEA			-	polar amino acid ABC transporter, inner membrane subunit	ko:K02029	M00236	ko00000,ko00002,ko02000	3.A.1.3	-	BPD_transp_1
NCS66_RS31675	ABC transporter permease	WP_008345434.1	transmembrane transporter activity|0022857||IEA				-	PFAM binding-protein-dependent transport systems inner membrane component	ko:K15554	M00436	ko00000,ko00001,ko00002,ko02000	3.A.1.17.2	-	BPD_transp_1
NCS66_RS31685	ABC transporter substrate-binding protein	WP_008345426.1					-	NMT1/THI5 like	ko:K15553	M00436	ko00000,ko00001,ko00002,ko02000	3.A.1.17.2	-	NMT1
NCS66_RS31715	ABC transporter substrate-binding protein	WP_008345415.1					-	Bacterial extracellular solute-binding proteins, family 5 Middle	ko:K02035	M00239	ko00000,ko00001,ko00002,ko02000	3.A.1.5	-	SBP_bac_5
NCS66_RS31740	peptide ABC transporter substrate-binding protein	WP_008345409.1					-	Bacterial extracellular solute-binding proteins, family 5 Middle	ko:K02035	M00239	ko00000,ko00001,ko00002,ko02000	3.A.1.5	-	SBP_bac_5
NCS66_RS31915	ABC transporter substrate-binding protein	WP_235366144.1	ABC-type transporter activity|0140359||IEA		ATP-binding cassette (ABC) transporter complex, substrate-binding subunit-containing|0055052||IEA		-	ABC transporter substrate-binding protein	ko:K17315	M00605	ko00000,ko00001,ko00002,ko02000	3.A.1.1.24,3.A.1.1.30	-	SBP_bac_1
NCS66_RS31980	ATP-binding cassette domain-containing protein	WP_008345359.1	ATP binding|0005524||IEA				-	ABC transporter, transmembrane region	ko:K06147	-	ko00000,ko02000	3.A.1.106,3.A.1.109,3.A.1.21	-	ABC_membrane,ABC_tran,Response_reg
NCS66_RS32000	outer membrane protein assembly factor BamA	WP_034471139.1			cell outer membrane|0009279||IEA	bamA	-	Part of the outer membrane protein assembly complex, which is involved in assembly and insertion of beta-barrel proteins into the outer membrane	ko:K07277	-	ko00000,ko02000,ko03029	1.B.33	-	Bac_surface_Ag,POTRA
NCS66_RS32035	porin	WP_008345348.1	porin activity|0015288||IEA		cell outer membrane|0009279||IEA		-	PFAM porin Gram-negative type	ko:K03285	-	ko00000	1.B.1	-	Porin_4
NCS66_RS32140	HlyD family secretion protein	WP_008345327.1	transmembrane transporter activity|0022857||IEA	transmembrane transport|0055085||IEA	membrane|0016020||IEA		-	PFAM secretion protein HlyD family protein	ko:K03543	M00701	ko00000,ko00002,ko02000	8.A.1.1	-	Biotin_lipoyl_2,HlyD_3,HlyD_D23
NCS66_RS32145	MDR family MFS transporter	WP_034474155.1	transmembrane transporter activity|0022857||IEA	transmembrane transport|0055085||IEA			-	Belongs to the major facilitator superfamily	ko:K03446	M00701	ko00000,ko00002,ko02000	2.A.1.3	-	MFS_1
NCS66_RS32180	transporter substrate-binding domain-containing protein	WP_008345319.1					-	belongs to the bacterial solute-binding protein 3 family	ko:K02030	M00236	ko00000,ko00002,ko02000	3.A.1.3	-	SBP_bac_3
NCS66_RS32500	type VI secretion system Vgr family protein	WP_008345823.1	molecular_function|0003674||IEA	protein secretion by the type VI secretion system|0033103||IEA		tssI	-	Rhs element Vgr	ko:K11904	M00334	ko00000,ko00001,ko00002,ko02044	3.A.23.1	-	Gp5_C,Phage_GPD
NCS66_RS32540	secretin N-terminal domain-containing protein	WP_008345808.1					-	general secretion pathway protein D	ko:K02453	M00331	ko00000,ko00001,ko00002,ko02044	3.A.15	-	Secretin,Secretin_N
NCS66_RS32565	cellulose synthase subunit BcsC-related outer membrane protein	WP_244808894.1		cellulose biosynthetic process|0030244||IEA	outer membrane|0019867||IEA		-	cellulose synthase operon C domain protein	ko:K20543	-	ko00000,ko02000	1.B.55.3	-	BCSC_C,TPR_16,TPR_19,TPR_8
NCS66_RS32600	hypothetical protein	WP_008345788.1					-	Sugar (and other) transporter	ko:K08196	-	ko00000,ko02000	2.A.1.15	-	MFS_1,Sugar_tr
NCS66_RS32760	cytochrome c oxidase subunit II	WP_008345743.1	cytochrome-c oxidase activity|0004129||IEA			coxB	-	cytochrome c oxidase subunit II	ko:K02275	M00155	ko00000,ko00001,ko00002,ko01000	3.D.4.2,3.D.4.4,3.D.4.6	-	COX2,Cytochrom_C
NCS66_RS33075	branched-chain amino acid ABC transporter substrate-binding protein	WP_008345630.1	ABC-type transporter activity|0140359||IEA	transmembrane transport|0055085||IEA			-	PFAM Extracellular ligand-binding receptor	ko:K01999	M00237	ko00000,ko00001,ko00002,ko02000	3.A.1.4	-	Peripla_BP_6
NCS66_RS33105	ABC transporter substrate-binding protein	WP_008345619.1					-	Belongs to the bacterial solute-binding protein 3 family	ko:K02030	M00236	ko00000,ko00002,ko02000	3.A.1.3	-	SBP_bac_3
NCS66_RS33110	amino acid ABC transporter permease/ATP-binding protein	WP_008345617.1	ABC-type transporter activity|0140359||IEA				-	TIGRFAM polar amino acid ABC transporter, inner membrane subunit	ko:K02028,ko:K02029	M00236	ko00000,ko00002,ko01000,ko02000	3.A.1.3	-	ABC_tran,BPD_transp_1
NCS66_RS33345	transporter substrate-binding domain-containing protein	WP_008345520.1					-	Bacterial periplasmic substrate-binding proteins	ko:K02030	M00236	ko00000,ko00002,ko02000	3.A.1.3	-	SBP_bac_3
NCS66_RS33405	ABC transporter substrate-binding protein	WP_008345505.1					-	ABC transporter substrate-binding protein	ko:K10439	M00212	ko00000,ko00001,ko00002,ko02000	3.A.1.2.1,3.A.1.2.13,3.A.1.2.19	-	Peripla_BP_4
NCS66_RS33415	ABC transporter permease	WP_008345495.1	ABC-type transporter activity|0140359||IEA				-	Belongs to the binding-protein-dependent transport system permease family	ko:K10440	M00212	ko00000,ko00001,ko00002,ko02000	3.A.1.2.1,3.A.1.2.13,3.A.1.2.19	-	BPD_transp_2
NCS66_RS33420	ABC transporter permease	WP_008345494.1	transmembrane transporter activity|0022857||IEA	carbohydrate transport|0008643||IEA	plasma membrane|0005886||IEA		-	Belongs to the binding-protein-dependent transport system permease family	ko:K10440	M00212	ko00000,ko00001,ko00002,ko02000	3.A.1.2.1,3.A.1.2.13,3.A.1.2.19	-	BPD_transp_2
NCS66_RS33425	sugar ABC transporter ATP-binding protein	WP_008345493.1	ABC-type transporter activity|0140359||IEA				-	Abc transporter	ko:K10441	M00212	ko00000,ko00001,ko00002,ko01000,ko02000	3.A.1.2.1,3.A.1.2.13,3.A.1.2.19	-	ABC_tran
NCS66_RS33430	substrate-binding domain-containing protein	WP_008345492.1					-	Periplasmic binding protein domain	ko:K10439	M00212	ko00000,ko00001,ko00002,ko02000	3.A.1.2.1,3.A.1.2.13,3.A.1.2.19	-	Peripla_BP_4
NCS66_RS33710	cytochrome c oxidase subunit II	WP_250481325.1	cytochrome-c oxidase activity|0004129||IEA			coxB	-	cytochrome c oxidase subunit II	ko:K02275	M00155	ko00000,ko00001,ko00002,ko01000	3.D.4.2,3.D.4.4,3.D.4.6	-	COX2,Cytochrom_C
NCS66_RS33715	cytochrome c oxidase subunit I	WP_250481326.1	cytochrome-c oxidase activity|0004129||IEA	electron transport coupled proton transport|0015990||IEA		ctaD	-	Cytochrome c oxidase is the component of the respiratory chain that catalyzes the reduction of oxygen to water. Subunits 1- 3 form the functional core of the enzyme complex. CO I is the catalytic subunit of the enzyme. Electrons originating in cytochrome c are transferred via the copper A center of subunit 2 and heme A of subunit 1 to the bimetallic center formed by heme A3 and copper B	ko:K02274,ko:K02298,ko:K15408	M00155,M00417	ko00000,ko00001,ko00002,ko01000	3.D.4.2,3.D.4.3,3.D.4.4,3.D.4.5,3.D.4.6	-	COX1,COX3
NCS66_RS33745	sodium:proton antiporter	WP_250481330.1		sodium ion transport|0006814||IEA	membrane|0016020||IEA		-	Sodium/hydrogen exchanger family	ko:K03316	-	ko00000	2.A.36	-	Na_H_Exchanger
NCS66_RS34000	phage late control D family protein	WP_250481352.1					-	rhs element vgr protein	ko:K11904	M00334	ko00000,ko00001,ko00002,ko02044	3.A.23.1	-	DUF2345,Phage_GPD,T6SS_Vgr
