locus_tag	product	protein_id	go_function	go_process	go_component	gene	GOs	Description	KEGG_ko	KEGG_Module	BRITE	KEGG_TC	CAZy	PFAMs
LDZ24_RS00020	phosphorothioated DNA-binding restriction endonuclease	WP_248320832.1	restriction endodeoxyribonuclease activity|0015666||IEA	DNA restriction-modification system|0009307||IEA			-	HNH endonuclease	ko:K07454	-	ko00000	-	-	HNH_2
LDZ24_RS00025	hypothetical protein	WP_244847619.1					-	-	-	-	-	-	-	-
LDZ24_RS00040	DUF488 domain-containing protein	WP_248320834.1					-	Protein of unknown function, DUF488	-	-	-	-	-	DUF488
LDZ24_RS00045	DUF799 domain-containing protein	WP_248320835.1					-	lipoprotein	-	-	-	-	-	DUF799
LDZ24_RS00050	DUF4810 domain-containing protein	WP_248320836.1					-	Domain of unknown function (DUF4810)	-	-	-	-	-	DUF4810
LDZ24_RS00055	CsgG/HfaB family protein	WP_248320837.1					-	Curli production assembly transport component CsgG	-	-	-	-	-	CsgG
LDZ24_RS00065	hypothetical protein	WP_248320839.1					-	-	-	-	-	-	-	-
LDZ24_RS00070	peptidoglycan-binding protein	WP_248320840.1					-	Putative peptidoglycan binding domain	-	-	-	-	-	PG_binding_1
LDZ24_RS00080	hypothetical protein	WP_248320842.1					-	SMART serine threonine protein kinase	-	-	-	-	-	AAA_16,CHAT,Pkinase,WD40
LDZ24_RS00085	hypothetical protein	WP_248320843.1					-	-	-	-	-	-	-	-
LDZ24_RS00090	DUF262 domain-containing protein	WP_248320844.1					-	Protein of unknown function DUF262	ko:K00655,ko:K07451	M00089	ko00000,ko00001,ko00002,ko01000,ko01004,ko02048	-	-	DUF262,HNH
LDZ24_RS28045	MrcB family domain-containing protein	WP_305854673.1					-	HNH nucleases	ko:K07451	-	ko00000,ko01000,ko02048	-	-	DUF3578,HNH
LDZ24_RS00105	hypothetical protein	WP_248320845.1					-	-	-	-	-	-	-	-
LDZ24_RS00110	AAA family ATPase	WP_248320846.1					-	AAA domain	-	-	-	-	-	AAA_25,PriCT_2
LDZ24_RS00115	PP2C family serine/threonine-protein phosphatase	WP_371747358.1	metal ion binding|0046872||IEA	protein dephosphorylation|0006470||IEA			-	Phosphatase	ko:K20074	-	ko00000,ko01000,ko01009	-	-	PP2C_2
LDZ24_RS00120	serine/threonine-protein kinase	WP_248320848.1	ATP binding|0005524||IEA	protein phosphorylation|0006468||IEA			-	Protein tyrosine kinase	ko:K08838,ko:K12132	-	ko00000,ko01000,ko01001,ko04131	-	-	MORN,Pkinase
LDZ24_RS00130	PaaI family thioesterase	WP_248320849.1	thiolester hydrolase activity|0016790||IEA				-	PFAM thioesterase superfamily protein	-	-	-	-	-	4HBT
LDZ24_RS00135	patatin-like phospholipase family protein	WP_248320850.1					-	PFAM Patatin	-	-	-	-	-	Patatin
LDZ24_RS00140	OsmC family protein	WP_248320851.1					-	PFAM OsmC family protein	-	-	-	-	-	OsmC
LDZ24_RS00155	LysR family transcriptional regulator	WP_175938889.1	DNA-binding transcription activator activity|0001216||IEA				-	Transcriptional regulator, LysR family	-	-	-	-	-	HTH_1,LysR_substrate
LDZ24_RS00160	DNA topoisomerase III	WP_248320853.1	DNA topoisomerase activity|0003916||IEA	DNA topological change|0006265||IEA			-	dna topoisomerase III	ko:K03169	-	ko00000,ko01000,ko03032	-	-	SWIB,Topoisom_bac,Toprim,Toprim_Crpt
LDZ24_RS00165	thioredoxin family protein	WP_248320854.1					-	Thioredoxin	-	-	-	-	-	Thioredoxin
LDZ24_RS00170	DNA-processing protein DprA	WP_248320855.1		DNA-mediated transformation|0009294||IEA		dprA	-	DNA protecting protein DprA	ko:K04096	-	ko00000	-	-	DNA_processg_A
LDZ24_RS00190	zinc metalloprotease HtpX	WP_206467320.1	metalloendopeptidase activity|0004222||IEA	proteolysis|0006508||IEA		htpX	-	Belongs to the peptidase M48B family	ko:K03799	M00743	ko00000,ko00002,ko01000,ko01002	-	-	Peptidase_M48
LDZ24_RS00200	DUF4390 domain-containing protein	WP_248320860.1					-	signal peptide protein	-	-	-	-	-	DUF4390
LDZ24_RS00205	PAS domain-containing sensor histidine kinase	WP_305854674.1					-	Histidine kinase	-	-	-	-	-	HAMP,HATPase_c,HisKA,PAS_4,PAS_7,PAS_8
LDZ24_RS00210	response regulator	WP_248320862.1				esaR	-	response regulator	-	-	-	-	-	HTH_8,Response_reg,Sigma54_activ_2
LDZ24_RS00240	tetratricopeptide repeat protein	WP_371747359.1	protein binding|0005515||IEA				-	PFAM Sel1 domain protein repeat-containing protein	ko:K07126	-	ko00000	-	-	Sel1
LDZ24_RS00270	Asp-tRNA(Asn)/Glu-tRNA(Gln) amidotransferase subunit GatC	WP_244847644.1	glutaminyl-tRNA synthase (glutamine-hydrolyzing) activity|0050567||IEA	regulation of translational fidelity|0006450||IEA	glutamyl-tRNA(Gln) amidotransferase complex|0030956||IEA	gatC	-	Allows the formation of correctly charged Asn-tRNA(Asn) or Gln-tRNA(Gln) through the transamidation of misacylated Asp- tRNA(Asn) or Glu-tRNA(Gln) in organisms which lack either or both of asparaginyl-tRNA or glutaminyl-tRNA synthetases. The reaction takes place in the presence of glutamine and ATP through an activated phospho-Asp-tRNA(Asn) or phospho-Glu-tRNA(Gln)	ko:K02435	-	ko00000,ko00001,ko01000,ko03029	-	-	Glu-tRNAGln
LDZ24_RS00275	Asp-tRNA(Asn)/Glu-tRNA(Gln) amidotransferase subunit GatA	WP_248320870.1	glutaminyl-tRNA synthase (glutamine-hydrolyzing) activity|0050567||IEA	glutamyl-tRNA aminoacylation|0006424||IEA	glutamyl-tRNA(Gln) amidotransferase complex|0030956||IEA	gatA	-	Allows the formation of correctly charged Gln-tRNA(Gln) through the transamidation of misacylated Glu-tRNA(Gln) in organisms which lack glutaminyl-tRNA synthetase. The reaction takes place in the presence of glutamine and ATP through an activated gamma-phospho-Glu-tRNA(Gln)	ko:K02433	-	ko00000,ko00001,ko01000,ko03029	-	-	Amidase
LDZ24_RS00280	Asp-tRNA(Asn)/Glu-tRNA(Gln) amidotransferase subunit GatB	WP_248320871.1	carbon-nitrogen ligase activity, with glutamine as amido-N-donor|0016884||IEA			gatB	-	Allows the formation of correctly charged Asn-tRNA(Asn) or Gln-tRNA(Gln) through the transamidation of misacylated Asp- tRNA(Asn) or Glu-tRNA(Gln) in organisms which lack either or both of asparaginyl-tRNA or glutaminyl-tRNA synthetases. The reaction takes place in the presence of glutamine and ATP through an activated phospho-Asp-tRNA(Asn) or phospho-Glu-tRNA(Gln)	ko:K02434	-	ko00000,ko00001,ko01000,ko03029	-	-	GatB_N,GatB_Yqey
LDZ24_RS00285	PPK2 family polyphosphate kinase	WP_248320872.1	phosphotransferase activity, phosphate group as acceptor|0016776||IEA	polyphosphate metabolic process|0006797||IEA			-	Polyphosphate kinase 2 (PPK2)	ko:K00937	-	ko00000,ko00001,ko01000,ko03019	-	-	PPK2
LDZ24_RS00290	exodeoxyribonuclease III	WP_248320873.1	nuclease activity|0004518||IEA	DNA repair|0006281||IEA			-	Exodeoxyribonuclease III	ko:K01142	-	ko00000,ko00001,ko01000,ko03400	-	-	Exo_endo_phos
LDZ24_RS00295	M48 family metallopeptidase	WP_248320874.1					-	Peptidase M48	-	-	-	-	-	Peptidase_M48
LDZ24_RS00305	methionine biosynthesis protein MetW	WP_175938937.1		methionine biosynthetic process|0009086||IEA		metW	-	Methionine biosynthesis protein MetW	-	-	-	-	-	MetW
LDZ24_RS00310	homoserine O-acetyltransferase	WP_175938938.1	acyltransferase activity, transferring groups other than amino-acyl groups|0016747||IEA	biosynthetic process|0009058||IEA			-	Transfers a succinyl group from succinyl-CoA to L- homoserine, forming succinyl-L-homoserine	ko:K00641	-	ko00000,ko00001,ko01000	-	-	Abhydrolase_1
LDZ24_RS00315	type II toxin-antitoxin system Phd/YefM family antitoxin	WP_175938940.1			toxin-antitoxin complex|0110001||IEA		-	Antitoxin component of a toxin-antitoxin (TA) module	-	-	-	-	-	PhdYeFM_antitox
LDZ24_RS00320	type II toxin-antitoxin system RelE/ParE family toxin	WP_248320876.1	protein homodimerization activity|0042803||IEA	protein heterotetramerization|0051290||IEA			-	ParE toxin of type II toxin-antitoxin system, parDE	-	-	-	-	-	ParE_toxin
LDZ24_RS00325	pyrimidine 5'-nucleotidase	WP_248320877.1					-	had-superfamily hydrolase subfamily ia, variant 3	ko:K07025	-	ko00000	-	-	HAD_2
LDZ24_RS00335	cysteine-rich CWC family protein	WP_248320879.1					-	Cysteine-rich CWC	-	-	-	-	-	Cys_rich_CWC
LDZ24_RS00340	ATP-binding protein	WP_248320880.1					-	histidine kinase A domain protein	ko:K15011	M00523	ko00000,ko00001,ko00002,ko01000,ko01001,ko02022	-	-	HATPase_c
LDZ24_RS00345	response regulator transcription factor	WP_159837606.1					-	response regulator	ko:K15012	M00523	ko00000,ko00001,ko00002,ko02022	-	-	HTH_8,Response_reg
LDZ24_RS00350	methyl-accepting chemotaxis protein	WP_248320881.1		signal transduction|0007165||IEA	membrane|0016020||IEA		-	Chemotaxis sensory transducer	ko:K03406,ko:K03776,ko:K05874	-	ko00000,ko00001,ko02035	-	-	4HB_MCP_1,HAMP,MCPsignal,TarH,sCache_2
LDZ24_RS00365	EAL domain-containing protein	WP_248320884.1					-	PFAM EAL domain protein	-	-	-	-	-	EAL
LDZ24_RS00370	indolepyruvate ferredoxin oxidoreductase family protein	WP_248320885.1					-	oxidoreductase	ko:K04090	-	br01601,ko00000,ko01000	-	-	POR,TPP_enzyme_C
LDZ24_RS00380	hypothetical protein	WP_248320887.1					-	-	-	-	-	-	-	-
LDZ24_RS00385	hypothetical protein	WP_159837620.1					-	-	-	-	-	-	-	-
LDZ24_RS00395	AGE family epimerase/isomerase	WP_371747423.1					-	N-acylglucosamine 2-epimerase	-	-	-	-	-	GlcNAc_2-epim
LDZ24_RS00400	LacI family DNA-binding transcriptional regulator	WP_248320890.1	DNA-binding transcription factor activity|0003700||IEA	regulation of DNA-templated transcription|0006355||IEA			-	periplasmic binding protein LacI transcriptional regulator	-	-	-	-	-	LacI,Peripla_BP_3
LDZ24_RS00405	PIG-L deacetylase family protein	WP_248320891.1					-	GlcNAc-PI de-N-acetylase	-	-	-	-	-	PIG-L
LDZ24_RS00415	hypothetical protein	WP_248320894.1					-	-	-	-	-	-	-	-
LDZ24_RS00420	porin	WP_206467342.1					-	PFAM porin Gram-negative type	-	-	-	-	-	Porin_4
LDZ24_RS00425	nitronate monooxygenase family protein	WP_248320895.1	monooxygenase activity|0004497||IEA				-	2-Nitropropane dioxygenase	ko:K00459	-	ko00000,ko00001,ko01000	-	-	NMO
LDZ24_RS00430	alpha/beta fold hydrolase	WP_248320896.1					-	Alpha beta hydrolase	ko:K01561	-	ko00000,ko00001,ko01000	-	-	Abhydrolase_1
LDZ24_RS00435	MBL fold metallo-hydrolase	WP_248320897.1	metal ion binding|0046872||IEA				-	beta-lactamase	-	-	-	-	-	Lactamase_B
LDZ24_RS00440	DUF1289 domain-containing protein	WP_248322373.1					-	PFAM MaoC domain protein dehydratase	-	-	-	-	-	DUF1289,MaoC_dehydrat_N,MaoC_dehydratas
LDZ24_RS00445	YbaK/EbsC family protein	WP_175938982.1					-	prolyl-trna synthetase	-	-	-	-	-	tRNA_edit
LDZ24_RS00460	VOC family protein	WP_206467350.1					-	glyoxalase bleomycin resistance protein dioxygenase	ko:K06991	-	ko00000	-	-	Glyoxalase
LDZ24_RS00465	alpha/beta hydrolase	WP_248322374.1					-	Alpha beta hydrolase	ko:K07002	-	ko00000	-	-	Ser_hydrolase
LDZ24_RS00495	dienelactone hydrolase family protein	WP_248320904.1	hydrolase activity|0016787||IEA		cytosol|0005829||IEA		-	X-Pro dipeptidyl-peptidase (S15 family)	-	-	-	-	-	Peptidase_S15,Peptidase_S9
LDZ24_RS00510	SDR family oxidoreductase	WP_248320908.1	oxidoreductase activity|0016491||IEA				-	short-chain dehydrogenase	-	-	-	-	-	adh_short
LDZ24_RS00530	MerR family DNA-binding transcriptional regulator	WP_248320912.1	DNA-binding transcription factor activity|0003700||IEA				-	Transcriptional regulator	-	-	-	-	-	MerR,MerR-DNA-bind,MerR_1
LDZ24_RS00535	MBL fold metallo-hydrolase	WP_248320914.1					-	PFAM beta-lactamase domain protein	-	-	-	-	-	Lactamase_B
LDZ24_RS00550	flagellar protein FliT	WP_248320916.1					-	Flagellar protein FliT	-	-	-	-	-	FliT
LDZ24_RS00555	flagellar filament capping protein FliD	WP_248320918.1		cell adhesion|0007155||IEA	bacterial-type flagellum|0009288||IEA	fliD	-	Required for morphogenesis and for the elongation of the flagellar filament by facilitating polymerization of the flagellin monomers at the tip of growing filament. Forms a capping structure, which prevents flagellin subunits (transported through the central channel of the flagellum) from leaking out without polymerization at the distal end	ko:K02407	-	ko00000,ko00001,ko02035	-	-	Flagellin_IN,FliD_C,FliD_N
LDZ24_RS00560	flagellin domain-containing protein	WP_175939021.1					GO:0005575,GO:0005576,GO:0005623,GO:0009288,GO:0042995,GO:0043226,GO:0043228,GO:0044464	Flagellin is the subunit protein which polymerizes to form the filaments of bacterial flagella	ko:K02406	-	ko00000,ko00001,ko02035	-	-	Flagellin_C,Flagellin_N,FliC,FliC_SP
LDZ24_RS00570	aldo/keto reductase	WP_248320921.1					-	aldo keto reductase	ko:K05882	-	ko00000,ko01000	-	-	Aldo_ket_red
LDZ24_RS00580	hypothetical protein	WP_248320923.1					-	-	-	-	-	-	-	-
LDZ24_RS00585	hypothetical protein	WP_248320925.1					-	-	-	-	-	-	-	-
LDZ24_RS00605	hypothetical protein	WP_248320932.1					-	-	-	-	-	-	-	PXPV
LDZ24_RS00615	glycosyltransferase family 4 protein	WP_175939037.1					-	PFAM glycosyl transferase group 1	-	-	-	-	-	Glyco_trans_4_4,Glyco_transf_4,Glycos_transf_1
LDZ24_RS00635	response regulator	WP_175939044.1		phosphorelay signal transduction system|0000160||IEA			-	Pfam Response regulator receiver	ko:K03413	M00506	ko00000,ko00001,ko00002,ko02022,ko02035	-	-	Response_reg
LDZ24_RS00660	chemoreceptor glutamine deamidase CheD	WP_248320943.1				cheD	-	Probably deamidates glutamine residues to glutamate on methyl-accepting chemotaxis receptors (MCPs), playing an important role in chemotaxis	ko:K03411	-	ko00000,ko00001,ko01000,ko02035	-	-	CheD
LDZ24_RS00680	DUF2844 domain-containing protein	WP_248320947.1					-	Protein of unknown function (DUF2844)	-	-	-	-	-	DUF2844
LDZ24_RS00685	DUF3443 domain-containing protein	WP_248320949.1					-	Protein of unknown function (DUF3443)	-	-	-	-	-	DUF3443
LDZ24_RS00690	SDR family oxidoreductase	WP_248320951.1	oxidoreductase activity|0016491||IEA				-	Belongs to the short-chain dehydrogenases reductases (SDR) family	-	-	-	-	-	adh_short
LDZ24_RS00695	thiol:disulfide interchange protein DsbA/DsbL	WP_248320952.1	protein-disulfide reductase activity|0015035||IEA				-	Thiol disulfide interchange protein	ko:K03673	M00728	ko00000,ko00001,ko00002,ko03110	-	-	DSBA,Thioredoxin
LDZ24_RS00700	SPOR domain-containing protein	WP_206467385.1					-	cell division protein	-	-	-	-	-	SPOR
LDZ24_RS00705	arginine--tRNA ligase	WP_248320953.1	ATP binding|0005524||IEA	arginyl-tRNA aminoacylation|0006420||IEA	cytoplasm|0005737||IEA	argS	-	Arginyl-tRNA synthetase	ko:K01887	M00359,M00360	ko00000,ko00001,ko00002,ko01000,ko01007,ko03016,ko03029	-	-	Arg_tRNA_synt_N,DALR_1,tRNA-synt_1d
LDZ24_RS00710	DUF1840 domain-containing protein	WP_248320954.1					-	Domain of unknown function (DUF1840)	-	-	-	-	-	DUF1840
LDZ24_RS00715	hypothetical protein	WP_175939072.1					-	-	-	-	-	-	-	-
LDZ24_RS00730	DUF3567 domain-containing protein	WP_248320957.1					-	Protein of unknown function (DUF3567)	-	-	-	-	-	DUF3567
LDZ24_RS00740	DUF3108 domain-containing protein	WP_248320959.1					-	Protein of unknown function (DUF3108)	-	-	-	-	-	DUF3108
LDZ24_RS00745	IclR family transcriptional regulator	WP_248320960.1	DNA-binding transcription factor activity|0003700||IEA	regulation of DNA-templated transcription|0006355||IEA			-	Transcriptional regulator	-	-	-	-	-	HTH_IclR,IclR
LDZ24_RS00765	PhaM family polyhydroxyalkanoate granule multifunctional regulatory protein	WP_248320964.1					-	-	-	-	-	-	-	-
LDZ24_RS00770	MerR family transcriptional regulator	WP_248320965.1	DNA binding|0003677||IEA	regulation of DNA-templated transcription|0006355||IEA			-	B12 binding domain	ko:K22491	-	ko00000,ko03000	-	-	B12-binding,B12-binding_2,MerR_1
LDZ24_RS00775	ferritin-like domain-containing protein	WP_175939095.1					-	Catalyzes the formation of the isocyclic ring in chlorophyll biosynthesis. Mediates the cyclase reaction, which results in the formation of divinylprotochlorophyllide (Pchlide) characteristic of all chlorophylls from magnesium-protoporphyrin IX 13-monomethyl ester (MgPMME)	-	-	-	-	-	-
LDZ24_RS00780	D-glycero-beta-D-manno-heptose 1-phosphate adenylyltransferase	WP_175939096.1	nucleotidyltransferase activity|0016779||IEA	carbohydrate metabolic process|0005975||IEA		rfaE2	-	Catalyzes the ADP transfer from ATP to D-glycero-beta-D- manno-heptose 1-phosphate, yielding ADP-D-glycero-beta-D-manno- heptose	ko:K21345	M00064	ko00000,ko00001,ko00002,ko01000	-	-	CTP_transf_like
LDZ24_RS00785	hypothetical protein	WP_248320966.1					-	-	-	-	-	-	-	-
LDZ24_RS00820	VanZ family protein	WP_248320973.1					-	PFAM VanZ family protein	-	-	-	-	-	VanZ
LDZ24_RS00825	ferredoxin	WP_244847737.1					-	Ferredoxin	-	-	-	-	-	2Fe-2S_thioredx
LDZ24_RS00830	alpha/beta hydrolase	WP_248320975.1					-	Alpha beta	ko:K07018	-	ko00000	-	-	Hydrolase_4,Peptidase_S15
LDZ24_RS00845	DUF493 family protein	WP_248320979.1					-	Belongs to the UPF0250 family	ko:K09158	-	ko00000	-	-	DUF493
LDZ24_RS00855	DUF2917 domain-containing protein	WP_248320981.1					-	Protein of unknown function (DUF2917)	-	-	-	-	-	DUF2917
LDZ24_RS00875	ATP-binding protein	WP_371747364.1					-	PFAM ATP-binding region, ATPase domain protein	ko:K10125	M00504	ko00000,ko00001,ko00002,ko01000,ko01001,ko02022	-	-	HATPase_c,HisKA,dCache_1
LDZ24_RS00885	TlpA disulfide reductase family protein	WP_248320993.1					-	Redoxin domain protein	-	-	-	-	-	AhpC-TSA,Redoxin
LDZ24_RS00890	hypothetical protein	WP_371747400.1					-	-	-	-	-	-	-	-
LDZ24_RS00900	accessory factor UbiK family protein	WP_175939211.1					-	Membrane fusogenic activity	ko:K09806	-	ko00000	-	-	BMFP
LDZ24_RS00950	S41 family peptidase	WP_248321007.1					-	Belongs to the peptidase S41A family	ko:K03797	-	ko00000,ko01000,ko01002	-	-	PDZ,PDZ_2,Peptidase_S41
LDZ24_RS00990	ComF family protein	WP_248321020.1					-	Competence protein	-	-	-	-	-	Pribosyltran
LDZ24_RS00995	methyltransferase domain-containing protein	WP_248322238.1	S-adenosylmethionine-dependent methyltransferase activity|0008757||IEA				-	Converts the free carboxyl group of a malonyl-thioester to its methyl ester by transfer of a methyl group from S-adenosyl- L-methionine (SAM). It allows to synthesize pimeloyl-ACP via the fatty acid synthetic pathway	ko:K02169	M00572	ko00000,ko00001,ko00002,ko01000	-	-	Methyltransf_11
LDZ24_RS01000	DUF2244 domain-containing protein	WP_248321022.1					-	Integral membrane protein (DUF2244)	-	-	-	-	-	DUF2244
LDZ24_RS01015	cytochrome oxidase small assembly protein	WP_244847767.1					-	-	-	-	-	-	-	-
LDZ24_RS01025	DUF2970 domain-containing protein	WP_248321025.1					-	Protein of unknown function (DUF2970)	-	-	-	-	-	DUF2970
LDZ24_RS01035	twin transmembrane helix small protein	WP_035961831.1					-	Protein of unknown function (DUF2909)	-	-	-	-	-	DUF2909
LDZ24_RS01045	cytochrome C oxidase subunit I	WP_248321028.1					-	signal sequence binding	-	-	-	-	-	-
LDZ24_RS01055	heme o synthase	WP_248321032.1	protoheme IX farnesyltransferase activity|0008495||IEA	heme biosynthetic process|0006783||IEA	membrane|0016020||IEA	cyoE	-	Converts heme B (protoheme IX) to heme O by substitution of the vinyl group on carbon 2 of heme B porphyrin ring with a hydroxyethyl farnesyl side group	ko:K02257	M00154	ko00000,ko00001,ko00002,ko01000,ko01006,ko03029	-	-	UbiA
LDZ24_RS01060	SCO family protein	WP_248321034.1					-	Electron transport protein SCO1 SenC	ko:K07152	-	ko00000,ko03029	-	-	SCO1-SenC
LDZ24_RS01065	YciI family protein	WP_248321036.1					-	PFAM YCII-related	-	-	-	-	-	YCII
LDZ24_RS01075	bifunctional helix-turn-helix transcriptional regulator/GNAT family N-acetyltransferase	WP_248322240.1	acyltransferase activity, transferring groups other than amino-acyl groups|0016747||IEA				-	Regulatory protein MarR	-	-	-	-	-	Acetyltransf_1,Acetyltransf_10,MarR_2
LDZ24_RS01080	GntR family transcriptional regulator	WP_248321040.1	DNA-binding transcription factor activity|0003700||IEA				-	regulatory protein GntR HTH	ko:K03710	-	ko00000,ko03000	-	-	GntR,UTRA
LDZ24_RS01110	acyloxyacyl hydrolase	WP_248321045.1					GO:0003674,GO:0003824,GO:0005488,GO:0005515,GO:0005575,GO:0005623,GO:0005975,GO:0005976,GO:0006629,GO:0006643,GO:0006644,GO:0006664,GO:0006793,GO:0006796,GO:0008150,GO:0008152,GO:0008653,GO:0009279,GO:0009311,GO:0009987,GO:0016020,GO:0016021,GO:0016787,GO:0016788,GO:0019637,GO:0019867,GO:0030312,GO:0030313,GO:0031224,GO:0031975,GO:0042802,GO:0042803,GO:0043170,GO:0044237,GO:0044238,GO:0044255,GO:0044260,GO:0044262,GO:0044264,GO:0044425,GO:0044462,GO:0044464,GO:0046493,GO:0046983,GO:0050528,GO:0052689,GO:0071704,GO:0071944,GO:1901135,GO:1901269,GO:1903509	Has lipid A 3-O-deacylase activity. Hydrolyzes the ester bond at the 3 position of lipid A, a bioactive component of lipopolysaccharide (LPS), thereby releasing the primary fatty acyl moiety	ko:K12976	-	ko00000,ko01000,ko01005	-	-	PagL
LDZ24_RS01115	nuclear transport factor 2 family protein	WP_175939282.1					-	Domain of unknown function (DUF4440)	-	-	-	-	-	DUF4440
LDZ24_RS01145	TetR/AcrR family transcriptional regulator	WP_248321050.1	DNA-binding transcription factor activity|0003700||IEA	regulation of DNA-templated transcription|0006355||IEA			-	Bacterial regulatory proteins, tetR family	-	-	-	-	-	TetR_C_11,TetR_N
LDZ24_RS01150	HlyD family secretion protein	WP_248321052.1	transmembrane transporter activity|0022857||IEA	transmembrane transport|0055085||IEA	membrane|0016020||IEA		-	Secretion protein	ko:K01993	-	ko00000	-	-	Biotin_lipoyl_2,HlyD_3
LDZ24_RS01165	efflux transporter outer membrane subunit	WP_248321058.1	porin activity|0015288||IEA	transport|0006810||IEA	cell outer membrane|0009279||IEA		-	TIGRFAM RND efflux system, outer membrane lipoprotein, NodT family	-	-	-	-	-	OEP
LDZ24_RS01185	winged helix-turn-helix domain-containing protein	WP_175939301.1					-	Transcriptional regulator	-	-	-	-	-	-
LDZ24_RS01190	hypothetical protein	WP_248321064.1					-	-	-	-	-	-	-	MASE1
LDZ24_RS01215	50S ribosomal protein L25/general stress protein Ctc	WP_206467439.1	5S rRNA binding|0008097||IEA	translation|0006412||IEA			-	This is one of the proteins that binds to the 5S RNA in the ribosome where it forms part of the central protuberance	ko:K02897	M00178	ko00000,ko00001,ko00002,ko03011	-	-	Ribosomal_L25p,Ribosomal_TL5_C
LDZ24_RS01235	lipoprotein insertase outer membrane protein LolB	WP_248321070.1		protein transport|0015031||IEA	cell outer membrane|0009279||IEA	lolB	-	Plays a critical role in the incorporation of lipoproteins in the outer membrane after they are released by the LolA protein	ko:K02494	-	ko00000	-	-	LolB
LDZ24_RS01240	tetratricopeptide repeat protein	WP_248321072.1					-	TPR repeat-containing protein	-	-	-	-	-	TPR_16,TPR_19,TPR_8
LDZ24_RS01255	LON peptidase substrate-binding domain-containing protein	WP_248321076.1					-	PFAM peptidase S16 lon domain protein	ko:K07157	-	ko00000	-	-	LON_substr_bdg
LDZ24_RS01265	HPr(Ser) kinase/phosphatase	WP_008351692.1	ATP binding|0005524||IEA	regulation of carbohydrate metabolic process|0006109||IEA		hprK	-	Catalyzes the ATP- as well as the pyrophosphate- dependent phosphorylation of a specific serine residue in HPr, a phosphocarrier protein of the phosphoenolpyruvate-dependent sugar phosphotransferase system (PTS). HprK P also catalyzes the pyrophosphate-producing, inorganic phosphate-dependent dephosphorylation (phosphorolysis) of seryl-phosphorylated HPr (P- Ser-HPr)	ko:K06023	-	ko00000,ko01000	-	-	Hpr_kinase_C,Hpr_kinase_N
LDZ24_RS01320	LysE family translocator	WP_248321086.1					-	Lysine transporter LysE	-	-	-	-	-	LysE
LDZ24_RS01325	NUDIX hydrolase family protein	WP_248321088.1					-	Domain of unknown function (DUF4743)	-	-	-	-	-	DUF4743,NUDIX
LDZ24_RS01335	AI-2E family transporter	WP_248321090.1	efflux transmembrane transporter activity|0015562||IEA	autoinducer AI-2 transmembrane transport|1905887||IEA			-	membrane	-	-	-	-	-	AI-2E_transport
LDZ24_RS01350	single-stranded DNA-binding protein	WP_248321095.1					GO:0000725,GO:0003674,GO:0003676,GO:0003677,GO:0003697,GO:0005488,GO:0005515,GO:0005575,GO:0005622,GO:0005623,GO:0005737,GO:0005829,GO:0006139,GO:0006259,GO:0006281,GO:0006298,GO:0006310,GO:0006725,GO:0006807,GO:0006950,GO:0006974,GO:0007154,GO:0008047,GO:0008150,GO:0008152,GO:0009432,GO:0009605,GO:0009987,GO:0009991,GO:0030234,GO:0031668,GO:0033554,GO:0034641,GO:0042802,GO:0043085,GO:0043170,GO:0044093,GO:0044237,GO:0044238,GO:0044260,GO:0044424,GO:0044444,GO:0044464,GO:0046483,GO:0050790,GO:0050896,GO:0051716,GO:0065007,GO:0065009,GO:0071496,GO:0071704,GO:0090304,GO:0097159,GO:0098772,GO:1901360,GO:1901363	Plays an important role in DNA replication, recombination and repair. Binds to ssDNA and to an array of partner proteins to recruit them to their sites of action during DNA metabolism	ko:K03111	-	ko00000,ko00001,ko03029,ko03032,ko03400	-	-	SSB
LDZ24_RS01360	response regulator transcription factor	WP_248321099.1		phosphorelay signal transduction system|0000160||IEA			-	Response regulator receiver	ko:K07687	M00474	ko00000,ko00001,ko00002,ko02022	-	-	GerE,Response_reg
LDZ24_RS01365	response regulator transcription factor	WP_248321100.1		phosphorelay signal transduction system|0000160||IEA			-	PFAM regulatory protein LuxR	ko:K07687	M00474	ko00000,ko00001,ko00002,ko02022	-	-	GerE,Response_reg
LDZ24_RS01375	LysR family transcriptional regulator	WP_371747367.1	DNA-binding transcription activator activity|0001216||IEA				-	Transcriptional regulator	-	-	-	-	-	HTH_1,LysR_substrate
LDZ24_RS01380	porin	WP_248321101.1	porin activity|0015288||IEA		cell outer membrane|0009279||IEA		-	PFAM porin Gram-negative type	-	-	-	-	-	Porin_4
LDZ24_RS01385	CHRD domain-containing protein	WP_248321102.1					-	PFAM CHRD domain containing protein	-	-	-	-	-	CHRD
LDZ24_RS01390	alpha/beta hydrolase	WP_248321103.1	hydrolase activity|0016787||IEA				-	Alpha beta hydrolase	ko:K14731	-	ko00000,ko00001,ko01000	-	-	Abhydrolase_3
LDZ24_RS01395	EcsC family protein	WP_248321105.1					-	EcsC protein family	-	-	-	-	-	EcsC
LDZ24_RS01400	MFS transporter	WP_248321107.1	transmembrane transporter activity|0022857||IEA	transmembrane transport|0055085||IEA			-	Major facilitator superfamily	-	-	-	-	-	MFS_1
LDZ24_RS01405	MarR family winged helix-turn-helix transcriptional regulator	WP_248321109.1	DNA-binding transcription factor activity|0003700||IEA	regulation of DNA-templated transcription|0006355||IEA			-	Regulatory protein MarR	-	-	-	-	-	MarR,MarR_2
LDZ24_RS01415	MurR/RpiR family transcriptional regulator	WP_248321113.1	DNA-binding transcription factor activity|0003700||IEA	regulation of DNA-templated transcription|0006355||IEA			-	Transcriptional regulator	ko:K19337	-	ko00000,ko03000	-	-	HTH_6,SIS
LDZ24_RS01420	amidohydrolase family protein	WP_248321115.1					-	D-aminoacylase	ko:K01461,ko:K06015	-	ko00000,ko01000	-	-	Amidohydro_3
LDZ24_RS01425	RidA family protein	WP_248321117.1	hydrolase activity|0016787||IEA				-	endoribonuclease L-PSP	-	-	-	-	-	Ribonuc_L-PSP
LDZ24_RS01450	FAD/FMN-binding oxidoreductase	WP_248321125.1					-	FAD linked oxidase domain protein	-	-	-	-	-	CCG,DUF3400,DUF3683,FAD-oxidase_C,FAD_binding_4,Fer4_8
LDZ24_RS01455	HIT family protein	WP_248321126.1	S-adenosyl-L-methionine binding|1904047||IEA				-	Histidine triad (HIT) protein	-	-	-	-	-	HIT
LDZ24_RS01460	gamma-butyrobetaine hydroxylase-like domain-containing protein	WP_175939401.1					-	Protein of unknown function (DUF971)	-	-	-	-	-	DUF971
LDZ24_RS01470	Tim44 domain-containing protein	WP_248321130.1					-	import inner membrane translocase, subunit Tim44	-	-	-	-	-	Tim44
LDZ24_RS01475	SCP2 domain-containing protein	WP_248321132.1	sterol binding|0032934||IEA				-	PFAM Sterol-binding domain protein	ko:K03690	-	ko00000	-	-	SCP2
LDZ24_RS01485	methyltransferase domain-containing protein	WP_248321136.1					-	Thiopurine S-methyltransferase	-	-	-	-	-	TPMT
LDZ24_RS01490	FmdB family zinc ribbon protein	WP_248321138.1					-	Regulatory protein, FmdB family	-	-	-	-	-	Zn-ribbon_8
LDZ24_RS01495	DUF502 domain-containing protein	WP_175939420.1					-	Protein of unknown function (DUF502)	-	-	-	-	-	DUF502
LDZ24_RS01515	TetR/AcrR family transcriptional regulator	WP_206467484.1	DNA-binding transcription factor activity|0003700||IEA	regulation of DNA-templated transcription|0006355||IEA			-	regulatory protein TetR	-	-	-	-	-	TetR_N
LDZ24_RS01520	acyl-CoA dehydrogenase C-terminal domain-containing protein	WP_248321141.1					-	acyl-CoA dehydrogenase	-	-	-	-	-	Acyl-CoA_dh_1,Acyl-CoA_dh_C,Acyl-CoA_dh_M,Acyl-CoA_dh_N,AcylCoA_DH_N
LDZ24_RS01540	lysozyme inhibitor LprI family protein	WP_248321148.1					-	Lysozyme inhibitor LprI	-	-	-	-	-	LprI
LDZ24_RS01550	nitrate reductase associated protein	WP_206467491.1					-	PFAM conserved	-	-	-	-	-	Nitr_red_assoc
LDZ24_RS01555	EAL domain-containing protein	WP_248321152.1					-	GGDEF domain containing protein	-	-	-	-	-	EAL,GAF_2,GGDEF,HAMP,PAS_3,PAS_4,PAS_9,Response_reg
LDZ24_RS01575	LysR substrate-binding domain-containing protein	WP_248321159.1					-	Transcriptional regulator	ko:K21645	-	ko00000,ko03000	-	-	HTH_1,LysR_substrate
LDZ24_RS01615	DUF3025 domain-containing protein	WP_350029419.1					-	Protein of unknown function (DUF3025)	-	-	-	-	-	DUF3025
LDZ24_RS01650	tyrosine--tRNA ligase	WP_248321170.1	ATP binding|0005524||IEA	tyrosyl-tRNA aminoacylation|0006437||IEA		tyrS	-	Catalyzes the attachment of tyrosine to tRNA(Tyr) in a two-step reaction tyrosine is first activated by ATP to form Tyr- AMP and then transferred to the acceptor end of tRNA(Tyr)	ko:K01866	M00359,M00360	ko00000,ko00001,ko00002,ko01000,ko01007,ko03016,ko03029	-	-	S4,S4_2,tRNA-synt_1b
LDZ24_RS01665	oxygenase MpaB family protein	WP_248321174.1	oxidoreductase activity|0016491||IEA				-	Uncharacterized protein conserved in bacteria (DUF2236)	-	-	-	-	-	DUF2236
LDZ24_RS01700	UbiH/UbiF/VisC/COQ6 family ubiquinone biosynthesis hydroxylase	WP_248321180.1	FAD binding|0071949||IEA	ubiquinone biosynthetic process|0006744||IEA			-	Ubiquinone biosynthesis hydroxylase, UbiH UbiF VisC COQ6 family	ko:K03185	M00117	ko00000,ko00001,ko00002,ko01000	-	-	FAD_binding_3
LDZ24_RS01710	class I SAM-dependent RNA methyltransferase	WP_248321184.1					-	Belongs to the methyltransferase superfamily	ko:K07444	-	ko00000,ko01000	-	-	THUMP,UPF0020
LDZ24_RS01715	hypothetical protein	WP_248321186.1					-	-	-	-	-	-	-	-
LDZ24_RS01745	TetR/AcrR family transcriptional regulator	WP_248321192.1	DNA-binding transcription factor activity|0003700||IEA	regulation of DNA-templated transcription|0006355||IEA			-	Transcriptional regulator	ko:K16137	-	ko00000,ko03000	-	-	TetR_C_13,TetR_N
LDZ24_RS01750	alpha/beta hydrolase	WP_248321194.1	hydrolase activity|0016787||IEA				-	PFAM Alpha beta hydrolase fold-3 domain protein	ko:K01066	-	ko00000,ko01000	-	-	Abhydrolase_3
LDZ24_RS01760	membrane integrity-associated transporter subunit PqiC	WP_248321196.1					-	ABC-type transport auxiliary lipoprotein component	ko:K09857	-	ko00000	-	-	ABC_trans_aux
LDZ24_RS01765	intermembrane transport protein PqiB	WP_248321198.1					-	PFAM Mammalian cell entry related domain protein	ko:K06192	-	ko00000	-	-	MlaD
LDZ24_RS01770	paraquat-inducible protein A	WP_371747371.1					-	paraquat-inducible protein A	ko:K03808	-	ko00000	-	-	PqiA
LDZ24_RS01775	paraquat-inducible protein A	WP_248321199.1					-	paraquat-inducible protein A	ko:K03808	-	ko00000	-	-	PqiA
LDZ24_RS01780	cytochrome b	WP_248321201.1	metal ion binding|0046872||IEA	respiratory electron transport chain|0022904||IEA	membrane|0016020||IEA		-	Cytochrome b561	ko:K12262	-	ko00000	-	-	Ni_hydr_CYTB
LDZ24_RS01785	YceI family protein	WP_175939471.1			periplasmic space|0042597||IEA		-	Belongs to the UPF0312 family	-	-	-	-	-	YceI
LDZ24_RS01845	Dps family protein	WP_175939482.1	oxidoreductase activity|0016491||IEA				-	Belongs to the Dps family	ko:K04047	-	ko00000,ko03036	-	-	Ferritin
LDZ24_RS01855	hypothetical protein	WP_248321215.1					-	FkbM family	-	-	-	-	-	Methyltransf_21
LDZ24_RS01895	GIY-YIG nuclease family protein	WP_256465376.1					-	-	-	-	-	-	-	T5orf172
LDZ24_RS01900	hypothetical protein	WP_248321228.1					-	-	-	-	-	-	-	-
LDZ24_RS01920	YhdP family protein	WP_248321236.1					-	Protein of unknown function	-	-	-	-	-	AsmA_2,DUF3971
LDZ24_RS01940	heat-inducible transcriptional repressor HrcA	WP_175939498.1	DNA binding|0003677||IEA	regulation of DNA-templated transcription|0006355||IEA		hrcA	-	Negative regulator of class I heat shock genes (grpE- dnaK-dnaJ and groELS operons). Prevents heat-shock induction of these operons	ko:K03705	-	ko00000,ko03000	-	-	HrcA,HrcA_DNA-bdg
LDZ24_RS01955	hypothetical protein	WP_175939501.1					-	-	-	-	-	-	-	-
LDZ24_RS01965	thioredoxin family protein	WP_175939503.1					-	COG0526, thiol-disulfide isomerase and thioredoxins	-	-	-	-	-	Thioredoxin
LDZ24_RS01990	FadR/GntR family transcriptional regulator	WP_371747373.1	DNA-binding transcription factor activity|0003700||IEA				-	PFAM regulatory protein GntR HTH	-	-	-	-	-	FCD,GntR
LDZ24_RS02000	M48 family metallopeptidase	WP_248321251.1	metal ion binding|0046872||IEA				-	Metal-dependent hydrolase	ko:K07043	-	ko00000	-	-	DUF45
LDZ24_RS02005	1-acyl-sn-glycerol-3-phosphate acyltransferase	WP_248321252.1					-	Acyl-transferase	ko:K00655	M00089	ko00000,ko00001,ko00002,ko01000,ko01004	-	-	Acyltransferase
LDZ24_RS02025	apolipoprotein N-acyltransferase	WP_248321258.1	N-acyltransferase activity|0016410||IEA	lipoprotein biosynthetic process|0042158||IEA	membrane|0016020||IEA	lnt	-	Transfers the fatty acyl group on membrane lipoproteins	ko:K03820	-	ko00000,ko01000	-	GT2	CN_hydrolase
LDZ24_RS02060	hypothetical protein	WP_248322248.1					-	-	-	-	-	-	-	-
LDZ24_RS02065	hypothetical protein	WP_175940590.1					-	-	-	-	-	-	-	Phage_TAC_6
LDZ24_RS02080	ferritin-like domain-containing protein	WP_248321267.1					-	catalase activity	-	-	-	-	-	FA_desaturase_2
LDZ24_RS02085	hypothetical protein	WP_248321269.1					-	-	-	-	-	-	-	-
LDZ24_RS02100	cytochrome c	WP_175939527.1					-	PFAM cytochrome c, class I	-	-	-	-	-	Cytochrom_C
LDZ24_RS02105	cytochrome c	WP_175940592.1					-	PFAM cytochrome c, class I	-	-	-	-	-	Cytochrom_C,Cytochrome_CBB3
LDZ24_RS02115	hypothetical protein	WP_248321275.1					-	-	-	-	-	-	-	-
LDZ24_RS02125	deoxynucleoside kinase	WP_248321279.1					-	deoxynucleoside kinase	-	-	-	-	-	dNK
LDZ24_RS02140	HAD family phosphatase	WP_175939534.1					-	HAD-superfamily hydrolase, subfamily IB (PSPase-like)	-	-	-	-	-	HAD
LDZ24_RS02145	DnaA regulatory inactivator Hda	WP_248321283.1	hydrolase activity, acting on acid anhydrides, in phosphorus-containing anhydrides|0016818||IEA	negative regulation of DNA-templated DNA replication initiation|0032297||IEA		hda	-	Belongs to the DnaA family	ko:K10763	-	ko00000,ko03032	-	-	Bac_DnaA
LDZ24_RS02175	GlsB/YeaQ/YmgE family stress response membrane protein	WP_248322250.1			membrane|0016020||IEA		-	PFAM Transglycosylase-associated protein	-	-	-	-	-	Transgly_assoc
LDZ24_RS02185	outer membrane protein assembly factor BamE	WP_248321292.1			outer membrane|0019867||IEA	bamE	-	(Lipo)protein	-	-	-	-	-	SmpA_OmlA
LDZ24_RS02190	hypothetical protein	WP_248321293.1					-	-	-	-	-	-	-	DUF4379
LDZ24_RS02195	hypothetical protein	WP_248321294.1					-	-	-	-	-	-	-	-
LDZ24_RS02205	MFS transporter	WP_175939545.1	transmembrane transporter activity|0022857||IEA	transmembrane transport|0055085||IEA			-	Major Facilitator	-	-	-	-	-	Sugar_tr
LDZ24_RS02210	sensor histidine kinase	WP_248321295.1					-	Histidine kinase	ko:K07649	M00457	ko00000,ko00001,ko00002,ko01000,ko01001,ko02022	-	-	2CSK_N,HATPase_c,HisKA
LDZ24_RS02225	recombination regulator RecX	WP_371747376.1		regulation of DNA repair|0006282||IEA		recX	-	Modulates RecA activity	ko:K03565	-	ko00000,ko03400	-	-	RecX
LDZ24_RS02230	DUF2889 domain-containing protein	WP_248321299.1					-	Protein of unknown function (DUF2889)	-	-	-	-	-	DUF2889
LDZ24_RS02245	TerC family protein	WP_248321302.1			membrane|0016020||IEA		-	Integral membrane protein TerC	-	-	-	-	-	TerC
LDZ24_RS02255	Wzy polymerase domain-containing protein	WP_248321304.1					-	Pfam O-Antigen Polymerase	-	-	-	-	-	PglL_A,Wzy_C,Wzy_C_2
LDZ24_RS02265	M48 family metalloprotease	WP_248321306.1	metalloendopeptidase activity|0004222||IEA	proteolysis|0006508||IEA			-	Peptidase M48	-	-	-	-	-	Peptidase_M48,TPR_19
LDZ24_RS02270	DUF2946 family protein	WP_248321307.1					-	Protein of unknown function (DUF2946)	-	-	-	-	-	DUF2944
LDZ24_RS02280	nuclear transport factor 2 family protein	WP_175939561.1					-	SnoaL-like domain	-	-	-	-	-	SnoaL_3
LDZ24_RS02290	zinc-finger domain-containing protein	WP_244847974.1					-	Zinc-finger domain	-	-	-	-	-	zf-CHCC
LDZ24_RS02300	AzlC family ABC transporter permease	WP_248321311.1		amino acid transport|0006865||IEA	transmembrane transporter complex|1902495||IEA		-	PFAM AzlC family protein	-	-	-	-	-	AzlC
LDZ24_RS02305	AzlD domain-containing protein	WP_175939566.1					-	Pfam Branched-chain amino acid transport	-	-	-	-	-	AzlD
LDZ24_RS02340	L-threonylcarbamoyladenylate synthase	WP_248321319.1	L-threonylcarbamoyladenylate synthase|0061710||IEA	tRNA modification|0006400||IEA			-	Required for the formation of a threonylcarbamoyl group on adenosine at position 37 (t(6)A37) in tRNAs that read codons beginning with adenine	ko:K07566	-	ko00000,ko01000,ko03009,ko03016	-	-	SUA5,Sua5_yciO_yrdC
LDZ24_RS02345	hypothetical protein	WP_248321321.1					-	protein-(glutamine-N5) methyltransferase activity	-	-	-	-	-	Methyltransf_21
LDZ24_RS02355	SGNH/GDSL hydrolase family protein	WP_248321324.1	hydrolase activity, acting on ester bonds|0016788||IEA				-	PFAM lipolytic protein G-D-S-L family	-	-	-	-	-	Lipase_GDSL
LDZ24_RS02360	D-alanyl-D-alanine carboxypeptidase/D-alanyl-D-alanine-endopeptidase	WP_248321325.1	serine-type D-Ala-D-Ala carboxypeptidase activity|0009002||IEA	peptidoglycan biosynthetic process|0009252||IEA		dacB	-	D-alanyl-d-alanine carboxypeptidase	ko:K07259	-	ko00000,ko00001,ko01000,ko01002,ko01011	-	-	Peptidase_S13
LDZ24_RS02370	ATP-binding protein	WP_248321326.1					-	Histidine kinase	ko:K02484,ko:K07645	M00453	ko00000,ko00001,ko00002,ko01000,ko01001,ko02022	-	-	2CSK_N,HATPase_c,HisKA
LDZ24_RS02380	carboxypeptidase regulatory-like domain-containing protein	WP_248321330.1					-	-	-	-	-	-	-	CarboxypepD_reg
LDZ24_RS02385	DUF427 domain-containing protein	WP_248321332.1					-	Domain of unknown function (DUF427)	-	-	-	-	-	NTP_transf_9
LDZ24_RS02390	CoxG family protein	WP_248321334.1	binding|0005488||IEA				-	PFAM carbon monoxide dehydrogenase subunit G	-	-	-	-	-	COXG
LDZ24_RS02395	cysteine hydrolase family protein	WP_248321336.1	hydrolase activity|0016787||IEA				-	isochorismatase hydrolase	-	-	-	-	-	Isochorismatase
LDZ24_RS02425	hypothetical protein	WP_248321347.1					-	Ion transport 2 domain protein	-	-	-	-	-	Ion_trans_2
LDZ24_RS02440	bifunctional diguanylate cyclase/phosphodiesterase	WP_248321349.1					-	Putative diguanylate phosphodiesterase	-	-	-	-	-	EAL,GGDEF,PAS_4,PAS_9
LDZ24_RS02450	FGGY family carbohydrate kinase	WP_248321353.1	kinase activity|0016301||IEA	carbohydrate metabolic process|0005975||IEA			-	Carbohydrate kinase	ko:K00854	M00014	ko00000,ko00001,ko00002,ko01000	-	-	FGGY_C,FGGY_N
LDZ24_RS02455	AGE family epimerase/isomerase	WP_248321355.1					-	N-acylglucosamine 2-epimerase (GlcNAc 2-epimerase)	-	-	-	-	-	GlcNAc_2-epim
LDZ24_RS02490	hypothetical protein	WP_248321367.1					-	-	-	-	-	-	-	-
LDZ24_RS02495	hypothetical protein	WP_248321369.1					-	-	-	-	-	-	-	-
LDZ24_RS02520	HAD family phosphatase	WP_248322253.1	metal ion binding|0046872||IEA				-	TIGRFAM HAD-superfamily hydrolase, subfamily IA, variant 3	-	-	-	-	-	HAD_2
LDZ24_RS02530	MOSC domain-containing protein	WP_248321375.1					-	MOSC domain protein beta barrel domain protein	ko:K07140	-	ko00000	-	-	MOSC,MOSC_N
LDZ24_RS02535	sugar-binding transcriptional regulator	WP_248321377.1	carbohydrate binding|0030246||IEA				-	Transcriptional regulator	-	-	-	-	-	Sugar-bind
LDZ24_RS02545	D-arabinitol 4-dehydrogenase	WP_248321379.1	D-arabinitol 4-dehydrogenase activity|0047813||IEA	arabitol metabolic process|0051161||IEA		dalD	-	Mannitol dehydrogenase rossman	ko:K00007	-	ko00000,ko00001,ko01000	-	-	Mannitol_dh,Mannitol_dh_C
LDZ24_RS02550	FGGY-family carbohydrate kinase	WP_248321381.1	carbohydrate kinase activity|0019200||IEA	phosphorylation|0016310||IEA			-	Belongs to the FGGY kinase family	ko:K00854	M00014	ko00000,ko00001,ko00002,ko01000	-	-	FGGY_C,FGGY_N
LDZ24_RS02555	EAL domain-containing protein	WP_248321382.1					-	EAL domain protein	-	-	-	-	-	EAL
LDZ24_RS02575	MFS transporter	WP_248321388.1	transmembrane transporter activity|0022857||IEA	transmembrane transport|0055085||IEA			-	PFAM major facilitator superfamily MFS_1	-	-	-	-	-	MFS_1,MFS_1_like,Sugar_tr
LDZ24_RS02585	hypothetical protein	WP_248321391.1					-	-	-	-	-	-	-	-
LDZ24_RS02590	ligase-associated DNA damage response endonuclease PdeM	WP_248321392.1	hydrolase activity|0016787||IEA			pdeM	-	Calcineurin-like phosphoesterase	ko:K06953	-	ko00000	-	-	Metallophos,Metallophos_2
LDZ24_RS02600	ligase-associated DNA damage response DEXH box helicase	WP_248321395.1	hydrolase activity, acting on acid anhydrides, in phosphorus-containing anhydrides|0016818||IEA				-	DEAD DEAH box helicase	ko:K03724	-	ko00000,ko01000,ko03400	-	-	DEAD,DEAD_assoc,Helicase_C
LDZ24_RS02605	ATP-dependent DNA ligase	WP_248321397.1	ATP binding|0005524||IEA	DNA recombination|0006310||IEA			-	Catalyzes the ATP-dependent formation of a phosphodiester at the site of a single strand break in duplex DNA	ko:K10747	-	ko00000,ko00001,ko01000,ko03032,ko03400	-	-	DNA_ligase_A_C,DNA_ligase_A_M,DNA_ligase_A_N
LDZ24_RS02610	ligase-associated DNA damage response exonuclease	WP_248321398.1					-	Exonuclease of the beta-lactamase fold involved in RNA processing	ko:K07577	-	ko00000	-	-	-
LDZ24_RS02615	hypothetical protein	WP_248321400.1					-	-	-	-	-	-	-	-
LDZ24_RS02625	LysR family transcriptional regulator	WP_248321404.1	DNA-binding transcription activator activity|0001216||IEA				-	Transcriptional regulator	-	-	-	-	-	HTH_1,LysR_substrate
LDZ24_RS02630	aspartate-alanine antiporter	WP_248321405.1	aspartate:alanine antiporter activity|0070906||IEA		membrane|0016020||IEA	aspT	-	Aspartate alanine antiporter	-	-	-	-	-	Asp-Al_Ex,TrkA_C
LDZ24_RS02670	cupin domain-containing protein	WP_248321417.1					-	Cupin 2, conserved barrel domain protein	-	-	-	-	-	Cupin_2
LDZ24_RS02680	DUF192 domain-containing protein	WP_371747403.1					-	Uncharacterized ACR, COG1430	ko:K09005	-	ko00000	-	-	DUF192
LDZ24_RS02750	RsmB/NOP family class I SAM-dependent RNA methyltransferase	WP_248321433.1	S-adenosyl-L-methionine binding|1904047||IEA				GO:0000154,GO:0001510,GO:0003674,GO:0003824,GO:0005575,GO:0005622,GO:0005623,GO:0005634,GO:0005730,GO:0006139,GO:0006364,GO:0006396,GO:0006725,GO:0006807,GO:0008150,GO:0008152,GO:0008168,GO:0008173,GO:0008757,GO:0009451,GO:0009987,GO:0010467,GO:0016070,GO:0016072,GO:0016740,GO:0016741,GO:0022613,GO:0031167,GO:0031974,GO:0031981,GO:0032259,GO:0034470,GO:0034641,GO:0034660,GO:0042254,GO:0043170,GO:0043226,GO:0043227,GO:0043228,GO:0043229,GO:0043231,GO:0043232,GO:0043233,GO:0043412,GO:0043414,GO:0044085,GO:0044237,GO:0044238,GO:0044260,GO:0044422,GO:0044424,GO:0044428,GO:0044446,GO:0044464,GO:0046483,GO:0070013,GO:0070475,GO:0071704,GO:0071840,GO:0090304,GO:0140098,GO:1901360	Belongs to the class I-like SAM-binding methyltransferase superfamily. RsmB NOP family	ko:K03500	-	ko00000,ko01000,ko03009	-	-	Methyltr_RsmB-F,Methyltr_RsmF_N
LDZ24_RS02755	mechanosensitive ion channel family protein	WP_248321434.1					-	mechanosensitive ion channel	-	-	-	-	-	MS_channel
LDZ24_RS02760	acyl-CoA desaturase	WP_248321436.1		lipid metabolic process|0006629||IEA			-	fatty acid desaturase	ko:K00507	-	ko00000,ko00001,ko01000,ko01004	-	-	DDE_Tnp_ISL3,FA_desaturase
LDZ24_RS02845	NAD-dependent epimerase/dehydratase family protein	WP_248321458.1	catalytic activity|0003824||IEA				-	Nad-dependent epimerase dehydratase	-	-	-	-	-	Epimerase,NAD_binding_10,RmlD_sub_bind,TrkA_N
LDZ24_RS02850	hypothetical protein	WP_248321459.1					-	-	-	-	-	-	-	-
LDZ24_RS02860	hypothetical protein	WP_248321462.1					-	-	-	-	-	-	-	-
LDZ24_RS02890	DUF934 domain-containing protein	WP_248321469.1					-	conserved protein ucp030820	-	-	-	-	-	DUF934
LDZ24_RS02895	phosphoadenylyl-sulfate reductase	WP_248321470.1	phosphoadenylyl-sulfate reductase (thioredoxin) activity|0004604||IEA	sulfate assimilation, phosphoadenylyl sulfate reduction by phosphoadenylyl-sulfate reductase (thioredoxin)|0019379||IEA			-	Reduction of activated sulfate into sulfite	ko:K00390	M00176	ko00000,ko00001,ko00002,ko01000	-	-	PAPS_reduct
LDZ24_RS02910	uroporphyrinogen-III C-methyltransferase	WP_248321472.1	uroporphyrin-III C-methyltransferase activity|0004851||IEA	siroheme biosynthetic process|0019354||IEA		cobA	-	Belongs to the precorrin methyltransferase family	ko:K02303	M00121	ko00000,ko00001,ko00002,ko01000	-	-	TP_methylase
LDZ24_RS02915	sirohydrochlorin chelatase	WP_248321473.1					-	PFAM cobalamin (vitamin B12) biosynthesis CbiX protein	ko:K03795	-	ko00000,ko00001,ko01000	-	-	CbiX
LDZ24_RS02935	DNA polymerase III subunit chi	WP_248321481.1					-	dna polymerase III (Chi subunit)	ko:K02339	M00260	ko00000,ko00001,ko00002,ko01000,ko03032,ko03400	-	-	DNA_pol3_chi
LDZ24_RS02940	DUF2486 family protein	WP_248321483.1					-	Protein of unknown function (DUF2486)	-	-	-	-	-	DUF2486
LDZ24_RS02960	SIMPL domain-containing protein	WP_248322257.1					-	Protein of unknown function (DUF541)	-	-	-	-	-	SIMPL
LDZ24_RS02965	EVE domain-containing protein	WP_175939685.1	RNA binding|0003723||IEA				-	EVE domain	-	-	-	-	-	EVE
LDZ24_RS02975	cell division protein ZapA	WP_175939686.1					-	Activator of cell division through the inhibition of FtsZ GTPase activity, therefore promoting FtsZ assembly into bundles of protofilaments necessary for the formation of the division Z ring. It is recruited early at mid-cell but it is not essential for cell division	ko:K09888	-	ko00000,ko03036	-	-	ZapA
LDZ24_RS02980	ATPase	WP_248321487.1					-	-	-	-	-	-	-	-
LDZ24_RS03035	cobyric acid synthase	WP_248321506.1	catalytic activity|0003824||IEA	cobalamin biosynthetic process|0009236||IEA			-	Catalyzes amidations at positions B, D, E, and G on adenosylcobyrinic A,C-diamide. NH(2) groups are provided by glutamine, and one molecule of ATP is hydrogenolyzed for each amidation	ko:K02232	M00122	ko00000,ko00001,ko00002,ko01000	-	-	AAA_26,CbiA,GATase_3
LDZ24_RS03040	PaaI family thioesterase	WP_248321508.1	thiolester hydrolase activity|0016790||IEA				-	Thioesterase superfamily	-	-	-	-	-	4HBT
LDZ24_RS03045	ParA family protein	WP_248321509.1					-	Cobyrinic acid ac-diamide synthase	ko:K03496	-	ko00000,ko03036,ko04812	-	-	AAA_31,CbiA
LDZ24_RS03060	ScpA family protein	WP_175940607.1		cell division|0051301||IEA			-	Participates in chromosomal partition during cell division. May act via the formation of a condensin-like complex containing Smc and ScpB that pull DNA away from mid-cell into both cell halves	ko:K05896	-	ko00000,ko03036	-	-	SMC_ScpA
LDZ24_RS03065	DUF3460 family protein	WP_175940608.1					-	Protein of unknown function (DUF3460)	-	-	-	-	-	DUF3460
LDZ24_RS03075	translocation/assembly module TamB domain-containing protein	WP_248322260.1		protein secretion|0009306||IEA	plasma membrane|0005886||IEA		-	TamB, inner membrane protein subunit of TAM complex	ko:K09800	-	ko00000,ko02000	-	-	TamB
LDZ24_RS03085	IclR family transcriptional regulator	WP_248321517.1	DNA-binding transcription factor activity|0003700||IEA	regulation of DNA-templated transcription|0006355||IEA			-	helix_turn_helix isocitrate lyase regulation	-	-	-	-	-	HTH_IclR
LDZ24_RS03090	IclR family transcriptional regulator	WP_206470315.1	DNA-binding transcription factor activity|0003700||IEA	regulation of DNA-templated transcription|0006355||IEA			-	IclR family transcriptional regulator	-	-	-	-	-	HTH_IclR,IclR
LDZ24_RS03095	RraA family protein	WP_248321519.1					-	PFAM Dimethylmenaquinone methyltransferase	ko:K10218	-	ko00000,ko00001,ko01000	-	-	RraA-like
LDZ24_RS03105	SMP-30/gluconolactonase/LRE family protein	WP_248321523.1	hydrolase activity|0016787||IEA				-	Gluconolactonase	ko:K01053	M00129	ko00000,ko00001,ko00002,ko01000,ko04147	-	-	SGL
LDZ24_RS03115	porin	WP_371747381.1	porin activity|0015288||IEA		cell outer membrane|0009279||IEA		-	PFAM porin Gram-negative type	-	-	-	-	-	Porin_4
LDZ24_RS03120	amidohydrolase	WP_248321529.1					-	amidohydrolase 2	-	-	-	-	-	Amidohydro_2
LDZ24_RS03125	MFS transporter	WP_248321531.1	transmembrane transporter activity|0022857||IEA	transmembrane transport|0055085||IEA			-	Major facilitator Superfamily	-	-	-	-	-	MFS_1,Sugar_tr
LDZ24_RS03130	MFS transporter	WP_248321533.1	transmembrane transporter activity|0022857||IEA	transmembrane transport|0055085||IEA			-	Transmembrane secretion effector	-	-	-	-	-	MFS_3
LDZ24_RS03140	amidohydrolase	WP_248321537.1					-	Amidohydrolase	-	-	-	-	-	Amidohydro_2
LDZ24_RS03170	superoxide dismutase family protein	WP_175939707.1	metal ion binding|0046872||IEA	superoxide metabolic process|0006801||IEA			-	Superoxide dismutase	ko:K04565	-	ko00000,ko00001,ko01000	-	-	Sod_Cu
LDZ24_RS03190	T6SS amidase immunity protein Tai4 family protein	WP_248321548.1					-	Type VI secretion system (T6SS), amidase immunity protein	-	-	-	-	-	Tai4
LDZ24_RS03205	helix-turn-helix transcriptional regulator	WP_248321554.1	DNA binding|0003677||IEA				-	SMART helix-turn-helix domain protein	-	-	-	-	-	HTH_31
LDZ24_RS03215	tetratricopeptide repeat protein	WP_248321558.1					-	repeat-containing protein	-	-	-	-	-	Glyco_transf_9,TPR_1,TPR_11,TPR_16,TPR_2,TPR_8
LDZ24_RS03235	heme biosynthesis protein HemY	WP_248322261.1					-	PFAM HemY domain protein	ko:K02498	-	ko00000	-	-	HemY_N,TPR_12
LDZ24_RS03240	rhodanese-like domain-containing protein	WP_175939728.1					-	PFAM Rhodanese domain protein	-	-	-	-	-	Rhodanese
LDZ24_RS03245	protein-L-isoaspartate O-methyltransferase	WP_248321564.1					-	O-Methyltransferase	ko:K00573	-	ko00000,ko01000	-	-	PCMT
LDZ24_RS03255	Smr/MutS family protein	WP_248321565.1					-	Smr protein MutS2	-	-	-	-	-	Smr
LDZ24_RS03270	outer membrane lipoprotein chaperone LolA	WP_248321568.1				lolA	-	Participates in the translocation of lipoproteins from the inner membrane to the outer membrane. Only forms a complex with a lipoprotein if the residue after the N-terminal Cys is not an aspartate (The Asp acts as a targeting signal to indicate that the lipoprotein should stay in the inner membrane)	ko:K03634	-	ko00000	-	-	LolA
LDZ24_RS03300	hypothetical protein	WP_248321576.1					-	-	-	-	-	-	-	-
LDZ24_RS03310	GNAT family N-acetyltransferase	WP_248321578.1	acyltransferase activity|0016746||IEA				-	PFAM GCN5-related N-acetyltransferase	-	-	-	-	-	Acetyltransf_1
LDZ24_RS03315	septum site-determining protein MinC	WP_206467761.1	enzyme inhibitor activity|0004857||IEA	regulation of cell septum assembly|1901891||IEA		minC	-	Cell division inhibitor that blocks the formation of polar Z ring septums. Rapidly oscillates between the poles of the cell to destabilize FtsZ filaments that have formed before they mature into polar Z rings. Prevents FtsZ polymerization	ko:K03610	-	ko00000,ko03036,ko04812	-	-	MinC_C,MinC_N
LDZ24_RS03330	chloride channel protein	WP_248321580.1	voltage-gated chloride channel activity|0005247||IEA	chloride transport|0006821||IEA			-	Chloride channel	-	-	-	-	-	Voltage_CLC
LDZ24_RS03335	hypothetical protein	WP_244848904.1					-	-	-	-	-	-	-	-
LDZ24_RS03340	OpgC domain-containing protein	WP_248321582.1				opgC	-	PFAM Uncharacterised conserved protein UCP028704, OpgC	-	-	-	-	-	OpgC_C
LDZ24_RS03355	hypothetical protein	WP_175939749.1					-	-	-	-	-	-	-	-
LDZ24_RS03360	hypothetical protein	WP_248321588.1					-	-	-	-	-	-	-	-
LDZ24_RS03370	alkaline phosphatase family protein	WP_248321593.1	hydrolase activity, acting on ester bonds|0016788||IEA				-	PFAM phosphoesterase	ko:K01114	-	ko00000,ko00001,ko01000,ko02042	-	-	Phosphoesterase
LDZ24_RS28090	response regulator	WP_371747383.1		phosphorelay signal transduction system|0000160||IEA			-	Response regulator receiver	-	-	-	-	-	Response_reg
LDZ24_RS03395	ATP-binding protein	WP_371747384.1					-	Histidine kinase	-	-	-	-	-	HATPase_c,HisKA,PAS_3,PAS_4,PAS_9,Response_reg
LDZ24_RS03400	response regulator transcription factor	WP_248321601.1	DNA binding|0003677||IEA	regulation of DNA-templated transcription|0006355||IEA			-	Pfam Response regulator receiver	-	-	-	-	-	Response_reg
LDZ24_RS03405	hypothetical protein	WP_248321603.1					-	SIR2-like domain	-	-	-	-	-	-
LDZ24_RS03410	DUF6538 domain-containing protein	WP_248321605.1					-	Belongs to the 'phage' integrase family	-	-	-	-	-	DUF4160,Phage_int_SAM_5,Phage_integrase
LDZ24_RS03420	MFS transporter	WP_248321607.1	transmembrane transporter activity|0022857||IEA	transmembrane transport|0055085||IEA			-	Major facilitator superfamily MFS_1	-	-	-	-	-	MFS_1,MFS_3
LDZ24_RS03460	phage protein NinX family protein	WP_175939757.1					-	Protein of unknown function (DUF2591)	-	-	-	-	-	DUF2591
LDZ24_RS03485	hypothetical protein	WP_248321620.1					-	-	-	-	-	-	-	-
LDZ24_RS03490	exonuclease domain-containing protein	WP_248321621.1	exonuclease activity|0004527||IEA				-	DNA polymerase III, epsilon subunit	ko:K02342	M00260	ko00000,ko00001,ko00002,ko01000,ko03032,ko03400	-	-	GIY-YIG,RNase_T
LDZ24_RS03500	hypothetical protein	WP_175939762.1					-	-	-	-	-	-	-	-
LDZ24_RS03520	DUF4136 domain-containing protein	WP_248321625.1					-	Domain of unknown function (DUF4136)	-	-	-	-	-	DUF4136
LDZ24_RS03525	CDP-alcohol phosphatidyltransferase family protein	WP_248321626.1	phosphotransferase activity, for other substituted phosphate groups|0016780||IEA	phospholipid biosynthetic process|0008654||IEA	plasma membrane|0005886||IEA		-	Belongs to the CDP-alcohol phosphatidyltransferase class-I family	-	-	-	-	-	CDP-OH_P_transf
LDZ24_RS03530	2OG-Fe(II) oxygenase	WP_248321627.1					-	2OG-Fe(II) oxygenase	-	-	-	-	-	-
LDZ24_RS03535	flippase-like domain-containing protein	WP_248321628.1					-	membrane	-	-	-	-	-	LPG_synthase_TM
LDZ24_RS03540	NTP transferase domain-containing protein	WP_206467776.1					-	MobA-like NTP transferase domain	-	-	-	-	-	NTP_transf_3
LDZ24_RS03545	phosphoenolpyruvate mutase	WP_248321629.1	phosphoenolpyruvate mutase activity|0050188||IEA	organic phosphonate metabolic process|0019634||IEA		aepX	-	Phosphoenolpyruvate phosphomutase	ko:K01841	-	ko00000,ko00001,ko01000	-	-	NTP_transf_3,PEP_mutase
LDZ24_RS03550	phosphonopyruvate decarboxylase	WP_248321630.1	phosphonopyruvate decarboxylase activity|0033980||IEA	organic phosphonate biosynthetic process|0032923||IEA		aepY	-	Thiamine pyrophosphate enzyme, N-terminal TPP binding domain	ko:K09459	-	ko00000,ko00001,ko01000	-	-	TPP_enzyme_C,TPP_enzyme_N
LDZ24_RS03560	hypothetical protein	WP_248321632.1					-	-	-	-	-	-	-	-
LDZ24_RS03600	amidase	WP_248321639.1					-	Belongs to the amidase family	ko:K02433	-	ko00000,ko00001,ko01000,ko03029	-	-	Amidase
LDZ24_RS03615	DUF1439 domain-containing protein	WP_248321642.1					-	Protein of unknown function (DUF1439)	-	-	-	-	-	DUF1439
LDZ24_RS03640	hypothetical protein	WP_248321646.1					-	-	-	-	-	-	-	-
LDZ24_RS03655	asparaginase	WP_248321649.1					-	PFAM L-asparaginase II	-	-	-	-	-	Asparaginase_II
LDZ24_RS03665	lytic transglycosylase domain-containing protein	WP_248321651.1					-	PFAM Lytic transglycosylase catalytic	-	-	-	-	-	SLT
LDZ24_RS03670	pyridoxal phosphate-dependent aminotransferase	WP_248321652.1	pyridoxal phosphate binding|0030170||IEA	biosynthetic process|0009058||IEA			-	PFAM aminotransferase class I and II	-	-	-	-	-	Aminotran_1_2
LDZ24_RS03690	CcdB family protein	WP_248321654.1					-	CcdB protein	ko:K19163	-	ko00000,ko02048	-	-	CcdB
LDZ24_RS03695	type II toxin-antitoxin system CcdA family antitoxin	WP_248321655.1					-	Post-segregation antitoxin CcdA	ko:K19164	-	ko00000,ko02048	-	-	CcdA
LDZ24_RS03700	riboflavin synthase	WP_248321656.1					-	riboflavin synthase alpha	ko:K00793	M00125	ko00000,ko00001,ko00002,ko01000	-	-	Lum_binding
LDZ24_RS03715	hypothetical protein	WP_248321658.1					-	HNH endonuclease	-	-	-	-	-	-
LDZ24_RS03725	prolyl oligopeptidase family protein	WP_248321660.1					-	Prolyl oligopeptidase	ko:K01322	-	ko00000,ko00001,ko01000,ko01002	-	-	Peptidase_S9,Peptidase_S9_N
LDZ24_RS03765	porin	WP_248322264.1	porin activity|0015288||IEA		cell outer membrane|0009279||IEA		-	Gram-negative porin	-	-	-	-	-	Porin_4
LDZ24_RS03770	porin	WP_248321667.1					-	Gram-negative porin	-	-	-	-	-	Porin_4
LDZ24_RS03795	group II intron reverse transcriptase/maturase	WP_371747385.1	RNA-directed DNA polymerase activity|0003964||IEA	Group II intron splicing|0000373||IEA		ltrA	-	DNA polymerase	ko:K00986	-	ko00000,ko01000	-	-	GIIM,Intron_maturas2,RVT_1
LDZ24_RS03800	periplasmic heavy metal sensor	WP_248321671.1					-	Heavy-metal resistance	-	-	-	-	-	LTXXQ,Metal_resist
LDZ24_RS03810	ATP-binding protein	WP_248321672.1					-	HAMP (Histidine kinases, Adenylyl cyclases, Methyl binding proteins, Phosphatases) domain	ko:K07638	M00445,M00742,M00743	ko00000,ko00001,ko00002,ko01000,ko01001,ko02022	-	-	HAMP,HATPase_c,HisKA
LDZ24_RS03815	hypothetical protein	WP_175939818.1					-	-	-	-	-	-	-	-
LDZ24_RS03820	diguanylate cyclase	WP_248321673.1	cyclase activity|0009975||IEA	regulation of signal transduction|0009966||IEA			-	Diguanylate cyclase	-	-	-	-	-	GGDEF,dCache_1
LDZ24_RS03835	hypothetical protein	WP_371747406.1					-	-	-	-	-	-	-	-
LDZ24_RS03840	hypothetical protein	WP_248321676.1					-	-	-	-	-	-	-	-
LDZ24_RS03850	hypothetical protein	WP_248321677.1					-	-	-	-	-	-	-	-
LDZ24_RS03855	YqjD family protein	WP_248321678.1	ribosome binding|0043022||IEA		plasma membrane|0005886||IEA		-	Bacterial protein of unknown function (DUF883)	-	-	-	-	-	DUF883
LDZ24_RS03860	hypothetical protein	WP_248321679.1					-	-	-	-	-	-	-	-
LDZ24_RS03875	hypothetical protein	WP_175939828.1					-	-	-	-	-	-	-	-
LDZ24_RS03885	chemotaxis protein	WP_175939830.1					-	-	-	-	-	-	-	-
LDZ24_RS03890	YihY/virulence factor BrkB family protein	WP_248321682.1			membrane|0016020||IEA		-	Virulence factor BrkB	ko:K07058	-	ko00000	-	-	Virul_fac_BrkB
LDZ24_RS03900	BON domain-containing protein	WP_248321683.1					-	SMART Transport-associated and nodulation region	ko:K04065	-	ko00000	-	-	BON
LDZ24_RS03905	hypothetical protein	WP_244848233.1					-	-	-	-	-	-	-	-
LDZ24_RS03910	PA2169 family four-helix-bundle protein	WP_175939835.1					-	Domain of unknown function (DUF2383)	-	-	-	-	-	DUF2383
LDZ24_RS03915	hypothetical protein	WP_248321684.1					-	-	-	-	-	-	-	-
LDZ24_RS03920	hypothetical protein	WP_248321685.1					-	-	-	-	-	-	-	Gly-zipper_Omp
LDZ24_RS03925	DUF1488 domain-containing protein	WP_248321686.1					-	Protein of unknown function (DUF1488)	-	-	-	-	-	DUF1488
LDZ24_RS03930	DUF4142 domain-containing protein	WP_248321687.1					-	Domain of unknown function (DUF4142)	ko:K08995	-	ko00000	-	-	DUF4142
LDZ24_RS03950	hypothetical protein	WP_244848240.1					-	-	-	-	-	-	-	-
LDZ24_RS03955	TetR family transcriptional regulator	WP_248321690.1	DNA binding|0003677||IEA	regulation of DNA-templated transcription|0006355||IEA			-	PFAM regulatory protein TetR	-	-	-	-	-	TetR_N
LDZ24_RS03975	hypothetical protein	WP_248321694.1					-	-	-	-	-	-	-	-
LDZ24_RS03985	SDR family oxidoreductase	WP_248321696.1					-	NmrA family	-	-	-	-	-	NmrA
LDZ24_RS03990	LysR family transcriptional regulator	WP_248321697.1	DNA-binding transcription factor activity|0003700||IEA	regulation of DNA-templated transcription|0006355||IEA			-	transcriptional Regulator, LysR family	-	-	-	-	-	HTH_1,LysR_substrate
LDZ24_RS03995	cupin domain-containing protein	WP_371747386.1					-	PFAM Cupin 2 conserved barrel domain protein	-	-	-	-	-	Cupin_2
LDZ24_RS04000	histidine kinase famiy protein	WP_256465382.1					-	PAS fold	-	-	-	-	-	HATPase_c,HisKA,PAS_3,PAS_9,Response_reg
LDZ24_RS04005	alpha/beta fold hydrolase	WP_248321700.1					-	Thioesterase domain	-	-	-	-	-	Abhydrolase_1,DUF4440,SnoaL_2
LDZ24_RS04010	LysR family transcriptional regulator	WP_248321701.1	DNA-binding transcription activator activity|0001216||IEA				-	LysR substrate binding domain	-	-	-	-	-	HTH_1,LysR_substrate
LDZ24_RS04015	hypothetical protein	WP_248321703.1					-	-	-	-	-	-	-	-
LDZ24_RS04020	bifunctional 2-polyprenyl-6-hydroxyphenol methylase/3-demethylubiquinol 3-O-methyltransferase UbiG	WP_248321705.1	2-polyprenyl-6-hydroxyphenol methylase activity|0102208||IEA	methylation|0032259||IEA			-	Methyltransferase type 11	-	-	-	-	-	Methyltransf_25
LDZ24_RS04025	rubredoxin	WP_159835653.1					-	PFAM Rubredoxin-type Fe(Cys)4 protein	-	-	-	-	-	Rubredoxin
LDZ24_RS04030	DUF4399 domain-containing protein	WP_248321706.1					-	Domain of unknown function (DUF4399)	-	-	-	-	-	DUF4399
LDZ24_RS04050	CopD family protein	WP_248321707.1			membrane|0016020||IEA		-	Copper resistance protein D	-	-	-	-	-	CopD
LDZ24_RS04055	EAL domain-containing protein	WP_248321708.1					-	GGDEF domain containing protein	-	-	-	-	-	EAL,GGDEF,dCache_1
LDZ24_RS04060	PhzF family phenazine biosynthesis protein	WP_248321710.1	isomerase activity|0016853||IEA	biosynthetic process|0009058||IEA	cytoplasm|0005737||IEA		-	phenazine biosynthesis protein PhzF family	ko:K06998	M00835	ko00000,ko00001,ko00002,ko01000	-	-	PhzC-PhzF
LDZ24_RS04065	RidA family protein	WP_248321711.1					-	endoribonuclease L-PSP	-	-	-	-	-	YjgF_endoribonc
LDZ24_RS04075	DMT family transporter	WP_248321713.1	transmembrane transporter activity|0022857||IEA	transmembrane transport|0055085||IEA	membrane|0016020||IEA		-	EamA-like transporter family	-	-	-	-	-	EamA
LDZ24_RS04085	PLP-dependent aminotransferase family protein	WP_248321716.1	pyridoxal phosphate binding|0030170||IEA				-	Regulatory protein GntR HTH	-	-	-	-	-	Aminotran_1_2,GntR
LDZ24_RS04100	hypothetical protein	WP_248321722.1					-	-	-	-	-	-	-	-
LDZ24_RS04110	DNA-deoxyinosine glycosylase	WP_248321724.1	DNA-deoxyinosine glycosylase activity|0033958||IEA	base-excision repair, AP site formation|0006285||IEA			-	glycosylase	ko:K03649	-	ko00000,ko00001,ko01000,ko03400	-	-	UDG
LDZ24_RS04120	DUF3311 domain-containing protein	WP_175939874.1					-	Protein of unknown function (DUF3311)	-	-	-	-	-	DUF3311
LDZ24_RS04130	FUSC family protein	WP_248321727.1	transmembrane transporter activity|0022857||IEA				-	Fusaric acid resistance protein-like	-	-	-	-	-	FUSC,FUSC_2
LDZ24_RS04145	energy transducer TonB	WP_248321729.1			membrane|0016020||IEA		-	-	-	-	-	-	-	-
LDZ24_RS04155	VWA domain-containing protein	WP_248321731.1					-	VWA containing CoxE family protein	ko:K09989	-	ko00000	-	-	VWA_CoxE
LDZ24_RS04160	GNAT family N-acetyltransferase	WP_206467854.1	acyltransferase activity|0016746||IEA				-	Acetyltransferase (GNAT) domain	-	-	-	-	-	Acetyltransf_3
LDZ24_RS04165	MoxR family ATPase	WP_175939882.1	ATP hydrolysis activity|0016887||IEA				-	ATPase associated with various cellular activities, AAA_5	-	-	-	-	-	AAA,AAA_5
LDZ24_RS04170	c-type cytochrome	WP_175939883.1					-	Cytochrome c class	-	-	-	-	-	Cytochrom_C,Cytochrome_CBB3
LDZ24_RS04175	c-type cytochrome	WP_248321732.1					-	PFAM cytochrome c, class I	-	-	-	-	-	Cytochrom_C
LDZ24_RS04180	DUF1841 family protein	WP_248321734.1					-	Domain of unknown function (DUF1841)	-	-	-	-	-	DUF1841
LDZ24_RS04190	electron transport complex subunit RsxB	WP_248321737.1	iron-sulfur cluster binding|0051536||IEA	electron transport chain|0022900||IEA		rsxB	-	Part of a membrane complex involved in electron transport	ko:K03616	-	ko00000	-	-	FeS,Fer4_21
LDZ24_RS04195	TetR family transcriptional regulator	WP_244848279.1	DNA binding|0003677||IEA				-	PFAM regulatory protein TetR	-	-	-	-	-	TetR_C_9,TetR_N
LDZ24_RS04200	polyhydroxyalkanoate depolymerase	WP_248321738.1					-	PFAM PHB de-polymerase domain protein	ko:K05973	-	ko00000,ko00001,ko01000	-	-	PHB_depo_C
LDZ24_RS04205	glycoside hydrolase family 15 protein	WP_248321740.1					-	PFAM glycoside hydrolase 15-related	-	-	-	-	-	Glyco_hydro_15
LDZ24_RS04215	hypothetical protein	WP_175939890.1					-	-	-	-	-	-	-	-
LDZ24_RS04220	DUF3096 domain-containing protein	WP_175939891.1					-	Protein of unknown function (DUF3096)	-	-	-	-	-	DUF3096
LDZ24_RS04230	antimicrobial peptide resistance and lipid A acylation PagP	WP_248321743.1					GO:0003674,GO:0003824,GO:0005575,GO:0005623,GO:0005975,GO:0006629,GO:0006643,GO:0006644,GO:0006664,GO:0006793,GO:0006796,GO:0008150,GO:0008152,GO:0008374,GO:0008610,GO:0008654,GO:0009058,GO:0009245,GO:0009247,GO:0009279,GO:0009311,GO:0009312,GO:0009987,GO:0016020,GO:0016051,GO:0016409,GO:0016416,GO:0016740,GO:0016746,GO:0016747,GO:0019637,GO:0019867,GO:0030312,GO:0030313,GO:0031975,GO:0044237,GO:0044238,GO:0044249,GO:0044255,GO:0044462,GO:0044464,GO:0046467,GO:0046493,GO:0071704,GO:0071944,GO:0090407,GO:1901135,GO:1901137,GO:1901269,GO:1901271,GO:1901576,GO:1903509	Transfers a palmitate residue from the sn-1 position of a phospholipid to the N-linked hydroxymyristate on the proximal unit of lipid A or its precursors	ko:K12973	M00724	ko00000,ko00001,ko00002,ko01000,ko01005	-	-	OMP_b-brl,PagP
LDZ24_RS04245	META domain-containing protein	WP_371747388.1					-	META domain	-	-	-	-	-	META
LDZ24_RS04255	DUF6726 family protein	WP_175939897.1					-	-	-	-	-	-	-	-
LDZ24_RS04260	MliC family protein	WP_248321749.1					-	Membrane-bound lysozyme-inhibitor of c-type lysozyme	-	-	-	-	-	MliC
LDZ24_RS04275	sulfurtransferase	WP_175939901.1					-	Belongs to the UPF0176 family	ko:K07146	-	ko00000	-	-	Rhodanese
LDZ24_RS04285	glycosyltransferase family 4 protein	WP_248321756.1	glycosyltransferase activity|0016757||IEA				-	glycosyl transferase	-	-	-	-	-	Glyco_trans_1_4,Glyco_transf_4,Glycos_transf_1
LDZ24_RS04295	glycosyltransferase family 2 protein	WP_371747389.1					-	glycosyl transferase family 2	-	-	-	-	-	Glycos_transf_2
LDZ24_RS04310	lipopolysaccharide heptosyltransferase I	WP_248321762.1	lipopolysaccharide heptosyltransferase activity|0008920||IEA	lipopolysaccharide core region biosynthetic process|0009244||IEA		waaC	-	PFAM glycosyl transferase family 9	ko:K02841	M00080	ko00000,ko00001,ko00002,ko01000,ko01003,ko01005	-	GT9	Glyco_transf_9
LDZ24_RS04330	ribosome silencing factor	WP_248321768.1	ribosome binding|0043022||IEA	negative regulation of translation|0017148||IEA		rsfS	-	Functions as a ribosomal silencing factor. Interacts with ribosomal protein L14 (rplN), blocking formation of intersubunit bridge B8. Prevents association of the 30S and 50S ribosomal subunits and the formation of functional ribosomes, thus repressing translation	ko:K09710	-	ko00000,ko03009	-	-	RsfS
LDZ24_RS04380	SDR family oxidoreductase	WP_248321777.1					-	NmrA-like family	-	-	-	-	-	NAD_binding_10
LDZ24_RS04400	IclR family transcriptional regulator	WP_248321784.1	DNA-binding transcription factor activity|0003700||IEA	regulation of DNA-templated transcription|0006355||IEA			-	Transcriptional regulator	ko:K20329	-	ko00000,ko00001,ko03000	-	-	HTH_IclR,IclR
LDZ24_RS04405	hypothetical protein	WP_206467890.1					-	-	-	-	-	-	-	-
LDZ24_RS04410	hypothetical protein	WP_248321786.1					-	-	-	-	-	-	-	-
LDZ24_RS04420	cysteine dioxygenase family protein	WP_248321790.1					-	Cysteine dioxygenase type I	-	-	-	-	-	CDO_I
LDZ24_RS04430	hypothetical protein	WP_248321792.1					-	-	-	-	-	-	-	-
LDZ24_RS04435	FUSC family membrane protein	WP_248321794.1					-	FUSC-like inner membrane protein yccS	-	-	-	-	-	FUSC-like,FUSC_2
LDZ24_RS04440	exodeoxyribonuclease V subunit gamma	WP_248321797.1	exodeoxyribonuclease V activity|0008854||IEA	DNA recombination|0006310||IEA	exodeoxyribonuclease V complex|0009338||IEA	recC	-	A helicase nuclease that prepares dsDNA breaks (DSB) for recombinational DNA repair. Binds to DSBs and unwinds DNA via a highly rapid and processive ATP-dependent bidirectional helicase activity. Unwinds dsDNA until it encounters a Chi (crossover hotspot instigator) sequence from the 3' direction. Cuts ssDNA a few nucleotides 3' to the Chi site. The properties and activities of the enzyme are changed at Chi. The Chi-altered holoenzyme produces a long 3'-ssDNA overhang and facilitates RecA-binding to the ssDNA for homologous DNA recombination and repair. Holoenzyme degrades any linearized DNA that is unable to undergo homologous recombination. In the holoenzyme this subunit recognizes the wild- type Chi sequence, and when added to isolated RecB increases its ATP-dependent helicase processivity	ko:K03583	-	ko00000,ko00001,ko01000,ko03400	-	-	Exonuc_V_gamma
LDZ24_RS04445	exodeoxyribonuclease V subunit beta	WP_248322272.1	exodeoxyribonuclease V activity|0008854||IEA	DNA recombination|0006310||IEA	exodeoxyribonuclease V complex|0009338||IEA	recB	-	A helicase nuclease that prepares dsDNA breaks (DSB) for recombinational DNA repair. Binds to DSBs and unwinds DNA via a highly rapid and processive ATP-dependent bidirectional helicase activity. Unwinds dsDNA until it encounters a Chi (crossover hotspot instigator) sequence from the 3' direction. Cuts ssDNA a few nucleotides 3' to the Chi site. The properties and activities of the enzyme are changed at Chi. The Chi-altered holoenzyme produces a long 3'-ssDNA overhang and facilitates RecA-binding to the ssDNA for homologous DNA recombination and repair. Holoenzyme degrades any linearized DNA that is unable to undergo homologous recombination. In the holoenzyme this subunit contributes ATPase, 3'-5' helicase, exonuclease activity and loads RecA onto ssDNA	ko:K03582,ko:K16898	-	ko00000,ko00001,ko01000,ko03400	-	-	PDDEXK_1,UvrD-helicase,UvrD_C
LDZ24_RS04450	AAA family ATPase	WP_248321798.1					-	A helicase nuclease that prepares dsDNA breaks (DSB) for recombinational DNA repair. Binds to DSBs and unwinds DNA via a highly rapid and processive ATP-dependent bidirectional helicase activity. Unwinds dsDNA until it encounters a Chi (crossover hotspot instigator) sequence from the 3' direction. Cuts ssDNA a few nucleotides 3' to the Chi site. The properties and activities of the enzyme are changed at Chi. The Chi-altered holoenzyme produces a long 3'-ssDNA overhang and facilitates RecA-binding to the ssDNA for homologous DNA recombination and repair. Holoenzyme degrades any linearized DNA that is unable to undergo homologous recombination. In the holoenzyme this subunit has ssDNA-dependent ATPase and 5'-3' helicase activity. When added to pre-assembled RecBC greatly stimulates nuclease activity and augments holoenzyme processivity. Negatively regulates the RecA-loading ability of RecBCD	ko:K03581	-	ko00000,ko00001,ko01000,ko03400	-	-	AAA_30,UvrD_C_2,Viral_helicase1
LDZ24_RS04460	DMT family transporter	WP_248321800.1	transmembrane transporter activity|0022857||IEA	transmembrane transport|0055085||IEA	membrane|0016020||IEA		-	Drug metabolite transporter (DMT) superfamily	-	-	-	-	-	EamA
LDZ24_RS04480	glycine zipper 2TM domain-containing protein	WP_248321806.1			outer membrane|0019867||IEA		-	Glycine zipper 2TM domain	ko:K04062	-	ko00000	-	-	Rick_17kDa_Anti
LDZ24_RS04495	DUF4397 domain-containing protein	WP_248321811.1					-	Domain of unknown function (DUF4397)	-	-	-	-	-	DUF4397
LDZ24_RS04505	sensor histidine kinase	WP_248321813.1	ATP binding|0005524||IEA				-	Histidine kinase	ko:K05962	-	ko00000,ko01000	-	-	CHASE3,HATPase_c,HisKA_3
LDZ24_RS04510	DUF1328 domain-containing protein	WP_159835737.1					-	UPF0391 membrane protein	-	-	-	-	-	DUF1328
LDZ24_RS04515	DUF1328 domain-containing protein	WP_040048814.1					-	UPF0391 membrane protein	-	-	-	-	-	DUF1328
LDZ24_RS04530	response regulator	WP_248321815.1					-	Response regulator receiver	-	-	-	-	-	Response_reg
LDZ24_RS04535	MFS transporter	WP_248321817.1	transmembrane transporter activity|0022857||IEA	transmembrane transport|0055085||IEA	membrane|0016020||IEA		-	PFAM major facilitator superfamily MFS_1	-	-	-	-	-	MFS_1,Sugar_tr
LDZ24_RS04540	hypothetical protein	WP_248321819.1					-	-	-	-	-	-	-	-
LDZ24_RS04545	hypothetical protein	WP_248321821.1					-	-	-	-	-	-	-	-
LDZ24_RS04555	TMEM175 family protein	WP_248321823.1		potassium ion transmembrane transport|0071805||IEA			-	Protein of unknown function (DUF1211)	-	-	-	-	-	DUF1211
LDZ24_RS04560	metallophosphoesterase family protein	WP_248321825.1	metal ion binding|0046872||IEA				-	Phosphoesterase	ko:K07095	-	ko00000	-	-	Metallophos_2
LDZ24_RS04585	beta-propeller fold lactonase family protein	WP_248322273.1					-	40-residue YVTN family beta-propeller repeat protein	-	-	-	-	-	Cytochrom_D1,Lactonase
LDZ24_RS04590	sterol desaturase family protein	WP_248321830.1	oxidoreductase activity|0016491||IEA	lipid metabolic process|0006629||IEA			-	Fatty acid hydroxylase	-	-	-	-	-	FA_hydroxylase
LDZ24_RS04595	EI24 domain-containing protein	WP_248321832.1					-	Etoposide-induced protein 2.4 (EI24)	-	-	-	-	-	EI24
LDZ24_RS04600	molybdopterin-binding protein	WP_248321834.1					-	PFAM molybdopterin binding domain	-	-	-	-	-	MoCF_biosynth
LDZ24_RS04605	copper homeostasis protein CutC	WP_248321835.1	copper ion binding|0005507||IEA	copper ion homeostasis|0055070||IEA			-	Participates in the control of copper homeostasis	ko:K06201	-	ko00000	-	-	CutC
LDZ24_RS04610	rhodanese-like domain-containing protein	WP_248321837.1					-	SMART Rhodanese domain protein	-	-	-	-	-	Rhodanese
LDZ24_RS04630	exodeoxyribonuclease III	WP_248321839.1	double-stranded DNA 3'-5' DNA exonuclease activity|0008311||IEA	DNA repair|0006281||IEA		xth	-	Exodeoxyribonuclease III	ko:K01142	-	ko00000,ko00001,ko01000,ko03400	-	-	Exo_endo_phos
LDZ24_RS04635	potassium-transporting ATPase subunit F	WP_175939976.1	P-type potassium transmembrane transporter activity|0008556||IEA	regulation of ATP-dependent activity|0043462||IEA	plasma membrane|0005886||IEA		-	F subunit of K+-transporting ATPase (Potass_KdpF)	-	-	-	-	-	Potass_KdpF
LDZ24_RS04675	DUF2950 domain-containing protein	WP_248321851.1					-	Protein of unknown function (DUF2950)	-	-	-	-	-	DUF2950
LDZ24_RS04680	DUF3300 domain-containing protein	WP_248322276.1					-	Protein of unknown function (DUF3300)	-	-	-	-	-	DUF3300
LDZ24_RS04685	oxygen response regulator transcription factor FixJ	WP_159835767.1				fixJ	GO:0000976,GO:0001067,GO:0001130,GO:0001216,GO:0003674,GO:0003676,GO:0003677,GO:0003690,GO:0003700,GO:0005488,GO:0005575,GO:0006355,GO:0008150,GO:0009889,GO:0009891,GO:0009893,GO:0010468,GO:0010556,GO:0010557,GO:0010604,GO:0010628,GO:0019219,GO:0019222,GO:0031323,GO:0031325,GO:0031326,GO:0031328,GO:0032991,GO:0032993,GO:0043565,GO:0044212,GO:0045893,GO:0045935,GO:0048518,GO:0048522,GO:0050789,GO:0050794,GO:0051171,GO:0051173,GO:0051252,GO:0051254,GO:0060255,GO:0065007,GO:0080090,GO:0097159,GO:0140110,GO:1901363,GO:1902680,GO:1903506,GO:1903508,GO:1990837,GO:2000112,GO:2001141	response regulator	ko:K13041	M00514	ko00000,ko00001,ko00002,ko02022	-	-	GerE,Response_reg
LDZ24_RS04690	PAS domain S-box protein	WP_206467925.1				fixL	-	PFAM ATP-binding region, ATPase domain protein	-	-	-	-	-	HATPase_c,HisKA,PAS,PAS_4,PAS_8,PAS_9
LDZ24_RS04710	phasin family protein	WP_175939991.1					-	TIGRFAM phasin family protein	-	-	-	-	-	Phasin_2
LDZ24_RS04715	D-alanyl-D-alanine endopeptidase	WP_248321856.1	serine-type D-Ala-D-Ala carboxypeptidase activity|0009002||IEA	proteolysis|0006508||IEA		pbpG	-	Belongs to the peptidase S11 family	ko:K07262	-	ko00000,ko01000,ko01002,ko01011	-	-	Peptidase_S11
LDZ24_RS04735	hypothetical protein	WP_248321860.1					-	-	-	-	-	-	-	-
LDZ24_RS04740	hypothetical protein	WP_248321862.1					-	-	-	-	-	-	-	-
LDZ24_RS04760	cupredoxin domain-containing protein	WP_248321869.1					-	Cupredoxin-like domain	-	-	-	-	-	Cupredoxin_1
LDZ24_RS04770	4Fe-4S binding protein	WP_248322277.1					-	4Fe-4S binding domain	-	-	-	-	-	Fer4_5
LDZ24_RS04780	hemin uptake protein HemP	WP_248321874.1					-	Hemin uptake protein HemP	-	-	-	-	-	hemP
LDZ24_RS04785	SRPBCC family protein	WP_244848375.1	binding|0005488||IEA				-	Domain of unknown function (DUF1857)	-	-	-	-	-	DUF1857
LDZ24_RS04790	OsmC family protein	WP_248321875.1	peroxidase activity|0004601||IEA				-	PFAM OsmC family protein	ko:K07397	-	ko00000	-	-	OsmC
LDZ24_RS04795	pirin family protein	WP_248321877.1					-	Belongs to the pirin family	ko:K06911	-	ko00000	-	-	Pirin,Pirin_C
LDZ24_RS04800	LysR family transcriptional regulator	WP_248321878.1					-	Transcriptional regulator, LysR family	-	-	-	-	-	HTH_1,LysR_substrate
LDZ24_RS04820	bacterioferritin-associated ferredoxin	WP_244848381.1					-	PFAM BFD domain protein 2Fe-2S -binding domain protein	ko:K02192	-	ko00000	-	-	Fer2_BFD
LDZ24_RS04845	DMT family transporter	WP_248321889.1	transmembrane transporter activity|0022857||IEA	transmembrane transport|0055085||IEA	membrane|0016020||IEA		-	Multidrug DMT transporter permease	-	-	-	-	-	EamA
LDZ24_RS04855	DUF4212 domain-containing protein	WP_248321893.1					-	solute symporter protein	-	-	-	-	-	DUF4212
LDZ24_RS04870	DUF3597 domain-containing protein	WP_248321896.1					-	Domain of unknown function (DUF3597)	-	-	-	-	-	DUF3597
LDZ24_RS04885	hypothetical protein	WP_248321901.1					-	-	-	-	-	-	-	-
LDZ24_RS04895	hypothetical protein	WP_248321904.1					-	-	-	-	-	-	-	-
LDZ24_RS04900	DUF2968 domain-containing protein	WP_248321906.1					-	Protein of unknown function (DUF2968)	-	-	-	-	-	DUF2968
LDZ24_RS04905	hypothetical protein	WP_371747392.1					-	-	-	-	-	-	-	-
LDZ24_RS04910	hypothetical protein	WP_248321907.1					-	-	-	-	-	-	-	-
LDZ24_RS04915	PRC-barrel domain-containing protein	WP_248321909.1					-	PFAM PRC-barrel domain protein	-	-	-	-	-	PRC
LDZ24_RS04920	ribonuclease HI family protein	WP_248321911.1	RNA binding|0003723||IEA				-	Reverse transcriptase-like	ko:K03469	-	ko00000,ko00001,ko01000,ko03032	-	-	RVT_3
LDZ24_RS04925	SDR family oxidoreductase	WP_248321913.1	oxidoreductase activity|0016491||IEA				-	short-chain dehydrogenase	-	-	-	-	-	adh_short
LDZ24_RS04935	LysE family translocator	WP_248321917.1					-	LysE type translocator	-	-	-	-	-	LysE
LDZ24_RS04955	2Fe-2S iron-sulfur cluster-binding protein	WP_371747393.1	iron-sulfur cluster binding|0051536||IEA				-	Ferredoxin	-	-	-	-	-	Fer2
LDZ24_RS04970	EAL domain-containing protein	WP_248321924.1		signal transduction|0007165||IEA			-	CSS motif domain associated with EAL	-	-	-	-	-	CSS-motif,EAL
LDZ24_RS04975	hypothetical protein	WP_206467959.1					-	-	-	-	-	-	-	-
LDZ24_RS04995	GlxA family transcriptional regulator	WP_248322280.1	DNA-binding transcription factor activity|0003700||IEA				-	PFAM helix-turn-helix- domain containing protein AraC type	ko:K21825	-	ko00000,ko03000	-	-	HTH_18
LDZ24_RS05035	type II toxin-antitoxin system death-on-curing family toxin	WP_248321940.1					-	Fic/DOC family	ko:K07341	-	ko00000,ko02048	-	-	Fic
LDZ24_RS05050	DUF1656 domain-containing protein	WP_206467971.1			membrane|0016020||IEA		-	Protein of unknown function (DUF1656)	-	-	-	-	-	DUF1656
LDZ24_RS05055	FUSC family protein	WP_248321944.1		transport|0006810||IEA	plasma membrane|0005886||IEA		-	Fusaric acid resistance protein	-	-	-	-	-	FUSC
LDZ24_RS05060	efflux transporter outer membrane subunit	WP_248321945.1	porin activity|0015288||IEA	transport|0006810||IEA	cell outer membrane|0009279||IEA		-	RND efflux system, outer membrane lipoprotein, NodT family	-	-	-	-	-	OEP
LDZ24_RS05065	LysR family transcriptional regulator	WP_175940054.1	DNA-binding transcription activator activity|0001216||IEA				-	transcriptional Regulator, LysR family	-	-	-	-	-	HTH_1,LysR_substrate
LDZ24_RS05080	metallophosphoesterase	WP_248321951.1	hydrolase activity|0016787||IEA				-	Calcineurin-like phosphoesterase superfamily domain	-	-	-	-	-	Metallophos,Metallophos_2
LDZ24_RS05085	FAD-binding oxidoreductase	WP_248321953.1	flavin adenine dinucleotide binding|0050660||IEA				-	PFAM FAD linked oxidase domain protein	ko:K00102	-	ko00000,ko00001,ko01000	-	-	FAD-oxidase_C,FAD_binding_4
LDZ24_RS05090	DUF2069 domain-containing protein	WP_248321954.1					-	Predicted membrane protein (DUF2069)	-	-	-	-	-	DUF2069
LDZ24_RS05100	YihY family inner membrane protein	WP_371747394.1			plasma membrane|0005886||IEA		-	UPF0761 membrane protein	ko:K07058	-	ko00000	-	-	Virul_fac_BrkB
LDZ24_RS05105	Mpo1-like protein	WP_175940062.1					-	membrane	-	-	-	-	-	DUF962
LDZ24_RS05110	alpha/beta fold hydrolase	WP_248321956.1					-	Alpha beta hydrolase	-	-	-	-	-	Abhydrolase_1,Abhydrolase_6,DLH,FSH1,Hydrolase_4
LDZ24_RS05115	O-acetylhomoserine aminocarboxypropyltransferase	WP_248321958.1					-	o-acetylhomoserine	ko:K01740	-	ko00000,ko00001,ko01000	-	-	Cys_Met_Meta_PP
LDZ24_RS05120	CBS domain-containing protein	WP_175940065.1					-	CBS domain containing protein	-	-	-	-	-	CBS
LDZ24_RS05125	MFS transporter	WP_248321959.1	transmembrane transporter activity|0022857||IEA	transmembrane transport|0055085||IEA			-	Glycerol acyltransferase	ko:K05939	-	ko00000,ko00001,ko01000	-	-	Acyltransferase,MFS_1
LDZ24_RS05135	electron transfer flavoprotein-ubiquinone oxidoreductase	WP_248321963.1	4 iron, 4 sulfur cluster binding|0051539||IEA	electron transport chain|0022900||IEA			-	electron transfer flavoprotein-ubiquinone oxidoreductase	ko:K00311	-	ko00000,ko01000	-	-	ETF_QO,FAD_binding_2,NAD_binding_8
LDZ24_RS05145	thioesterase family protein	WP_248321965.1					-	Thioesterase-like superfamily	ko:K07107	-	ko00000,ko01000	-	-	4HBT,4HBT_2
LDZ24_RS05150	LuxR C-terminal-related transcriptional regulator	WP_175940071.1		regulation of DNA-templated transcription|0006355||IEA			-	PFAM regulatory protein LuxR	-	-	-	-	-	GerE,PAS_9
LDZ24_RS05165	alpha/beta fold hydrolase	WP_248321969.1					-	Alpha beta hydrolase	-	-	-	-	-	Abhydrolase_1,Abhydrolase_6
LDZ24_RS05215	integration host factor subunit alpha	WP_159835930.1	DNA binding|0003677||IEA	regulation of DNA-templated transcription|0006355||IEA			-	This protein is one of the two subunits of integration host factor, a specific DNA-binding protein that functions in genetic recombination as well as in transcriptional and translational control	ko:K04764	-	ko00000,ko03032,ko03036,ko03400	-	-	Bac_DNA_binding
LDZ24_RS05220	MerR family transcriptional regulator	WP_206467994.1	DNA-binding transcription factor activity|0003700||IEA				-	PFAM regulatory protein, MerR	-	-	-	-	-	MerR_1
LDZ24_RS05225	short chain dehydrogenase	WP_248321978.1	oxidoreductase activity|0016491||IEA				-	short-chain dehydrogenase	-	-	-	-	-	adh_short_C2
LDZ24_RS05230	hypothetical protein	WP_248321980.1					-	-	-	-	-	-	-	-
LDZ24_RS05235	tyrosine-type recombinase/integrase	WP_248321982.1					-	Belongs to the 'phage' integrase family	-	-	-	-	-	Phage_integrase
LDZ24_RS05240	DUF4224 domain-containing protein	WP_248321984.1					-	Domain of unknown function (DUF4224)	-	-	-	-	-	DUF4224
LDZ24_RS05250	hypothetical protein	WP_248321988.1					-	Phage protein (N4 Gp49/phage Sf6 gene 66) family	-	-	-	-	-	-
LDZ24_RS05260	hypothetical protein	WP_248321992.1					-	-	-	-	-	-	-	-
LDZ24_RS05265	hypothetical protein	WP_248321993.1					-	-	-	-	-	-	-	-
LDZ24_RS05270	hypothetical protein	WP_248321994.1					-	-	-	-	-	-	-	-
LDZ24_RS05290	lambda exonuclease family protein	WP_248321998.1	metal ion binding|0046872||IEA				-	YqaJ-like viral recombinase domain	-	-	-	-	-	YqaJ
LDZ24_RS28100	phage recombination protein Bet	WP_371747395.1		DNA recombination|0006310||IEA		bet	-	Recombination protein BET	-	-	-	-	-	RecT
LDZ24_RS05305	hypothetical protein	WP_248322000.1					-	-	-	-	-	-	-	-
LDZ24_RS05310	hypothetical protein	WP_248322001.1					-	-	-	-	-	-	-	-
LDZ24_RS05315	DUF1828 domain-containing protein	WP_248322002.1					-	-	-	-	-	-	-	DUF1828
LDZ24_RS05320	hypothetical protein	WP_248322003.1					-	-	-	-	-	-	-	-
LDZ24_RS05325	S24 family peptidase	WP_248322004.1					-	Peptidase S24-like	-	-	-	-	-	Peptidase_S24
LDZ24_RS05330	XRE family transcriptional regulator	WP_248322005.1					-	-	-	-	-	-	-	-
LDZ24_RS05340	hypothetical protein	WP_248322007.1					-	-	-	-	-	-	-	-
LDZ24_RS05345	hypothetical protein	WP_248322008.1					-	DnaD domain protein	-	-	-	-	-	-
LDZ24_RS05350	replication protein P	WP_248322009.1		DNA replication initiation|0006270||IEA			-	-	-	-	-	-	-	-
LDZ24_RS05355	RusA family crossover junction endodeoxyribonuclease	WP_248322010.1	crossover junction DNA endonuclease activity|0008821||IEA	DNA recombination|0006310||IEA			-	Endodeoxyribonuclease RusA	-	-	-	-	-	RusA
LDZ24_RS05360	hypothetical protein	WP_248322011.1					-	-	-	-	-	-	-	-
LDZ24_RS05365	transposase	WP_248322012.1	transposase activity|0004803||IEA	DNA transposition|0006313||IEA			-	Transposase	-	-	-	-	-	HTH_Tnp_1
LDZ24_RS05365	transposase	WP_248322012.1	transposase activity|0004803||IEA	DNA transposition|0006313||IEA			-	Transposase	-	-	-	-	-	HTH_Tnp_1
LDZ24_RS05370	IS66 family insertion sequence element accessory protein TnpB	WP_045463971.1				tnpB	-	Evidence 2b Function of strongly homologous gene	-	-	-	-	-	TnpB_IS66
LDZ24_RS05370	IS66 family insertion sequence element accessory protein TnpB	WP_045463971.1				tnpB	-	Evidence 2b Function of strongly homologous gene	-	-	-	-	-	TnpB_IS66
LDZ24_RS05370	IS66 family insertion sequence element accessory protein TnpB	WP_045463971.1				tnpB	-	Evidence 2b Function of strongly homologous gene	-	-	-	-	-	TnpB_IS66
LDZ24_RS05370	IS66 family insertion sequence element accessory protein TnpB	WP_045463971.1				tnpB	-	Evidence 2b Function of strongly homologous gene	-	-	-	-	-	TnpB_IS66
LDZ24_RS05370	IS66 family insertion sequence element accessory protein TnpB	WP_045463971.1				tnpB	-	Evidence 2b Function of strongly homologous gene	-	-	-	-	-	TnpB_IS66
LDZ24_RS05370	IS66 family insertion sequence element accessory protein TnpB	WP_045463971.1				tnpB	-	Evidence 2b Function of strongly homologous gene	-	-	-	-	-	TnpB_IS66
LDZ24_RS05370	IS66 family insertion sequence element accessory protein TnpB	WP_045463971.1				tnpB	-	Evidence 2b Function of strongly homologous gene	-	-	-	-	-	TnpB_IS66
LDZ24_RS05370	IS66 family insertion sequence element accessory protein TnpB	WP_045463971.1				tnpB	-	Evidence 2b Function of strongly homologous gene	-	-	-	-	-	TnpB_IS66
LDZ24_RS05370	IS66 family insertion sequence element accessory protein TnpB	WP_045463971.1				tnpB	-	Evidence 2b Function of strongly homologous gene	-	-	-	-	-	TnpB_IS66
LDZ24_RS05375	IS66 family transposase	WP_248322013.1	transposase activity|0004803||IEA				-	transposase	-	-	-	-	-	DDE_Tnp_IS66,DDE_Tnp_IS66_C,LZ_Tnp_IS66,zf-IS66
LDZ24_RS05375	IS66 family transposase	WP_248322013.1	transposase activity|0004803||IEA				-	transposase	-	-	-	-	-	DDE_Tnp_IS66,DDE_Tnp_IS66_C,LZ_Tnp_IS66,zf-IS66
LDZ24_RS05380	hypothetical protein	WP_248322014.1					-	-	-	-	-	-	-	-
LDZ24_RS05385	hypothetical protein	WP_248322015.1					-	-	-	-	-	-	-	HTH_5
LDZ24_RS05395	recombination protein NinB	WP_248322017.1					-	NinB protein	-	-	-	-	-	NinB
LDZ24_RS05400	hypothetical protein	WP_248322018.1					-	Evidence 4 Homologs of previously reported genes of	-	-	-	-	-	DUF968
LDZ24_RS05415	helix-turn-helix domain-containing protein	WP_248322021.1	DNA binding|0003677||IEA				-	Helix-turn-helix domain of resolvase	-	-	-	-	-	-
LDZ24_RS05420	TerL protein	WP_248322022.1					-	phage Terminase large subunit	-	-	-	-	-	-
LDZ24_RS05425	DUF1073 domain-containing protein	WP_248322023.1					-	Phage-associated protein, HI1409 family	ko:K09961	-	ko00000	-	-	DUF1073
LDZ24_RS05430	phage minor head protein	WP_248322024.1					-	Phage Mu protein F like protein	-	-	-	-	-	Phage_Mu_F
LDZ24_RS05435	DUF2213 domain-containing protein	WP_248322025.1					-	Uncharacterized protein conserved in bacteria (DUF2213)	ko:K09960	-	ko00000	-	-	DUF2213
LDZ24_RS05440	hypothetical protein	WP_248322026.1					-	-	-	-	-	-	-	-
LDZ24_RS05445	DUF2184 domain-containing protein	WP_248322027.1					-	Uncharacterized protein conserved in bacteria (DUF2184)	-	-	-	-	-	DUF2184
LDZ24_RS05450	hypothetical protein	WP_248322028.1					-	-	-	-	-	-	-	-
LDZ24_RS05455	DUF4054 domain-containing protein	WP_248322029.1					-	Protein of unknown function (DUF4054)	-	-	-	-	-	DUF4054
LDZ24_RS05460	hypothetical protein	WP_248322030.1					-	-	-	-	-	-	-	-
LDZ24_RS05465	hypothetical protein	WP_248322031.1					-	-	-	-	-	-	-	-
LDZ24_RS05470	hypothetical protein	WP_248322032.1					-	-	-	-	-	-	-	-
LDZ24_RS05475	DUF3383 domain-containing protein	WP_248322033.1					-	Protein of unknown function (DUF3383)	-	-	-	-	-	DUF3383
LDZ24_RS05480	phage protein	WP_248322034.1					-	Protein of unknown function (DUF3277)	-	-	-	-	-	DUF3277
LDZ24_RS05485	phage tail assembly chaperone	WP_248322035.1		viral tail assembly|0098003||IEA			-	-	-	-	-	-	-	-
LDZ24_RS05490	hypothetical protein	WP_248322036.1					-	-	-	-	-	-	-	-
LDZ24_RS05495	hypothetical protein	WP_248322037.1					-	-	-	-	-	-	-	-
LDZ24_RS05500	phage baseplate protein	WP_248322038.1					-	-	-	-	-	-	-	-
LDZ24_RS05505	IS5 family transposase	WP_248320663.1	transposase activity|0004803||IEA				-	transposase	-	-	-	-	-	DDE_Tnp_1,DUF4096
LDZ24_RS05505	IS5 family transposase	WP_248320663.1	transposase activity|0004803||IEA				-	transposase	-	-	-	-	-	DDE_Tnp_1,DUF4096
LDZ24_RS05505	IS5 family transposase	WP_248320663.1	transposase activity|0004803||IEA				-	transposase	-	-	-	-	-	DDE_Tnp_1,DUF4096
LDZ24_RS05505	IS5 family transposase	WP_248320663.1	transposase activity|0004803||IEA				-	transposase	-	-	-	-	-	DDE_Tnp_1,DUF4096
LDZ24_RS05505	IS5 family transposase	WP_248320663.1	transposase activity|0004803||IEA				-	transposase	-	-	-	-	-	DDE_Tnp_1,DUF4096
LDZ24_RS05505	IS5 family transposase	WP_248320663.1	transposase activity|0004803||IEA				-	transposase	-	-	-	-	-	DDE_Tnp_1,DUF4096
LDZ24_RS05505	IS5 family transposase	WP_248320663.1	transposase activity|0004803||IEA				-	transposase	-	-	-	-	-	DDE_Tnp_1,DUF4096
LDZ24_RS05505	IS5 family transposase	WP_248320663.1	transposase activity|0004803||IEA				-	transposase	-	-	-	-	-	DDE_Tnp_1,DUF4096
LDZ24_RS05510	phage baseplate protein	WP_248322039.1					-	-	-	-	-	-	-	-
LDZ24_RS05515	hypothetical protein	WP_248322040.1					-	-	-	-	-	-	-	-
LDZ24_RS05520	hypothetical protein	WP_248322041.1					-	-	-	-	-	-	-	-
LDZ24_RS05530	Gp138 family membrane-puncturing spike protein	WP_248322043.1					-	Baseplate assembly protein	-	-	-	-	-	-
LDZ24_RS05535	hypothetical protein	WP_248322044.1					-	-	-	-	-	-	-	-
LDZ24_RS05540	baseplate J/gp47 family protein	WP_248322045.1					-	homolog of phage Mu protein gp47	-	-	-	-	-	Baseplate_J
LDZ24_RS05545	DUF2612 domain-containing protein	WP_248322046.1					-	Protein of unknown function (DUF2612)	-	-	-	-	-	DUF2612
LDZ24_RS05550	hypothetical protein	WP_248322047.1					-	tail fiber protein	-	-	-	-	-	-
LDZ24_RS05555	DUF4376 domain-containing protein	WP_248322048.1					-	-	-	-	-	-	-	DUF4376,Phage_tail_APC
LDZ24_RS05565	glycoside hydrolase family protein	WP_248322050.1					-	lysozyme	ko:K01185	-	ko00000,ko01000	-	-	Phage_lysozyme
LDZ24_RS05570	HNH endonuclease	WP_248322051.1	endonuclease activity|0004519||IEA				-	COG1403 Restriction endonuclease	ko:K10726	-	ko00000,ko00001,ko01000,ko03032	-	-	HNH
LDZ24_RS05575	hypothetical protein	WP_248322052.1					-	-	-	-	-	-	-	-
LDZ24_RS05580	hypothetical protein	WP_248322053.1					-	-	-	-	-	-	-	-
LDZ24_RS05585	DUF1353 domain-containing protein	WP_248322054.1					-	Protein of unknown function (DUF1353)	-	-	-	-	-	DUF1353
LDZ24_RS05590	glycosyltransferase	WP_248322055.1					-	Glycosyl transferases group 1	-	-	-	-	-	Glycos_transf_1
LDZ24_RS05595	bifunctional 2-polyprenyl-6-hydroxyphenol methylase/3-demethylubiquinol 3-O-methyltransferase UbiG	WP_248322056.1	S-adenosylmethionine-dependent methyltransferase activity|0008757||IEA				-	Methyltransferase domain	-	-	-	-	-	Methyltransf_23
LDZ24_RS05600	DUF4145 domain-containing protein	WP_248322057.1					-	Domain of unknown function (DUF4145)	-	-	-	-	-	DUF4145
LDZ24_RS05610	hypothetical protein	WP_248322058.1					-	-	-	-	-	-	-	-
LDZ24_RS05615	LysR family transcriptional regulator	WP_248322059.1					-	Transcriptional regulator	-	-	-	-	-	HTH_1,LysR_substrate
LDZ24_RS05620	LysR family transcriptional regulator	WP_175940085.1					-	Transcriptional regulator	-	-	-	-	-	HTH_1,LysR_substrate
LDZ24_RS05625	IclR family transcriptional regulator	WP_248322060.1	DNA-binding transcription factor activity|0003700||IEA	regulation of DNA-templated transcription|0006355||IEA			-	Transcriptional regulator	ko:K02624	-	ko00000,ko03000	-	-	HTH_IclR,IclR
LDZ24_RS05645	3-carboxy-cis,cis-muconate cycloisomerase	WP_248322063.1	3-carboxy-cis,cis-muconate cycloisomerase activity|0047472||IEA	3,4-dihydroxybenzoate catabolic process|0019619||IEA			-	3-carboxy-cis,cis-muconate cycloisomerase	ko:K01857	-	ko00000,ko00001,ko01000	-	-	ADSL_C,Lyase_1
LDZ24_RS05655	4-carboxymuconolactone decarboxylase	WP_248322065.1	4-carboxymuconolactone decarboxylase activity|0047575||IEA			pcaC	-	4-carboxymuconolactone decarboxylase	ko:K01607	-	ko00000,ko00001,ko01000	-	-	CMD
LDZ24_RS05660	DUF3443 domain-containing protein	WP_248322066.1					-	Protein of unknown function (DUF3443)	-	-	-	-	-	DUF3443
LDZ24_RS05665	DUF2844 domain-containing protein	WP_248322067.1					-	Protein of unknown function (DUF2844)	-	-	-	-	-	DUF2844
LDZ24_RS05675	fimbrial protein	WP_248322069.1		cell adhesion|0007155||IEA	pilus|0009289||IEA		-	Type-1 fimbrial protein, A	ko:K07345	-	ko00000,ko00001,ko02035,ko02044	-	-	FimA
LDZ24_RS05690	fimbrial protein	WP_248322072.1		cell adhesion|0007155||IEA	pilus|0009289||IEA		-	Fimbrial protein	ko:K07345	-	ko00000,ko00001,ko02035,ko02044	-	-	Fimbrial
LDZ24_RS05695	putative quinol monooxygenase	WP_248322073.1	monooxygenase activity|0004497||IEA				-	Antibiotic biosynthesis monooxygenase	-	-	-	-	-	ABM
LDZ24_RS05700	DNA-binding protein	WP_248322074.1					-	-	-	-	-	-	-	-
LDZ24_RS05710	haloacid dehalogenase type II	WP_248322076.1	hydrolase activity, acting on acid halide bonds, in C-halide compounds|0019120||IEA				-	Haloacid dehalogenase, type II	ko:K01560	-	ko00000,ko00001,ko01000	-	-	HAD_2,Hydrolase
LDZ24_RS05715	LysR family transcriptional regulator	WP_206468008.1	DNA-binding transcription activator activity|0001216||IEA				-	Transcriptional regulator	-	-	-	-	-	HTH_1,LysR_substrate
LDZ24_RS05720	universal stress protein	WP_159835955.1					-	Belongs to the universal stress protein A family	-	-	-	-	-	Usp
LDZ24_RS05735	acyl-CoA-binding protein	WP_175940104.1	fatty-acyl-CoA binding|0000062||IEA				-	acyl-coa-binding protein	-	-	-	-	-	ACBP
LDZ24_RS05750	uracil-DNA glycosylase	WP_248322080.1					-	TIGRFAM phage SPO1 DNA polymerase-related protein	ko:K21929	-	ko00000,ko00001,ko01000,ko03400	-	-	UDG
LDZ24_RS05755	DUF1853 family protein	WP_248322081.1					-	Domain of unknown function (DUF1853)	ko:K09977	-	ko00000	-	-	DUF1853
LDZ24_RS05790	DUF2866 domain-containing protein	WP_241269851.1					-	Protein of unknown function (DUF2866)	-	-	-	-	-	DUF2866
LDZ24_RS05795	CaiB/BaiF CoA-transferase family protein	WP_248322085.1					-	L-carnitine dehydratase bile acid-inducible protein F	-	-	-	-	-	CoA_transf_3
LDZ24_RS05810	cardiolipin synthase	WP_248322088.1	phosphotransferase activity, for other substituted phosphate groups|0016780||IEA	cardiolipin biosynthetic process|0032049||IEA		cls	-	Catalyzes the reversible phosphatidyl group transfer from one phosphatidylglycerol molecule to another to form cardiolipin (CL) (diphosphatidylglycerol) and glycerol	ko:K06131	-	ko00000,ko00001,ko01000	-	-	PLDc_2,PLDc_N
LDZ24_RS05840	DMT family transporter	WP_248322094.1	transmembrane transporter activity|0022857||IEA	transmembrane transport|0055085||IEA	membrane|0016020||IEA		-	EamA-like transporter family	-	-	-	-	-	EamA
LDZ24_RS05845	chromosome segregation protein SMC	WP_248322095.1	ATP binding|0005524||IEA	chromosome condensation|0030261||IEA		smc	-	Required for chromosome condensation and partitioning	ko:K03529	-	ko00000,ko03036	-	-	SMC_N,SMC_hinge
LDZ24_RS05850	cell division protein ZipA C-terminal FtsZ-binding domain-containing protein	WP_248322096.1		cell septum assembly|0090529||IEA			-	Essential cell division protein that stabilizes the FtsZ protofilaments by cross-linking them and that serves as a cytoplasmic membrane anchor for the Z ring. Also required for the recruitment to the septal ring of downstream cell division proteins	-	-	-	-	-	ZipA_C
LDZ24_RS05865	hypothetical protein	WP_248322098.1					-	-	-	-	-	-	-	-
LDZ24_RS05910	phosphatidate cytidylyltransferase	WP_248322101.1					-	Belongs to the CDS family	ko:K00981	M00093	ko00000,ko00001,ko00002,ko01000	-	-	CTP_transf_1
LDZ24_RS05930	OmpH family outer membrane protein	WP_175940139.1					-	Belongs to the skp family	ko:K06142	-	ko00000	-	-	OmpH
LDZ24_RS05960	RNA methyltransferase	WP_248322108.1	transferase activity|0016740||IEA	RNA methylation|0001510||IEA			-	trna rrna methyltransferase	ko:K03437	-	ko00000,ko03016	-	-	SpoU_methylase
LDZ24_RS05975	NfeD family protein	WP_248322111.1			membrane|0016020||IEA		-	NfeD-like C-terminal, partner-binding	-	-	-	-	-	NfeD
LDZ24_RS06000	DMT family transporter	WP_248322114.1	transmembrane transporter activity|0022857||IEA	transmembrane transport|0055085||IEA	membrane|0016020||IEA		-	EamA-like transporter family	-	-	-	-	-	EamA
LDZ24_RS06010	hypothetical protein	WP_248322115.1					-	-	-	-	-	-	-	-
LDZ24_RS06020	RNA 2',3'-cyclic phosphodiesterase	WP_248322117.1	RNA 2',3'-cyclic 3'-phosphodiesterase activity|0008664||IEA	tRNA processing|0008033||IEA		thpR	-	Hydrolyzes RNA 2',3'-cyclic phosphodiester to an RNA 2'- phosphomonoester	ko:K01975	-	ko00000,ko01000,ko03016	-	-	2_5_RNA_ligase2,LigT_PEase
LDZ24_RS06055	DnaJ family domain-containing protein	WP_159836014.1					-	Domain of unknown function (DUF1992)	-	-	-	-	-	DUF1992
LDZ24_RS06070	GntR family transcriptional regulator	WP_248322124.1	DNA-binding transcription factor activity|0003700||IEA				-	Regulatory protein GntR HTH	-	-	-	-	-	FCD,GntR
LDZ24_RS06080	aspartate/glutamate racemase family protein	WP_248322126.1					-	Racemase	ko:K16841	-	ko00000,ko00001,ko01000	-	-	Asp_Glu_race
LDZ24_RS06085	allantoinase PuuE	WP_206468054.1	hydrolase activity, acting on carbon-nitrogen (but not peptide) bonds|0016810||IEA	allantoin catabolic process|0000256||IEA		puuE	-	PFAM polysaccharide deacetylase	ko:K01452	-	ko00000,ko00001,ko01000	-	-	Polysacc_deac_1
LDZ24_RS06090	2-oxo-4-hydroxy-4-carboxy-5-ureidoimidazoline decarboxylase	WP_248322127.1		allantoin metabolic process|0000255||IEA		uraD	-	OHCU decarboxylase	ko:K13485	M00546	ko00000,ko00001,ko00002,ko01000	-	-	OHCU_decarbox
LDZ24_RS06110	urate hydroxylase PuuD	WP_175940174.1					-	Urate oxidase N-terminal	-	-	-	-	-	Urate_ox_N
LDZ24_RS06120	8-oxoguanine deaminase	WP_248322130.1	hydrolase activity, acting on carbon-nitrogen (but not peptide) bonds|0016810||IEA				-	Catalyzes the transformation of hydroxyatrazine to N-isopropylammelide and ethylamine in the atrazine degradation pathway	ko:K18456	-	ko00000,ko01000	-	-	Amidohydro_1
LDZ24_RS06125	LysR substrate-binding domain-containing protein	WP_175940178.1					-	Transcriptional regulator	-	-	-	-	-	HTH_1,LysR_substrate
LDZ24_RS06150	dodecin	WP_175940183.1	nucleotide binding|0000166||IEA				-	Dodecin	ko:K09165	-	ko00000	-	-	Dodecin
LDZ24_RS06155	hypothetical protein	WP_206468060.1					-	-	-	-	-	-	-	-
LDZ24_RS06165	DUF2252 domain-containing protein	WP_248322136.1					-	Uncharacterized protein conserved in bacteria (DUF2252)	-	-	-	-	-	DUF2252
LDZ24_RS06175	tetratricopeptide repeat protein	WP_248322138.1					-	Tetratricopeptide repeat	-	-	-	-	-	TPR_16,TPR_19
LDZ24_RS06180	PspA/IM30 family protein	WP_248322139.1					-	Phage shock protein A	ko:K03969	-	ko00000	-	-	PspA_IM30
LDZ24_RS06185	hypothetical protein	WP_248322140.1					-	-	-	-	-	-	-	-
LDZ24_RS06195	copper chaperone PCu(A)C	WP_248322142.1	copper chaperone activity|0016531||IEA				-	Copper chaperone PCu(A)C	ko:K09796	-	ko00000,ko03110	-	-	PCuAC
LDZ24_RS06205	DUF2946 domain-containing protein	WP_248322144.1					-	Protein of unknown function (DUF2946)	-	-	-	-	-	DUF2946
LDZ24_RS06215	heme-degrading domain-containing protein	WP_248322145.1					-	Belongs to the UPF0303 family	-	-	-	-	-	Haem_degrading
LDZ24_RS06220	hypothetical protein	WP_371747409.1					-	-	-	-	-	-	-	-
LDZ24_RS06225	hypothetical protein	WP_248322147.1					-	-	-	-	-	-	-	-
LDZ24_RS06230	hypothetical protein	WP_175940209.1					-	-	-	-	-	-	-	-
LDZ24_RS06235	DUF1488 domain-containing protein	WP_248322148.1					-	Protein of unknown function (DUF1488)	-	-	-	-	-	DUF1488
LDZ24_RS06240	hypothetical protein	WP_175940211.1					-	-	-	-	-	-	-	-
LDZ24_RS06245	TetR/AcrR family transcriptional regulator	WP_248322149.1	DNA binding|0003677||IEA	regulation of DNA-templated transcription|0006355||IEA			-	WHG domain	-	-	-	-	-	TetR_N,WHG
LDZ24_RS06255	hypothetical protein	WP_248322151.1					-	-	-	-	-	-	-	-
LDZ24_RS06275	hypothetical protein	WP_206468076.1					-	-	-	-	-	-	-	-
LDZ24_RS06280	DUF5594 family protein	WP_256465386.1					-	-	-	-	-	-	-	-
LDZ24_RS06285	hypothetical protein	WP_248322154.1					-	-	-	-	-	-	-	-
LDZ24_RS06290	hypothetical protein	WP_248322155.1					-	-	-	-	-	-	-	-
LDZ24_RS06295	hypothetical protein	WP_248322156.1					-	-	-	-	-	-	-	-
LDZ24_RS06330	universal stress protein	WP_175940227.1					-	Belongs to the universal stress protein A family	-	-	-	-	-	Usp
LDZ24_RS06335	DUF2939 domain-containing protein	WP_248322161.1					-	Protein of unknown function (DUF2939)	-	-	-	-	-	DUF2939
LDZ24_RS06340	hypothetical protein	WP_248322287.1					-	-	-	-	-	-	-	-
LDZ24_RS06405	primosomal replication protein N	WP_159836079.1	single-stranded DNA binding|0003697||IEA	DNA replication|0006260||IEA	replisome|0030894||IEA	priB	-	Binds single-stranded DNA at the primosome assembly site (PAS)	ko:K02686	-	ko00000,ko00001,ko03400	-	-	SSB
LDZ24_RS06425	DUF47 domain-containing protein	WP_175940242.1					-	phosphate transport regulator	ko:K07220	-	ko00000	-	-	PhoU_div
LDZ24_RS06435	SDR family oxidoreductase	WP_248322171.1					-	Short-chain dehydrogenase reductase sdr	-	-	-	-	-	adh_short_C2
LDZ24_RS06445	PhoH family protein	WP_248322172.1					-	PFAM PhoH family protein	ko:K07175	-	ko00000	-	-	PIN_4,PhoH
LDZ24_RS06460	bifunctional UDP-4-keto-pentose/UDP-xylose synthase	WP_206468093.1	catalytic activity|0003824||IEA				-	Nad-dependent epimerase dehydratase	-	-	-	-	-	Epimerase
LDZ24_RS06465	formyltransferase	WP_248322174.1	hydroxymethyl-, formyl- and related transferase activity|0016742||IEA				-	PFAM formyl transferase domain protein	ko:K00604	-	ko00000,ko00001,ko01000	-	-	Formyl_trans_C,Formyl_trans_N
LDZ24_RS06480	SMR family transporter	WP_175940252.1	transmembrane transporter activity|0022857||IEA		membrane|0016020||IEA		-	Small Multidrug Resistance protein	-	-	-	-	-	EamA,Multi_Drug_Res
LDZ24_RS06485	glycosyltransferase family 39 protein	WP_248322177.1					-	PFAM glycosyl transferase family 39	-	-	-	-	-	PMT,PMT_2
LDZ24_RS06490	Mth938-like domain-containing protein	WP_248322178.1					-	Protein of unknown function (DUF498/DUF598)	-	-	-	-	-	DUF498
LDZ24_RS06515	DUF1289 domain-containing protein	WP_159836099.1					-	Protein of unknown function (DUF1289)	ko:K06938	-	ko00000	-	-	DUF1289,DUF3717
LDZ24_RS06520	phospholipase A	WP_248322288.1					-	phospholipase	-	-	-	-	-	PLA1
LDZ24_RS06560	hypothetical protein	WP_248322186.1					-	leucine-zipper of insertion element IS481	-	-	-	-	-	HTH_32,LZ_Tnp_IS481,rve,rve_3
LDZ24_RS06605	carboxymuconolactone decarboxylase family protein	WP_175940268.1	peroxiredoxin activity|0051920||IEA				-	Antioxidant protein with alkyl hydroperoxidase activity. Required for the reduction of the AhpC active site cysteine residues and for the regeneration of the AhpC enzyme activity	ko:K04756	-	ko00000	-	-	CMD
LDZ24_RS06610	peroxiredoxin	WP_175940269.1	thioredoxin peroxidase activity|0008379||IEA				-	PFAM alkyl hydroperoxide reductase Thiol specific antioxidant Mal allergen	ko:K03386	-	ko00000,ko00001,ko01000,ko04147	-	-	AhpC-TSA
LDZ24_RS06615	ATP-binding protein	WP_175940270.1					-	histidine kinase HAMP region domain protein	ko:K07638	M00445,M00742,M00743	ko00000,ko00001,ko00002,ko01000,ko01001,ko02022	-	-	HAMP,HATPase_c,HisKA,RisS_PPD
LDZ24_RS28115	hypothetical protein	WP_371747410.1					-	-	-	-	-	-	-	-
LDZ24_RS06630	DUF1501 domain-containing protein	WP_248322195.1					-	Twin-arginine translocation pathway signal sequence	-	-	-	-	-	DUF1501,TAT_signal
LDZ24_RS06635	squalene/phytoene synthase family protein	WP_248322196.1		biosynthetic process|0009058||IEA			-	Phytoene synthase	ko:K02291	M00097	ko00000,ko00001,ko00002,ko01000,ko01006	-	-	SQS_PSY
LDZ24_RS06640	hypothetical protein	WP_248322197.1					-	-	-	-	-	-	-	-
LDZ24_RS06650	DUF2946 domain-containing protein	WP_248322198.1					-	Protein of unknown function (DUF2946)	-	-	-	-	-	DUF2946
LDZ24_RS06705	SurA N-terminal domain-containing protein	WP_248322291.1					-	peptidylprolyl isomerase	ko:K03770	-	ko00000,ko01000,ko03110	-	-	Rotamase,Rotamase_2,Rotamase_3,SurA_N_3
LDZ24_RS06710	hypothetical protein	WP_175940281.1					-	-	-	-	-	-	-	-
LDZ24_RS06735	FAD-dependent oxidoreductase	WP_248322206.1	oxidoreductase activity|0016491||IEA				-	PFAM FAD dependent oxidoreductase	ko:K00285	-	ko00000,ko00001,ko01000	-	-	DAO
LDZ24_RS06745	peptidylprolyl isomerase	WP_206468117.1					-	peptidylprolyl isomerase	ko:K03769	-	ko00000,ko01000,ko03110	-	-	Rotamase,Rotamase_3,SurA_N_3
LDZ24_RS06770	3-(methylthio)propionyl-CoA ligase	WP_248322208.1	ligase activity|0016874||IEA				-	PFAM AMP-dependent synthetase and ligase	ko:K20034	-	ko00000,ko00001,ko01000	-	-	AMP-binding,AMP-binding_C
LDZ24_RS06785	Dabb family protein	WP_248322211.1					-	Stress responsive A/B Barrel Domain	-	-	-	-	-	Dabb
LDZ24_RS06790	PaaI family thioesterase	WP_244849031.1	thiolester hydrolase activity|0016790||IEA				-	PFAM thioesterase superfamily protein	-	-	-	-	-	4HBT
LDZ24_RS06800	SDR family oxidoreductase	WP_248322213.1					-	Belongs to the short-chain dehydrogenases reductases (SDR) family	-	-	-	-	-	adh_short
LDZ24_RS06805	alpha/beta hydrolase	WP_248322214.1	hydrolase activity|0016787||IEA				-	Alpha beta hydrolase	ko:K01066	-	ko00000,ko01000	-	-	Abhydrolase_3
LDZ24_RS06815	NRDE family protein	WP_248322215.1					-	Transport and Golgi organisation 2	-	-	-	-	-	TANGO2
LDZ24_RS06820	folate-binding protein YgfZ	WP_248322216.1					-	Belongs to the GcvT family	ko:K06980	-	ko00000,ko03016	-	-	GCV_T,GCV_T_C
LDZ24_RS06825	hypothetical protein	WP_248322217.1					-	-	-	-	-	-	-	-
LDZ24_RS06840	DNA polymerase III subunit delta'	WP_248322219.1					-	dna polymerase iii	ko:K02341	M00260	ko00000,ko00001,ko00002,ko01000,ko03032,ko03400	-	-	DNA_pol3_delta2,DNApol3-delta_C
LDZ24_RS06845	GNAT family N-acetyltransferase	WP_248322220.1					-	Acetyltransferase (GNAT) domain	ko:K03823	-	ko00000,ko00001,ko01000	-	-	Acetyltransf_1,Acetyltransf_3,Acetyltransf_4
LDZ24_RS06855	ankyrin repeat domain-containing protein	WP_248322222.1	protein binding|0005515||IEA				-	Pfam Ankyrin	ko:K06867	-	ko00000	-	-	Ank_2,Ank_3,Ank_4,Ank_5
LDZ24_RS06860	Rap1a/Tai family immunity protein	WP_175940309.1					-	-	-	-	-	-	-	-
LDZ24_RS06870	glycosyltransferase family 4 protein	WP_248322224.1					-	glycosyl transferase group 1	-	-	-	-	-	Glyco_transf_4,Glycos_transf_1
LDZ24_RS06875	YSC84-related protein	WP_248322294.1					-	Las17-binding protein actin regulator	-	-	-	-	-	Ysc84
LDZ24_RS06880	hypothetical protein	WP_248322225.1					-	-	-	-	-	-	-	-
LDZ24_RS06890	hypothetical protein	WP_175940314.1					-	-	-	-	-	-	-	-
LDZ24_RS06920	methyl-accepting chemotaxis protein	WP_248322228.1		signal transduction|0007165||IEA	membrane|0016020||IEA		-	histidine kinase HAMP region domain protein	ko:K03406,ko:K03776,ko:K05874	-	ko00000,ko00001,ko02035	-	-	4HB_MCP_1,HAMP,MCPsignal,TarH
LDZ24_RS06925	2-keto-4-pentenoate hydratase	WP_248322229.1					-	hydratase	ko:K02554	M00545,M00569	br01602,ko00000,ko00001,ko00002,ko01000	-	-	FAA_hydrolase
LDZ24_RS06945	AI-2E family transporter	WP_248322231.1	efflux transmembrane transporter activity|0015562||IEA	autoinducer AI-2 transmembrane transport|1905887||IEA			-	AI-2E family transporter	-	-	-	-	-	AI-2E_transport
LDZ24_RS06965	LysR family transcriptional regulator	WP_248319847.1	DNA-binding transcription factor activity|0003700||IEA	regulation of DNA-templated transcription|0006355||IEA			-	transcriptional Regulator, LysR family	-	-	-	-	-	HTH_1,LysR_substrate
LDZ24_RS06970	tannase/feruloyl esterase family alpha/beta hydrolase	WP_371747412.1					-	Feruloyl esterase	-	-	-	-	-	Tannase
LDZ24_RS06975	DUF2917 domain-containing protein	WP_248319848.1					-	Protein of unknown function (DUF2917)	-	-	-	-	-	DUF2917
LDZ24_RS06980	hypothetical protein	WP_248319849.1					-	domain, Protein	-	-	-	-	-	-
LDZ24_RS06990	YciI family protein	WP_248319851.1					-	YCII-related domain	-	-	-	-	-	YCII
LDZ24_RS06995	VOC family protein	WP_248319852.1					-	glyoxalase bleomycin resistance protein dioxygenase	ko:K07032	-	ko00000	-	-	Glyoxalase
LDZ24_RS07000	RNA polymerase sigma factor	WP_248319853.1	sigma factor activity|0016987||IEA				-	RNA polymerase sigma factor, sigma-70 family	-	-	-	-	-	Sigma70_r2,Sigma70_r4_2
LDZ24_RS07015	hypothetical protein	WP_248319856.1					-	Response regulator receiver domain protein	-	-	-	-	-	GerE,Response_reg
LDZ24_RS07020	glycosyltransferase family 9 protein	WP_248319857.1					-	PFAM glycosyl transferase family 9	-	-	-	-	-	Glyco_transf_9
LDZ24_RS07025	GNVR domain-containing protein	WP_248319858.1					-	TIGRFAM exopolysaccharide transport protein family	ko:K16692	-	ko00000,ko01000,ko01001	-	-	AAA_31,GNVR,Wzz
LDZ24_RS07030	cellulase family glycosylhydrolase	WP_371747330.1	hydrolase activity, hydrolyzing O-glycosyl compounds|0004553||IEA	polysaccharide catabolic process|0000272||IEA			-	Belongs to the glycosyl hydrolase 5 (cellulase A) family	-	-	-	-	-	Cellulase
LDZ24_RS07035	hypothetical protein	WP_248319859.1					-	-	-	-	-	-	-	-
LDZ24_RS07040	hypothetical protein	WP_248319860.1					-	-	-	-	-	-	-	-
LDZ24_RS07050	DUF4142 domain-containing protein	WP_248319862.1					-	Domain of unknown function (DUF4142)	ko:K08995	-	ko00000	-	-	DUF4142
LDZ24_RS07055	zinc ribbon domain-containing protein	WP_248319863.1	zinc ion binding|0008270||IEA				-	Regulatory protein, FmdB family	-	-	-	-	-	Zn-ribbon_8
LDZ24_RS07060	DUF1488 domain-containing protein	WP_175940343.1					-	Protein of unknown function (DUF1488)	-	-	-	-	-	DUF1488
LDZ24_RS07065	hypothetical protein	WP_248319864.1					-	cheY-homologous receiver domain	ko:K02483	-	ko00000,ko02022	-	-	-
LDZ24_RS07070	YqjD family protein	WP_248319865.1	ribosome binding|0043022||IEA		plasma membrane|0005886||IEA		-	Bacterial protein of unknown function (DUF883)	-	-	-	-	-	DUF883
LDZ24_RS07075	DMT family transporter	WP_248319866.1	transmembrane transporter activity|0022857||IEA	transmembrane transport|0055085||IEA	membrane|0016020||IEA		-	Drug metabolite transporter (DMT) superfamily	-	-	-	-	-	EamA
LDZ24_RS07095	hypothetical protein	WP_248319868.1					-	-	-	-	-	-	-	PXPV
LDZ24_RS07100	LysR family transcriptional regulator	WP_248319869.1	DNA-binding transcription activator activity|0001216||IEA				-	LysR substrate binding domain	-	-	-	-	-	HTH_1,LysR_substrate
LDZ24_RS07110	hypothetical protein	WP_248319871.1					-	-	-	-	-	-	-	-
LDZ24_RS07125	YihY/virulence factor BrkB family protein	WP_248319873.1			membrane|0016020||IEA		-	ribonuclease BN	-	-	-	-	-	Virul_fac_BrkB
LDZ24_RS07130	DMT family transporter	WP_248319874.1	transmembrane transporter activity|0022857||IEA	transmembrane transport|0055085||IEA	membrane|0016020||IEA		-	EamA-like transporter family	-	-	-	-	-	EamA
LDZ24_RS07135	hypothetical protein	WP_248319875.1					-	-	-	-	-	-	-	-
LDZ24_RS07140	diguanylate cyclase domain-containing protein	WP_371747413.1					-	diguanylate cyclase	-	-	-	-	-	GGDEF
LDZ24_RS07150	hypothetical protein	WP_248322299.1					-	-	-	-	-	-	-	-
LDZ24_RS07160	DMT family transporter	WP_248319877.1			membrane|0016020||IEA		-	EamA-like transporter family	-	-	-	-	-	EamA
LDZ24_RS07165	selenium-binding family protein	WP_248319878.1					-	Selenium-binding protein	ko:K17285	-	ko00000,ko04147	-	-	SBP56
LDZ24_RS07170	hypothetical protein	WP_248319879.1					-	-	-	-	-	-	-	-
LDZ24_RS07175	bifunctional 2-polyprenyl-6-hydroxyphenol methylase/3-demethylubiquinol 3-O-methyltransferase UbiG	WP_248319880.1	2-polyprenyl-6-hydroxyphenol methylase activity|0102208||IEA	methylation|0032259||IEA			-	Methyltransferase domain	-	-	-	-	-	-
LDZ24_RS07180	hypothetical protein	WP_248319881.1					-	-	-	-	-	-	-	-
LDZ24_RS07190	DUF2235 domain-containing protein	WP_248319883.1					-	Uncharacterized alpha/beta hydrolase domain (DUF2235)	-	-	-	-	-	DUF2235
LDZ24_RS07195	hypothetical protein	WP_244846331.1					-	-	-	-	-	-	-	-
LDZ24_RS07200	SDR family NAD(P)-dependent oxidoreductase	WP_248319884.1	NAD+ binding|0070403||IEA				-	short-chain dehydrogenase	-	-	-	-	-	adh_short_C2
LDZ24_RS07205	porin	WP_248319885.1	porin activity|0015288||IEA		cell outer membrane|0009279||IEA		-	PFAM porin Gram-negative type	-	-	-	-	-	Porin_4
LDZ24_RS07210	hypothetical protein	WP_248319886.1					-	-	-	-	-	-	-	-
LDZ24_RS07215	aromatic ring-hydroxylating dioxygenase subunit alpha	WP_248319887.1	2 iron, 2 sulfur cluster binding|0051537||IEA				-	PFAM Rieske 2Fe-2S	-	-	-	-	-	Rieske
LDZ24_RS07220	DUF938 domain-containing protein	WP_248319888.1					-	Protein of unknown function (DUF938)	-	-	-	-	-	DUF938
LDZ24_RS07225	ankyrin repeat domain-containing protein	WP_248319889.1	protein binding|0005515||IEA				-	Ankyrin repeats (many copies)	ko:K06867	-	ko00000	-	-	Ank_2,Ank_4,Ank_5
LDZ24_RS07230	hypothetical protein	WP_248319890.1					-	PFAM PRC-barrel domain	-	-	-	-	-	PRC
LDZ24_RS07235	MFS transporter	WP_248319891.1	transmembrane transporter activity|0022857||IEA	transmembrane transport|0055085||IEA			-	PFAM major facilitator superfamily MFS_1	-	-	-	-	-	MFS_1
LDZ24_RS07245	sodium:proton antiporter	WP_248319892.1		sodium ion transport|0006814||IEA	membrane|0016020||IEA		-	Pfam Sodium hydrogen exchanger	-	-	-	-	-	Na_H_Exchanger
LDZ24_RS07250	ATP-binding protein	WP_248319893.1	ATP binding|0005524||IEA				-	AAA domain	-	-	-	-	-	AAA_33
LDZ24_RS07260	Lrp/AsnC family transcriptional regulator	WP_248319895.1	DNA binding|0003677||IEA				-	PFAM regulatory protein AsnC Lrp family	-	-	-	-	-	AsnC_trans_reg,HTH_AsnC-type
LDZ24_RS07265	Spy/CpxP family protein refolding chaperone	WP_248319896.1					-	LTXXQ motif family protein	-	-	-	-	-	LTXXQ
LDZ24_RS07270	PGDYG domain-containing protein	WP_248319897.1					-	PGDYG protein	-	-	-	-	-	PGDYG
LDZ24_RS07275	DUF3022 domain-containing protein	WP_248319898.1					-	Protein of unknown function (DUF3022)	-	-	-	-	-	DUF3022
LDZ24_RS07280	YhfC family intramembrane metalloprotease	WP_248319899.1					-	Putative membrane peptidase family (DUF2324)	-	-	-	-	-	DUF2324
LDZ24_RS07285	LacI family DNA-binding transcriptional regulator	WP_248319900.1					-	periplasmic binding protein LacI transcriptional regulator	ko:K02525	-	ko00000,ko03000	-	-	LacI,Peripla_BP_3
LDZ24_RS07295	MFS transporter	WP_248319902.1	transmembrane transporter activity|0022857||IEA	transmembrane transport|0055085||IEA			-	Major facilitator superfamily MFS_1	-	-	-	-	-	MFS_1
LDZ24_RS07305	sugar phosphate isomerase/epimerase	WP_248319904.1	isomerase activity|0016853||IEA				-	PFAM Xylose isomerase domain protein TIM barrel	-	-	-	-	-	AP_endonuc_2
LDZ24_RS07310	LysR family transcriptional regulator	WP_248319905.1	DNA-binding transcription activator activity|0001216||IEA				-	Transcriptional regulator	-	-	-	-	-	HTH_1,LysR_substrate
LDZ24_RS07320	hypothetical protein	WP_248319907.1					-	-	-	-	-	-	-	-
LDZ24_RS07345	hypothetical protein	WP_248319911.1					-	-	-	-	-	-	-	-
LDZ24_RS07350	DUF2795 domain-containing protein	WP_248319912.1					-	Protein of unknown function (DUF2795)	-	-	-	-	-	DUF2795
LDZ24_RS07360	ATP-binding cassette domain-containing protein	WP_248319914.1	ATP binding|0005524||IEA				-	ATPases associated with a variety of cellular activities	ko:K02068	M00211	ko00000,ko00002,ko02000	-	-	ABC_tran
LDZ24_RS07370	VOC family protein	WP_248319916.1					-	3-Demethylubiquinone-9 3-methyltransferase	-	-	-	-	-	3-dmu-9_3-mt
LDZ24_RS07375	VOC family protein	WP_175940401.1					-	Glyoxalase/Bleomycin resistance protein/Dioxygenase superfamily	-	-	-	-	-	Glyoxalase
LDZ24_RS07380	response regulator	WP_248319917.1		phosphorelay signal transduction system|0000160||IEA			-	catalyzes the demethylation of specific methylglutamate residues introduced into the chemoreceptors (methyl-accepting chemotaxis proteins) by CheR	-	-	-	-	-	HATPase_c,HisKA,PAS,PAS_3,Response_reg
LDZ24_RS07385	response regulator	WP_175940403.1		phosphorelay signal transduction system|0000160||IEA			-	cheY-homologous receiver domain	-	-	-	-	-	Response_reg
LDZ24_RS07390	ATP-binding protein	WP_248319918.1					-	PAS fold	-	-	-	-	-	GAF,HATPase_c,HisKA,PAS_2,PHY
LDZ24_RS07395	biliverdin-producing heme oxygenase	WP_248319919.1					-	Heme oxygenase	-	-	-	-	-	Heme_oxygenase
LDZ24_RS07400	hypothetical protein	WP_248319920.1					-	-	-	-	-	-	-	-
LDZ24_RS07405	DNA ligase D	WP_248319921.1		double-strand break repair via nonhomologous end joining|0006303||IEA		ligD	-	DNA ligase	ko:K01971	-	ko00000,ko00001,ko01000,ko03400	-	-	DNA_ligase_A_C,DNA_ligase_A_M,LigD_N
LDZ24_RS07410	Ku protein	WP_248319922.1	DNA end binding|0045027||IEA	double-strand break repair via nonhomologous end joining|0006303||IEA			-	With LigD forms a non-homologous end joining (NHEJ) DNA repair enzyme, which repairs dsDNA breaks with reduced fidelity. Binds linear dsDNA with 5'- and 3'- overhangs but not closed circular dsDNA nor ssDNA. Recruits and stimulates the ligase activity of LigD	ko:K10979	-	ko00000,ko00001,ko03400	-	-	Ku
LDZ24_RS07415	DUF6013 family protein	WP_248319923.1					-	-	-	-	-	-	-	-
LDZ24_RS07440	hypothetical protein	WP_248319928.1					-	-	-	-	-	-	-	-
LDZ24_RS07460	polyhydroxyalkanoate synthesis repressor PhaR	WP_175940416.1		regulation of DNA-templated transcription|0006355||IEA		phaR	-	Polyhydroxyalkanoate synthesis repressor PhaR	-	-	-	-	-	PHB_acc,PHB_acc_N
LDZ24_RS07475	class I poly(R)-hydroxyalkanoic acid synthase	WP_248319931.1	acyltransferase activity|0016746||IEA	poly-hydroxybutyrate biosynthetic process|0042619||IEA	cytoplasm|0005737||IEA	phaC	GO:0005575,GO:0005622,GO:0005623,GO:0005737,GO:0044424,GO:0044464	Poly(R)-hydroxyalkanoic acid synthase, class I	ko:K03821	-	ko00000,ko00001,ko01000	-	-	PhaC_N
LDZ24_RS07495	transposase	WP_248319934.1					-	PFAM transposase, IS4 family protein	ko:K07481	-	ko00000	-	-	DDE_Tnp_1,DUF772
LDZ24_RS07505	DUF465 domain-containing protein	WP_175940425.1					-	Protein of unknown function (DUF465)	-	-	-	-	-	DUF465
LDZ24_RS07510	colicin transporter	WP_248319935.1					-	Membrane	-	-	-	-	-	-
LDZ24_RS07530	phosphoribosyltransferase	WP_244846467.1					-	phosphoribosyltransferase	ko:K07101	-	ko00000	-	-	Pribosyltran
LDZ24_RS07540	ATP phosphoribosyltransferase regulatory subunit	WP_248319939.1		L-histidine biosynthetic process|0000105||IEA			-	Required for the first step of histidine biosynthesis. May allow the feedback regulation of ATP phosphoribosyltransferase activity by histidine	ko:K02502	M00026	ko00000,ko00001,ko00002	-	-	tRNA-synt_His
LDZ24_RS07545	DUF2065 domain-containing protein	WP_175940433.1					-	Uncharacterized protein conserved in bacteria (DUF2065)	ko:K09937	-	ko00000	-	-	DUF2065
LDZ24_RS07550	protease modulator HflC	WP_248319940.1		negative regulation of proteolysis|0045861||IEA	outer membrane-bounded periplasmic space|0030288||IEA	hflC	-	HflC and HflK could regulate a protease	ko:K04087	M00742	ko00000,ko00002,ko01000	-	-	Band_7
LDZ24_RS07555	FtsH protease activity modulator HflK	WP_248319941.1		negative regulation of proteolysis|0045861||IEA	membrane|0016020||IEA	hflK	-	HflC and HflK could encode or regulate a protease	ko:K04088	M00742	ko00000,ko00002,ko01000	-	-	Band_7,HflK_N
LDZ24_RS07565	RNA chaperone Hfq	WP_006999489.1	RNA binding|0003723||IEA	regulation of DNA-templated transcription|0006355||IEA		hfq	-	RNA chaperone that binds small regulatory RNA (sRNAs) and mRNAs to facilitate mRNA translational regulation in response to envelope stress, environmental stress and changes in metabolite concentrations. Also binds with high specificity to tRNAs	ko:K03666	-	ko00000,ko00001,ko03019,ko03036	-	-	Hfq
LDZ24_RS07580	tetratricopeptide repeat protein	WP_248319943.1	protein binding|0005515||IEA				-	Tetratricopeptide repeat-like domain	-	-	-	-	-	TPR_21
LDZ24_RS07590	flavodoxin-dependent (E)-4-hydroxy-3-methylbut-2-enyl-diphosphate synthase	WP_175940440.1	4-hydroxy-3-methylbut-2-en-1-yl diphosphate synthase activity (ferredoxin)|0046429||IEA	cellular metabolic process|0044237||IEA		ispG	-	Converts 2C-methyl-D-erythritol 2,4-cyclodiphosphate (ME-2,4cPP) into 1-hydroxy-2-methyl-2-(E)-butenyl 4-diphosphate	ko:K03526	M00096	ko00000,ko00001,ko00002,ko01000	-	-	GcpE
LDZ24_RS07595	RodZ domain-containing protein	WP_248319945.1					-	Transcriptional regulator	ko:K15539	-	ko00000	-	-	DUF4115,HTH_25
LDZ24_RS07620	3'-5' exonuclease	WP_248319947.1					-	3'-5' exonuclease	ko:K07501	-	ko00000	-	-	DNA_pol_B_exo2
LDZ24_RS07635	protein-L-isoaspartate(D-aspartate) O-methyltransferase	WP_248319950.1	protein-L-isoaspartate (D-aspartate) O-methyltransferase activity|0004719||IEA	protein modification process|0036211||IEA			-	Catalyzes the methyl esterification of L-isoaspartyl residues in peptides and proteins that result from spontaneous decomposition of normal L-aspartyl and L-asparaginyl residues. It plays a role in the repair and or degradation of damaged proteins	ko:K00573	-	ko00000,ko01000	-	-	PCMT
LDZ24_RS07665	CaiB/BaiF CoA-transferase family protein	WP_248319955.1					-	PFAM L-carnitine dehydratase bile acid-inducible protein F	ko:K07749	-	ko00000,ko01000	-	-	CoA_transf_3
LDZ24_RS07670	DUF1653 domain-containing protein	WP_248319956.1					-	Protein of unknown function (DUF1653)	-	-	-	-	-	DUF1653
LDZ24_RS07685	DNA polymerase III subunit gamma/tau	WP_248319958.1					-	DNA polymerase III is a complex, multichain enzyme responsible for most of the replicative synthesis in bacteria. This DNA polymerase also exhibits 3' to 5' exonuclease activity	ko:K02343	M00260	ko00000,ko00001,ko00002,ko01000,ko03032,ko03400	-	-	DNA_pol3_delta2,DNA_pol3_gamma3,DNA_pol3_tau_5
LDZ24_RS07705	zinc-dependent peptidase	WP_248319959.1					-	Belongs to the MtfA family	ko:K09933	-	ko00000,ko01002	-	-	Peptidase_M90
LDZ24_RS07715	glycosyltransferase family 39 protein	WP_248319960.1	glycosyltransferase activity|0016757||IEA				-	4-amino-4-deoxy-L-arabinose transferase and related glycosyltransferases of PMT family	-	-	-	-	-	-
LDZ24_RS07735	YidB family protein	WP_175940464.1					-	Bacterial protein of unknown function (DUF937)	-	-	-	-	-	DUF937
LDZ24_RS07750	group III truncated hemoglobin	WP_248319964.1					-	PFAM globin	ko:K06886	-	ko00000	-	-	Bac_globin
LDZ24_RS07770	NUDIX hydrolase	WP_175940470.1	metal ion binding|0046872||IEA				-	Belongs to the Nudix hydrolase family	-	-	-	-	-	NUDIX,Nudix_N_2
LDZ24_RS07780	arginyltransferase	WP_248319967.1	arginyl-tRNA--protein transferase activity|0004057||IEA	protein arginylation|0016598||IEA			-	May conjugate Arg from its aminoacyl-tRNA to the N- termini of proteins containing an N-terminal aspartate or glutamate	ko:K21420	-	ko00000,ko01000	-	-	ATE_C,ATE_N
LDZ24_RS07800	Gfo/Idh/MocA family protein	WP_248319969.1	oxidoreductase activity, acting on NAD(P)H|0016651||IEA				-	oxidoreductase	-	-	-	-	-	GFO_IDH_MocA
LDZ24_RS07805	FadR/GntR family transcriptional regulator	WP_244846556.1	DNA-binding transcription factor activity|0003700||IEA				-	regulatory protein GntR HTH	-	-	-	-	-	FCD,GntR
LDZ24_RS07810	glycosyltransferase family 4 protein	WP_248319970.1	glycosyltransferase activity|0016757||IEA				-	Glycosyl transferase 4-like	-	-	-	-	-	Glyco_trans_1_4,Glyco_transf_4,Glycos_transf_1
LDZ24_RS07815	GNAT family N-acetyltransferase	WP_248319971.1	acyltransferase activity, transferring groups other than amino-acyl groups|0016747||IEA				-	protein acetylation	-	-	-	-	-	Acetyltransf_10
LDZ24_RS07825	DUF1839 family protein	WP_248319973.1					-	Domain of unknown function (DUF1839)	-	-	-	-	-	DUF1839
LDZ24_RS07830	Crp/Fnr family transcriptional regulator	WP_159836384.1	cAMP binding|0030552||IEA	regulation of DNA-templated transcription|0006355||IEA			-	CRP FNR family	-	-	-	-	-	HTH_Crp_2
LDZ24_RS07885	DUF1571 domain-containing protein	WP_248319980.1					-	Protein of unknown function (DUF1571)	-	-	-	-	-	DUF1571
LDZ24_RS07890	hypothetical protein	WP_175940487.1					-	-	-	-	-	-	-	-
LDZ24_RS07900	DUF2147 domain-containing protein	WP_248319982.1					-	Uncharacterized protein conserved in bacteria (DUF2147)	-	-	-	-	-	DUF2147
LDZ24_RS07905	transposase	WP_248319983.1					-	Putative transposase of IS4/5 family (DUF4096)	-	-	-	-	-	DUF4096
LDZ24_RS07935	MarR family winged helix-turn-helix transcriptional regulator	WP_175940496.1	DNA-binding transcription factor activity|0003700||IEA	regulation of DNA-templated transcription|0006355||IEA			-	PFAM regulatory protein, MarR	-	-	-	-	-	MarR,MarR_2
LDZ24_RS07940	efflux transporter outer membrane subunit	WP_248319988.1	porin activity|0015288||IEA	transport|0006810||IEA	cell outer membrane|0009279||IEA		-	TIGRFAM RND efflux system, outer membrane lipoprotein, NodT family	-	-	-	-	-	OEP
LDZ24_RS07965	translation initiation factor IF-2	WP_248319992.1	GTP binding|0005525||IEA	translational initiation|0006413||IEA	cytoplasm|0005737||IEA	infB	-	One of the essential components for the initiation of protein synthesis. Protects formylmethionyl-tRNA from spontaneous hydrolysis and promotes its binding to the 30S ribosomal subunits. Also involved in the hydrolysis of GTP during the formation of the 70S ribosomal complex	ko:K02519	-	ko00000,ko03012,ko03029	-	-	GTP_EFTU,IF-2,IF2_N,IF2_assoc
LDZ24_RS07980	23S rRNA pseudouridine(2605) synthase RluB	WP_248319993.1	pseudouridine synthase activity|0009982||IEA	pseudouridine synthesis|0001522||IEA		rluB	-	Belongs to the pseudouridine synthase RsuA family	ko:K06178	-	ko00000,ko01000,ko03009	-	-	PseudoU_synth_2,S4
LDZ24_RS07985	SMC-Scp complex subunit ScpB	WP_248319994.1	protein binding|0005515||IEA	chromosome segregation|0007059||IEA		scpB	-	Participates in chromosomal partition during cell division. May act via the formation of a condensin-like complex containing Smc and ScpA that pull DNA away from mid-cell into both cell halves	ko:K06024	-	ko00000,ko03036	-	-	SMC_ScpB
LDZ24_RS07990	pyridoxal phosphate-dependent aminotransferase	WP_248319995.1					-	aminotransferase class I and II	-	-	-	-	-	Aminotran_1_2
LDZ24_RS08000	transposase	WP_035969202.1					-	transposase	ko:K07492	-	ko00000	-	-	DUF4096
LDZ24_RS08005	hypothetical protein	WP_248319996.1					-	-	-	-	-	-	-	-
LDZ24_RS08010	hypothetical protein	WP_248319997.1					-	-	-	-	-	-	-	-
LDZ24_RS08015	YdcF family protein	WP_248319998.1					-	DUF218 domain	-	-	-	-	-	DUF218
LDZ24_RS08020	hypothetical protein	WP_175940510.1					-	-	-	-	-	-	-	-
LDZ24_RS08025	gamma-glutamylcyclotransferase	WP_248319999.1					-	PFAM AIG2 family protein	-	-	-	-	-	GGACT
LDZ24_RS08030	helix-turn-helix domain-containing protein	WP_248320000.1					-	AraC family	-	-	-	-	-	AraC_binding,HTH_18
LDZ24_RS08035	GNAT family N-acetyltransferase	WP_248320001.1					-	PFAM GCN5-related N-acetyltransferase	-	-	-	-	-	Acetyltransf_1,Acetyltransf_10
LDZ24_RS08070	patatin-like phospholipase family protein	WP_248320003.1					-	PFAM Patatin	ko:K07001	-	ko00000	-	-	Patatin
LDZ24_RS08075	c-type cytochrome	WP_371747415.1	heme binding|0020037||IEA				-	cytochrome	-	-	-	-	-	Cytochrom_C,Cytochrome_CBB3
LDZ24_RS08130	low molecular weight protein-tyrosine-phosphatase	WP_248320009.1	protein tyrosine phosphatase activity|0004725||IEA	protein dephosphorylation|0006470||IEA			GO:0000271,GO:0003674,GO:0003824,GO:0004721,GO:0004725,GO:0005975,GO:0005976,GO:0006464,GO:0006470,GO:0006793,GO:0006796,GO:0006807,GO:0008150,GO:0008152,GO:0009058,GO:0009059,GO:0009242,GO:0009987,GO:0016051,GO:0016311,GO:0016787,GO:0016788,GO:0016791,GO:0019538,GO:0033692,GO:0034637,GO:0034645,GO:0035335,GO:0036211,GO:0042578,GO:0043170,GO:0043412,GO:0044237,GO:0044238,GO:0044249,GO:0044260,GO:0044262,GO:0044264,GO:0044267,GO:0046377,GO:0071704,GO:0140096,GO:1901135,GO:1901137,GO:1901564,GO:1901576	Low molecular weight phosphotyrosine protein phosphatase	ko:K01104	-	ko00000,ko01000	-	-	LMWPc
LDZ24_RS08135	patatin-like phospholipase family protein	WP_248320010.1					-	PFAM Patatin	ko:K07001	-	ko00000	-	-	DUF3734,Patatin
LDZ24_RS08150	hypothetical protein	WP_248320013.1					-	-	-	-	-	-	-	-
LDZ24_RS08155	DUF305 domain-containing protein	WP_248320014.1					-	Domain of unknown function (DUF305)	-	-	-	-	-	DUF305
LDZ24_RS08160	DUF3563 family protein	WP_175940530.1					-	Protein of unknown function (DUF3563)	-	-	-	-	-	DUF3563
LDZ24_RS08170	heavy-metal-associated domain-containing protein	WP_175940532.1	metal ion binding|0046872||IEA				-	heavy metal	ko:K07213	-	ko00000,ko00001	-	-	HMA
LDZ24_RS08180	error-prone DNA polymerase	WP_248320016.1					-	DNA polymerase involved in damage-induced mutagenesis and translesion synthesis (TLS). It is not the major replicative DNA polymerase	ko:K14162	-	ko00000,ko01000,ko03400	-	-	DNA_pol3_alpha,HHH_6,PHP,tRNA_anti-codon
LDZ24_RS08185	DNA polymerase Y family protein	WP_248320018.1					-	DNA polymerase	ko:K14161	-	ko00000,ko03400	-	-	IMS
LDZ24_RS08190	translesion DNA synthesis-associated protein ImuA	WP_248320020.1		negative regulation of cell division|0051782||IEA		imuA	-	Component of the SOS system and an inhibitor of cell division. Accumulation of SulA causes rapid cessation of cell division and the appearance of long, non-septate filaments. In the presence of GTP, binds a polymerization-competent form of FtsZ in a 1 1 ratio, thus inhibiting FtsZ polymerization and therefore preventing it from participating in the assembly of the Z ring. This mechanism prevents the premature segregation of damaged DNA to daughter cells during cell division	ko:K13053,ko:K14160	-	ko00000,ko03036,ko03400	-	-	SulA
LDZ24_RS08220	DUF2863 family protein	WP_248320021.1					-	Protein of unknown function (DUF2863)	-	-	-	-	-	DUF2863
LDZ24_RS08225	response regulator transcription factor	WP_248320022.1		regulation of DNA-templated transcription|0006355||IEA			-	PFAM regulatory protein LuxR	-	-	-	-	-	FleQ,GerE
LDZ24_RS08230	hypothetical protein	WP_248320024.1					-	membrane	-	-	-	-	-	CbiM
LDZ24_RS08235	BspC domain-containing protein	WP_248320025.1					-	-	-	-	-	-	-	-
LDZ24_RS08240	M14-type cytosolic carboxypeptidase	WP_248320026.1					-	PFAM peptidase M14, carboxypeptidase A	-	-	-	-	-	Peptidase_M14
LDZ24_RS08250	putative toxin-antitoxin system toxin component, PIN family	WP_248320028.1	protein binding|0005515||IEA				-	PIN domain	-	-	-	-	-	PIN_3
LDZ24_RS08270	histidine phosphatase family protein	WP_248320034.1					-	Phosphoglycerate mutase	-	-	-	-	-	His_Phos_1
LDZ24_RS08275	phosphotransferase	WP_248320036.1					-	Aminoglycoside phosphotransferase	-	-	-	-	-	APH
LDZ24_RS08290	MaoC family dehydratase	WP_248320040.1					-	PFAM MaoC domain protein dehydratase	-	-	-	-	-	MaoC_dehydratas
LDZ24_RS08295	DUF1178 family protein	WP_248320041.1					-	Protein of unknown function (DUF1178)	-	-	-	-	-	DUF1178
LDZ24_RS08305	DUF2818 family protein	WP_175944090.1					-	Protein of unknown function (DUF2818)	-	-	-	-	-	DUF2818
LDZ24_RS08395	NAD(P)H-quinone oxidoreductase	WP_248320051.1					-	nadph quinone oxidoreductase	ko:K00344	-	ko00000,ko01000	-	-	ADH_N,ADH_zinc_N
LDZ24_RS08415	hypothetical protein	WP_248320055.1					-	Part of the outer membrane protein assembly complex, which is involved in assembly and insertion of beta-barrel proteins into the outer membrane	-	-	-	-	-	-
LDZ24_RS08425	C40 family peptidase	WP_248320057.1	hydrolase activity|0016787||IEA	proteolysis|0006508||IEA			-	NlpC/P60 family	ko:K13695,ko:K19303	-	ko00000,ko01000,ko01002,ko01011	-	-	NLPC_P60
LDZ24_RS08455	hypothetical protein	WP_248320061.1					-	-	-	-	-	-	-	PXPV
LDZ24_RS08460	hypothetical protein	WP_175944137.1					-	-	-	-	-	-	-	PXPV
LDZ24_RS08465	MFS transporter	WP_248320062.1	transmembrane transporter activity|0022857||IEA	transmembrane transport|0055085||IEA			-	Sugar (and other) transporter	-	-	-	-	-	MFS_1,Sugar_tr
LDZ24_RS08470	GntR family transcriptional regulator	WP_248322309.1	DNA-binding transcription factor activity|0003700||IEA				-	Transcriptional regulator	-	-	-	-	-	FCD,GntR
LDZ24_RS08490	biotin-independent malonate decarboxylase subunit beta	WP_248320065.1	carboxy-lyase activity|0016831||IEA	fatty acid biosynthetic process|0006633||IEA	acetyl-CoA carboxylase complex|0009317||IEA		-	The beta subunit catalyzes the decarboxylation of the malonyl moiety on coenzyme A	ko:K13932	-	ko00000,ko01000	-	-	Carboxyl_trans
LDZ24_RS08495	biotin-independent malonate decarboxylase subunit gamma	WP_248320066.1		carbohydrate metabolic process|0005975||IEA		mdcE	-	malonate decarboxylase gamma subunit	ko:K13933	-	ko00000,ko01000	-	-	MdcE
LDZ24_RS08500	malonate decarboxylase holo-ACP synthase	WP_248320068.1	nucleotidyltransferase activity|0016779||IEA				-	Phosphoribosyl-dephospho-CoA transferase	ko:K13934	-	ko00000,ko01000	-	-	MdcG
LDZ24_RS08530	tRNA lysidine(34) synthetase TilS	WP_248320071.1	ligase activity, forming carbon-nitrogen bonds|0016879||IEA	tRNA processing|0008033||IEA		tilS	-	Ligates lysine onto the cytidine present at position 34 of the AUA codon-specific tRNA(Ile) that contains the anticodon CAU, in an ATP-dependent manner. Cytidine is converted to lysidine, thus changing the amino acid specificity of the tRNA from methionine to isoleucine	ko:K04075	-	ko00000,ko01000,ko03016	-	-	ATP_bind_3,TilS,TilS_C
LDZ24_RS08540	DNA-3-methyladenine glycosylase	WP_248320074.1					-	PFAM HhH-GPD family protein	ko:K01247	-	ko00000,ko00001,ko01000,ko03400	-	-	HhH-GPD
LDZ24_RS08550	M48 family metallopeptidase	WP_248320077.1					-	PFAM TPR repeat-containing protein	-	-	-	-	-	DUF4440,TPR_11,TPR_16,TPR_17,TPR_19,TPR_2,TPR_6,TPR_8
LDZ24_RS08590	YqjD family protein	WP_175944184.1	ribosome binding|0043022||IEA		plasma membrane|0005886||IEA		-	Bacterial protein of unknown function (DUF883)	-	-	-	-	-	DUF883
LDZ24_RS08600	hypothetical protein	WP_248320085.1					-	Hydrolyzes cAMP to 5'-AMP. Plays an important regulatory role in modulating the intracellular concentration of cAMP, thereby influencing cAMP-dependent processes	-	-	-	-	-	Metallophos
LDZ24_RS08610	cupin domain-containing protein	WP_248320086.1					-	PFAM Cupin 4 family protein	ko:K18850	-	ko00000,ko01000,ko03009	-	-	Cupin_4
LDZ24_RS08620	MBL fold metallo-hydrolase	WP_248320088.1					-	beta-lactamase	-	-	-	-	-	Lactamase_B_2
LDZ24_RS08635	bifunctional 2-polyprenyl-6-hydroxyphenol methylase/3-demethylubiquinol 3-O-methyltransferase UbiG	WP_248320091.1	2-polyprenyl-6-hydroxyphenol methylase activity|0102208||IEA	methylation|0032259||IEA			-	Methyltransferase type 11	-	-	-	-	-	Methyltransf_11,Methyltransf_25,TehB
LDZ24_RS08640	tryptophan--tRNA ligase	WP_175944195.1	ATP binding|0005524||IEA	tryptophanyl-tRNA aminoacylation|0006436||IEA			-	Tryptophanyl-tRNA synthetase	ko:K01867	M00359,M00360	ko00000,ko00001,ko00002,ko01000,ko01007,ko03016	-	-	tRNA-synt_1b
LDZ24_RS08645	site-2 protease family protein	WP_159836517.1					-	Peptidase M50	-	-	-	-	-	Peptidase_M50
LDZ24_RS08660	alpha/beta fold hydrolase	WP_248320094.1					-	Alpha beta hydrolase	-	-	-	-	-	Abhydrolase_1,Abhydrolase_6
LDZ24_RS08665	ferritin-like domain-containing protein	WP_248320095.1					-	Protein of unknown function (DUF455)	-	-	-	-	-	DUF455
LDZ24_RS08680	hypothetical protein	WP_248320098.1					-	-	-	-	-	-	-	-
LDZ24_RS08685	cell division protein FtsB	WP_175944209.1				ftsB	-	Essential cell division protein. May link together the upstream cell division proteins, which are predominantly cytoplasmic, with the downstream cell division proteins, which are predominantly periplasmic	ko:K05589	-	ko00000,ko03036	-	-	DivIC
LDZ24_RS08705	alpha/beta fold hydrolase	WP_248320099.1					-	Putative esterase	-	-	-	-	-	Abhydrolase_6
LDZ24_RS08730	regulator	WP_248320104.1					-	protein conserved in bacteria	-	-	-	-	-	PhosphMutase
LDZ24_RS08750	serine/threonine-protein kinase	WP_248320110.1					-	serine threonine protein kinase	-	-	-	-	-	Pkinase
LDZ24_RS08755	glycine zipper 2TM domain-containing protein	WP_248320111.1			outer membrane|0019867||IEA		-	PFAM 17 kDa surface antigen	-	-	-	-	-	Rick_17kDa_Anti
LDZ24_RS08760	CDP-diacylglycerol--serine O-phosphatidyltransferase	WP_248320112.1	CDP-diacylglycerol-serine O-phosphatidyltransferase activity|0003882||IEA	phospholipid biosynthetic process|0008654||IEA		pssA	-	Belongs to the CDP-alcohol phosphatidyltransferase class-I family	ko:K17103	M00093	ko00000,ko00001,ko00002,ko01000	-	-	CDP-OH_P_transf
LDZ24_RS08765	phosphatidylserine decarboxylase	WP_206466618.1					-	Catalyzes the formation of phosphatidylethanolamine (PtdEtn) from phosphatidylserine (PtdSer)	ko:K01613	M00093	ko00000,ko00001,ko00002,ko01000	-	-	PS_Dcarbxylase
LDZ24_RS08785	RNA polymerase sigma factor	WP_248320114.1	sigma factor activity|0016987||IEA	regulation of DNA-templated transcription|0006355||IEA			-	RNA polymerase	ko:K03088	-	ko00000,ko03021	-	-	Sigma70_r2,Sigma70_r4_2
LDZ24_RS08790	DUF3619 family protein	WP_248320116.1					-	Protein of unknown function (DUF3619)	-	-	-	-	-	DUF3619
LDZ24_RS08795	DUF3106 domain-containing protein	WP_248320117.1					-	Protein of unknown function (DUF3106)	-	-	-	-	-	DUF3106
LDZ24_RS08800	RDD family protein	WP_248320119.1					-	PFAM RDD domain containing protein	-	-	-	-	-	RDD
LDZ24_RS08805	UDP-2,3-diacylglucosamine diphosphatase	WP_248320121.1					-	PFAM metallophosphoesterase	-	-	-	-	-	Metallophos,Metallophos_2
LDZ24_RS08810	glycosyltransferase family 1 protein	WP_248320122.1	glycosyltransferase activity|0016757||IEA				-	glycosyl transferase group 1	-	-	-	-	-	Glyco_trans_1_4,Glyco_transf_4,Glycos_transf_1
LDZ24_RS08815	diacylglycerol kinase	WP_248320123.1	metal ion binding|0046872||IEA	phosphorylation|0016310||IEA			-	Recycling of diacylglycerol produced during the turnover of membrane phospholipid	ko:K00901	-	ko00000,ko00001,ko01000	-	-	DAGK_prokar
LDZ24_RS08820	TetR/AcrR family transcriptional regulator	WP_244846821.1					-	PFAM regulatory protein TetR	-	-	-	-	-	TetR,TetR_N
LDZ24_RS08835	DUF5672 family protein	WP_248320128.1					-	-	-	-	-	-	-	-
LDZ24_RS08840	DUF924 family protein	WP_248320129.1					-	Bacterial protein of unknown function (DUF924)	-	-	-	-	-	DUF924
LDZ24_RS08845	alanyl-tRNA editing protein	WP_248320131.1					-	Threonyl alanyl tRNA synthetase	ko:K07050	-	ko00000,ko01000,ko03016	-	-	tRNA-synt_2c,tRNA_SAD
LDZ24_RS08850	group II truncated hemoglobin	WP_248320132.1					-	PFAM globin	ko:K06886	-	ko00000	-	-	Bac_globin
LDZ24_RS08860	DUF4126 domain-containing protein	WP_206466632.1					-	Domain of unknown function (DUF4126)	-	-	-	-	-	DUF4126
LDZ24_RS08880	hypothetical protein	WP_248320135.1					-	-	-	-	-	-	-	-
LDZ24_RS08885	peroxiredoxin	WP_248320137.1	peroxiredoxin activity|0051920||IEA				-	alkyl hydroperoxide reductase Thiol specific antioxidant Mal allergen	ko:K03386	-	ko00000,ko00001,ko01000,ko04147	-	-	AhpC-TSA
LDZ24_RS08890	EAL and HDOD domain-containing protein	WP_248320138.1					-	PFAM EAL domain protein	-	-	-	-	-	EAL,HDOD
LDZ24_RS08895	bifunctional diguanylate cyclase/phosphodiesterase	WP_248322314.1					-	Diguanylate cyclase	ko:K21023	-	ko00000,ko00001,ko01000	-	-	EAL,GGDEF,PAS_4
LDZ24_RS08900	HDOD domain-containing protein	WP_248320139.1					-	PFAM Metal-dependent hydrolase HDOD	-	-	-	-	-	GAF_2,HDOD,Pkinase
LDZ24_RS08905	methyl-accepting chemotaxis protein	WP_248322315.1		signal transduction|0007165||IEA	membrane|0016020||IEA		-	Chemotaxis sensory transducer	ko:K03406	-	ko00000,ko00001,ko02035	-	-	4HB_MCP_1,HAMP,MCPsignal,TarH,sCache_2
LDZ24_RS08920	BPSL0067 family protein	WP_248320143.1					-	-	-	-	-	-	-	-
LDZ24_RS08930	hypothetical protein	WP_248320147.1					-	-	-	-	-	-	-	-
LDZ24_RS08935	hypothetical protein	WP_248320148.1					-	-	-	-	-	-	-	-
LDZ24_RS08960	sulfurtransferase TusA family protein	WP_206466644.1					-	Belongs to the sulfur carrier protein TusA family	ko:K04085	-	ko00000,ko00001,ko01000,ko03016	-	-	TusA
LDZ24_RS08965	Gfo/Idh/MocA family oxidoreductase	WP_248322316.1	oxidoreductase activity|0016491||IEA				-	oxidoreductase	ko:K00010	-	ko00000,ko00001,ko01000	-	-	GFO_IDH_MocA,GFO_IDH_MocA_C
LDZ24_RS08970	inositol 2-dehydrogenase	WP_248320159.1	inositol 2-dehydrogenase (NAD+) activity|0050112||IEA	inositol catabolic process|0019310||IEA		iolG	-	PFAM oxidoreductase domain protein	ko:K00010	-	ko00000,ko00001,ko01000	-	-	GFO_IDH_MocA,GFO_IDH_MocA_C
LDZ24_RS08975	MurR/RpiR family transcriptional regulator	WP_248320160.1	DNA-binding transcription factor activity|0003700||IEA	regulation of DNA-templated transcription|0006355||IEA			-	Transcriptional regulator, RpiR family	-	-	-	-	-	HTH_6,SIS
LDZ24_RS08995	5-dehydro-2-deoxygluconokinase	WP_248320164.1	5-dehydro-2-deoxygluconokinase activity|0047590||IEA	inositol catabolic process|0019310||IEA		iolC	-	PfkB domain protein	ko:K03338	-	ko00000,ko00001,ko01000	-	-	DUF2090,PfkB
LDZ24_RS09000	3D-(3,5/4)-trihydroxycyclohexane-1,2-dione acylhydrolase (decyclizing)	WP_248320166.1	thiamine pyrophosphate binding|0030976||IEA	inositol catabolic process|0019310||IEA		iolD	-	Belongs to the TPP enzyme family	ko:K03336	-	ko00000,ko00001,ko01000	-	-	TPP_enzyme_C,TPP_enzyme_M,TPP_enzyme_N
LDZ24_RS09005	myo-inosose-2 dehydratase	WP_248320168.1	myo-inosose-2 dehydratase activity|0050114||IEA	inositol catabolic process|0019310||IEA		iolE	-	Xylose isomerase	ko:K03335	-	ko00000,ko00001,ko01000	-	-	AP_endonuc_2
LDZ24_RS09010	5-deoxy-glucuronate isomerase	WP_248320169.1	intramolecular oxidoreductase activity, interconverting aldoses and ketoses|0016861||IEA	inositol catabolic process|0019310||IEA		iolB	-	PFAM Myo-inositol catabolism IolB domain protein	ko:K03337	-	ko00000,ko00001,ko01000	-	-	KduI
LDZ24_RS09035	thioesterase family protein	WP_248320176.1					-	PFAM thioesterase superfamily protein	ko:K07107	-	ko00000,ko01000	-	-	4HBT,4HBT_2
LDZ24_RS09040	iron-containing alcohol dehydrogenase	WP_248320178.1	metal ion binding|0046872||IEA				-	Dehydrogenase	ko:K00043	-	ko00000,ko00001,ko01000	-	-	Fe-ADH
LDZ24_RS09050	hypothetical protein	WP_206466657.1					-	-	-	-	-	-	-	-
LDZ24_RS09065	ornithine carbamoyltransferase	WP_248320184.1					-	-	-	-	-	-	-	-
LDZ24_RS09080	NUDIX hydrolase	WP_248320188.1					-	Belongs to the Nudix hydrolase family	-	-	-	-	-	NUDIX
LDZ24_RS09085	RT0821/Lpp0805 family surface protein	WP_248320190.1					-	17 kDa outer membrane surface antigen	-	-	-	-	-	17kDa_Anti_2
LDZ24_RS09090	hypothetical protein	WP_248320192.1					-	cheY-homologous receiver domain	-	-	-	-	-	-
LDZ24_RS09120	hypothetical protein	WP_371747339.1					-	-	-	-	-	-	-	-
LDZ24_RS09125	hypothetical protein	WP_175944367.1					-	-	-	-	-	-	-	-
LDZ24_RS09135	histidine phosphatase family protein	WP_248320201.1					-	phosphohistidine phosphatase	ko:K08296	-	ko00000,ko01000	-	-	His_Phos_1
LDZ24_RS09140	GNAT family N-acetyltransferase	WP_248320203.1					-	Acetyltransferase (GNAT) domain	-	-	-	-	-	Acetyltransf_5
LDZ24_RS09210	YhbY family RNA-binding protein	WP_206466696.1					-	RNA-binding protein	ko:K07574	-	ko00000,ko03009	-	-	CRS1_YhbY
LDZ24_RS09215	DUF4149 domain-containing protein	WP_371747341.1					-	Domain of unknown function (DUF4149)	-	-	-	-	-	DUF4149
LDZ24_RS09235	MFS transporter	WP_248320219.1					-	Pfam Major Facilitator Superfamily	-	-	-	-	-	MFS_1
LDZ24_RS09240	transglycosylase SLT domain-containing protein	WP_248320220.1					-	Lytic transglycosylase	ko:K08307	-	ko00000,ko01000,ko01011	-	-	LysM,SLT
LDZ24_RS09250	class I SAM-dependent methyltransferase	WP_248320222.1	S-adenosyl-L-methionine binding|1904047||IEA				-	PFAM Methyltransferase type 11	-	-	-	-	-	Methyltransf_11
LDZ24_RS09270	DUF2214 family protein	WP_248320225.1					-	Predicted membrane protein (DUF2214)	ko:K08983	-	ko00000	-	-	DUF2214
LDZ24_RS09275	hypothetical protein	WP_248320226.1					-	-	-	-	-	-	-	-
LDZ24_RS09280	glycosyltransferase family 4 protein	WP_248320227.1					-	PFAM glycosyl transferase group 1	-	-	-	-	-	Glyco_transf_4,Glycos_transf_1
LDZ24_RS09300	SCO family protein	WP_248320230.1					-	Electron transport protein SCO1 SenC	ko:K07152	-	ko00000,ko03029	-	-	SCO1-SenC
LDZ24_RS09305	cytochrome c oxidase assembly protein	WP_248320231.1			plasma membrane|0005886||IEA		-	PFAM Cytochrome c oxidase caa3-type, assembly factor CtaG-related	ko:K02351	-	ko00000	-	-	Caa3_CtaG
LDZ24_RS09335	excinuclease ABC subunit UvrC	WP_248320233.1	excinuclease ABC activity|0009381||IEA	nucleotide-excision repair|0006289||IEA	excinuclease repair complex|0009380||IEA	uvrC	-	The UvrABC repair system catalyzes the recognition and processing of DNA lesions. UvrC both incises the 5' and 3' sides of the lesion. The N-terminal half is responsible for the 3' incision and the C-terminal half is responsible for the 5' incision	ko:K03703	-	ko00000,ko00001,ko03400	-	-	GIY-YIG,HHH,HHH_2,HHH_5,UVR,UvrC_HhH_N
LDZ24_RS09340	group II intron reverse transcriptase/maturase	WP_248320234.1	RNA-directed DNA polymerase activity|0003964||IEA	Group II intron splicing|0000373||IEA		ltrA	-	Group II intron, maturase-specific domain	ko:K00986	-	ko00000,ko01000	-	-	GIIM,HNH,RVT_1,RVT_N
LDZ24_RS09345	elongation factor P maturation arginine rhamnosyltransferase EarP	WP_248320235.1	protein-arginine rhamnosyltransferase activity|0106361||IEA			earP	-	Uncharacterized protein conserved in bacteria (DUF2331)	-	-	-	-	-	DUF2331
LDZ24_RS09350	elongation factor P	WP_175944441.1	translation elongation factor activity|0003746||IEA	translational elongation|0006414||IEA	cytoplasm|0005737||IEA	efp	-	Involved in peptide bond synthesis. Stimulates efficient translation and peptide-bond synthesis on native or reconstituted 70S ribosomes in vitro. Probably functions indirectly by altering the affinity of the ribosome for aminoacyl-tRNA, thus increasing their reactivity as acceptors for peptidyl transferase	ko:K02356	-	ko00000,ko03012	-	-	EFP,EFP_N,Elong-fact-P_C
LDZ24_RS09355	BON domain-containing protein	WP_248320236.1					-	BON domain	-	-	-	-	-	BON
LDZ24_RS09390	ribonuclease III	WP_248320239.1	ribonuclease III activity|0004525||IEA	RNA processing|0006396||IEA		rnc	GO:0003674,GO:0003676,GO:0003723,GO:0003725,GO:0003824,GO:0004518,GO:0004519,GO:0004521,GO:0004525,GO:0004540,GO:0005488,GO:0006139,GO:0006396,GO:0006725,GO:0006807,GO:0008150,GO:0008152,GO:0009987,GO:0010467,GO:0016070,GO:0016787,GO:0016788,GO:0016891,GO:0016893,GO:0032296,GO:0034641,GO:0043170,GO:0044237,GO:0044238,GO:0046483,GO:0071704,GO:0090304,GO:0090305,GO:0090501,GO:0090502,GO:0097159,GO:0140098,GO:1901360,GO:1901363	Digests double-stranded RNA. Involved in the processing of primary rRNA transcript to yield the immediate precursors to the large and small rRNAs (23S and 16S). Processes some mRNAs, and tRNAs when they are encoded in the rRNA operon. Processes pre- crRNA and tracrRNA of type II CRISPR loci if present in the organism	ko:K03685	-	ko00000,ko00001,ko01000,ko03009,ko03019,ko03036	-	-	Ribonucleas_3_3,dsrm
LDZ24_RS09405	glutaredoxin family protein	WP_248320240.1					-	PFAM glutaredoxin 2	-	-	-	-	-	DUF836
LDZ24_RS09410	DegQ family serine endoprotease	WP_248320241.1					-	Belongs to the peptidase S1C family	ko:K04771	M00728	ko00000,ko00001,ko00002,ko01000,ko01002,ko03110	-	-	PDZ_2,Trypsin_2
LDZ24_RS09415	MucB/RseB C-terminal domain-containing protein	WP_248322324.1					-	PFAM MucB RseB family protein	ko:K03598	-	ko00000,ko03021	-	-	MucB_RseB,MucB_RseB_C
LDZ24_RS09420	sigma-E factor negative regulatory protein	WP_248320242.1					-	PFAM Anti sigma-E protein RseA family protein	ko:K03597	-	ko00000,ko03021	-	-	RseA_N
LDZ24_RS09430	protein YgfX	WP_248320243.1					-	-	-	-	-	-	-	-
LDZ24_RS09470	DUF177 domain-containing protein	WP_175944479.1					-	Uncharacterized ACR, COG1399	ko:K07040	-	ko00000	-	-	DUF177
LDZ24_RS09480	SAM-dependent methyltransferase	WP_248320250.1					-	PFAM Uroporphyrin-III C tetrapyrrole (Corrin Porphyrin) methyltransferase	ko:K07056	-	ko00000,ko01000,ko03009	-	-	TP_methylase
LDZ24_RS09485	S49 family peptidase	WP_248320251.1					-	peptidase, S49	ko:K04773	-	ko00000,ko01000,ko01002	-	-	Peptidase_S49
LDZ24_RS09490	Rieske 2Fe-2S domain-containing protein	WP_248320252.1					-	rieske 2fe-2s	-	-	-	-	-	Rieske
LDZ24_RS09505	Rne/Rng family ribonuclease	WP_248320254.1	RNA nuclease activity|0004540||IEA	RNA processing|0006396||IEA			-	Endoribonuclease that plays a central role in RNA processing and decay. Required for the maturation of 5S and 16S rRNAs and the majority of tRNAs. Also involved in the degradation of most mRNAs	ko:K08300	M00394	ko00000,ko00001,ko00002,ko01000,ko03009,ko03019	-	-	RNase_E_G,S1
LDZ24_RS09510	GTP 3',8-cyclase MoaA	WP_248320255.1	4 iron, 4 sulfur cluster binding|0051539||IEA	Mo-molybdopterin cofactor biosynthetic process|0006777||IEA		moaA	-	Catalyzes the cyclization of GTP to (8S)-3',8-cyclo-7,8- dihydroguanosine 5'-triphosphate	ko:K03639	-	ko00000,ko00001,ko01000	-	-	Fer4_12,Fer4_14,Mob_synth_C,Radical_SAM
LDZ24_RS09525	hypothetical protein	WP_049655276.1					-	-	-	-	-	-	-	-
LDZ24_RS09530	GNAT family N-acetyltransferase	WP_248320257.1					-	PFAM GCN5-related N-acetyltransferase	-	-	-	-	-	Acetyltransf_1
LDZ24_RS09535	DNA recombination protein RmuC	WP_248320258.1					-	DNA recombination protein, rmuC	ko:K09760	-	ko00000	-	-	RmuC
LDZ24_RS09545	sodium:proton antiporter	WP_248320260.1					-	antiporter	-	-	-	-	-	CitMHS_2
LDZ24_RS09550	lactate utilization protein C	WP_248320261.1					-	LUD domain	ko:K00782	-	ko00000	-	-	LUD_dom
LDZ24_RS09560	ferredoxin FdxA	WP_175944513.1	4 iron, 4 sulfur cluster binding|0051539||IEA			fdxA	-	Ferredoxins are iron-sulfur proteins that transfer electrons in a wide variety of metabolic reactions	ko:K05524	-	ko00000	-	-	DUF3470,Fer4,Fer4_4
LDZ24_RS09575	lipid A hydroxylase LpxO	WP_175944515.1		peptidyl-amino acid modification|0018193||IEA		lpxO	-	aspartyl asparaginyl beta-hydroxylase	ko:K12979	-	ko00000,ko01000,ko01005	-	-	Asp_Arg_Hydrox
LDZ24_RS09580	LUD domain-containing protein	WP_248320262.1					-	LUD domain	ko:K00782	-	ko00000	-	-	LUD_dom
LDZ24_RS09590	(Fe-S)-binding protein	WP_248320263.1	iron-sulfur cluster binding|0051536||IEA				-	Cysteine-rich domain	ko:K18928	-	ko00000	-	-	CCG
LDZ24_RS09605	AraC family transcriptional regulator	WP_248320266.1					-	AraC family transcriptional regulator	-	-	-	-	-	AraC_binding,HTH_18
LDZ24_RS09610	AzlC family ABC transporter permease	WP_248322326.1		amino acid transport|0006865||IEA	transmembrane transporter complex|1902495||IEA		-	PFAM AzlC family protein	-	-	-	-	-	AzlC
LDZ24_RS09615	AzlD domain-containing protein	WP_175944529.1					-	branched-chain amino acid	-	-	-	-	-	AzlD
LDZ24_RS09620	DUF4088 family protein	WP_248320267.1					-	Protein of unknown function (DUF4088)	-	-	-	-	-	DUF4088
LDZ24_RS09625	ATP-dependent helicase	WP_248320268.1	ATP hydrolysis activity|0016887||IEA				-	helicase	ko:K03657	-	ko00000,ko00001,ko01000,ko03400	-	-	UvrD-helicase,UvrD_C
LDZ24_RS09630	hypothetical protein	WP_248320269.1					-	-	-	-	-	-	-	-
LDZ24_RS09635	hypothetical protein	WP_248320270.1					-	-	-	-	-	-	-	-
LDZ24_RS09665	acyl-CoA thioesterase	WP_248320274.1	fatty acyl-CoA hydrolase activity|0047617||IEA				-	Thioesterase superfamily protein	ko:K01073	-	ko00000,ko01000	-	-	4HBT
LDZ24_RS09670	hypothetical protein	WP_248320275.1					-	-	-	-	-	-	-	-
LDZ24_RS09720	M48 family metallopeptidase	WP_175944574.1					-	Peptidase M48	ko:K06013	-	ko00000,ko00001,ko01000,ko01002,ko04147	-	-	Peptidase_M48,Peptidase_M48_N
LDZ24_RS09730	DUF2007 domain-containing protein	WP_248320284.1					-	Putative prokaryotic signal transducing protein	-	-	-	-	-	DUF2007
LDZ24_RS09755	ribosome maturation factor RimM	WP_248320285.1	ribosome binding|0043022||IEA	rRNA processing|0006364||IEA	ribosome|0005840||IEA	rimM	-	An accessory protein needed during the final step in the assembly of 30S ribosomal subunit, possibly for assembly of the head region. Probably interacts with S19. Essential for efficient processing of 16S rRNA. May be needed both before and after RbfA during the maturation of 16S rRNA. It has affinity for free ribosomal 30S subunits but not for 70S ribosomes	ko:K02860	-	ko00000,ko03009	-	-	PRC,RimM
LDZ24_RS09765	NINE protein	WP_248320286.1					-	TM2 domain	-	-	-	-	-	TM2
LDZ24_RS09770	PA0069 family radical SAM protein	WP_248322329.1	iron-sulfur cluster binding|0051536||IEA				-	PFAM Radical SAM domain protein	-	-	-	-	-	Radical_SAM
LDZ24_RS09785	acyl-CoA dehydrogenase	WP_248320289.1	flavin adenine dinucleotide binding|0050660||IEA	fatty acid metabolic process|0006631||IEA			-	acyl-CoA dehydrogenase	ko:K20035	-	ko00000,ko00001,ko01000	-	-	Acyl-CoA_dh_1,Acyl-CoA_dh_C,Acyl-CoA_dh_M,Acyl-CoA_dh_N,AcylCoA_DH_N
LDZ24_RS09795	electron transfer flavoprotein subunit beta/FixA family protein	WP_248320291.1					-	Electron transfer flavoprotein	ko:K03521	-	ko00000	-	-	ETF
LDZ24_RS09815	histone deacetylase family protein	WP_248320295.1					-	histone deacetylase	-	-	-	-	-	Hist_deacetyl
LDZ24_RS09840	D-glycero-beta-D-manno-heptose-7-phosphate kinase	WP_248320298.1	nucleotidyltransferase activity|0016779||IEA	carbohydrate metabolic process|0005975||IEA		rfaE1	-	TIGRFAM rfaE bifunctional protein	ko:K03272,ko:K21344	M00064	ko00000,ko00001,ko00002,ko01000,ko01005	-	-	CTP_transf_like,PfkB
LDZ24_RS09855	lipopolysaccharide assembly LapA domain-containing protein	WP_175945260.1			membrane|0016020||IEA		-	Lipopolysaccharide assembly protein A domain	ko:K08992	-	ko00000	-	-	LapA_dom
LDZ24_RS09895	DUF2059 domain-containing protein	WP_159838093.1					-	signal peptide protein	ko:K09924	-	ko00000	-	-	DUF2059
LDZ24_RS09915	phosphoglycolate phosphatase	WP_248320307.1	phosphoglycolate phosphatase activity|0008967||IEA	carbohydrate metabolic process|0005975||IEA		gph	-	Phosphoglycolate phosphatase	ko:K22292	-	ko00000,ko00001,ko01000	-	-	HAD_2
LDZ24_RS09925	FG-GAP-like repeat-containing protein	WP_248320308.1					-	Ricin-type beta-trefoil	-	-	-	-	-	PIG-L
LDZ24_RS09930	glycosyltransferase family 4 protein	WP_248320309.1	glycosyltransferase activity|0016757||IEA				-	PFAM glycosyl transferase group 1	-	-	-	-	-	Glyco_trans_1_4,Glyco_transf_4,Glycos_transf_1
LDZ24_RS09935	hypothetical protein	WP_248320310.1					-	-	-	-	-	-	-	-
LDZ24_RS09940	substrate-binding domain-containing protein	WP_248320311.1					-	regulatory protein LysR	-	-	-	-	-	HTH_1,PBP_like
LDZ24_RS09975	helix-turn-helix transcriptional regulator	WP_248320318.1	DNA-binding transcription factor activity|0003700||IEA				-	Regulatory protein ArsR	-	-	-	-	-	HTH_5
LDZ24_RS09980	tetratricopeptide repeat protein	WP_248320319.1					-	repeat-containing protein	-	-	-	-	-	Glyco_transf_9,TPR_1,TPR_11,TPR_16,TPR_2,TPR_4,TPR_8
LDZ24_RS09985	MFS transporter	WP_248320320.1					-	TIGRFAM metabolite H symporter, major facilitator superfamily (MFS)	-	-	-	-	-	MFS_1,Sugar_tr
LDZ24_RS09990	GNAT family N-acetyltransferase	WP_248320321.1					-	PFAM GCN5-related N-acetyltransferase	-	-	-	-	-	Acetyltransf_1
LDZ24_RS09995	hypothetical protein	WP_248320322.1					-	-	-	-	-	-	-	-
LDZ24_RS10000	DUF2968 domain-containing protein	WP_248320323.1					-	Protein of unknown function (DUF2968)	-	-	-	-	-	DUF2968
LDZ24_RS10025	GNAT family N-acetyltransferase	WP_248320327.1					-	Peptidogalycan biosysnthesis/recognition	ko:K09919	-	ko00000	-	-	FemAB_like
LDZ24_RS10050	hypothetical protein	WP_248320329.1					-	-	-	-	-	-	-	-
LDZ24_RS10055	hypothetical protein	WP_248320330.1					-	-	-	-	-	-	-	-
LDZ24_RS10085	urease accessory protein UreD	WP_248320336.1					-	Required for maturation of urease via the functional incorporation of the urease nickel metallocenter	ko:K03190	-	ko00000	-	-	UreD
LDZ24_RS10125	urease accessory protein UreE	WP_248320341.1	nickel cation binding|0016151||IEA	urea metabolic process|0019627||IEA		ureE	-	Involved in urease metallocenter assembly. Binds nickel. Probably functions as a nickel donor during metallocenter assembly	ko:K03187	-	ko00000	-	-	UreE_C,UreE_N
LDZ24_RS10130	urease accessory protein UreF	WP_248322331.1					-	Required for maturation of urease via the functional incorporation of the urease nickel metallocenter	ko:K03188	-	ko00000	-	-	UreF
LDZ24_RS10135	urease accessory protein UreG	WP_175944705.1	metal ion binding|0046872||IEA	urea metabolic process|0019627||IEA		ureG	-	Facilitates the functional incorporation of the urease nickel metallocenter. This process requires GTP hydrolysis, probably effectuated by UreG	ko:K03189	-	ko00000	-	-	cobW
LDZ24_RS10150	Kdo hydroxylase family protein	WP_248320343.1					-	3-deoxy-D-manno-oct-2-ulosonic acid (Kdo) hydroxylase	-	-	-	-	-	Kdo_hydroxy
LDZ24_RS10160	DUF29 domain-containing protein	WP_248322333.1					-	Evidence 4 Homologs of previously reported genes of	-	-	-	-	-	DUF29
LDZ24_RS10175	glycosyltransferase	WP_248320347.1					-	Pfam Glycosyl transferase family 2	-	-	-	-	-	Glycos_transf_2
LDZ24_RS10180	glycosyltransferase family 4 protein	WP_248320348.1					-	PFAM glycosyl transferase group 1	-	-	-	-	-	Glyco_trans_1_4,Glyco_trans_4_2,Glycos_transf_1
LDZ24_RS10190	glycosyltransferase	WP_248320350.1					-	Glycosyl transferase, family 4	ko:K02851	-	ko00000,ko01000,ko01003,ko01005	-	-	Glycos_transf_4
LDZ24_RS10195	dienelactone hydrolase family protein	WP_248320351.1	hydrolase activity|0016787||IEA		cytosol|0005829||IEA		-	Carboxymethylenebutenolidase	ko:K01061	-	ko00000,ko00001,ko01000	-	-	DLH
LDZ24_RS10200	glycosyltransferase	WP_248320352.1					-	PFAM glycosyl transferase group 1	-	-	-	-	-	Glyco_trans_1_4,Glyco_transf_4,Glycos_transf_1
LDZ24_RS10210	glycosyltransferase	WP_248320354.1	glycosyltransferase activity|0016757||IEA				-	PFAM glycosyl transferase group 1	-	-	-	-	-	Glyco_trans_1_4,Glycos_transf_1
LDZ24_RS10215	acyltransferase	WP_248320355.1	acyltransferase activity, transferring groups other than amino-acyl groups|0016747||IEA				-	PFAM acyltransferase 3	-	-	-	-	-	Acyl_transf_3
LDZ24_RS10220	hypothetical protein	WP_248320356.1					-	-O-antigen	-	-	-	-	-	-
LDZ24_RS10225	glycosyltransferase	WP_248320357.1	glycosyltransferase activity|0016757||IEA				-	PFAM glycosyl transferase group 1	-	-	-	-	-	Glyco_trans_4_4,Glyco_transf_4,Glycos_transf_1
LDZ24_RS10230	hypothetical protein	WP_248320358.1					-	-	-	-	-	-	-	-
LDZ24_RS10235	FAD-dependent oxidoreductase	WP_248320359.1	oxidoreductase activity|0016491||IEA				-	oxidoreductase	-	-	-	-	-	DAO,DUF1080,GMC_oxred_C
LDZ24_RS10245	hypothetical protein	WP_248320361.1					-	-	-	-	-	-	-	-
LDZ24_RS10255	glycosyltransferase family 4 protein	WP_248320362.1	glycosyltransferase activity|0016757||IEA				-	PFAM glycosyl transferase group 1	-	-	-	-	-	Glycos_transf_1
LDZ24_RS10290	GlxA family transcriptional regulator	WP_175944737.1	DNA-binding transcription factor activity|0003700||IEA				-	PFAM helix-turn-helix- domain containing protein AraC type	-	-	-	-	-	DJ-1_PfpI,HTH_18
LDZ24_RS10295	hypothetical protein	WP_371747417.1					-	lipolytic protein G-D-S-L family	-	-	-	-	-	-
LDZ24_RS10310	GlxA family transcriptional regulator	WP_248320366.1	DNA-binding transcription factor activity|0003700||IEA				-	helix_turn_helix, arabinose operon control protein	-	-	-	-	-	DJ-1_PfpI,HTH_18
LDZ24_RS10315	phosphatase PAP2 family protein	WP_248320367.1					-	PAP2 superfamily	-	-	-	-	-	PAP2
LDZ24_RS10325	nucleoside-diphosphate sugar epimerase/dehydratase	WP_248320369.1					-	Polysaccharide biosynthesis protein CapD	-	-	-	-	-	CoA_binding_3,Polysacc_synt_2
LDZ24_RS10330	glycosyltransferase family 4 protein	WP_248320370.1					-	Glycosyl transferase, family 4	ko:K13007	-	ko00000,ko01000,ko01003,ko01005	-	-	Glycos_transf_4
LDZ24_RS10340	glycosyltransferase family 2 protein	WP_248320372.1	glycosyltransferase activity|0016757||IEA				-	glycosyl transferase	ko:K07011	-	ko00000	-	-	Glyco_tranf_2_3,Glycos_transf_2
LDZ24_RS10345	hypothetical protein	WP_248320373.1					-	-	-	-	-	-	-	-
LDZ24_RS10350	hypothetical protein	WP_248320374.1					-	-	-	-	-	-	-	-
LDZ24_RS10355	nuclease-related domain-containing protein	WP_248320375.1	endonuclease activity|0004519||IEA				-	-	-	-	-	-	-	-
LDZ24_RS10360	hypothetical protein	WP_248320376.1					-	-	-	-	-	-	-	-
LDZ24_RS10370	hypothetical protein	WP_248320377.1					-	-	-	-	-	-	-	-
LDZ24_RS10380	hypothetical protein	WP_244808810.1					-	-	-	-	-	-	-	-
LDZ24_RS10385	hypothetical protein	WP_248320378.1					-	Restriction alleviation protein Lar	-	-	-	-	-	Lar_restr_allev
LDZ24_RS10390	integrase domain-containing protein	WP_248320379.1					-	Belongs to the 'phage' integrase family	-	-	-	-	-	HTH_8,Integrase_1,Phage_int_SAM_2
LDZ24_RS10395	transposase	WP_248320380.1	transposase activity|0004803||IEA	DNA transposition|0006313||IEA			-	Transposase	-	-	-	-	-	HTH_Tnp_1
LDZ24_RS10395	transposase	WP_248320380.1	transposase activity|0004803||IEA	DNA transposition|0006313||IEA			-	Transposase	-	-	-	-	-	HTH_Tnp_1
LDZ24_RS10395	transposase	WP_248320380.1	transposase activity|0004803||IEA	DNA transposition|0006313||IEA			-	Transposase	-	-	-	-	-	HTH_Tnp_1
LDZ24_RS10395	transposase	WP_248320380.1	transposase activity|0004803||IEA	DNA transposition|0006313||IEA			-	Transposase	-	-	-	-	-	HTH_Tnp_1
LDZ24_RS10395	transposase	WP_248320380.1	transposase activity|0004803||IEA	DNA transposition|0006313||IEA			-	Transposase	-	-	-	-	-	HTH_Tnp_1
LDZ24_RS10395	transposase	WP_248320380.1	transposase activity|0004803||IEA	DNA transposition|0006313||IEA			-	Transposase	-	-	-	-	-	HTH_Tnp_1
LDZ24_RS10395	transposase	WP_248320380.1	transposase activity|0004803||IEA	DNA transposition|0006313||IEA			-	Transposase	-	-	-	-	-	HTH_Tnp_1
LDZ24_RS10400	IS66 family insertion sequence element accessory protein TnpB	WP_045463971.1				tnpB	-	Evidence 2b Function of strongly homologous gene	-	-	-	-	-	TnpB_IS66
LDZ24_RS10400	IS66 family insertion sequence element accessory protein TnpB	WP_045463971.1				tnpB	-	Evidence 2b Function of strongly homologous gene	-	-	-	-	-	TnpB_IS66
LDZ24_RS10400	IS66 family insertion sequence element accessory protein TnpB	WP_045463971.1				tnpB	-	Evidence 2b Function of strongly homologous gene	-	-	-	-	-	TnpB_IS66
LDZ24_RS10400	IS66 family insertion sequence element accessory protein TnpB	WP_045463971.1				tnpB	-	Evidence 2b Function of strongly homologous gene	-	-	-	-	-	TnpB_IS66
LDZ24_RS10400	IS66 family insertion sequence element accessory protein TnpB	WP_045463971.1				tnpB	-	Evidence 2b Function of strongly homologous gene	-	-	-	-	-	TnpB_IS66
LDZ24_RS10400	IS66 family insertion sequence element accessory protein TnpB	WP_045463971.1				tnpB	-	Evidence 2b Function of strongly homologous gene	-	-	-	-	-	TnpB_IS66
LDZ24_RS10400	IS66 family insertion sequence element accessory protein TnpB	WP_045463971.1				tnpB	-	Evidence 2b Function of strongly homologous gene	-	-	-	-	-	TnpB_IS66
LDZ24_RS10400	IS66 family insertion sequence element accessory protein TnpB	WP_045463971.1				tnpB	-	Evidence 2b Function of strongly homologous gene	-	-	-	-	-	TnpB_IS66
LDZ24_RS10400	IS66 family insertion sequence element accessory protein TnpB	WP_045463971.1				tnpB	-	Evidence 2b Function of strongly homologous gene	-	-	-	-	-	TnpB_IS66
LDZ24_RS10405	IS66 family transposase	WP_248320381.1	transposase activity|0004803||IEA				-	transposase	-	-	-	-	-	DDE_Tnp_IS66,DDE_Tnp_IS66_C,LZ_Tnp_IS66,zf-IS66
LDZ24_RS10405	IS66 family transposase	WP_248320381.1	transposase activity|0004803||IEA				-	transposase	-	-	-	-	-	DDE_Tnp_IS66,DDE_Tnp_IS66_C,LZ_Tnp_IS66,zf-IS66
LDZ24_RS10405	IS66 family transposase	WP_248320381.1	transposase activity|0004803||IEA				-	transposase	-	-	-	-	-	DDE_Tnp_IS66,DDE_Tnp_IS66_C,LZ_Tnp_IS66,zf-IS66
LDZ24_RS10405	IS66 family transposase	WP_248320381.1	transposase activity|0004803||IEA				-	transposase	-	-	-	-	-	DDE_Tnp_IS66,DDE_Tnp_IS66_C,LZ_Tnp_IS66,zf-IS66
LDZ24_RS10405	IS66 family transposase	WP_248320381.1	transposase activity|0004803||IEA				-	transposase	-	-	-	-	-	DDE_Tnp_IS66,DDE_Tnp_IS66_C,LZ_Tnp_IS66,zf-IS66
LDZ24_RS10405	IS66 family transposase	WP_248320381.1	transposase activity|0004803||IEA				-	transposase	-	-	-	-	-	DDE_Tnp_IS66,DDE_Tnp_IS66_C,LZ_Tnp_IS66,zf-IS66
LDZ24_RS10405	IS66 family transposase	WP_248320381.1	transposase activity|0004803||IEA				-	transposase	-	-	-	-	-	DDE_Tnp_IS66,DDE_Tnp_IS66_C,LZ_Tnp_IS66,zf-IS66
LDZ24_RS10410	transposase	WP_248320382.1	metal ion binding|0046872||IEA	DNA integration|0015074||IEA			-	Integrase, catalytic region	-	-	-	-	-	rve
LDZ24_RS10415	hypothetical protein	WP_248320383.1					-	-	-	-	-	-	-	GT87
LDZ24_RS10425	hypothetical protein	WP_248320385.1					-	-	-	-	-	-	-	-
LDZ24_RS10430	WavE lipopolysaccharide synthesis family protein	WP_248320386.1					-	WavE lipopolysaccharide synthesis	-	-	-	-	-	WavE
LDZ24_RS10435	glycosyltransferase	WP_248320387.1					-	Pfam Glycosyl transferase family 2	ko:K12990	-	ko00000,ko00001,ko01000,ko01003,ko01005	-	GT2	Glyco_tranf_2_3,Glycos_transf_2
LDZ24_RS10440	acyltransferase	WP_248320388.1	acyltransferase activity, transferring groups other than amino-acyl groups|0016747||IEA				-	transferase activity, transferring acyl groups other than amino-acyl groups	-	-	-	-	-	Acyl_transf_3
LDZ24_RS10445	acyltransferase	WP_248320389.1	acyltransferase activity, transferring groups other than amino-acyl groups|0016747||IEA				-	Acyltransferase family	-	-	-	-	-	Acyl_transf_3
LDZ24_RS10450	FkbM family methyltransferase	WP_248320390.1					-	Methyltransferase FkbM domain	-	-	-	-	-	Methyltransf_21
LDZ24_RS10455	glycosyltransferase family 2 protein	WP_248320391.1	glycosyltransferase activity|0016757||IEA				-	glycosyl transferase	-	-	-	-	-	Glycos_transf_2
LDZ24_RS10460	lysylphosphatidylglycerol synthase domain-containing protein	WP_248320392.1					-	-	-	-	-	-	-	-
LDZ24_RS10465	capsular biosynthesis protein	WP_248320393.1					-	thiamine kinase activity	-	-	-	-	-	-
LDZ24_RS10470	capsular biosynthesis protein	WP_248320394.1					-	D,D-heptose 1,7-bisphosphate phosphatase	-	-	-	-	-	-
LDZ24_RS10475	glycosyltransferase family 2 protein	WP_248320395.1					-	Catalyzes the formation of dTDP-glucose, from dTTP and glucose 1-phosphate, as well as its pyrophosphorolysis	-	-	-	-	-	NTP_transf_3
LDZ24_RS10480	GtrA family protein	WP_248320396.1		polysaccharide biosynthetic process|0000271||IEA	membrane|0016020||IEA		-	GtrA-like protein	-	-	-	-	-	GtrA
LDZ24_RS10490	glycosyltransferase	WP_248320398.1					-	glycosyl transferase	-	-	-	-	-	Glycos_transf_2
LDZ24_RS10495	class I SAM-dependent methyltransferase	WP_248320399.1					-	methyltransferase	-	-	-	-	-	-
LDZ24_RS10500	glycosyltransferase	WP_248320400.1					-	glycosyl transferase	-	-	-	-	-	Glycos_transf_2
LDZ24_RS10520	glycosyltransferase family 2 protein	WP_248322338.1					-	rhamnosyltransferase	ko:K12990	-	ko00000,ko00001,ko01000,ko01003,ko01005	-	GT2	Glycos_transf_2
LDZ24_RS10550	1-acyl-sn-glycerol-3-phosphate acyltransferase	WP_248320408.1					-	PFAM phospholipid glycerol acyltransferase	ko:K00655	M00089	ko00000,ko00001,ko00002,ko01000,ko01004	-	-	Acyltransferase
LDZ24_RS10585	hypothetical protein	WP_248320413.1					-	-	-	-	-	-	-	-
LDZ24_RS10590	rubredoxin	WP_025527884.1					-	PFAM Rubredoxin-type Fe(Cys)4 protein	-	-	-	-	-	Rubredoxin
LDZ24_RS10600	DUF72 domain-containing protein	WP_248320414.1					-	Protein of unknown function DUF72	-	-	-	-	-	DUF72
LDZ24_RS10605	hypothetical protein	WP_371747344.1					-	-	-	-	-	-	-	-
LDZ24_RS10620	glycosyltransferase	WP_248320416.1	glycosyltransferase activity|0016757||IEA				-	glycosyl transferase	-	-	-	-	-	Glyco_transf_4,Glycos_transf_1
LDZ24_RS10630	CopG family transcriptional regulator	WP_248320417.1					-	transcriptional regulators containing the CopG Arc MetJ DNA-binding domain	-	-	-	-	-	-
LDZ24_RS10635	PHB depolymerase family esterase	WP_248320418.1					-	depolymerase	ko:K05973	-	ko00000,ko00001,ko01000	-	-	Esterase_phd
LDZ24_RS10640	hypothetical protein	WP_248320419.1					-	-	-	-	-	-	-	-
LDZ24_RS10645	DUF4148 domain-containing protein	WP_248320420.1					-	Domain of unknown function (DUF4148)	-	-	-	-	-	DUF4148
LDZ24_RS10650	DUF2242 domain-containing protein	WP_248320421.1					-	Uncharacterized protein conserved in bacteria (DUF2242)	-	-	-	-	-	DUF2242
LDZ24_RS10655	BON domain-containing protein	WP_248320422.1					-	PFAM transport-associated	-	-	-	-	-	BON
LDZ24_RS10660	TAXI family TRAP transporter solute-binding subunit	WP_248320423.1					-	ABC transporter substrate-binding protein	-	-	-	-	-	NMT1_3
LDZ24_RS10665	2-hydroxychromene-2-carboxylate isomerase	WP_248320424.1					-	2-hydroxychromene-2-carboxylate isomerase	-	-	-	-	-	DSBA
LDZ24_RS10670	LysR family transcriptional regulator	WP_248320425.1	DNA-binding transcription activator activity|0001216||IEA				-	transcriptional Regulator, LysR family	-	-	-	-	-	HTH_1,LysR_substrate
LDZ24_RS10675	AraC family transcriptional regulator	WP_248320426.1					-	Cupin	ko:K18991	M00647	ko00000,ko00002,ko03000	-	-	Cupin_6,HTH_18
LDZ24_RS10680	xanthine dehydrogenase accessory protein XdhC	WP_248320427.1	molybdopterin cofactor binding|0043546||IEA	protein-containing complex assembly|0065003||IEA		xdhC	-	XdhC Rossmann domain	ko:K07402	-	ko00000	-	-	XdhC_C,XdhC_CoxI
LDZ24_RS10700	GntR family transcriptional regulator	WP_175944828.1	DNA-binding transcription factor activity|0003700||IEA				-	Transcriptional regulator	ko:K03710	-	ko00000,ko03000	-	-	GntR,UTRA
LDZ24_RS10710	EAL domain-containing protein	WP_248320432.1					-	PFAM EAL domain protein	-	-	-	-	-	EAL
LDZ24_RS10715	UbiA family prenyltransferase	WP_248320433.1	transferase activity, transferring alkyl or aryl (other than methyl) groups|0016765||IEA				-	PFAM UbiA prenyltransferase	-	-	-	-	-	HAD,UbiA
LDZ24_RS10720	SMR family transporter	WP_175944835.1					-	Small multidrug resistance protein	-	-	-	-	-	Multi_Drug_Res
LDZ24_RS10725	glycosyltransferase family 87 protein	WP_248320434.1	glycosyltransferase activity|0016757||IEA				-	Pfam:DUF2029	-	-	-	-	-	GT87
LDZ24_RS10730	hypothetical protein	WP_248320435.1					-	-	-	-	-	-	-	-
LDZ24_RS10765	3-hydroxyacyl-CoA dehydrogenase	WP_248320440.1					-	Belongs to the short-chain dehydrogenases reductases (SDR) family	-	-	-	-	-	adh_short,adh_short_C2
LDZ24_RS10770	SirB1 family protein	WP_175944856.1					-	Transglutaminase-like superfamily	-	-	-	-	-	TPR_9,Transglut_core2
LDZ24_RS10785	DUF3579 domain-containing protein	WP_175944861.1					-	Protein of unknown function (DUF3579)	-	-	-	-	-	DUF3579
LDZ24_RS10815	acyl-CoA dehydrogenase family protein	WP_248320445.1	flavin adenine dinucleotide binding|0050660||IEA				-	acyl-CoA dehydrogenase	ko:K06446	-	ko00000,ko00001,ko01000	-	-	Acyl-CoA_dh_1,Acyl-CoA_dh_M,Acyl-CoA_dh_N
LDZ24_RS10850	hypothetical protein	WP_248320451.1					-	-	-	-	-	-	-	-
LDZ24_RS10855	pirin family protein	WP_248320452.1					-	Belongs to the pirin family	ko:K06911	-	ko00000	-	-	Pirin,Pirin_C
LDZ24_RS10860	thioredoxin	WP_248320453.1	protein-disulfide reductase activity|0015035||IEA			trxA	-	Thioredoxin	ko:K05838	-	ko00000,ko03110	-	-	TPR_19,TPR_20,Thioredoxin
LDZ24_RS10880	DUF72 domain-containing protein	WP_248320456.1					-	Protein of unknown function DUF72	-	-	-	-	-	DUF72
LDZ24_RS10890	flavin reductase family protein	WP_248320458.1	oxidoreductase activity, acting on the CH-NH group of donors, NAD or NADP as acceptor|0016646||IEA				-	PFAM flavin reductase domain protein, FMN-binding	-	-	-	-	-	Flavin_Reduct
LDZ24_RS10910	tryptophan 2,3-dioxygenase	WP_248320461.1	tryptophan 2,3-dioxygenase activity|0004833||IEA	tryptophan catabolic process to kynurenine|0019441||IEA		kynA	GO:0003674,GO:0003824,GO:0004833,GO:0005488,GO:0006082,GO:0006139,GO:0006520,GO:0006568,GO:0006569,GO:0006576,GO:0006586,GO:0006725,GO:0006732,GO:0006733,GO:0006753,GO:0006793,GO:0006796,GO:0006807,GO:0008150,GO:0008152,GO:0009056,GO:0009058,GO:0009063,GO:0009072,GO:0009074,GO:0009108,GO:0009117,GO:0009165,GO:0009308,GO:0009310,GO:0009435,GO:0009987,GO:0016043,GO:0016053,GO:0016054,GO:0016491,GO:0016701,GO:0016702,GO:0017144,GO:0018130,GO:0019359,GO:0019362,GO:0019363,GO:0019438,GO:0019439,GO:0019441,GO:0019637,GO:0019674,GO:0019752,GO:0019805,GO:0020037,GO:0022607,GO:0034641,GO:0034654,GO:0042180,GO:0042402,GO:0042430,GO:0042436,GO:0042537,GO:0043436,GO:0043648,GO:0043650,GO:0043933,GO:0044085,GO:0044106,GO:0044237,GO:0044238,GO:0044248,GO:0044249,GO:0044270,GO:0044271,GO:0044281,GO:0044282,GO:0044283,GO:0046218,GO:0046394,GO:0046395,GO:0046483,GO:0046496,GO:0046700,GO:0046874,GO:0046906,GO:0048037,GO:0051186,GO:0051188,GO:0051213,GO:0051259,GO:0051260,GO:0051262,GO:0051289,GO:0055086,GO:0055114,GO:0065003,GO:0070189,GO:0071704,GO:0071840,GO:0072524,GO:0072525,GO:0090407,GO:0097159,GO:1901293,GO:1901360,GO:1901361,GO:1901362,GO:1901363,GO:1901564,GO:1901565,GO:1901566,GO:1901575,GO:1901576,GO:1901605,GO:1901606	Heme-dependent dioxygenase that catalyzes the oxidative cleavage of the L-tryptophan (L-Trp) pyrrole ring and converts L- tryptophan to N-formyl-L-kynurenine. Catalyzes the oxidative cleavage of the indole moiety	ko:K00453	M00038	ko00000,ko00001,ko00002,ko01000	-	-	Trp_dioxygenase
LDZ24_RS10915	IclR family transcriptional regulator	WP_248320462.1	DNA-binding transcription factor activity|0003700||IEA	regulation of DNA-templated transcription|0006355||IEA			-	Transcriptional regulator	-	-	-	-	-	HTH_IclR,IclR
LDZ24_RS10925	YqjD family protein	WP_175944915.1	ribosome binding|0043022||IEA		plasma membrane|0005886||IEA		-	Bacterial protein of unknown function (DUF883)	-	-	-	-	-	DUF883
LDZ24_RS10930	phage holin family protein	WP_175944917.1					-	membrane	-	-	-	-	-	Phage_holin_3_6
LDZ24_RS10935	DUF3318 domain-containing protein	WP_248320464.1					-	Protein of unknown function (DUF3318)	-	-	-	-	-	DUF3318
LDZ24_RS10945	pilus assembly PilX N-terminal domain-containing protein	WP_248320466.1					-	-	-	-	-	-	-	PilX
LDZ24_RS10950	PilW family protein	WP_248320467.1		type IV pilus assembly|0043683||IEA			-	type iv pilus assembly protein	ko:K02672	-	ko00000,ko02035,ko02044	-	-	N_methyl,PilW
LDZ24_RS10955	prepilin-type cleavage/methylation domain-containing protein	WP_248320468.1					-	-	ko:K02671	-	ko00000,ko02035,ko02044	-	-	N_methyl
LDZ24_RS11010	tol-pal system protein YbgF	WP_248320473.1	protein binding|0005515||IEA			ybgF	-	Mediates coordination of peptidoglycan synthesis and outer membrane constriction during cell division	-	-	-	-	-	TPR_16,TPR_6,TolA_bind_tri,YfiO
LDZ24_RS11040	LuxR C-terminal-related transcriptional regulator	WP_248320477.1		regulation of DNA-templated transcription|0006355||IEA			-	PFAM regulatory protein LuxR	ko:K03556	-	ko00000,ko03000	-	-	GerE
LDZ24_RS11045	YafY family protein	WP_248320478.1					-	WYL domain	-	-	-	-	-	WYL
LDZ24_RS11050	Sir2 family NAD-dependent protein deacetylase	WP_248320479.1					-	PFAM Silent information regulator protein Sir2	-	-	-	-	-	SIR2
LDZ24_RS11055	YhaN family protein	WP_248320480.1					-	AAA domain	-	-	-	-	-	AAA_27
LDZ24_RS11060	DNA repair exonuclease	WP_248320481.1					-	Metallophosphoesterase	-	-	-	-	-	Metallophos
LDZ24_RS11065	hypothetical protein	WP_175945001.1					-	-	-	-	-	-	-	-
LDZ24_RS11080	peptidylprolyl isomerase	WP_371747345.1	peptidyl-prolyl cis-trans isomerase activity|0003755||IEA				-	Chaperone involved in the correct folding and assembly of outer membrane proteins. Recognizes specific patterns of aromatic residues and the orientation of their side chains, which are found more frequently in integral outer membrane proteins. May act in both early periplasmic and late outer membrane-associated steps of protein maturation	ko:K03771	-	ko00000,ko01000,ko03110	-	-	Rotamase,Rotamase_3,SurA_N
LDZ24_RS11090	aminoglycoside phosphotransferase family protein	WP_248320486.1					-	Aminoglycoside phosphotransferase	ko:K07102	-	ko00000,ko00001,ko01000	-	-	APH
LDZ24_RS11095	N-acetylmuramate alpha-1-phosphate uridylyltransferase MurU	WP_248320487.1	nucleotidyltransferase activity|0016779||IEA	peptidoglycan biosynthetic process|0009252||IEA		murU	-	Nucleotidyl transferase	ko:K00992	-	ko00000,ko00001,ko01000	-	-	NTP_transferase
LDZ24_RS11115	IS66 family transposase	WP_248320381.1	transposase activity|0004803||IEA				-	transposase	-	-	-	-	-	DDE_Tnp_IS66,DDE_Tnp_IS66_C,LZ_Tnp_IS66,zf-IS66
LDZ24_RS11115	IS66 family transposase	WP_248320381.1	transposase activity|0004803||IEA				-	transposase	-	-	-	-	-	DDE_Tnp_IS66,DDE_Tnp_IS66_C,LZ_Tnp_IS66,zf-IS66
LDZ24_RS11115	IS66 family transposase	WP_248320381.1	transposase activity|0004803||IEA				-	transposase	-	-	-	-	-	DDE_Tnp_IS66,DDE_Tnp_IS66_C,LZ_Tnp_IS66,zf-IS66
LDZ24_RS11115	IS66 family transposase	WP_248320381.1	transposase activity|0004803||IEA				-	transposase	-	-	-	-	-	DDE_Tnp_IS66,DDE_Tnp_IS66_C,LZ_Tnp_IS66,zf-IS66
LDZ24_RS11115	IS66 family transposase	WP_248320381.1	transposase activity|0004803||IEA				-	transposase	-	-	-	-	-	DDE_Tnp_IS66,DDE_Tnp_IS66_C,LZ_Tnp_IS66,zf-IS66
LDZ24_RS11115	IS66 family transposase	WP_248320381.1	transposase activity|0004803||IEA				-	transposase	-	-	-	-	-	DDE_Tnp_IS66,DDE_Tnp_IS66_C,LZ_Tnp_IS66,zf-IS66
LDZ24_RS11115	IS66 family transposase	WP_248320381.1	transposase activity|0004803||IEA				-	transposase	-	-	-	-	-	DDE_Tnp_IS66,DDE_Tnp_IS66_C,LZ_Tnp_IS66,zf-IS66
LDZ24_RS11120	IS66 family insertion sequence element accessory protein TnpB	WP_045463971.1				tnpB	-	Evidence 2b Function of strongly homologous gene	-	-	-	-	-	TnpB_IS66
LDZ24_RS11120	IS66 family insertion sequence element accessory protein TnpB	WP_045463971.1				tnpB	-	Evidence 2b Function of strongly homologous gene	-	-	-	-	-	TnpB_IS66
LDZ24_RS11120	IS66 family insertion sequence element accessory protein TnpB	WP_045463971.1				tnpB	-	Evidence 2b Function of strongly homologous gene	-	-	-	-	-	TnpB_IS66
LDZ24_RS11120	IS66 family insertion sequence element accessory protein TnpB	WP_045463971.1				tnpB	-	Evidence 2b Function of strongly homologous gene	-	-	-	-	-	TnpB_IS66
LDZ24_RS11120	IS66 family insertion sequence element accessory protein TnpB	WP_045463971.1				tnpB	-	Evidence 2b Function of strongly homologous gene	-	-	-	-	-	TnpB_IS66
LDZ24_RS11120	IS66 family insertion sequence element accessory protein TnpB	WP_045463971.1				tnpB	-	Evidence 2b Function of strongly homologous gene	-	-	-	-	-	TnpB_IS66
LDZ24_RS11120	IS66 family insertion sequence element accessory protein TnpB	WP_045463971.1				tnpB	-	Evidence 2b Function of strongly homologous gene	-	-	-	-	-	TnpB_IS66
LDZ24_RS11120	IS66 family insertion sequence element accessory protein TnpB	WP_045463971.1				tnpB	-	Evidence 2b Function of strongly homologous gene	-	-	-	-	-	TnpB_IS66
LDZ24_RS11120	IS66 family insertion sequence element accessory protein TnpB	WP_045463971.1				tnpB	-	Evidence 2b Function of strongly homologous gene	-	-	-	-	-	TnpB_IS66
LDZ24_RS11125	transposase	WP_248320380.1	transposase activity|0004803||IEA	DNA transposition|0006313||IEA			-	Transposase	-	-	-	-	-	HTH_Tnp_1
LDZ24_RS11125	transposase	WP_248320380.1	transposase activity|0004803||IEA	DNA transposition|0006313||IEA			-	Transposase	-	-	-	-	-	HTH_Tnp_1
LDZ24_RS11125	transposase	WP_248320380.1	transposase activity|0004803||IEA	DNA transposition|0006313||IEA			-	Transposase	-	-	-	-	-	HTH_Tnp_1
LDZ24_RS11125	transposase	WP_248320380.1	transposase activity|0004803||IEA	DNA transposition|0006313||IEA			-	Transposase	-	-	-	-	-	HTH_Tnp_1
LDZ24_RS11125	transposase	WP_248320380.1	transposase activity|0004803||IEA	DNA transposition|0006313||IEA			-	Transposase	-	-	-	-	-	HTH_Tnp_1
LDZ24_RS11125	transposase	WP_248320380.1	transposase activity|0004803||IEA	DNA transposition|0006313||IEA			-	Transposase	-	-	-	-	-	HTH_Tnp_1
LDZ24_RS11125	transposase	WP_248320380.1	transposase activity|0004803||IEA	DNA transposition|0006313||IEA			-	Transposase	-	-	-	-	-	HTH_Tnp_1
LDZ24_RS11145	CopD family protein	WP_248320493.1					-	PFAM conserved	ko:K08973	-	ko00000	-	-	UPF0093
LDZ24_RS11155	DNA polymerase III subunit delta	WP_248320494.1	DNA-directed DNA polymerase activity|0003887||IEA	DNA replication|0006260||IEA		holA	-	DNA polymerase III delta subunit	ko:K02340	M00260	ko00000,ko00001,ko00002,ko01000,ko03032,ko03400	-	-	DNA_pol3_delt_C,DNA_pol3_delta
LDZ24_RS11195	hypothetical protein	WP_244847224.1					-	-	-	-	-	-	-	-
LDZ24_RS11210	glyoxalase/bleomycin resistance/extradiol dioxygenase family protein	WP_248320501.1					-	Glyoxalase/Bleomycin resistance protein/Dioxygenase superfamily	ko:K04750	-	ko00000	-	-	Glyoxalase
LDZ24_RS11225	ribonuclease domain-containing protein	WP_206468282.1	RNA endonuclease activity|0004521||IEA				-	Ribonuclease	ko:K01167	-	ko00000,ko01000,ko03016,ko03019	-	-	Ribonuclease
LDZ24_RS11260	SMP-30/gluconolactonase/LRE family protein	WP_248320508.1	metal ion binding|0046872||IEA				-	SMP-30/Gluconolaconase/LRE-like region	ko:K13874	-	ko00000,ko00001,ko01000	-	-	SGL
LDZ24_RS11265	SDR family NAD(P)-dependent oxidoreductase	WP_248320509.1	NAD+ binding|0070403||IEA				-	PFAM short-chain dehydrogenase reductase SDR	ko:K22185	-	ko00000,ko00001,ko01000	-	-	adh_short_C2
LDZ24_RS11300	IclR family transcriptional regulator	WP_248320514.1	DNA-binding transcription factor activity|0003700||IEA	regulation of DNA-templated transcription|0006355||IEA			-	Transcriptional regulator	-	-	-	-	-	HTH_IclR,IclR
LDZ24_RS11305	monofunctional biosynthetic peptidoglycan transglycosylase	WP_371747346.1	pentosyltransferase activity|0016763||IEA	peptidoglycan biosynthetic process|0009252||IEA	membrane|0016020||IEA	mtgA	-	Peptidoglycan polymerase that catalyzes glycan chain elongation from lipid-linked precursors	ko:K03814	-	ko00000,ko00001,ko01000,ko01003,ko01011	-	GT51	Transgly
LDZ24_RS11315	ribonuclease catalytic domain-containing protein	WP_248320516.1	RNA exonuclease activity, producing 5'-phosphomonoesters|0016896||IEA	RNA catabolic process|0006401||IEA			-	ribonuclease II	ko:K01147	-	ko00000,ko01000,ko03016	-	-	RNB
LDZ24_RS11330	UDP-N-acetylmuramate--alanine ligase	WP_244847249.1					-	mRNA catabolic process	-	-	-	-	-	-
LDZ24_RS11335	TlpA disulfide reductase family protein	WP_248320519.1					-	Redoxin domain protein	-	-	-	-	-	AhpC-TSA,Redoxin
LDZ24_RS11355	zinc-ribbon and DUF3426 domain-containing protein	WP_248320522.1					-	MJ0042 family finger-like	-	-	-	-	-	DUF3426,zinc_ribbon_4,zinc_ribbon_5
LDZ24_RS11385	ribonucleotide-diphosphate reductase subunit beta	WP_244847259.1	oxidoreductase activity|0016491||IEA	deoxyribonucleotide biosynthetic process|0009263||IEA			-	Provides the precursors necessary for DNA synthesis. Catalyzes the biosynthesis of deoxyribonucleotides from the corresponding ribonucleotides	ko:K00526	M00053	ko00000,ko00001,ko00002,ko01000,ko03400	-	-	Ribonuc_red_sm
LDZ24_RS11395	MFS transporter	WP_248320526.1	transmembrane transporter activity|0022857||IEA	transmembrane transport|0055085||IEA			-	Major facilitator superfamily	-	-	-	-	-	MFS_1,TRI12
LDZ24_RS11400	ribonucleoside-diphosphate reductase subunit alpha	WP_248320527.1	ATP binding|0005524||IEA	DNA replication|0006260||IEA			GO:0000166,GO:0003674,GO:0003824,GO:0004748,GO:0005488,GO:0005515,GO:0005575,GO:0005622,GO:0005623,GO:0005737,GO:0005829,GO:0005971,GO:0006139,GO:0006725,GO:0006753,GO:0006793,GO:0006796,GO:0006807,GO:0008150,GO:0008152,GO:0009058,GO:0009117,GO:0009165,GO:0009262,GO:0009263,GO:0009987,GO:0016491,GO:0016725,GO:0016728,GO:0018130,GO:0019438,GO:0019637,GO:0032991,GO:0034641,GO:0034654,GO:0036094,GO:0042802,GO:0044237,GO:0044238,GO:0044249,GO:0044271,GO:0044281,GO:0044424,GO:0044444,GO:0044445,GO:0044464,GO:0046483,GO:0055086,GO:0055114,GO:0061731,GO:0071704,GO:0090407,GO:0097159,GO:1901135,GO:1901137,GO:1901265,GO:1901293,GO:1901360,GO:1901362,GO:1901363,GO:1901576,GO:1902494,GO:1990204	Provides the precursors necessary for DNA synthesis. Catalyzes the biosynthesis of deoxyribonucleotides from the corresponding ribonucleotides	ko:K00525	M00053	ko00000,ko00001,ko00002,ko01000,ko03400	-	-	ATP-cone,Ribonuc_red_lgC,Ribonuc_red_lgN
LDZ24_RS11405	PP0621 family protein	WP_248320528.1					-	-	ko:K06950	-	ko00000	-	-	-
LDZ24_RS11410	inner membrane protein YpjD	WP_248320529.1			plasma membrane|0005886||IEA		-	Cytochrome c assembly protein	-	-	-	-	-	Cytochrom_C_asm
LDZ24_RS11440	CNP1-like family protein	WP_248322343.1					-	CNP1-like family	-	-	-	-	-	CNP1
LDZ24_RS11500	cell division protein ZapD	WP_175945315.1				zapD	-	Cell division factor that enhances FtsZ-ring assembly. Directly interacts with FtsZ and promotes bundling of FtsZ protofilaments, with a reduction in FtsZ GTPase activity	ko:K18778	-	ko00000,ko03036	-	-	ZapD
LDZ24_RS11515	ATP-binding protein	WP_248320538.1					-	SMART AAA ATPase	ko:K06923	-	ko00000	-	-	DUF815
LDZ24_RS11535	DUF721 domain-containing protein	WP_248320540.1					-	Protein of unknown function (DUF721)	-	-	-	-	-	DUF721
LDZ24_RS11545	peroxiredoxin	WP_206467070.1					-	PFAM alkyl hydroperoxide reductase Thiol specific antioxidant Mal allergen	ko:K03386	-	ko00000,ko00001,ko01000,ko04147	-	-	Redoxin
LDZ24_RS11560	cell division protein FtsQ/DivIB	WP_244847283.1					-	Essential cell division protein. May link together the upstream cell division proteins, which are predominantly cytoplasmic, with the downstream cell division proteins, which are predominantly periplasmic. May control correct divisome assembly	ko:K03589	-	ko00000,ko00001,ko03036	-	-	FtsQ,POTRA_1
LDZ24_RS11610	cell division protein FtsL	WP_175945199.1		cytokinesis|0000910||IEA	membrane|0016020||IEA	ftsL	-	Essential cell division protein. May link together the upstream cell division proteins, which are predominantly cytoplasmic, with the downstream cell division proteins, which are predominantly periplasmic	ko:K03586	-	ko00000,ko03036	-	-	FtsL
LDZ24_RS11625	2-polyprenyl-3-methyl-6-methoxy-1,4-benzoquinone monooxygenase	WP_248320548.1	monooxygenase activity|0004497||IEA	ubiquinone biosynthetic process|0006744||IEA		coq7	-	Oxygenase that introduces the hydroxyl group at carbon five of 2-nonaprenyl-3-methyl-6-methoxy-1,4-benzoquinol resulting in the formation of 2-nonaprenyl-3-methyl-5-hydroxy-6-methoxy-1,4- benzoquinol	ko:K06134	M00128	ko00000,ko00001,ko00002,ko01000	-	-	COQ7
LDZ24_RS11630	porin	WP_248320549.1	porin activity|0015288||IEA		cell outer membrane|0009279||IEA		-	PFAM porin Gram-negative type	-	-	-	-	-	Porin_4
LDZ24_RS11645	M20 aminoacylase family protein	WP_248320552.1	hydrolase activity, acting on carbon-nitrogen (but not peptide) bonds|0016810||IEA				-	amidohydrolase	-	-	-	-	-	M20_dimer,Peptidase_M20
LDZ24_RS11680	phenylacetic acid degradation protein PaaN	WP_248320554.1		phenylacetate catabolic process|0010124||IEA		paaN	-	phenylacetic acid degradation protein paaN	-	-	-	-	-	Aldedh
LDZ24_RS11700	murein transglycosylase A	WP_248320557.1					-	PFAM MltA domain protein	ko:K08304	-	ko00000,ko01000,ko01011	-	GH102	3D,MltA
LDZ24_RS11740	CYTH domain-containing protein	WP_248320561.1					-	Adenylate cyclase	-	-	-	-	-	CYTH
LDZ24_RS11755	PDZ domain-containing protein	WP_248320564.1					-	Peptidase M61	-	-	-	-	-	PDZ_2,Peptidase_M61
LDZ24_RS11765	UbiH/UbiF family hydroxylase	WP_248320566.1					-	Ubiquinone biosynthesis hydroxylase, UbiH UbiF VisC COQ6 family	-	-	-	-	-	FAD_binding_3,SE
LDZ24_RS11775	DUF3761 domain-containing protein	WP_371747347.1					-	Protein of unknown function (DUF3761)	-	-	-	-	-	DUF3761
LDZ24_RS11780	MFS transporter	WP_248320567.1	transmembrane transporter activity|0022857||IEA	transmembrane transport|0055085||IEA			-	-	-	-	-	-	-	-
LDZ24_RS11785	IS66 family transposase	WP_248320381.1	transposase activity|0004803||IEA				-	transposase	-	-	-	-	-	DDE_Tnp_IS66,DDE_Tnp_IS66_C,LZ_Tnp_IS66,zf-IS66
LDZ24_RS11785	IS66 family transposase	WP_248320381.1	transposase activity|0004803||IEA				-	transposase	-	-	-	-	-	DDE_Tnp_IS66,DDE_Tnp_IS66_C,LZ_Tnp_IS66,zf-IS66
LDZ24_RS11785	IS66 family transposase	WP_248320381.1	transposase activity|0004803||IEA				-	transposase	-	-	-	-	-	DDE_Tnp_IS66,DDE_Tnp_IS66_C,LZ_Tnp_IS66,zf-IS66
LDZ24_RS11785	IS66 family transposase	WP_248320381.1	transposase activity|0004803||IEA				-	transposase	-	-	-	-	-	DDE_Tnp_IS66,DDE_Tnp_IS66_C,LZ_Tnp_IS66,zf-IS66
LDZ24_RS11785	IS66 family transposase	WP_248320381.1	transposase activity|0004803||IEA				-	transposase	-	-	-	-	-	DDE_Tnp_IS66,DDE_Tnp_IS66_C,LZ_Tnp_IS66,zf-IS66
LDZ24_RS11785	IS66 family transposase	WP_248320381.1	transposase activity|0004803||IEA				-	transposase	-	-	-	-	-	DDE_Tnp_IS66,DDE_Tnp_IS66_C,LZ_Tnp_IS66,zf-IS66
LDZ24_RS11785	IS66 family transposase	WP_248320381.1	transposase activity|0004803||IEA				-	transposase	-	-	-	-	-	DDE_Tnp_IS66,DDE_Tnp_IS66_C,LZ_Tnp_IS66,zf-IS66
LDZ24_RS11790	IS66 family insertion sequence element accessory protein TnpB	WP_045463971.1				tnpB	-	Evidence 2b Function of strongly homologous gene	-	-	-	-	-	TnpB_IS66
LDZ24_RS11790	IS66 family insertion sequence element accessory protein TnpB	WP_045463971.1				tnpB	-	Evidence 2b Function of strongly homologous gene	-	-	-	-	-	TnpB_IS66
LDZ24_RS11790	IS66 family insertion sequence element accessory protein TnpB	WP_045463971.1				tnpB	-	Evidence 2b Function of strongly homologous gene	-	-	-	-	-	TnpB_IS66
LDZ24_RS11790	IS66 family insertion sequence element accessory protein TnpB	WP_045463971.1				tnpB	-	Evidence 2b Function of strongly homologous gene	-	-	-	-	-	TnpB_IS66
LDZ24_RS11790	IS66 family insertion sequence element accessory protein TnpB	WP_045463971.1				tnpB	-	Evidence 2b Function of strongly homologous gene	-	-	-	-	-	TnpB_IS66
LDZ24_RS11790	IS66 family insertion sequence element accessory protein TnpB	WP_045463971.1				tnpB	-	Evidence 2b Function of strongly homologous gene	-	-	-	-	-	TnpB_IS66
LDZ24_RS11790	IS66 family insertion sequence element accessory protein TnpB	WP_045463971.1				tnpB	-	Evidence 2b Function of strongly homologous gene	-	-	-	-	-	TnpB_IS66
LDZ24_RS11790	IS66 family insertion sequence element accessory protein TnpB	WP_045463971.1				tnpB	-	Evidence 2b Function of strongly homologous gene	-	-	-	-	-	TnpB_IS66
LDZ24_RS11790	IS66 family insertion sequence element accessory protein TnpB	WP_045463971.1				tnpB	-	Evidence 2b Function of strongly homologous gene	-	-	-	-	-	TnpB_IS66
LDZ24_RS11795	transposase	WP_248320380.1	transposase activity|0004803||IEA	DNA transposition|0006313||IEA			-	Transposase	-	-	-	-	-	HTH_Tnp_1
LDZ24_RS11795	transposase	WP_248320380.1	transposase activity|0004803||IEA	DNA transposition|0006313||IEA			-	Transposase	-	-	-	-	-	HTH_Tnp_1
LDZ24_RS11795	transposase	WP_248320380.1	transposase activity|0004803||IEA	DNA transposition|0006313||IEA			-	Transposase	-	-	-	-	-	HTH_Tnp_1
LDZ24_RS11795	transposase	WP_248320380.1	transposase activity|0004803||IEA	DNA transposition|0006313||IEA			-	Transposase	-	-	-	-	-	HTH_Tnp_1
LDZ24_RS11795	transposase	WP_248320380.1	transposase activity|0004803||IEA	DNA transposition|0006313||IEA			-	Transposase	-	-	-	-	-	HTH_Tnp_1
LDZ24_RS11795	transposase	WP_248320380.1	transposase activity|0004803||IEA	DNA transposition|0006313||IEA			-	Transposase	-	-	-	-	-	HTH_Tnp_1
LDZ24_RS11795	transposase	WP_248320380.1	transposase activity|0004803||IEA	DNA transposition|0006313||IEA			-	Transposase	-	-	-	-	-	HTH_Tnp_1
LDZ24_RS11800	acetyl-CoA carboxylase biotin carboxylase subunit family protein	WP_248320568.1					-	ligase activity	-	-	-	-	-	-
LDZ24_RS11805	acetyl-CoA carboxylase biotin carboxylase subunit family protein	WP_248320569.1					-	Involved in the de novo purine biosynthesis. Catalyzes the transfer of formate to 5-phospho-ribosyl-glycinamide (GAR), producing 5-phospho-ribosyl-N-formylglycinamide (FGAR). Formate is provided by PurU via hydrolysis of 10-formyl-tetrahydrofolate	-	-	-	-	-	ATP-grasp_4,CPSase_L_D2
LDZ24_RS11810	ATP-grasp domain-containing protein	WP_248320570.1					-	ATP-grasp domain	-	-	-	-	-	ATP-grasp_4
LDZ24_RS11815	hypothetical protein	WP_248320571.1					-	-	-	-	-	-	-	Haem_oxygenas_2
LDZ24_RS11820	2Fe-2S iron-sulfur cluster-binding protein	WP_248320572.1	iron-sulfur cluster binding|0051536||IEA				-	2Fe-2S iron-sulfur cluster binding domain	-	-	-	-	-	Fer2
LDZ24_RS11835	DUF748 domain-containing protein	WP_248322348.1					-	Domain of Unknown Function (DUF748)	-	-	-	-	-	DUF748
LDZ24_RS11840	HAD family hydrolase	WP_248320574.1	hydrolase activity|0016787||IEA				-	TIGRFAM HAD-superfamily hydrolase, subfamily IA, variant 3	ko:K01560	-	ko00000,ko00001,ko01000	-	-	HAD_2
LDZ24_RS11850	aminopeptidase P family protein	WP_248320576.1	metalloaminopeptidase activity|0070006||IEA	proteolysis|0006508||IEA	membrane|0016020||IEA		-	peptidase M24	ko:K01262	-	ko00000,ko01000,ko01002	-	-	Creatinase_N,Creatinase_N_2,Peptidase_M24,Peptidase_M24_C
LDZ24_RS11855	hypothetical protein	WP_248320577.1					-	-	-	-	-	-	-	-
LDZ24_RS11860	galactosyltransferase-related protein	WP_248320578.1					-	N-terminal domain of galactosyltransferase	-	-	-	-	-	Glyco_tranf_2_2,Glyco_transf_7C
LDZ24_RS11895	APC family permease	WP_248320583.1	transmembrane transporter activity|0022857||IEA		membrane|0016020||IEA		-	amino acid	-	-	-	-	-	AA_permease_2
LDZ24_RS11910	MFS transporter	WP_248320585.1	transmembrane transporter activity|0022857||IEA	transmembrane transport|0055085||IEA			-	Sugar (and other) transporter	-	-	-	-	-	Sugar_tr
LDZ24_RS11915	nitroreductase family protein	WP_248320586.1					-	Pfam Nitroreductase	-	-	-	-	-	Nitroreductase
LDZ24_RS11920	MFS transporter	WP_175946584.1	transmembrane transporter activity|0022857||IEA	transmembrane transport|0055085||IEA			-	PFAM major facilitator superfamily MFS_1	-	-	-	-	-	MFS_1
LDZ24_RS11925	TetR/AcrR family transcriptional regulator	WP_248320587.1	DNA-binding transcription factor activity|0003700||IEA	regulation of DNA-templated transcription|0006355||IEA			-	PFAM regulatory protein TetR	-	-	-	-	-	TetR_N
LDZ24_RS11930	DUF1415 domain-containing protein	WP_248320588.1					-	Protein of unknown function (DUF1415)	ko:K09941	-	ko00000	-	-	DUF1415
LDZ24_RS11935	SAM-dependent methyltransferase	WP_248320589.1					-	Methyltransferase domain	-	-	-	-	-	Methyltransf_32
LDZ24_RS11940	hypothetical protein	WP_061125643.1					-	-	-	-	-	-	-	-
LDZ24_RS11945	FadR/GntR family transcriptional regulator	WP_305854663.1	DNA-binding transcription factor activity|0003700||IEA				-	Regulatory protein GntR HTH	ko:K05799	-	ko00000,ko03000	-	-	FCD,GntR
LDZ24_RS11955	MFS transporter	WP_175946573.1	transmembrane transporter activity|0022857||IEA	transmembrane transport|0055085||IEA			-	PFAM major facilitator superfamily MFS_1	-	-	-	-	-	MFS_1
LDZ24_RS11965	NAD(P)/FAD-dependent oxidoreductase	WP_248320592.1					-	fad dependent oxidoreductase	ko:K07137	-	ko00000	-	-	Amino_oxidase,Pyr_redox_2
LDZ24_RS12010	cytochrome c1	WP_248320594.1					-	Cytochrome C1	ko:K00413	M00151,M00152	ko00000,ko00001,ko00002	-	-	Cytochrom_C1
LDZ24_RS12015	cytochrome bc complex cytochrome b subunit	WP_248320595.1					-	Component of the ubiquinol-cytochrome c reductase complex (complex III or cytochrome b-c1 complex), which is a respiratory chain that generates an electrochemical potential coupled to ATP synthesis	ko:K00412	M00151,M00152	ko00000,ko00001,ko00002,ko03029	-	-	Cytochrom_B_C,Cytochrome_B
LDZ24_RS12020	ubiquinol-cytochrome c reductase iron-sulfur subunit	WP_175946553.1	electron transfer activity|0009055||IEA	aerobic respiration|0009060||IEA	respiratory chain complex III|0045275||IEA	petA	-	Component of the ubiquinol-cytochrome c reductase complex (complex III or cytochrome b-c1 complex), which is a respiratory chain that generates an electrochemical potential coupled to ATP synthesis	ko:K00411	M00151,M00152	ko00000,ko00001,ko00002,ko01000	-	-	Rieske,UCR_Fe-S_N
LDZ24_RS12055	hypothetical protein	WP_175946538.1					-	membrane	-	-	-	-	-	-
LDZ24_RS12060	phosphoribosyl-ATP diphosphatase	WP_175946536.1	phosphoribosyl-ATP diphosphatase activity|0004636||IEA	L-histidine biosynthetic process|0000105||IEA			-	Phosphoribosyl-ATP	ko:K01523	M00026	ko00000,ko00001,ko00002,ko01000	-	-	PRA-PH
LDZ24_RS12065	phosphoribosyl-AMP cyclohydrolase	WP_248320600.1	phosphoribosyl-AMP cyclohydrolase activity|0004635||IEA	L-histidine biosynthetic process|0000105||IEA		hisI	-	Catalyzes the hydrolysis of the adenine ring of phosphoribosyl-AMP	ko:K01496,ko:K11755	M00026	ko00000,ko00001,ko00002,ko01000	-	-	PRA-CH
LDZ24_RS12105	ATP phosphoribosyltransferase	WP_175946518.1	ATP phosphoribosyltransferase activity|0003879||IEA	L-histidine biosynthetic process|0000105||IEA	cytoplasm|0005737||IEA	hisG	-	Catalyzes the condensation of ATP and 5-phosphoribose 1- diphosphate to form N'-(5'-phosphoribosyl)-ATP (PR-ATP). Has a crucial role in the pathway because the rate of histidine biosynthesis seems to be controlled primarily by regulation of HisG enzymatic activity	ko:K00765	M00026	ko00000,ko00001,ko00002,ko01000	-	-	HisG
LDZ24_RS12170	sulfur carrier protein ThiS	WP_159837137.1	catalytic activity|0003824||IEA	thiamine biosynthetic process|0009228||IEA		thiS	-	thiamine biosynthesis protein ThiS	ko:K03154	-	ko00000,ko00001	-	-	ThiS
LDZ24_RS12175	FAD-dependent oxidoreductase	WP_248322350.1	oxidoreductase activity|0016491||IEA				-	PFAM FAD dependent oxidoreductase	ko:K03153	-	ko00000,ko00001,ko01000	-	-	DAO
LDZ24_RS12195	transposase	WP_248320613.1					-	transposase	ko:K07491	-	ko00000	-	-	Y1_Tnp
LDZ24_RS12200	OmpW family protein	WP_371747348.1					-	OmpW family	ko:K07275	-	ko00000	-	-	OmpW
LDZ24_RS12205	DUF883 family protein	WP_248320614.1					-	Bacterial protein of unknown function (DUF883)	-	-	-	-	-	DUF883
LDZ24_RS12255	type 4a pilus biogenesis protein PilO	WP_248320622.1		type IV pilus assembly|0043683||IEA		pilO	-	carbon utilization	-	-	-	-	-	PilO
LDZ24_RS12260	fimbrial assembly family protein	WP_248320623.1					-	PFAM Fimbrial assembly family protein	ko:K02663	-	ko00000,ko02035,ko02044	-	-	-
LDZ24_RS12265	pilus assembly protein PilM	WP_248320624.1				pilM	-	Pilus assembly protein	-	-	-	-	-	PilM_2
LDZ24_RS12280	lipoprotein	WP_248320627.1					-	-	-	-	-	-	-	LPAM_2
LDZ24_RS12300	c-type cytochrome biogenesis protein CcsB	WP_248320631.1	heme binding|0020037||IEA	cytochrome complex assembly|0017004||IEA		ccsB	-	Pfam Cytochrome C assembly protein	-	-	-	-	-	Cytochrom_C_asm
LDZ24_RS12305	cytochrome c biogenesis protein ResB	WP_248320632.1		cytochrome complex assembly|0017004||IEA	membrane|0016020||IEA		-	cytochrome c biogenesis protein	ko:K07399	-	ko00000	-	-	ResB
LDZ24_RS12310	cytochrome c	WP_248320633.1					-	PFAM cytochrome c, class I	-	-	-	-	-	Cytochrom_C,Cytochrome_CBB3
LDZ24_RS12480	elongation factor Tu	WP_248320639.1	GTP binding|0005525||IEA	translational elongation|0006414||IEA		tuf	GO:0005575,GO:0005622,GO:0005623,GO:0005737,GO:0044424,GO:0044464	This protein promotes the GTP-dependent binding of aminoacyl-tRNA to the A-site of ribosomes during protein biosynthesis	ko:K02358	-	ko00000,ko03012,ko03029,ko04147	-	-	GTP_EFTU,GTP_EFTU_D2,GTP_EFTU_D3
LDZ24_RS12480	elongation factor Tu	WP_248320639.1	GTP binding|0005525||IEA	translational elongation|0006414||IEA		tuf	GO:0005575,GO:0005622,GO:0005623,GO:0005737,GO:0044424,GO:0044464	This protein promotes the GTP-dependent binding of aminoacyl-tRNA to the A-site of ribosomes during protein biosynthesis	ko:K02358	-	ko00000,ko03012,ko03029,ko04147	-	-	GTP_EFTU,GTP_EFTU_D2,GTP_EFTU_D3
LDZ24_RS12595	SGNH/GDSL hydrolase family protein	WP_248320643.1					-	G-D-S-L family	-	-	-	-	-	Lipase_GDSL_2
LDZ24_RS12600	class I SAM-dependent methyltransferase	WP_248320644.1	methyltransferase activity|0008168||IEA				-	Pfam Methyltransferase small	-	-	-	-	-	MTS
LDZ24_RS12605	TIGR03862 family flavoprotein	WP_248320645.1					-	PFAM HI0933 family protein	ko:K07007	-	ko00000	-	-	HI0933_like
LDZ24_RS12610	MFS transporter	WP_248322353.1	transmembrane transporter activity|0022857||IEA	transmembrane transport|0055085||IEA			-	Major Facilitator	-	-	-	-	-	Sugar_tr
LDZ24_RS12640	DUF1835 domain-containing protein	WP_248320650.1					-	Domain of unknown function (DUF1835)	-	-	-	-	-	DUF1835,DUF3658
LDZ24_RS12645	TetR/AcrR family transcriptional regulator	WP_206467158.1					-	PFAM regulatory protein TetR	ko:K09017	-	ko00000,ko03000	-	-	TetR_N
LDZ24_RS12650	GNAT family N-acetyltransferase	WP_371747420.1	acyltransferase activity|0016746||IEA				-	PFAM GCN5-related N-acetyltransferase	-	-	-	-	-	Acetyltransf_1,Acetyltransf_3
LDZ24_RS12665	hypothetical protein	WP_248320652.1					-	-	-	-	-	-	-	-
LDZ24_RS12670	indolepyruvate ferredoxin oxidoreductase family protein	WP_248320653.1					-	oxidoreductase	ko:K04090	-	br01601,ko00000,ko01000	-	-	POR,TPP_enzyme_C
LDZ24_RS12675	hypothetical protein	WP_248320654.1					-	-	-	-	-	-	-	-
LDZ24_RS12685	MFS transporter	WP_248320656.1	transmembrane transporter activity|0022857||IEA	transmembrane transport|0055085||IEA			-	Major facilitator Superfamily	-	-	-	-	-	MFS_1,Sugar_tr
LDZ24_RS12705	flavodoxin family protein	WP_248320659.1	FMN binding|0010181||IEA				-	flavodoxin nitric oxide synthase	ko:K03809	-	ko00000,ko00001,ko01000	-	-	FMN_red
LDZ24_RS12715	response regulator	WP_248320661.1		phosphorelay signal transduction system|0000160||IEA			-	cheY-homologous receiver domain	-	-	-	-	-	Response_reg
LDZ24_RS12720	hypothetical protein	WP_248320662.1					-	-	-	-	-	-	-	-
LDZ24_RS12725	IS5 family transposase	WP_248320663.1	transposase activity|0004803||IEA				-	transposase	-	-	-	-	-	DDE_Tnp_1,DUF4096
LDZ24_RS12725	IS5 family transposase	WP_248320663.1	transposase activity|0004803||IEA				-	transposase	-	-	-	-	-	DDE_Tnp_1,DUF4096
LDZ24_RS12725	IS5 family transposase	WP_248320663.1	transposase activity|0004803||IEA				-	transposase	-	-	-	-	-	DDE_Tnp_1,DUF4096
LDZ24_RS12725	IS5 family transposase	WP_248320663.1	transposase activity|0004803||IEA				-	transposase	-	-	-	-	-	DDE_Tnp_1,DUF4096
LDZ24_RS12725	IS5 family transposase	WP_248320663.1	transposase activity|0004803||IEA				-	transposase	-	-	-	-	-	DDE_Tnp_1,DUF4096
LDZ24_RS12725	IS5 family transposase	WP_248320663.1	transposase activity|0004803||IEA				-	transposase	-	-	-	-	-	DDE_Tnp_1,DUF4096
LDZ24_RS12725	IS5 family transposase	WP_248320663.1	transposase activity|0004803||IEA				-	transposase	-	-	-	-	-	DDE_Tnp_1,DUF4096
LDZ24_RS12725	IS5 family transposase	WP_248320663.1	transposase activity|0004803||IEA				-	transposase	-	-	-	-	-	DDE_Tnp_1,DUF4096
LDZ24_RS12730	LysE family translocator	WP_248320664.1					-	LysE type translocator	-	-	-	-	-	LysE
LDZ24_RS12735	NAD(P)-dependent oxidoreductase	WP_371747351.1	NAD binding|0051287||IEA				-	NAD-binding of NADP-dependent 3-hydroxyisobutyrate dehydrogenase	-	-	-	-	-	NAD_binding_11,NAD_binding_2
LDZ24_RS12740	Mut7-C ubiquitin/RNAse domain-containing protein	WP_248320666.1					-	Mut7-C RNAse domain	ko:K09122	-	ko00000	-	-	Mut7-C,Ub-Mut7C
LDZ24_RS12745	hypothetical protein	WP_175938313.1					-	-	-	-	-	-	-	-
LDZ24_RS12750	cupin domain-containing protein	WP_206467172.1					-	Cupin 2, conserved barrel domain protein	-	-	-	-	-	Cupin_2
LDZ24_RS12755	MFS transporter	WP_248320667.1	transmembrane transporter activity|0022857||IEA	transmembrane transport|0055085||IEA			-	Major Facilitator	-	-	-	-	-	Sugar_tr
LDZ24_RS12760	high-potential iron-sulfur protein	WP_248320668.1					-	Specific class of high-redox-potential 4Fe-4S ferredoxins. Functions in anaerobic electron transport in most purple and in some other photosynthetic bacteria and in at least one genus (Paracoccus) of halophilic, denitrifying bacteria	-	-	-	-	-	HIPIP
LDZ24_RS12765	NAD(P)/FAD-dependent oxidoreductase	WP_248320669.1					-	Fad dependent oxidoreductase	-	-	-	-	-	DAO
LDZ24_RS12770	AAA family ATPase	WP_248320670.1	ATP hydrolysis activity|0016887||IEA				-	PFAM AAA ATPase central domain protein	ko:K01338	-	ko00000,ko00001,ko01000,ko01002	-	-	AAA
LDZ24_RS12775	hypothetical protein	WP_248320671.1					-	-	-	-	-	-	-	-
LDZ24_RS12780	endonuclease/exonuclease/phosphatase family protein	WP_206467178.1	catalytic activity|0003824||IEA				-	Endonuclease Exonuclease phosphatase	-	-	-	-	-	Exo_endo_phos
LDZ24_RS12785	response regulator	WP_206467179.1	phosphorelay response regulator activity|0000156||IEA	phosphorelay signal transduction system|0000160||IEA			-	cheY-homologous receiver domain	-	-	-	-	-	Response_reg
LDZ24_RS12790	alpha-ketoglutarate-dependent dioxygenase AlkB	WP_248320672.1					-	2OG-Fe(II) oxygenase	-	-	-	-	-	2OG-FeII_Oxy_2
LDZ24_RS12800	hypothetical protein	WP_248320674.1					-	-	-	-	-	-	-	-
LDZ24_RS12810	hypothetical protein	WP_248320675.1					-	-	-	-	-	-	-	-
LDZ24_RS12815	cupin domain-containing protein	WP_248320676.1					-	Cupin 2, conserved barrel domain protein	-	-	-	-	-	Cupin_2
LDZ24_RS12820	DUF72 domain-containing protein	WP_248320677.1					-	Protein of unknown function DUF72	-	-	-	-	-	DUF72
LDZ24_RS12850	dihydroneopterin aldolase	WP_175938461.1					-	dihydroneopterin aldolase	ko:K01633	M00126,M00840	ko00000,ko00001,ko00002,ko01000	-	-	FolB
LDZ24_RS12855	SDR family oxidoreductase	WP_248320681.1	oxidoreductase activity|0016491||IEA				-	Short-chain dehydrogenase reductase sdr	-	-	-	-	-	adh_short_C2
LDZ24_RS12860	class I SAM-dependent methyltransferase	WP_248320682.1					-	Putative S-adenosyl-L-methionine-dependent methyltransferase	-	-	-	-	-	Methyltransf_28
LDZ24_RS12865	DUF2905 domain-containing protein	WP_175940549.1					-	Protein of unknown function (DUF2905)	-	-	-	-	-	DUF2905
LDZ24_RS12880	complex I NDUFA9 subunit family protein	WP_206467196.1					-	Nad-dependent epimerase dehydratase	ko:K00329,ko:K00356	-	ko00000,ko00001,ko01000	-	-	Epimerase,NAD_binding_10
LDZ24_RS12885	lytic transglycosylase domain-containing protein	WP_248320685.1					-	lytic transglycosylase	ko:K08309	-	ko00000,ko01000,ko01011	-	GH23	SLT,SLT_L
LDZ24_RS12895	winged helix DNA-binding protein	WP_175938477.1	DNA-binding transcription factor activity|0003700||IEA	regulation of DNA-templated transcription|0006355||IEA			-	PFAM regulatory protein, MarR	-	-	-	-	-	HTH_27
LDZ24_RS12915	DUF969 domain-containing protein	WP_248320690.1					-	Protein of unknown function (DUF969)	-	-	-	-	-	DUF969
LDZ24_RS12920	DUF979 domain-containing protein	WP_206467199.1					-	Protein of unknown function (DUF979)	-	-	-	-	-	DUF979
LDZ24_RS12925	TraB/GumN family protein	WP_371747352.1					-	GumN family	ko:K09973	-	ko00000	-	-	TraB
LDZ24_RS12960	phage holin family protein	WP_175938503.1			membrane|0016020||IEA		-	PFAM membrane protein of	ko:K08972	-	ko00000	-	-	Phage_holin_4_2
LDZ24_RS12980	LysR family transcriptional regulator	WP_248320695.1					-	Transcriptional regulator	-	-	-	-	-	HTH_1,LysR_substrate
LDZ24_RS12985	OmpA family protein	WP_248320696.1					-	OmpA family	-	-	-	-	-	DUF937,OmpA
LDZ24_RS12995	EscU/YscU/HrcU family type III secretion system export apparatus switch protein	WP_206467213.1					-	FlhB HrpN YscU SpaS Family	ko:K04061	-	ko00000,ko02044	-	-	Bac_export_2
LDZ24_RS13000	flagellar hook-length control protein FliK	WP_248320698.1					-	Flagellar hook-length control protein FliK	-	-	-	-	-	Flg_hook
LDZ24_RS13005	flagellar protein FliT	WP_175938520.1					-	flagellar	ko:K02423	-	ko00000,ko00001,ko02035	-	-	FliT
LDZ24_RS13015	flagellar hook-basal body complex protein FliE	WP_248320699.1	cytoskeletal motor activity|0003774||IEA	bacterial-type flagellum-dependent cell motility|0071973||IEA	bacterial-type flagellum basal body, MS ring|0009431||IEA	fliE	-	Flagellar hook-basal body complex protein FliE	ko:K02408	-	ko00000,ko00001,ko02035	-	-	FliE
LDZ24_RS13040	flagellar export protein FliJ	WP_175938533.1	cytoskeletal motor activity|0003774||IEA	bacterial-type flagellum-dependent cell motility|0071973||IEA	bacterial-type flagellum|0009288||IEA	fliJ	-	Flagellar export protein FliJ	ko:K02413	-	ko00000,ko00001,ko02035	-	-	FliJ
LDZ24_RS13045	flagellar hook-length control protein FliK	WP_248320703.1					-	Flagellar hook-length control protein	ko:K02414	-	ko00000,ko00001,ko02035	-	-	Flg_hook
LDZ24_RS13055	flagellar hook-associated protein FlgK	WP_248320704.1	structural molecule activity|0005198||IEA	bacterial-type flagellum assembly|0044780||IEA	bacterial-type flagellum hook|0009424||IEA	flgK	-	flagellar hook-associated protein	ko:K02396	-	ko00000,ko00001,ko02035	-	-	Flg_bb_rod,Flg_bbr_C
LDZ24_RS13060	flagellar hook-associated protein FlgL	WP_248320705.1	structural molecule activity|0005198||IEA	cilium or flagellum-dependent cell motility|0001539||IEA	bacterial-type flagellum hook|0009424||IEA	flgL	-	Flagellar hook-associated protein 3	ko:K02397	-	ko00000,ko00001,ko02035	-	-	Flagellin_C,Flagellin_N
LDZ24_RS13110	flagellar brake protein	WP_248320710.1					-	Acts as a flagellar brake, regulating swimming and swarming in a bis-(3'-5') cyclic diguanylic acid (c-di-GMP)- dependent manner. Binds 1 c-di-GMP dimer per subunit. Increasing levels of c-di-GMP lead to decreased motility	-	-	-	-	-	PilZ,YcgR
LDZ24_RS13115	flagellar assembly peptidoglycan hydrolase FlgJ	WP_248320711.1	hydrolase activity, acting on glycosyl bonds|0016798||IEA	bacterial-type flagellum assembly|0044780||IEA		flgJ	-	Flagellar rod assembly protein muramidase FlgJ	ko:K02395	-	ko00000,ko02035	-	-	Glucosaminidase,Rod-binding
LDZ24_RS13160	flagellar basal body P-ring formation chaperone FlgA	WP_248320716.1	structural molecule activity|0005198||IEA	cilium or flagellum-dependent cell motility|0001539||IEA	bacterial-type flagellum basal body, distal rod, P ring|0009428||IEA	flgA	-	Flagella basal body p-ring formation protein	ko:K02386	-	ko00000,ko00001,ko02035	-	-	ChapFlgA
LDZ24_RS13165	flagellar biosynthesis anti-sigma factor FlgM	WP_248322356.1		negative regulation of DNA-templated transcription|0045892||IEA		flgM	-	factor FlgM	ko:K02398	-	ko00000,ko00001,ko02035	-	-	FlgM
LDZ24_RS13170	flagella synthesis protein FlgN	WP_248320717.1		bacterial-type flagellum assembly|0044780||IEA			-	PFAM FlgN family protein	ko:K02399	-	ko00000,ko00001,ko02035	-	-	FlgN
LDZ24_RS13185	hypothetical protein	WP_248322358.1					-	-	-	-	-	-	-	-
LDZ24_RS13200	alginate lyase family protein	WP_248322359.1					-	Alginate lyase	-	-	-	-	-	Alginate_lyase
LDZ24_RS13220	hypothetical protein	WP_248320723.1					-	-	-	-	-	-	-	-
LDZ24_RS13235	cytochrome c5 family protein	WP_248320726.1					-	PFAM cytochrome c, class I	-	-	-	-	-	Cytochrome_CBB3
LDZ24_RS13245	acyl carrier protein	WP_248320727.1					-	Acyl carrier protein	-	-	-	-	-	PP-binding
LDZ24_RS13250	ketoacyl-ACP synthase III	WP_248320728.1					-	beta-ketoacyl-acyl-carrier-protein synthase III activity	-	-	-	-	-	ACP_syn_III,ACP_syn_III_C
LDZ24_RS13260	acetyltransferase	WP_248320730.1					-	Hexapeptide repeat of succinyl-transferase	-	-	-	-	-	Hexapep,Hexapep_2
LDZ24_RS13265	Rieske 2Fe-2S domain-containing protein	WP_248320731.1	2 iron, 2 sulfur cluster binding|0051537||IEA				-	Ring hydroxylating alpha subunit (catalytic domain)	ko:K00499	-	ko00000,ko00001,ko01000	-	-	Rieske,Ring_hydroxyl_A
LDZ24_RS13270	hypothetical protein	WP_248322360.1					-	Bacterial transferase hexapeptide (six repeats)	-	-	-	-	-	Hexapep
LDZ24_RS13280	DegT/DnrJ/EryC1/StrS aminotransferase family protein	WP_248320733.1					-	Belongs to the DegT DnrJ EryC1 family	ko:K20429	-	ko00000,ko01000	-	-	DegT_DnrJ_EryC1
LDZ24_RS13290	glycosyltransferase family 41 protein	WP_248322361.1					-	Glycosyl transferase family 41	-	-	-	-	-	Glyco_tranf_2_5,Glyco_transf_41,MethyTransf_Reg,SEC-C,TPR_1,TPR_10,TPR_11,TPR_16,TPR_19,TPR_2,TPR_4,TPR_8
LDZ24_RS13300	diguanylate cyclase	WP_248320734.1					-	diguanylate cyclase	ko:K21023	-	ko00000,ko00001,ko01000	-	-	GGDEF
LDZ24_RS13310	MinD/ParA family protein	WP_175940553.1					-	Belongs to the ParA family	ko:K04562	-	ko00000,ko02035	-	-	AAA_31,CbiA
LDZ24_RS13315	flagellar biosynthesis protein FlhF	WP_248320735.1	GTP binding|0005525||IEA	bacterial-type flagellum organization|0044781||IEA		flhF	-	PFAM GTP-binding signal recognition particle SRP54 G- domain	ko:K02404	-	ko00000,ko02035	-	-	SRP54
LDZ24_RS13335	hypothetical protein	WP_248320739.1					-	-	-	-	-	-	-	-
LDZ24_RS13355	alpha/beta hydrolase	WP_248320743.1	hydrolase activity|0016787||IEA				-	Alpha beta hydrolase	ko:K01066	-	ko00000,ko01000	-	-	Abhydrolase_3
LDZ24_RS13360	AMP-binding protein	WP_248320744.1					-	PFAM AMP-dependent synthetase and ligase	ko:K00666	-	ko00000,ko01000,ko01004	-	-	AMP-binding,AMP-binding_C
LDZ24_RS13415	ParB/RepB/Spo0J family partition protein	WP_175938671.1					-	Belongs to the ParB family	ko:K03497	-	ko00000,ko03000,ko03036,ko04812	-	-	ParBc
LDZ24_RS13420	ParA family protein	WP_248320748.1	ATP binding|0005524||IEA				-	PFAM Cobyrinic acid a,c-diamide synthase	ko:K03496	-	ko00000,ko03036,ko04812	-	-	AAA_31
LDZ24_RS13490	LysR family transcriptional regulator	WP_248320759.1					-	transcriptional Regulator, LysR family	-	-	-	-	-	HTH_1,LysR_substrate
LDZ24_RS13510	sensor histidine kinase	WP_248320760.1	ATP binding|0005524||IEA	signal transduction|0007165||IEA			-	histidine kinase HAMP region domain protein	-	-	-	-	-	2CSK_N,HATPase_c,HisKA
LDZ24_RS13515	SET domain-containing protein	WP_248320761.1	S-adenosyl-L-methionine binding|1904047||IEA				-	Nuclear protein SET	ko:K07117	-	ko00000	-	-	SET
LDZ24_RS13520	NADH:flavin oxidoreductase/NADH oxidase	WP_206467267.1					-	NADH flavin oxidoreductase NADH oxidase	ko:K00219	-	ko00000,ko01000	-	-	Oxidored_FMN
LDZ24_RS13530	MarR family winged helix-turn-helix transcriptional regulator	WP_175938710.1	DNA-binding transcription factor activity|0003700||IEA	regulation of DNA-templated transcription|0006355||IEA			-	Regulatory protein MarR	-	-	-	-	-	MarR_2
LDZ24_RS13540	cation:proton antiporter	WP_248320763.1		proton transmembrane transport|1902600||IEA			-	Pfam Sodium hydrogen exchanger	-	-	-	-	-	Na_H_Exchanger
LDZ24_RS13545	bifunctional tRNA (5-methylaminomethyl-2-thiouridine)(34)-methyltransferase MnmD/FAD-dependent 5-carboxymethylaminomethyl-2-thiouridine(34) oxidoreductase MnmC	WP_248320764.1	oxidoreductase activity|0016491||IEA	tRNA processing|0008033||IEA		mnmC	-	Catalyzes the last two steps in the biosynthesis of 5- methylaminomethyl-2-thiouridine (mnm(5)s(2)U) at the wobble position (U34) in tRNA. Catalyzes the FAD-dependent demodification of cmnm(5)s(2)U34 to nm(5)s(2)U34, followed by the transfer of a methyl group from S-adenosyl-L-methionine to nm(5)s(2)U34, to form mnm(5)s(2)U34	ko:K15461	-	ko00000,ko01000,ko03016	-	-	DAO,Methyltransf_30
LDZ24_RS13555	GTP-binding protein	WP_248320765.1					-	cobalamin synthesis protein, P47K	-	-	-	-	-	CobW_C,cobW
LDZ24_RS13560	lytic transglycosylase domain-containing protein	WP_175938720.1					-	PFAM Lytic transglycosylase catalytic	-	-	-	-	-	SLT
LDZ24_RS13625	efflux transporter outer membrane subunit	WP_305854668.1	porin activity|0015288||IEA	transport|0006810||IEA	cell outer membrane|0009279||IEA		-	RND efflux system, outer membrane lipoprotein, NodT family	-	-	-	-	-	OEP
LDZ24_RS13630	hypothetical protein	WP_248320772.1					-	-	-	-	-	-	-	-
LDZ24_RS13635	MarR family winged helix-turn-helix transcriptional regulator	WP_248320773.1	DNA-binding transcription factor activity|0003700||IEA	regulation of DNA-templated transcription|0006355||IEA			-	PFAM regulatory protein, MarR	-	-	-	-	-	MarR,MarR_2
LDZ24_RS13645	hypothetical protein	WP_248320775.1					-	-	-	-	-	-	-	-
LDZ24_RS13690	DUF484 family protein	WP_248320782.1					-	Protein of unknown function, DUF484	ko:K09921	-	ko00000	-	-	DUF484
LDZ24_RS13700	lipid A biosynthesis lauroyl acyltransferase	WP_248320784.1					-	lipid A biosynthesis	ko:K02517,ko:K12974	M00060	ko00000,ko00001,ko00002,ko01000,ko01005	-	-	Lip_A_acyltrans
LDZ24_RS13710	hypothetical protein	WP_248320785.1					-	-	-	-	-	-	-	-
LDZ24_RS13715	phytanoyl-CoA dioxygenase family protein	WP_248320786.1					-	phytanoyl-CoA dioxygenase	ko:K00477	-	ko00000,ko00001,ko01000	-	-	PhyH
LDZ24_RS13720	DUF3185 family protein	WP_248320787.1					-	Protein of unknown function (DUF3185)	-	-	-	-	-	DUF3185
LDZ24_RS13740	sensor histidine kinase	WP_248320790.1	ATP binding|0005524||IEA				-	PFAM ATP-binding region, ATPase domain protein	-	-	-	-	-	HATPase_c,HisKA_3
LDZ24_RS13760	xanthine dehydrogenase family protein molybdopterin-binding subunit	WP_248320793.1	molybdopterin cofactor binding|0043546||IEA				-	Aldehyde oxidase and xanthine dehydrogenase	ko:K03520	-	ko00000,ko01000	-	-	Ald_Xan_dh_C,Ald_Xan_dh_C2
LDZ24_RS13765	xanthine dehydrogenase family protein subunit M	WP_248320794.1					-	Dehydrogenase	ko:K03519	-	ko00000,ko01000	-	-	CO_deh_flav_C,FAD_binding_5
LDZ24_RS13770	MoxR family ATPase	WP_248322366.1	ATP hydrolysis activity|0016887||IEA				-	PFAM ATPase associated with various cellular activities, AAA_5	-	-	-	-	-	AAA_5
LDZ24_RS13775	VWA domain-containing protein	WP_248320795.1					-	VWA containing CoxE family protein	ko:K07161	-	ko00000	-	-	VWA_CoxE
LDZ24_RS13780	CoxG family protein	WP_248320796.1	binding|0005488||IEA				-	carbon monoxide dehydrogenase	ko:K09386	-	ko00000	-	-	COXG
LDZ24_RS13785	XdhC family protein	WP_248320797.1					-	XdhC and CoxI family	ko:K07402	-	ko00000	-	-	XdhC_C,XdhC_CoxI
LDZ24_RS13790	PepSY-associated TM helix domain-containing protein	WP_248320798.1					-	PFAM PepSY-associated TM helix domain protein	ko:K09939	-	ko00000	-	-	PepSY_TM_like_2
LDZ24_RS13800	hypothetical protein	WP_175938808.1					-	-	-	-	-	-	-	-
LDZ24_RS13810	hypothetical protein	WP_175938812.1					-	-	-	-	-	-	-	-
LDZ24_RS13815	dienelactone hydrolase family protein	WP_248320801.1	hydrolase activity|0016787||IEA		cytosol|0005829||IEA		-	Carboxymethylenebutenolidase	ko:K01061	-	ko00000,ko00001,ko01000	-	-	DLH
LDZ24_RS13825	MFS transporter	WP_248320802.1	transmembrane transporter activity|0022857||IEA	transmembrane transport|0055085||IEA			-	PFAM major facilitator superfamily MFS_1	-	-	-	-	-	MFS_1
LDZ24_RS13830	HugZ family protein	WP_248322367.1					-	PFAM pyridoxamine 5'-phosphate oxidase-related, FMN-binding	ko:K07226	-	ko00000	-	-	DUF2470,Putative_PNPOx,Pyrid_oxidase_2
LDZ24_RS13835	H-NS family nucleoid-associated regulatory protein	WP_248320803.1	structural constituent of chromatin|0030527||IEA	regulation of DNA-templated transcription|0006355||IEA			-	Histone family protein nucleoid-structuring protein H-NS	ko:K03746	-	ko00000,ko03036,ko03400	-	-	Histone_HNS
LDZ24_RS13840	cation diffusion facilitator family transporter	WP_248320804.1	monoatomic cation transmembrane transporter activity|0008324||IEA				-	Belongs to the cation diffusion facilitator (CDF) transporter (TC 2.A.4) family	-	-	-	-	-	Cation_efflux,ZT_dimer
LDZ24_RS13850	exonuclease	WP_248320805.1					-	DNA polymerase III is a complex, multichain enzyme responsible for most of the replicative synthesis in bacteria. The epsilon subunit contain the editing function and is a proofreading 3'-5' exonuclease	-	-	-	-	-	-
LDZ24_RS13860	septal ring lytic transglycosylase RlpA family protein	WP_248320807.1					-	Lytic transglycosylase with a strong preference for naked glycan strands that lack stem peptides	ko:K03642	-	ko00000	-	-	DPBB_1
LDZ24_RS13880	BON domain-containing protein	WP_248320811.1					-	PFAM transport-associated	-	-	-	-	-	BON
LDZ24_RS13895	Arm DNA-binding domain-containing protein	WP_371747356.1					-	Belongs to the 'phage' integrase family	-	-	-	-	-	Arm-DNA-bind_3,Phage_int_SAM_3,Phage_integrase
LDZ24_RS13910	transposase	WP_248320380.1	transposase activity|0004803||IEA	DNA transposition|0006313||IEA			-	Transposase	-	-	-	-	-	HTH_Tnp_1
LDZ24_RS13910	transposase	WP_248320380.1	transposase activity|0004803||IEA	DNA transposition|0006313||IEA			-	Transposase	-	-	-	-	-	HTH_Tnp_1
LDZ24_RS13910	transposase	WP_248320380.1	transposase activity|0004803||IEA	DNA transposition|0006313||IEA			-	Transposase	-	-	-	-	-	HTH_Tnp_1
LDZ24_RS13910	transposase	WP_248320380.1	transposase activity|0004803||IEA	DNA transposition|0006313||IEA			-	Transposase	-	-	-	-	-	HTH_Tnp_1
LDZ24_RS13910	transposase	WP_248320380.1	transposase activity|0004803||IEA	DNA transposition|0006313||IEA			-	Transposase	-	-	-	-	-	HTH_Tnp_1
LDZ24_RS13910	transposase	WP_248320380.1	transposase activity|0004803||IEA	DNA transposition|0006313||IEA			-	Transposase	-	-	-	-	-	HTH_Tnp_1
LDZ24_RS13910	transposase	WP_248320380.1	transposase activity|0004803||IEA	DNA transposition|0006313||IEA			-	Transposase	-	-	-	-	-	HTH_Tnp_1
LDZ24_RS13915	IS66 family insertion sequence element accessory protein TnpB	WP_045463971.1				tnpB	-	Evidence 2b Function of strongly homologous gene	-	-	-	-	-	TnpB_IS66
LDZ24_RS13915	IS66 family insertion sequence element accessory protein TnpB	WP_045463971.1				tnpB	-	Evidence 2b Function of strongly homologous gene	-	-	-	-	-	TnpB_IS66
LDZ24_RS13915	IS66 family insertion sequence element accessory protein TnpB	WP_045463971.1				tnpB	-	Evidence 2b Function of strongly homologous gene	-	-	-	-	-	TnpB_IS66
LDZ24_RS13915	IS66 family insertion sequence element accessory protein TnpB	WP_045463971.1				tnpB	-	Evidence 2b Function of strongly homologous gene	-	-	-	-	-	TnpB_IS66
LDZ24_RS13915	IS66 family insertion sequence element accessory protein TnpB	WP_045463971.1				tnpB	-	Evidence 2b Function of strongly homologous gene	-	-	-	-	-	TnpB_IS66
LDZ24_RS13915	IS66 family insertion sequence element accessory protein TnpB	WP_045463971.1				tnpB	-	Evidence 2b Function of strongly homologous gene	-	-	-	-	-	TnpB_IS66
LDZ24_RS13915	IS66 family insertion sequence element accessory protein TnpB	WP_045463971.1				tnpB	-	Evidence 2b Function of strongly homologous gene	-	-	-	-	-	TnpB_IS66
LDZ24_RS13915	IS66 family insertion sequence element accessory protein TnpB	WP_045463971.1				tnpB	-	Evidence 2b Function of strongly homologous gene	-	-	-	-	-	TnpB_IS66
LDZ24_RS13915	IS66 family insertion sequence element accessory protein TnpB	WP_045463971.1				tnpB	-	Evidence 2b Function of strongly homologous gene	-	-	-	-	-	TnpB_IS66
LDZ24_RS13920	IS66 family transposase	WP_248320381.1	transposase activity|0004803||IEA				-	transposase	-	-	-	-	-	DDE_Tnp_IS66,DDE_Tnp_IS66_C,LZ_Tnp_IS66,zf-IS66
LDZ24_RS13920	IS66 family transposase	WP_248320381.1	transposase activity|0004803||IEA				-	transposase	-	-	-	-	-	DDE_Tnp_IS66,DDE_Tnp_IS66_C,LZ_Tnp_IS66,zf-IS66
LDZ24_RS13920	IS66 family transposase	WP_248320381.1	transposase activity|0004803||IEA				-	transposase	-	-	-	-	-	DDE_Tnp_IS66,DDE_Tnp_IS66_C,LZ_Tnp_IS66,zf-IS66
LDZ24_RS13920	IS66 family transposase	WP_248320381.1	transposase activity|0004803||IEA				-	transposase	-	-	-	-	-	DDE_Tnp_IS66,DDE_Tnp_IS66_C,LZ_Tnp_IS66,zf-IS66
LDZ24_RS13920	IS66 family transposase	WP_248320381.1	transposase activity|0004803||IEA				-	transposase	-	-	-	-	-	DDE_Tnp_IS66,DDE_Tnp_IS66_C,LZ_Tnp_IS66,zf-IS66
LDZ24_RS13920	IS66 family transposase	WP_248320381.1	transposase activity|0004803||IEA				-	transposase	-	-	-	-	-	DDE_Tnp_IS66,DDE_Tnp_IS66_C,LZ_Tnp_IS66,zf-IS66
LDZ24_RS13920	IS66 family transposase	WP_248320381.1	transposase activity|0004803||IEA				-	transposase	-	-	-	-	-	DDE_Tnp_IS66,DDE_Tnp_IS66_C,LZ_Tnp_IS66,zf-IS66
LDZ24_RS13930	AAA family ATPase	WP_248320816.1					-	AAA domain	-	-	-	-	-	AAA_25,PriCT_2
LDZ24_RS13940	hypothetical protein	WP_248320818.1					-	-	-	-	-	-	-	-
LDZ24_RS13945	helix-turn-helix domain-containing protein	WP_371747422.1	DNA binding|0003677||IEA				-	Excisionase	-	-	-	-	-	HTH_17
LDZ24_RS13950	DNA phosphorothioation system sulfurtransferase DndC	WP_248320819.1				dndC	-	COG0175 3'-phosphoadenosine 5'-phosphosulfate sulfotransferase (PAPS reductase) FAD synthetase and related enzymes	ko:K19170	-	ko00000,ko02048	-	-	PAPS_reduct
LDZ24_RS13960	AAA family ATPase	WP_248320821.1	ATP hydrolysis activity|0016887||IEA	double-strand break repair|0006302||IEA			-	COG0419 ATPase involved in DNA repair	ko:K19171	-	ko00000,ko02048	-	-	AAA_23
LDZ24_RS13965	ATP-binding protein	WP_248320822.1	ATP hydrolysis activity|0016887||IEA				-	COG0433 Predicted ATPase	-	-	-	-	-	DndE,TrwB_AAD_bind
LDZ24_RS13970	DNA phosphorothioation-associated putative methyltransferase	WP_248320823.1					-	methyltransferase	-	-	-	-	-	-
LDZ24_RS13975	VOC family protein	WP_248320824.1					-	PFAM Glyoxalase bleomycin resistance protein dioxygenase	ko:K08234	-	ko00000	-	-	Glyoxalase
LDZ24_RS13985	surface attachment protein Sap1	WP_248320826.1				sap1	-	-	-	-	-	-	-	-
LDZ24_RS13990	LysE family translocator	WP_248320827.1					-	LysE type translocator	-	-	-	-	-	LysE
LDZ24_RS13995	SgcJ/EcaC family oxidoreductase	WP_248320828.1					-	SnoaL-like domain	-	-	-	-	-	SnoaL_3
LDZ24_RS14005	transcriptional regulator	WP_175938858.1					-	Catalyzes the phosphorylation of the 3'-hydroxyl group of dephosphocoenzyme A to form coenzyme A	-	-	-	-	-	-
LDZ24_RS14030	50S ribosomal protein L34	WP_004198824.1	structural constituent of ribosome|0003735||IEA	translation|0006412||IEA	cytosolic large ribosomal subunit|0022625||IEA	rpmH	-	Belongs to the bacterial ribosomal protein bL34 family	ko:K02914	M00178	br01610,ko00000,ko00001,ko00002,ko03011	-	-	Ribosomal_L34
LDZ24_RS14035	replication initiation protein	WP_248322852.1					-	Initiator RepB protein	-	-	-	-	-	Rep_3
LDZ24_RS14045	ParA family partition ATPase	WP_248322855.1				parA	-	PFAM Cobyrinic acid a,c-diamide synthase	ko:K03496	-	ko00000,ko03036,ko04812	-	-	AAA_31
LDZ24_RS14050	GNAT family N-acetyltransferase	WP_248322856.1	acyltransferase activity, transferring groups other than amino-acyl groups|0016747||IEA				-	PFAM GCN5-related N-acetyltransferase	ko:K09181	-	ko00000	-	-	ATP-grasp_5,Acetyltransf_1,Acetyltransf_3,CoA_binding_2,Succ_CoA_lig
LDZ24_RS14055	hypothetical protein	WP_248322857.1					-	-	-	-	-	-	-	-
LDZ24_RS14060	IclR family transcriptional regulator	WP_248322858.1	DNA-binding transcription factor activity|0003700||IEA	regulation of DNA-templated transcription|0006355||IEA			-	helix_turn_helix isocitrate lyase regulation	-	-	-	-	-	HTH_IclR,IclR
LDZ24_RS14065	aldo/keto reductase	WP_248322859.1					-	PFAM aldo keto reductase	ko:K00064	M00114	ko00000,ko00001,ko00002,ko01000	-	-	Aldo_ket_red
LDZ24_RS14070	amidohydrolase	WP_248322860.1					-	PFAM amidohydrolase 2	ko:K07046	-	ko00000,ko00001,ko01000	-	-	Amidohydro_2
LDZ24_RS14080	ureidoglycolate lyase	WP_175940823.1					-	PFAM fumarylacetoacetate (FAA) hydrolase	ko:K16856,ko:K18336	-	ko00000,ko00001,ko01000	-	-	FAA_hydrolase
LDZ24_RS14085	PaaI family thioesterase	WP_206469020.1	thiolester hydrolase activity|0016790||IEA				-	Thioesterase superfamily	-	-	-	-	-	4HBT
LDZ24_RS14105	hypothetical protein	WP_248323358.1					-	-	-	-	-	-	-	-
LDZ24_RS14110	hypothetical protein	WP_248322866.1					-	-	-	-	-	-	-	-
LDZ24_RS14115	flavin reductase family protein	WP_248322867.1	oxidoreductase activity, acting on the CH-NH group of donors, NAD or NADP as acceptor|0016646||IEA				-	Flavin reductase like domain	-	-	-	-	-	Flavin_Reduct
LDZ24_RS14130	GlxA family transcriptional regulator	WP_248322868.1	DNA-binding transcription factor activity|0003700||IEA				-	helix-turn-helix- domain containing protein, AraC type	ko:K21826	-	ko00000,ko03000	-	-	DJ-1_PfpI,HTH_18
LDZ24_RS14135	class II aldolase/adducin family protein	WP_248322869.1					-	Class II aldolase	-	-	-	-	-	Aldolase_II
LDZ24_RS14140	GlxA family transcriptional regulator	WP_248322870.1	DNA-binding transcription factor activity|0003700||IEA				-	helix-turn-helix- domain containing protein, AraC type	-	-	-	-	-	DJ-1_PfpI,HTH_18
LDZ24_RS14145	hypothetical protein	WP_244849699.1					-	-	-	-	-	-	-	-
LDZ24_RS14175	dihydroneopterin aldolase	WP_248322875.1					-	dihydroneopterin aldolase	ko:K01633	M00126,M00840	ko00000,ko00001,ko00002,ko01000	-	-	FolB
LDZ24_RS14180	hypothetical protein	WP_248322876.1					-	-	-	-	-	-	-	-
LDZ24_RS14185	CRISPR-associated helicase Cas3'	WP_248322877.1	helicase activity|0004386||IEA	maintenance of CRISPR repeat elements|0043571||IEA		cas3	-	DEAD-like helicases superfamily	ko:K07012	-	ko00000,ko01000,ko02048	-	-	DEAD,Helicase_C
LDZ24_RS14190	type I-E CRISPR-associated protein Cse1/CasA	WP_248322878.1					-	TIGRFAM CRISPR-associated protein, Cse1 family	ko:K19123	-	ko00000,ko02048	-	-	-
LDZ24_RS14195	type I-E CRISPR-associated protein Cse2/CasB	WP_248322880.1		maintenance of CRISPR repeat elements|0043571||IEA		casB	-	CRISPR-associated protein Cse2 (CRISPR_cse2)	ko:K19046	-	ko00000,ko02048	-	-	CRISPR_Cse2
LDZ24_RS14200	type I-E CRISPR-associated protein Cas7/Cse4/CasC	WP_248322882.1		maintenance of CRISPR repeat elements|0043571||IEA		cas7e	-	CT1975-like protein	ko:K19124	-	ko00000,ko02048	-	-	Cas_CT1975
LDZ24_RS14205	type I-E CRISPR-associated protein Cas5/CasD	WP_248322883.1	RNA binding|0003723||IEA	defense response to virus|0051607||IEA		cas5e	-	CRISPR-associated protein (Cas_Cas5)	ko:K19125	-	ko00000,ko02048	-	-	Cas_Cas5d
LDZ24_RS14210	type I-E CRISPR-associated protein Cas6/Cse3/CasE	WP_248322884.1		maintenance of CRISPR repeat elements|0043571||IEA		cas6e	-	CRISPR_assoc	ko:K19126	-	ko00000,ko02048	-	-	CRISPR_assoc
LDZ24_RS14215	CRISPR-associated endonuclease Cas1	WP_248322885.1	metal ion binding|0046872||IEA	defense response to virus|0051607||IEA			-	CRISPR (clustered regularly interspaced short palindromic repeat), is an adaptive immune system that provides protection against mobile genetic elements (viruses, transposable elements and conjugative plasmids). CRISPR clusters contain spacers, sequences complementary to antecedent mobile elements, and target invading nucleic acids. CRISPR clusters are transcribed and processed into CRISPR RNA (crRNA). Acts as a dsDNA endonuclease. Involved in the integration of spacer DNA into the CRISPR cassette	ko:K15342	-	ko00000,ko02048,ko03400	-	-	Cas_Cas1
LDZ24_RS14225	hypothetical protein	WP_248322887.1					-	self proteolysis	-	-	-	-	-	Flg_new,LRR_5,RHS_repeat
LDZ24_RS14230	hypothetical protein	WP_248322888.1					-	-	-	-	-	-	-	-
LDZ24_RS14235	hypothetical protein	WP_248322889.1					-	-	-	-	-	-	-	-
LDZ24_RS14250	GlxA family transcriptional regulator	WP_175940846.1	DNA-binding transcription factor activity|0003700||IEA				-	helix-turn-helix- domain containing protein, AraC type	ko:K21826	-	ko00000,ko03000	-	-	DJ-1_PfpI,HTH_18
LDZ24_RS14260	dipeptidase	WP_206469039.1	metallodipeptidase activity|0070573||IEA	proteolysis|0006508||IEA			-	Peptidase M19	ko:K01273	-	ko00000,ko00537,ko01000,ko01002,ko04147	-	-	Peptidase_M19
LDZ24_RS14265	DUF5943 domain-containing protein	WP_175940849.1					-	PFAM 4-vinyl reductase, 4VR	-	-	-	-	-	V4R
LDZ24_RS14270	NADH:flavin oxidoreductase	WP_248322893.1	oxidoreductase activity|0016491||IEA				-	Nadh flavin oxidoreductase nadh oxidase	ko:K00317,ko:K21833	-	ko00000,ko00001,ko01000	-	-	Oxidored_FMN,Pyr_redox_2
LDZ24_RS14275	(Fe-S)-binding protein	WP_248322894.1					-	Domain of unknown function (DUF3483)	ko:K21834	-	ko00000	-	-	CCG,DUF3483,Fer4_8
LDZ24_RS14280	electron transfer flavoprotein subunit alpha/FixB family protein	WP_248322895.1	flavin adenine dinucleotide binding|0050660||IEA				-	Electron transfer flavoprotein	ko:K03522	-	ko00000,ko04147	-	-	ETF,ETF_alpha
LDZ24_RS14285	electron transfer flavoprotein subunit beta/FixA family protein	WP_248322896.1					-	Electron transfer flavoprotein	ko:K03521	-	ko00000	-	-	ETF
LDZ24_RS14290	SRPBCC family protein	WP_248322897.1	2 iron, 2 sulfur cluster binding|0051537||IEA	cellular metabolic process|0044237||IEA			-	PFAM Rieske 2Fe-2S	ko:K00479	-	ko00000	-	-	Rieske,Ring_hydroxyl_A
LDZ24_RS14295	hybrid-cluster NAD(P)-dependent oxidoreductase	WP_248323300.1	iron-sulfur cluster binding|0051536||IEA				-	oxidoreductase FAD NAD(P)-binding domain protein	ko:K11933,ko:K21832	-	ko00000,ko01000	-	-	FAD_binding_6,Fer2,NAD_binding_1
LDZ24_RS14310	hypothetical protein	WP_248322898.1					-	galactosyl transferase GMA12/MNN10 family	-	-	-	-	-	Glyco_transf_34
LDZ24_RS14325	FMN-binding negative transcriptional regulator	WP_248322901.1					-	Transcriptional regulator	ko:K07734	-	ko00000,ko03000	-	-	FMN_bind_2
LDZ24_RS14330	DUF1254 domain-containing protein	WP_248322902.1					-	Protein of unknown function (DUF1254)	-	-	-	-	-	DUF1214,DUF1254
LDZ24_RS14335	DUF748 domain-containing protein	WP_248322903.1					-	AsmA family	-	-	-	-	-	DUF748
LDZ24_RS14340	DUF29 domain-containing protein	WP_248322904.1					-	Evidence 4 Homologs of previously reported genes of	-	-	-	-	-	DUF29
LDZ24_RS14360	LysR substrate-binding domain-containing protein	WP_248322908.1					-	LysR substrate binding domain	ko:K03566	-	ko00000,ko00001,ko03000	-	-	HTH_1,LysR_substrate
LDZ24_RS14370	MarR family winged helix-turn-helix transcriptional regulator	WP_248322910.1	DNA-binding transcription factor activity|0003700||IEA	regulation of DNA-templated transcription|0006355||IEA			-	PFAM regulatory protein, MarR	-	-	-	-	-	MarR,MarR_2
LDZ24_RS14375	SDR family oxidoreductase	WP_248322911.1					-	Belongs to the short-chain dehydrogenases reductases (SDR) family	-	-	-	-	-	adh_short
LDZ24_RS14380	YciI family protein	WP_248322912.1					-	PFAM DGPFAETKE family protein	-	-	-	-	-	YCII
LDZ24_RS14405	sugar phosphate isomerase/epimerase	WP_248322916.1	isomerase activity|0016853||IEA				-	AP endonuclease 2 domain protein	-	-	-	-	-	AP_endonuc_2,AP_endonuc_2_N
LDZ24_RS14410	Gfo/Idh/MocA family protein	WP_248322917.1	oxidoreductase activity, acting on NAD(P)H|0016651||IEA				-	PFAM oxidoreductase domain protein	-	-	-	-	-	GFO_IDH_MocA,GFO_IDH_MocA_C
LDZ24_RS14420	IS110 family transposase	WP_371747457.1	transposase activity|0004803||IEA				-	Evidence 2b Function of strongly homologous gene	-	-	-	-	-	DEDD_Tnp_IS110,Transposase_20
LDZ24_RS14430	IS110 family transposase	WP_248322919.1	transposase activity|0004803||IEA				-	Transposase IS116/IS110/IS902 family	-	-	-	-	-	DEDD_Tnp_IS110,Transposase_20
LDZ24_RS14440	type I-F CRISPR-associated helicase Cas3f	WP_248322921.1	helicase activity|0004386||IEA	maintenance of CRISPR repeat elements|0043571||IEA		cas3f	-	CRISPR-associated helicase, Cas3	ko:K07012	-	ko00000,ko01000,ko02048	-	-	-
LDZ24_RS14445	type I-F CRISPR-associated endonuclease Cas1f	WP_248322922.1	metal ion binding|0046872||IEA	maintenance of CRISPR repeat elements|0043571||IEA		cas1f	-	CRISPR (clustered regularly interspaced short palindromic repeat), is an adaptive immune system that provides protection against mobile genetic elements (viruses, transposable elements and conjugative plasmids). CRISPR clusters contain spacers, sequences complementary to antecedent mobile elements, and target invading nucleic acids. CRISPR clusters are transcribed and processed into CRISPR RNA (crRNA). Acts as a dsDNA endonuclease. Involved in the integration of spacer DNA into the CRISPR cassette	ko:K15342	-	ko00000,ko02048,ko03400	-	-	Cas_Cas1
LDZ24_RS14455	hypothetical protein	WP_206469091.1					-	-	-	-	-	-	-	-
LDZ24_RS14475	thioredoxin family protein	WP_248322927.1					-	Thioredoxin	ko:K03671	-	ko00000,ko00001,ko03110	-	-	Thioredoxin
LDZ24_RS14495	D-erythronate dehydrogenase	WP_248322932.1	oxidoreductase activity|0016491||IEA	carbohydrate metabolic process|0005975||IEA		denD	-	Nad-dependent epimerase dehydratase	ko:K22025	-	ko00000,ko01000	-	-	Epimerase
LDZ24_RS14500	DedA family protein/thiosulfate sulfurtransferase GlpE	WP_248323302.1					-	SMART Rhodanese domain protein	-	-	-	-	-	Rhodanese,SNARE_assoc
LDZ24_RS14505	FAD-dependent oxidoreductase	WP_248322933.1	oxidoreductase activity|0016491||IEA				-	FAD-dependent pyridine nucleotide-disulphide oxidoreductase	ko:K00384	-	ko00000,ko00001,ko01000	-	-	Pyr_redox_2,cNMP_binding
LDZ24_RS14510	heavy metal sensor histidine kinase	WP_248322934.1	transferase activity, transferring phosphorus-containing groups|0016772||IEA	phosphorylation|0016310||IEA	membrane|0016020||IEA		-	Member of a two-component regulatory system	ko:K07644	M00452,M00745	ko00000,ko00001,ko00002,ko01000,ko01001,ko01504,ko02022	-	-	HAMP,HATPase_c,HisKA
LDZ24_RS14520	cytochrome b/b6 domain-containing protein	WP_248323303.1					-	cytochrome	-	-	-	-	-	Ni_hydr_CYTB
LDZ24_RS14525	molybdopterin-dependent oxidoreductase	WP_248322936.1					-	Oxidoreductase molybdopterin binding	-	-	-	-	-	Oxidored_molyb
LDZ24_RS14530	DUF5666 domain-containing protein	WP_248322937.1					-	-	-	-	-	-	-	-
LDZ24_RS14545	hypothetical protein	WP_248322940.1					-	signal peptide protein	-	-	-	-	-	-
LDZ24_RS14565	GntR family transcriptional regulator	WP_175940905.1	DNA-binding transcription factor activity|0003700||IEA				-	GntR family	ko:K03710	-	ko00000,ko03000	-	-	GntR,UTRA
LDZ24_RS14570	succinate dehydrogenase, cytochrome b556 subunit	WP_159834264.1	electron transfer activity|0009055||IEA	tricarboxylic acid cycle|0006099||IEA	respiratory chain complex II (succinate dehydrogenase)|0045273||IEA	sdhC	-	succinate dehydrogenase	ko:K00241	M00009,M00011,M00149,M00173,M00374,M00376	ko00000,ko00001,ko00002	-	-	Sdh_cyt
LDZ24_RS14570	succinate dehydrogenase, cytochrome b556 subunit	WP_159834264.1	electron transfer activity|0009055||IEA	tricarboxylic acid cycle|0006099||IEA	respiratory chain complex II (succinate dehydrogenase)|0045273||IEA	sdhC	-	succinate dehydrogenase	ko:K00241	M00009,M00011,M00149,M00173,M00374,M00376	ko00000,ko00001,ko00002	-	-	Sdh_cyt
LDZ24_RS14575	succinate dehydrogenase, hydrophobic membrane anchor protein	WP_248322945.1	heme binding|0020037||IEA	tricarboxylic acid cycle|0006099||IEA	respiratory chain complex II (succinate dehydrogenase)|0045273||IEA	sdhD	-	succinate dehydrogenase, hydrophobic membrane anchor protein	ko:K00242	M00009,M00011,M00149,M00173	ko00000,ko00001,ko00002	-	-	Sdh_cyt
LDZ24_RS14585	succinate dehydrogenase iron-sulfur subunit	WP_244849783.1	metal ion binding|0046872||IEA				-	Belongs to the succinate dehydrogenase fumarate reductase iron-sulfur protein family	ko:K00240	M00009,M00011,M00149,M00173,M00374,M00376	ko00000,ko00001,ko00002,ko01000	-	-	Fer2_3,Fer4_17,Fer4_8
LDZ24_RS14585	succinate dehydrogenase iron-sulfur subunit	WP_244849783.1	metal ion binding|0046872||IEA				-	Belongs to the succinate dehydrogenase fumarate reductase iron-sulfur protein family	ko:K00240	M00009,M00011,M00149,M00173,M00374,M00376	ko00000,ko00001,ko00002,ko01000	-	-	Fer2_3,Fer4_17,Fer4_8
LDZ24_RS14590	succinate dehydrogenase assembly factor 2	WP_175940910.1					-	Flavinator of succinate dehydrogenase	ko:K09159	-	ko00000,ko02048	-	-	Sdh5
LDZ24_RS14600	type II toxin-antitoxin system VapB family antitoxin	WP_248322947.1					-	Bacterial antitoxin of type II TA system, VapB	-	-	-	-	-	VapB_antitoxin
LDZ24_RS14630	FimV/HubP family polar landmark protein	WP_248322950.1					-	pilus assembly protein FimV	ko:K08086	-	ko00000	-	-	LysM
LDZ24_RS14650	site-specific DNA-methyltransferase	WP_248322953.1					-	Belongs to the N(4) N(6)-methyltransferase family	ko:K00571	-	ko00000,ko01000,ko02048	-	-	N6_N4_Mtase
LDZ24_RS14670	SPOR domain-containing protein	WP_248322956.1					-	PFAM Sporulation domain protein	ko:K03749	-	ko00000	-	-	SPOR
LDZ24_RS14675	CvpA family protein	WP_248323305.1		toxin biosynthetic process|0009403||IEA			-	colicin V production protein	ko:K03558	-	ko00000	-	-	Colicin_V
LDZ24_RS14685	AraC family transcriptional regulator	WP_248322957.1					-	PFAM helix-turn-helix- domain containing protein AraC type	-	-	-	-	-	AraC_binding_2,Cupin_2,HTH_18
LDZ24_RS14690	FKBP-type peptidyl-prolyl cis-trans isomerase	WP_248322958.1	peptidyl-prolyl cis-trans isomerase activity|0003755||IEA				-	peptidyl-prolyl cis-trans isomerase	ko:K01802,ko:K03772	-	ko00000,ko01000,ko03110	-	-	FKBP_C
LDZ24_RS14695	hypothetical protein	WP_248322959.1					-	-	-	-	-	-	-	-
LDZ24_RS14700	polysaccharide biosynthesis tyrosine autokinase	WP_371747444.1		extracellular polysaccharide biosynthetic process|0045226||IEA			-	PFAM lipopolysaccharide biosynthesis	ko:K08252,ko:K16692	-	ko00000,ko01000,ko01001	-	-	AAA_31,CBP_BcsQ,CbiA,GNVR,ParA,Wzz
LDZ24_RS14705	glycosyl hydrolase	WP_248322962.1	hydrolase activity, acting on glycosyl bonds|0016798||IEA				-	Glycosyl hydrolase catalytic core	-	-	-	-	-	Glyco_hydro_cc
LDZ24_RS14710	glycosyltransferase	WP_248322963.1					-	glycosyl transferase	-	-	-	-	-	Glyco_trans_1_4
LDZ24_RS14715	glycosyltransferase family 1 protein	WP_248322964.1	glycosyltransferase activity|0016757||IEA				-	glycosyl transferase group 1	-	-	-	-	-	Glyco_transf_4,Glycos_transf_1
LDZ24_RS14720	glycosyltransferase	WP_248322965.1	glycosyltransferase activity|0016757||IEA				-	PFAM glycosyl transferase group 1	-	-	-	-	-	Glyco_trans_1_4,Glyco_transf_4,Glycos_transf_1
LDZ24_RS14735	sensor histidine kinase KdpD	WP_248322968.1					-	Histidine kinase	-	-	-	-	-	HisKA
LDZ24_RS14740	hemolysin family protein	WP_248322969.1			membrane|0016020||IEA		-	CBS domain containing protein	-	-	-	-	-	CBS,CorC_HlyC,DUF21
LDZ24_RS14745	malto-oligosyltrehalose synthase	WP_248322970.1	(1,4)-alpha-D-glucan 1-alpha-D-glucosylmutase activity|0047470||IEA	trehalose biosynthetic process|0005992||IEA		treY	-	PFAM alpha amylase, catalytic region	ko:K06044	M00565	ko00000,ko00001,ko00002,ko01000	-	GH13	Alpha-amylase
LDZ24_RS14750	4-alpha-glucanotransferase	WP_248322972.1	4-alpha-glucanotransferase activity|0004134||IEA	glycogen catabolic process|0005980||IEA		malQ	-	4-alpha-glucanotransferase	ko:K00705	-	ko00000,ko00001,ko01000	-	GH77	Glyco_hydro_77
LDZ24_RS14755	malto-oligosyltrehalose trehalohydrolase	WP_248322974.1	4-alpha-D-(1->4)-alpha-D-glucanotrehalose trehalohydrolase activity|0033942||IEA	trehalose biosynthetic process|0005992||IEA		treZ	-	trehalohydrolase	ko:K01236	M00565	ko00000,ko00001,ko00002,ko01000	-	CBM48,GH13	Alpha-amylase,CBM_48,DUF3459
LDZ24_RS14775	maltotransferase domain-containing protein	WP_248322978.1	hydrolase activity, hydrolyzing O-glycosyl compounds|0004553||IEA				-	Maltosyltransferase that uses maltose 1-phosphate (M1P) as the sugar donor to elongate linear or branched alpha-(1- 4)- glucans. Is involved in a branched alpha-glucan biosynthetic pathway from trehalose, together with TreS, Mak and GlgB	ko:K16147	-	ko00000,ko00001,ko01000	-	GH13	Alpha-amylase,DUF3416
LDZ24_RS14785	DUF1345 domain-containing protein	WP_248322980.1					-	Protein of unknown function (DUF1345)	-	-	-	-	-	DUF1345
LDZ24_RS14790	sorbitol dehydrogenase family protein	WP_248322981.1					-	Membrane bound FAD containing D-sorbitol dehydrogenase	-	-	-	-	-	FAD-SLDH
LDZ24_RS14795	GMC family oxidoreductase	WP_248322982.1	oxidoreductase activity|0016491||IEA				-	glucose-methanol-choline oxidoreductase	-	-	-	-	-	DAO,FAD_binding_2,GMC_oxred_C,GMC_oxred_N
LDZ24_RS14800	c-type cytochrome	WP_248322984.1	heme binding|0020037||IEA				-	PFAM cytochrome c, class I	-	-	-	-	-	Cytochrom_C,Cytochrome_CBB3
LDZ24_RS14810	DNA topoisomerase IB	WP_371747459.1					-	DNA Topoisomerase	ko:K03168	-	ko00000,ko01000,ko03032,ko03400	-	-	Topoisom_I
LDZ24_RS14815	RES family NAD+ phosphorylase	WP_248322987.1					-	PFAM RES domain protein	-	-	-	-	-	RES
LDZ24_RS14820	MbcA/ParS/Xre antitoxin family protein	WP_206469176.1					-	Protein of unknown function (DUF2384)	-	-	-	-	-	DUF2384
LDZ24_RS14825	DUF2866 domain-containing protein	WP_248322988.1					-	Protein of unknown function (DUF2866)	-	-	-	-	-	DUF2866
LDZ24_RS14830	hypothetical protein	WP_248322989.1					-	-	-	-	-	-	-	-
LDZ24_RS14835	hypothetical protein	WP_248322990.1					-	-	-	-	-	-	-	-
LDZ24_RS14840	DUF3309 family protein	WP_040050372.1					-	Protein of unknown function (DUF3309)	-	-	-	-	-	DUF3309
LDZ24_RS14855	phosphatase PAP2 family protein	WP_248322992.1					-	PAP2 superfamily	-	-	-	-	-	PAP2
LDZ24_RS14860	PHB depolymerase family esterase	WP_248322994.1	hydrolase activity|0016787||IEA				-	Esterase PHB depolymerase	ko:K05973	-	ko00000,ko00001,ko01000	-	-	Esterase_phd
LDZ24_RS14865	DUF3563 family protein	WP_175940956.1					-	Protein of unknown function (DUF3563)	-	-	-	-	-	DUF3563
LDZ24_RS14870	BPSS1780 family membrane protein	WP_206469188.1					-	-	-	-	-	-	-	-
LDZ24_RS14880	hypothetical protein	WP_248322996.1					-	-	-	-	-	-	-	-
LDZ24_RS14915	sulfurtransferase	WP_248323001.1	sulfurtransferase activity|0016783||IEA				-	Sulfurtransferase	ko:K01011	-	ko00000,ko00001,ko01000	-	-	Rhodanese
LDZ24_RS14920	aromatic ring-hydroxylating dioxygenase subunit alpha	WP_248323002.1	2 iron, 2 sulfur cluster binding|0051537||IEA				-	rieske 2fe-2s	ko:K00499	-	ko00000,ko00001,ko01000	-	-	Rieske,Ring_hydroxyl_A
LDZ24_RS14925	exodeoxyribonuclease VII small subunit	WP_248323004.1	exodeoxyribonuclease VII activity|0008855||IEA	DNA catabolic process|0006308||IEA	exodeoxyribonuclease VII complex|0009318||IEA		-	Bidirectionally degrades single-stranded DNA into large acid-insoluble oligonucleotides, which are then degraded further into small acid-soluble oligonucleotides	ko:K03602	-	ko00000,ko00001,ko01000,ko03400	-	-	Exonuc_VII_S
LDZ24_RS14950	transposase	WP_248322012.1	transposase activity|0004803||IEA	DNA transposition|0006313||IEA			-	Transposase	-	-	-	-	-	HTH_Tnp_1
LDZ24_RS14950	transposase	WP_248322012.1	transposase activity|0004803||IEA	DNA transposition|0006313||IEA			-	Transposase	-	-	-	-	-	HTH_Tnp_1
LDZ24_RS14955	IS66 family insertion sequence element accessory protein TnpB	WP_045463971.1				tnpB	-	Evidence 2b Function of strongly homologous gene	-	-	-	-	-	TnpB_IS66
LDZ24_RS14955	IS66 family insertion sequence element accessory protein TnpB	WP_045463971.1				tnpB	-	Evidence 2b Function of strongly homologous gene	-	-	-	-	-	TnpB_IS66
LDZ24_RS14955	IS66 family insertion sequence element accessory protein TnpB	WP_045463971.1				tnpB	-	Evidence 2b Function of strongly homologous gene	-	-	-	-	-	TnpB_IS66
LDZ24_RS14955	IS66 family insertion sequence element accessory protein TnpB	WP_045463971.1				tnpB	-	Evidence 2b Function of strongly homologous gene	-	-	-	-	-	TnpB_IS66
LDZ24_RS14955	IS66 family insertion sequence element accessory protein TnpB	WP_045463971.1				tnpB	-	Evidence 2b Function of strongly homologous gene	-	-	-	-	-	TnpB_IS66
LDZ24_RS14955	IS66 family insertion sequence element accessory protein TnpB	WP_045463971.1				tnpB	-	Evidence 2b Function of strongly homologous gene	-	-	-	-	-	TnpB_IS66
LDZ24_RS14955	IS66 family insertion sequence element accessory protein TnpB	WP_045463971.1				tnpB	-	Evidence 2b Function of strongly homologous gene	-	-	-	-	-	TnpB_IS66
LDZ24_RS14955	IS66 family insertion sequence element accessory protein TnpB	WP_045463971.1				tnpB	-	Evidence 2b Function of strongly homologous gene	-	-	-	-	-	TnpB_IS66
LDZ24_RS14955	IS66 family insertion sequence element accessory protein TnpB	WP_045463971.1				tnpB	-	Evidence 2b Function of strongly homologous gene	-	-	-	-	-	TnpB_IS66
LDZ24_RS14960	IS66 family transposase	WP_248322013.1	transposase activity|0004803||IEA				-	transposase	-	-	-	-	-	DDE_Tnp_IS66,DDE_Tnp_IS66_C,LZ_Tnp_IS66,zf-IS66
LDZ24_RS14960	IS66 family transposase	WP_248322013.1	transposase activity|0004803||IEA				-	transposase	-	-	-	-	-	DDE_Tnp_IS66,DDE_Tnp_IS66_C,LZ_Tnp_IS66,zf-IS66
LDZ24_RS14980	GatB/YqeY domain-containing protein	WP_248323010.1					-	Yqey-like protein	ko:K09117	-	ko00000	-	-	YqeY
LDZ24_RS14985	DNA primase	WP_248323011.1	DNA primase activity|0003896||IEA	DNA replication, synthesis of primer|0006269||IEA		dnaG	-	RNA polymerase that catalyzes the synthesis of short RNA molecules used as primers for DNA polymerase during DNA replication	ko:K02316	-	ko00000,ko00001,ko01000,ko03032	-	-	DnaB_bind,DnaG_DnaB_bind,Toprim_2,Toprim_4,Toprim_N,zf-CHC2
LDZ24_RS15005	hypothetical protein	WP_248323014.1					-	HNH nucleases	ko:K07451	-	ko00000,ko01000,ko02048	-	-	HNH
LDZ24_RS15030	DcrB-related protein	WP_248323017.1					-	DcrB	-	-	-	-	-	DcrB
LDZ24_RS15035	hypothetical protein	WP_248323018.1					-	Rhs_assc_core RHS repeat-associated core domain protein	-	-	-	-	-	PAAR_motif,RHS,RHS_repeat
LDZ24_RS15040	IS5 family transposase	WP_248323019.1	transposase activity|0004803||IEA				-	transposase	-	-	-	-	-	DDE_Tnp_1,DUF4096
LDZ24_RS15040	IS5 family transposase	WP_248323019.1	transposase activity|0004803||IEA				-	transposase	-	-	-	-	-	DDE_Tnp_1,DUF4096
LDZ24_RS28135	RHS repeat domain-containing protein	WP_371747460.1	carbohydrate binding|0030246||IEA				-	Rhs_assc_core RHS repeat-associated core domain protein	-	-	-	-	-	PAAR_motif,RHS,RHS_repeat
LDZ24_RS15055	hypothetical protein	WP_248323020.1					-	-	-	-	-	-	-	-
LDZ24_RS15085	anthranilate 1,2-dioxygenase regulatory protein AndR	WP_248323025.1	sequence-specific DNA binding|0043565||IEA	catabolic process|0009056||IEA		andR	-	transcriptional regulator Arac family	-	-	-	-	-	AraC_binding_2,HTH_18
LDZ24_RS15110	muconate/chloromuconate family cycloisomerase	WP_248323030.1	manganese ion binding|0030145||IEA				-	mandelate racemase muconate lactonizing	ko:K01856,ko:K02549	M00116,M00568	ko00000,ko00001,ko00002,ko01000	-	-	MR_MLE_C,MR_MLE_N
LDZ24_RS15115	muconolactone Delta-isomerase	WP_175942180.1	muconolactone delta-isomerase activity|0016159||IEA	beta-ketoadipate pathway|0042952||IEA		catC	-	Belongs to the muconolactone Delta-isomerase family	ko:K03464	M00568	ko00000,ko00001,ko00002,ko01000	-	-	MIase
LDZ24_RS15120	catechol 1,2-dioxygenase	WP_248323031.1	catechol 1,2-dioxygenase activity|0018576||IEA	catechol catabolic process, ortho-cleavage|0019615||IEA		catA	-	catechol 1,2-dioxygenase	ko:K03381	M00568	ko00000,ko00001,ko00002,ko01000	-	-	Dioxygenase_C,Dioxygenase_N
LDZ24_RS15125	LacI family DNA-binding transcriptional regulator	WP_248323032.1	sequence-specific DNA binding|0043565||IEA	negative regulation of DNA-templated transcription|0045892||IEA			-	Transcriptional	ko:K06145	-	ko00000,ko03000	-	-	LacI,Peripla_BP_3
LDZ24_RS15145	bifunctional diguanylate cyclase/phosphodiesterase	WP_248323036.1					-	diguanylate cyclase	-	-	-	-	-	EAL,GGDEF
LDZ24_RS15155	GAF domain-containing protein	WP_248323037.1	protein binding|0005515||IEA				-	Domain present in phytochromes and cGMP-specific phosphodiesterases.	-	-	-	-	-	GAF,HTH_17
LDZ24_RS15160	LysE family translocator	WP_248323038.1					-	PFAM Lysine exporter protein (LYSE YGGA)	-	-	-	-	-	LysE
LDZ24_RS15165	acetylserotonin O-methyltransferase	WP_248323039.1	O-methyltransferase activity|0008171||IEA				-	O-methyltransferase family 2	-	-	-	-	-	Dimerisation2,Methyltransf_2
LDZ24_RS15170	hybrid sensor histidine kinase/response regulator	WP_248323040.1					-	Histidine kinase	-	-	-	-	-	GAF_2,HATPase_c,HisKA,PAS_3,PAS_9,Response_reg,dCache_1
LDZ24_RS15175	phosphatase PAP2 family protein	WP_248323041.1					-	PFAM phosphoesterase, PA-phosphatase related	ko:K19302	-	ko00000,ko00001,ko01000,ko01011	-	-	PAP2
LDZ24_RS15180	lipopolysaccharide biosynthesis protein	WP_248323042.1					-	6-phospho-beta-galactosidase activity	-	-	-	-	-	-
LDZ24_RS15195	class II aldolase/adducin family protein	WP_248323045.1					-	Class II aldolase adducin family protein	-	-	-	-	-	Aldolase_II
LDZ24_RS15200	DUF4148 domain-containing protein	WP_248323046.1					-	Domain of unknown function (DUF4148)	-	-	-	-	-	DUF4148
LDZ24_RS15205	DUF4142 domain-containing protein	WP_248323047.1					-	Domain of unknown function (DUF4142)	ko:K08995	-	ko00000	-	-	DUF4142
LDZ24_RS15210	diguanylate cyclase	WP_248323048.1	cyclase activity|0009975||IEA	regulation of signal transduction|0009966||IEA			-	diguanylate cyclase	-	-	-	-	-	GGDEF
LDZ24_RS15225	efflux transporter outer membrane subunit	WP_371747447.1	porin activity|0015288||IEA	transport|0006810||IEA	cell outer membrane|0009279||IEA		-	TIGRFAM RND efflux system, outer membrane lipoprotein, NodT family	-	-	-	-	-	OEP
LDZ24_RS15235	glycosyl hydrolase	WP_248323053.1					-	6-phospho-beta-galactosidase activity	-	-	-	-	-	Glyco_hydro_cc
LDZ24_RS15240	CPBP family intramembrane glutamic endopeptidase	WP_248323054.1	glutamic-type endopeptidase activity|0070007||IEA	CAAX-box protein processing|0071586||IEA	membrane|0016020||IEA		-	Abortive infection protein	-	-	-	-	-	Abi
LDZ24_RS15250	hypothetical protein	WP_371747461.1					-	Domain of unknown function (DUF4148)	-	-	-	-	-	DUF4148
LDZ24_RS15265	DUF2244 domain-containing protein	WP_248323059.1					-	Integral membrane protein (DUF2244)	-	-	-	-	-	DUF2244
LDZ24_RS15275	aminotransferase class V-fold PLP-dependent enzyme	WP_248323061.1					-	Aminotransferase	-	-	-	-	-	Aminotran_5
LDZ24_RS15280	oxidoreductase	WP_248323062.1					-	Belongs to the short-chain dehydrogenases reductases (SDR) family	-	-	-	-	-	adh_short
LDZ24_RS15285	hybrid sensor histidine kinase/response regulator	WP_248323063.1					-	histidine kinase A domain protein	-	-	-	-	-	HATPase_c,HisKA,MEDS,PAS_3,PAS_4,Response_reg
LDZ24_RS15290	MEDS domain-containing protein	WP_248323064.1					-	MEDS: MEthanogen/methylotroph, DcmR Sensory domain	-	-	-	-	-	MEDS
LDZ24_RS15305	LysR family transcriptional regulator	WP_206468679.1	DNA-binding transcription activator activity|0001216||IEA				-	LysR substrate binding domain	-	-	-	-	-	HTH_1,LysR_substrate
LDZ24_RS15315	glycosyltransferase family 1 protein	WP_248323068.1					-	PFAM glycosyl transferase group 1	-	-	-	-	-	Amino_oxidase,Glyco_trans_1_4,NAD_binding_8
LDZ24_RS15325	hypothetical protein	WP_248323069.1					-	-	-	-	-	-	-	-
LDZ24_RS15330	PAS domain S-box protein	WP_248323070.1					-	GAF domain	-	-	-	-	-	GAF,GGDEF,PAS,PAS_4,PAS_9
LDZ24_RS15335	ATP-binding protein	WP_248323071.1					-	Histidine kinase	-	-	-	-	-	GAF,GAF_2,HATPase_c,HisKA,PAS_3,PAS_4,PAS_8,PAS_9,Response_reg
LDZ24_RS15370	chemotaxis protein CheB	WP_248323076.1					-	CheB methylesterase	ko:K03412	M00506	ko00000,ko00001,ko00002,ko01000,ko02022,ko02035	-	-	CheB_methylest
LDZ24_RS15375	DUF4148 domain-containing protein	WP_248323077.1					-	Domain of unknown function (DUF4148)	-	-	-	-	-	DUF4148
LDZ24_RS15385	sterol desaturase family protein	WP_248323079.1	oxidoreductase activity|0016491||IEA	lipid metabolic process|0006629||IEA			-	Fatty acid hydroxylase superfamily	-	-	-	-	-	FA_hydroxylase
LDZ24_RS15390	PepSY domain-containing protein	WP_248323080.1					-	PFAM PepSY-associated TM helix domain protein	-	-	-	-	-	PepSY_TM
LDZ24_RS15395	hypothetical protein	WP_347879160.1					-	-	-	-	-	-	-	-
LDZ24_RS15405	bifunctional diguanylate cyclase/phosphodiesterase	WP_248323081.1					-	Diguanylate cyclase	-	-	-	-	-	EAL,GGDEF,PAS_3,PAS_4
LDZ24_RS15410	ParA family protein	WP_248323082.1	ATP binding|0005524||IEA				-	PFAM Cobyrinic acid a,c-diamide synthase	ko:K03496	-	ko00000,ko03036,ko04812	-	-	AAA_31
LDZ24_RS15415	hypothetical protein	WP_248323083.1					-	Psort location CytoplasmicMembrane, score 9.46	-	-	-	-	-	-
LDZ24_RS15420	SDR family NAD(P)-dependent oxidoreductase	WP_248323084.1	NAD+ binding|0070403||IEA				-	Short-chain dehydrogenase reductase sdr	-	-	-	-	-	adh_short_C2
LDZ24_RS15425	LysR family transcriptional regulator	WP_248323085.1	DNA-binding transcription activator activity|0001216||IEA				-	transcriptional Regulator, LysR family	-	-	-	-	-	HTH_1,LysR_substrate
LDZ24_RS15435	ribonuclease	WP_248323313.1					-	ribonuclease	ko:K01167	-	ko00000,ko01000,ko03016,ko03019	-	-	Ribonuclease
LDZ24_RS15440	glycoside hydrolase family 88 protein	WP_248323087.1					-	Glycosyl Hydrolase Family 88	ko:K18581	-	ko00000,ko01000	-	GH88	Glyco_hydro_88
LDZ24_RS15445	helix-turn-helix domain-containing protein	WP_248323088.1	sequence-specific DNA binding|0043565||IEA	regulation of DNA-templated transcription|0006355||IEA			-	Transcriptional regulator	ko:K18954	-	ko00000,ko03000	-	-	AraC_binding,HTH_18
LDZ24_RS15455	CaiB/BaiF CoA-transferase family protein	WP_248323090.1					-	CoA-transferase family III	-	-	-	-	-	CoA_transf_3
LDZ24_RS15470	MaoC family dehydratase	WP_248323093.1					-	MaoC like domain	-	-	-	-	-	MaoC_dehydratas
LDZ24_RS15475	TRAP transporter substrate-binding protein	WP_248323094.1					-	)transporter	-	-	-	-	-	DctP
LDZ24_RS15480	TRAP transporter small permease	WP_248323095.1	transmembrane transporter activity|0022857||IEA		membrane|0016020||IEA		-	Tripartite ATP-independent periplasmic transporters, DctQ component	-	-	-	-	-	DctQ
LDZ24_RS15490	arsenical resistance protein ArsH	WP_248323314.1		response to arsenic-containing substance|0046685||IEA		arsH	-	NADPH-dependent FMN reductase	ko:K11811	-	ko00000	-	-	FMN_red
LDZ24_RS15515	cellulose biosynthesis protein BcsQ	WP_248323101.1		bacterial cellulose biosynthetic process|0090540||IEA		bcsQ	-	cellulose synthase operon protein YhjQ	ko:K03496	-	ko00000,ko03036,ko04812	-	-	CBP_BcsQ
LDZ24_RS15520	cellulose biosynthesis protein BcsP	WP_248323102.1				bcsP	-	-	-	-	-	-	-	CBP_BcsR
LDZ24_RS15525	cellulose biosynthesis protein BcsD	WP_248323103.1		cellulose biosynthetic process|0030244||IEA		bcsD	-	Cellulose synthase subunit D	-	-	-	-	-	Cellsynth_D
LDZ24_RS15545	ATP-grasp fold amidoligase family protein	WP_248323107.1					-	TupA-like ATPgrasp	-	-	-	-	-	ATPgrasp_TupA
LDZ24_RS15555	SUMF1/EgtB/PvdO family nonheme iron enzyme	WP_248323109.1					-	DinB superfamily	-	-	-	-	-	DinB_2,FGE-sulfatase,Methyltransf_23,Methyltransf_25,Methyltransf_31
LDZ24_RS15565	universal stress protein	WP_248323111.1					-	universal stress protein	-	-	-	-	-	Usp
LDZ24_RS15570	MFS transporter	WP_248323315.1	transmembrane transporter activity|0022857||IEA	transmembrane transport|0055085||IEA			-	Major facilitator Superfamily	-	-	-	-	-	MFS_1
LDZ24_RS15580	SMP-30/gluconolactonase/LRE family protein	WP_248323113.1	hydrolase activity|0016787||IEA				-	Gluconolactonase	ko:K01053	M00129	ko00000,ko00001,ko00002,ko01000,ko04147	-	-	SGL
LDZ24_RS15585	GNAT family N-acetyltransferase	WP_248323114.1	acyltransferase activity|0016746||IEA				-	acetyltransferase	-	-	-	-	-	Acetyltransf_1,Acetyltransf_10,Acetyltransf_7
LDZ24_RS15590	short chain dehydrogenase	WP_248323115.1	oxidoreductase activity|0016491||IEA				-	short-chain dehydrogenase	-	-	-	-	-	adh_short_C2
LDZ24_RS15595	hypothetical protein	WP_248323116.1					-	-	-	-	-	-	-	-
LDZ24_RS15600	hypothetical protein	WP_248323117.1					-	-	-	-	-	-	-	-
LDZ24_RS15605	DUF3005 domain-containing protein	WP_248323118.1					-	Protein of unknown function (DUF3005)	-	-	-	-	-	DUF3005
LDZ24_RS15610	hypothetical protein	WP_175942044.1					-	-	-	-	-	-	-	-
LDZ24_RS15625	VOC family protein	WP_248323121.1	metal ion binding|0046872||IEA				-	3-Demethylubiquinone-9 3-methyltransferase	ko:K04750	-	ko00000	-	-	3-dmu-9_3-mt
LDZ24_RS15630	nuclear transport factor 2 family protein	WP_248323122.1					-	SnoaL-like domain	-	-	-	-	-	SnoaL_3
LDZ24_RS15635	TetR/AcrR family transcriptional regulator	WP_248323123.1	DNA binding|0003677||IEA	regulation of DNA-templated transcription|0006355||IEA			-	Transcriptional regulator	-	-	-	-	-	TetR_N,WHG
LDZ24_RS15660	DNA-3-methyladenine glycosylase	WP_248323316.1	alkylbase DNA N-glycosylase activity|0003905||IEA	base-excision repair|0006284||IEA			-	Belongs to the DNA glycosylase MPG family	ko:K03652	-	ko00000,ko00001,ko01000,ko03400	-	-	Pur_DNA_glyco
LDZ24_RS15665	low affinity iron permease family protein	WP_248323128.1		transmembrane transport|0055085||IEA			-	Low affinity iron permease	-	-	-	-	-	Iron_permease
LDZ24_RS15670	hypothetical protein	WP_371747449.1					-	PFAM Flp Fap pilin component	ko:K02651	-	ko00000,ko00001,ko02035,ko02044	-	-	Flp_Fap
LDZ24_RS15675	prepilin peptidase	WP_256465409.1					-	Type IV leader peptidase family	ko:K02278	-	ko00000,ko01000,ko02035,ko02044	-	-	Peptidase_A24
LDZ24_RS15680	Flp pilus assembly protein CpaB	WP_248323130.1				cpaB	-	Pilus assembly protein CpaB	ko:K02279	-	ko00000,ko02035,ko02044	-	-	RcpC,SAF
LDZ24_RS15685	type II and III secretion system protein family protein	WP_248323131.1					-	Belongs to the GSP D family	ko:K02280	-	ko00000,ko02035,ko02044	-	-	Secretin,T2SS-T3SS_pil_N
LDZ24_RS15690	CpaD family pilus assembly lipoprotein	WP_248323132.1					-	Pilus biogenesis CpaD protein (pilus_cpaD)	-	-	-	-	-	Pilus_CpaD
LDZ24_RS15695	CpaE family protein	WP_248323133.1					-	Pilus assembly protein	ko:K02282	-	ko00000,ko02035,ko02044	-	-	AAA_31
LDZ24_RS15700	CpaF family protein	WP_248323134.1					-	type II secretion system protein E	ko:K02283	-	ko00000,ko02035,ko02044	-	-	T2SSE
LDZ24_RS15705	type II secretion system F family protein	WP_248323135.1					-	Type II secretion system	ko:K12510	-	ko00000,ko02044	-	-	T2SSF
LDZ24_RS15710	type II secretion system F family protein	WP_248323136.1			membrane|0016020||IEA		-	Type II secretion system	ko:K12511	-	ko00000,ko02044	-	-	T2SSF
LDZ24_RS15715	lipopolysaccharide assembly protein LapB	WP_248323137.1					-	Tetratricopeptide repeat	-	-	-	-	-	TPR_16,TPR_19
LDZ24_RS15720	TadE/TadG family type IV pilus assembly protein	WP_248323138.1		pilus assembly|0009297||IEA			-	TadE-like protein	-	-	-	-	-	TadE
LDZ24_RS15730	pilus assembly protein	WP_248323140.1					-	TadE-like protein	-	-	-	-	-	TadE
LDZ24_RS15735	VWA domain-containing protein	WP_248323141.1					-	von Willebrand factor (vWF) type A domain	-	-	-	-	-	-
LDZ24_RS15740	DUF6496 domain-containing protein	WP_175942015.1					-	-	-	-	-	-	-	-
LDZ24_RS15745	succinylglutamate desuccinylase/aspartoacylase family protein	WP_248323142.1	hydrolase activity, acting on ester bonds|0016788||IEA				-	Succinylglutamate desuccinylase aspartoacylase	ko:K06987	-	ko00000	-	-	AstE_AspA
LDZ24_RS15750	IS5 family transposase	WP_248323143.1	transposase activity|0004803||IEA				-	transposase	-	-	-	-	-	DDE_Tnp_1,DUF4096
LDZ24_RS15750	IS5 family transposase	WP_248323143.1	transposase activity|0004803||IEA				-	transposase	-	-	-	-	-	DDE_Tnp_1,DUF4096
LDZ24_RS15760	glycoside hydrolase family 28 protein	WP_248323144.1	hydrolase activity, hydrolyzing O-glycosyl compounds|0004553||IEA	carbohydrate metabolic process|0005975||IEA			-	Belongs to the glycosyl hydrolase 28 family	-	-	-	-	-	Glyco_hydro_28
LDZ24_RS15765	alpha/beta fold hydrolase	WP_248323145.1					-	hydrolase	-	-	-	-	-	Abhydrolase_1,Abhydrolase_6
LDZ24_RS15770	excinuclease ABC subunit UvrA	WP_248323146.1	ATP hydrolysis activity|0016887||IEA	nucleotide-excision repair|0006289||IEA	excinuclease repair complex|0009380||IEA	uvrA	-	The UvrABC repair system catalyzes the recognition and processing of DNA lesions. UvrA is an ATPase and a DNA-binding protein. A damage recognition complex composed of 2 UvrA and 2 UvrB subunits scans DNA for abnormalities. When the presence of a lesion has been verified by UvrB, the UvrA molecules dissociate	ko:K03701	-	ko00000,ko00001,ko03400	-	-	ABC_tran
LDZ24_RS15775	ACT domain-containing protein	WP_248323147.1					-	ACT domain	ko:K09964	-	ko00000	-	-	ACT_3,ACT_7
LDZ24_RS15785	hypothetical protein	WP_248323149.1					-	-	-	-	-	-	-	-
LDZ24_RS15790	nuclear transport factor 2 family protein	WP_248323150.1					-	Limonene-1,2-epoxide hydrolase catalytic domain	-	-	-	-	-	SnoaL_2
LDZ24_RS15795	amylo-alpha-1,6-glucosidase	WP_248323151.1					-	Glycogen debranching enzyme N terminal	-	-	-	-	-	GDE_C,GDE_N
LDZ24_RS15800	glucosidase	WP_248323152.1					-	Belongs to the GPI family	-	-	-	-	-	-
LDZ24_RS15810	TAXI family TRAP transporter solute-binding subunit	WP_248323154.1					-	NMT1-like family	ko:K07080	-	ko00000	-	-	NMT1_3
LDZ24_RS15815	zinc ribbon domain-containing protein	WP_248323155.1					-	-	-	-	-	-	-	-
LDZ24_RS15830	LysR family transcriptional regulator	WP_248323158.1	DNA-binding transcription activator activity|0001216||IEA				-	Transcriptional regulator	-	-	-	-	-	HTH_1,LysR_substrate
LDZ24_RS15840	sensor histidine kinase	WP_248323160.1					-	PFAM ATP-binding region, ATPase domain protein	-	-	-	-	-	HATPase_c,RsbRD_N
LDZ24_RS15855	NADPH-dependent F420 reductase	WP_175941978.1					-	D-isomer specific 2-hydroxyacid dehydrogenase, NAD binding domain	-	-	-	-	-	F420_oxidored
LDZ24_RS15865	2OG-Fe(II) oxygenase	WP_371747462.1					-	Oxygenase, catalysing oxidative methylation of damaged DNA	ko:K09990	-	ko00000	-	-	Oxygenase-NA
LDZ24_RS15870	hemerythrin domain-containing protein	WP_175941974.1					-	Pfam Hemerythrin HHE cation binding domain	-	-	-	-	-	Hemerythrin
LDZ24_RS15875	ATP-dependent DNA helicase	WP_248323163.1	ATP binding|0005524||IEA				-	helicase	ko:K10844	M00290	ko00000,ko00001,ko00002,ko01000,ko03021,ko03400	-	-	DEAD_2,Helicase_C_2
LDZ24_RS15880	DOPA 4,5-dioxygenase family protein	WP_248323164.1					-	Dopa 4,5-dioxygenase family	ko:K10253	-	ko00000,ko01000	-	-	DOPA_dioxygen
LDZ24_RS15885	phasin family protein	WP_248323165.1					-	Phasin protein	-	-	-	-	-	Phasin_2
LDZ24_RS15890	XRE family transcriptional regulator	WP_248323166.1					-	-	-	-	-	-	-	HTH_31
LDZ24_RS15905	hypothetical protein	WP_248323169.1					-	-	-	-	-	-	-	-
LDZ24_RS15910	hypothetical protein	WP_248323170.1					-	-	-	-	-	-	-	-
LDZ24_RS15920	helix-turn-helix domain-containing protein	WP_371747450.1	sequence-specific DNA binding|0043565||IEA	regulation of DNA-templated transcription|0006355||IEA			-	helix-turn-helix- domain containing protein, AraC type	-	-	-	-	-	HTH_18,PAS_4
LDZ24_RS15925	response regulator	WP_175941956.1		phosphorelay signal transduction system|0000160||IEA			-	Response regulator receiver	-	-	-	-	-	Response_reg
LDZ24_RS15930	hypothetical protein	WP_175941955.1					-	-	-	-	-	-	-	-
LDZ24_RS15940	ATP-binding domain-containing protein	WP_248323173.1					-	Nuclease-related domain	-	-	-	-	-	AAA_19,NERD,UvrD_C_2
LDZ24_RS15945	ATP-binding protein	WP_248323174.1					-	histidine kinase A domain protein	-	-	-	-	-	HATPase_c,HisKA,Response_reg
LDZ24_RS15950	helix-turn-helix domain-containing protein	WP_248323175.1	DNA binding|0003677||IEA	regulation of DNA-templated transcription|0006355||IEA			-	PFAM BetR domain	-	-	-	-	-	BetR,Response_reg
LDZ24_RS15955	DUF6622 family protein	WP_248323176.1					-	-	-	-	-	-	-	-
LDZ24_RS15965	hypothetical protein	WP_248323177.1					-	-	-	-	-	-	-	-
LDZ24_RS15975	SDR family NAD(P)-dependent oxidoreductase	WP_248323179.1					-	Short-chain dehydrogenase reductase sdr	ko:K21883	-	ko00000,ko00001,ko01000	-	-	adh_short,adh_short_C2
LDZ24_RS15990	LysR family transcriptional regulator	WP_248323181.1					-	LysR substrate binding domain	-	-	-	-	-	HTH_1,LysR_substrate
LDZ24_RS16000	amidohydrolase	WP_248323183.1					-	amidohydrolase 2	ko:K07046	-	ko00000,ko00001,ko01000	-	-	Amidohydro_2
LDZ24_RS16025	helix-turn-helix domain-containing protein	WP_175941921.1					-	Transposase	-	-	-	-	-	HTH_23,HTH_29,HTH_33
LDZ24_RS16035	hypothetical protein	WP_175941917.1					-	-	-	-	-	-	-	-
LDZ24_RS16045	phosphate/phosphite/phosphonate ABC transporter substrate-binding protein	WP_248323188.1					-	ABC transporter, phosphonate, periplasmic substrate-binding protein	-	-	-	-	-	Phosphonate-bd
LDZ24_RS16050	fatty acid desaturase	WP_248323189.1		lipid metabolic process|0006629||IEA			-	fatty acid desaturase	-	-	-	-	-	FA_desaturase
LDZ24_RS16065	beta-xylosidase	WP_248323192.1					-	-	-	-	-	-	-	-
LDZ24_RS16070	hypothetical protein	WP_248323193.1					-	-	-	-	-	-	-	-
LDZ24_RS16075	hypothetical protein	WP_248323194.1					-	-	-	-	-	-	-	-
LDZ24_RS16080	hypothetical protein	WP_175941900.1					-	-	-	-	-	-	-	-
LDZ24_RS16100	ROK family protein	WP_248323198.1					-	ROK family	ko:K00886	M00001,M00549	ko00000,ko00001,ko00002,ko01000	-	-	ROK
LDZ24_RS16105	HAD family hydrolase	WP_248323199.1	hydrolase activity|0016787||IEA				-	Sucrose-6F-phosphate phosphohydrolase	-	-	-	-	-	Hydrolase_3
LDZ24_RS16120	polymer-forming cytoskeletal protein	WP_248323201.1					-	Polymer-forming cytoskeletal	-	-	-	-	-	Bactofilin
LDZ24_RS16125	hypothetical protein	WP_248323202.1					-	-	-	-	-	-	-	-
LDZ24_RS16130	M23 family metallopeptidase	WP_248323203.1	metalloendopeptidase activity|0004222||IEA				-	Peptidase M23	ko:K08259	-	ko00000,ko01000,ko01002,ko01011	-	-	Peptidase_M23
LDZ24_RS16135	LysR family transcriptional regulator	WP_248323204.1	DNA-binding transcription factor activity|0003700||IEA	regulation of DNA-templated transcription|0006355||IEA			-	Transcriptional regulator	-	-	-	-	-	HTH_1,LysR_substrate
LDZ24_RS16150	hypothetical protein	WP_206468467.1					-	-	-	-	-	-	-	-
LDZ24_RS16180	hypothetical protein	WP_248323210.1					-	-	-	-	-	-	-	-
LDZ24_RS16185	hypothetical protein	WP_248323211.1					-	-	-	-	-	-	-	-
LDZ24_RS16190	hypothetical protein	WP_248323212.1					-	-	-	-	-	-	-	-
LDZ24_RS16200	cytochrome P450	WP_248323214.1	heme binding|0020037||IEA				-	cytochrome P450	-	-	-	-	-	Rieske,p450
LDZ24_RS16205	helix-turn-helix domain-containing protein	WP_248323215.1	DNA-binding transcription factor activity|0003700||IEA	regulation of DNA-templated transcription|0006355||IEA			-	Cupin 2, conserved barrel domain protein	-	-	-	-	-	Cupin_2,HTH_3,HTH_31
LDZ24_RS16215	FAD-binding oxidoreductase	WP_248323217.1	oxidoreductase activity|0016491||IEA				-	fad dependent oxidoreductase	ko:K19746	-	ko00000,ko00001,ko01000	-	-	DAO
LDZ24_RS16220	hypothetical protein	WP_175940671.1					-	-	-	-	-	-	-	-
LDZ24_RS16225	hypothetical protein	WP_248323218.1					-	-	-	-	-	-	-	-
LDZ24_RS16230	PaaI family thioesterase	WP_206468431.1	thiolester hydrolase activity|0016790||IEA				-	Thioesterase superfamily	-	-	-	-	-	4HBT
LDZ24_RS16235	LysR family transcriptional regulator	WP_248323219.1					-	Transcriptional regulator, LysR family	-	-	-	-	-	HTH_1,LysR_substrate
LDZ24_RS16240	CaiB/BaiF CoA-transferase family protein	WP_248323220.1					-	PFAM L-carnitine dehydratase bile acid-inducible protein F	ko:K07749	-	ko00000,ko01000	-	-	CoA_transf_3
LDZ24_RS16265	hypothetical protein	WP_248323225.1					-	galactosyl transferase GMA12/MNN10 family	-	-	-	-	-	Glyco_transf_34
LDZ24_RS16270	DEAD/DEAH box helicase	WP_248323226.1	ATP binding|0005524||IEA				-	DEAD DEAH box helicase domain protein	ko:K03724	-	ko00000,ko01000,ko03400	-	-	DEAD,DEAD_assoc,Helicase_C
LDZ24_RS16275	hypothetical protein	WP_248323227.1					-	-	-	-	-	-	-	-
LDZ24_RS16280	hypothetical protein	WP_206468403.1					-	-	-	-	-	-	-	-
LDZ24_RS16285	hypothetical protein	WP_206468402.1					-	-	-	-	-	-	-	-
LDZ24_RS16290	serine/threonine-protein kinase	WP_248323228.1	protein kinase activity|0004672||IEA	protein phosphorylation|0006468||IEA			-	Serine threonine protein kinase	-	-	-	-	-	DUF4384,Pkinase
LDZ24_RS16295	phasin family protein	WP_175941815.1					-	TIGRFAM phasin family protein	-	-	-	-	-	Phasin_2
LDZ24_RS16300	DUF2964 family protein	WP_175941813.1					-	Protein of unknown function (DUF2964)	-	-	-	-	-	DUF2964
LDZ24_RS16305	DUF3564 family protein	WP_248323229.1					-	Protein of unknown function (DUF3564)	-	-	-	-	-	DUF3564
LDZ24_RS16310	Crp/Fnr family transcriptional regulator	WP_248323230.1	cAMP binding|0030552||IEA	regulation of DNA-templated transcription|0006355||IEA			-	helix_turn_helix, cAMP Regulatory protein	ko:K01420	-	ko00000,ko03000	-	-	HTH_Crp_2,cNMP_binding
LDZ24_RS16315	ATP-binding protein	WP_248323231.1					-	HAMP (Histidine kinases, Adenylyl cyclases, Methyl binding proteins, Phosphatases) domain	ko:K07638	M00445,M00742,M00743	ko00000,ko00001,ko00002,ko01000,ko01001,ko02022	-	-	HAMP,HATPase_c,HisKA
LDZ24_RS16325	EF-hand domain-containing protein	WP_248323322.1					-	Ca2 -binding protein (EF-Hand superfamily	-	-	-	-	-	-
LDZ24_RS16330	hypothetical protein	WP_248323233.1					-	-	-	-	-	-	-	-
LDZ24_RS16335	DUF3303 domain-containing protein	WP_248323234.1					-	Protein of unknown function (DUF3303)	-	-	-	-	-	DUF3303
LDZ24_RS16340	3-keto-5-aminohexanoate cleavage protein	WP_248323235.1					-	beta-keto acid cleavage enzyme	-	-	-	-	-	BKACE
LDZ24_RS16345	FadR/GntR family transcriptional regulator	WP_248323236.1	DNA-binding transcription factor activity|0003700||IEA				-	Regulatory protein GntR HTH	-	-	-	-	-	FCD,GntR
LDZ24_RS16350	dihydrodipicolinate synthase family protein	WP_248323237.1		obsolete organic substance metabolic process|0071704||IEA			-	Dihydrodipicolinate synthetase family	-	-	-	-	-	DHDPS
LDZ24_RS16380	histidine kinase	WP_248323241.1					-	RESPONSE REGULATOR receiver	-	-	-	-	-	Response_reg
LDZ24_RS16385	response regulator transcription factor	WP_175941781.1		phosphorelay signal transduction system|0000160||IEA			-	helix_turn_helix, Lux Regulon	-	-	-	-	-	GerE,Response_reg
LDZ24_RS16390	hypothetical protein	WP_248323242.1					-	-	-	-	-	-	-	-
LDZ24_RS16395	hypothetical protein	WP_248323243.1					-	-	-	-	-	-	-	-
LDZ24_RS16405	virulence factor family protein	WP_248323245.1					-	PFAM virulence factor family protein	-	-	-	-	-	VirJ
LDZ24_RS16410	DUF1993 family protein	WP_248323323.1					-	Domain of unknown function (DUF1993)	ko:K09983	-	ko00000	-	-	DUF1993
LDZ24_RS28145	oxidoreductase-like domain-containing protein	WP_371747453.1					-	Oxidoreductase-like protein, N-terminal	-	-	-	-	-	Oxidored-like
LDZ24_RS16420	penicillin acylase family protein	WP_248323247.1	hydrolase activity, acting on carbon-nitrogen (but not peptide) bonds, in linear amides|0016811||IEA				-	Penicillin amidase	ko:K07116	-	ko00000,ko01000	-	-	Penicil_amidase
LDZ24_RS16425	M20 family metallopeptidase	WP_248323248.1					-	Peptidase, M20	-	-	-	-	-	M20_dimer,Peptidase_M20
LDZ24_RS16435	NAD-dependent epimerase/dehydratase family protein	WP_248323250.1	catalytic activity|0003824||IEA				-	NmrA-like family	-	-	-	-	-	Epimerase
LDZ24_RS16445	RidA family protein	WP_248323252.1	hydrolase activity|0016787||IEA				-	Endoribonuclease L-PSP	ko:K09022	-	ko00000,ko01000	-	-	Ribonuc_L-PSP
LDZ24_RS16450	acid phosphatase	WP_248323253.1					-	acid phosphatase	-	-	-	-	-	Phosphoesterase
LDZ24_RS16455	sulfite exporter TauE/SafE family protein	WP_248323254.1					-	membrane transporter protein	ko:K07090	-	ko00000	-	-	TauE
LDZ24_RS16460	amylo-alpha-1,6-glucosidase	WP_248323255.1					-	Amylo-alpha-1,6-glucosidase	-	-	-	-	-	GDE_C,GDE_N_bis
LDZ24_RS16485	hypothetical protein	WP_248323259.1					-	Secreted repeat of unknown function	-	-	-	-	-	Lipoprotein_15
LDZ24_RS16490	sigma-70 family RNA polymerase sigma factor	WP_175941743.1	sigma factor activity|0016987||IEA	regulation of DNA-templated transcription|0006355||IEA			-	Belongs to the sigma-70 factor family. ECF subfamily	ko:K03088	-	ko00000,ko03021	-	-	Sigma70_r2,Sigma70_r4_2
LDZ24_RS16495	anti-sigma factor	WP_248323260.1					-	transmembrane transcriptional regulator (Anti-sigma factor)	-	-	-	-	-	-
LDZ24_RS16500	DUF2778 domain-containing protein	WP_248323261.1					-	Protein of unknown function (DUF2778)	-	-	-	-	-	DUF2778
LDZ24_RS16510	type VI secretion system tube protein Hcp	WP_248323263.1					-	type VI secretion system effector	ko:K11903	M00334	ko00000,ko00001,ko00002,ko02044	-	-	T6SS_HCP
LDZ24_RS16515	hypothetical protein	WP_248323359.1					-	-	-	-	-	-	-	-
LDZ24_RS16520	BspC domain-containing protein	WP_248323264.1					-	-	-	-	-	-	-	-
LDZ24_RS16525	putative glycolipid-binding domain-containing protein	WP_248323265.1					-	Putative glycolipid-binding	ko:K09957	-	ko00000	-	-	Glycolipid_bind
LDZ24_RS16535	cation diffusion facilitator family transporter	WP_248323267.1	monoatomic cation transmembrane transporter activity|0008324||IEA				-	cation diffusion facilitator family transporter	-	-	-	-	-	Cation_efflux
LDZ24_RS16550	purine nucleoside permease	WP_371747465.1					-	Purine nucleoside permease	-	-	-	-	-	NUP
LDZ24_RS16575	ParB/Srx family N-terminal domain-containing protein	WP_248323270.1					-	ParB-like nuclease	-	-	-	-	-	ParBc_2
LDZ24_RS16585	glycosyltransferase family 4 protein	WP_248323272.1					-	glycosyl transferase group 1	-	-	-	-	-	Glyco_trans_1_2,Glycos_transf_1
LDZ24_RS16590	glycosyltransferase family 9 protein	WP_248323273.1					-	PFAM glycosyl transferase family 9	-	-	-	-	-	Glyco_transf_9
LDZ24_RS16595	glycosyltransferase family 2 protein	WP_248323274.1	glycosyltransferase activity|0016757||IEA				-	Glycosyl transferase family group 2	-	-	-	-	-	Glycos_transf_2
LDZ24_RS16600	carbamoyltransferase C-terminal domain-containing protein	WP_248323275.1					-	Carbamoyltransferase	ko:K00612	-	ko00000,ko01000	-	-	Carbam_trans_C,Carbam_trans_N
LDZ24_RS16605	lipopolysaccharide heptosyltransferase II	WP_248323276.1	glycosyltransferase activity|0016757||IEA	lipopolysaccharide biosynthetic process|0009103||IEA		waaF	-	PFAM glycosyl transferase family 9	-	-	-	-	-	Glyco_transf_9
LDZ24_RS16620	glycosyltransferase family 2 protein	WP_248323279.1	glycosyltransferase activity|0016757||IEA				-	glycosyl transferase family 2	-	-	-	-	-	Glyco_tranf_2_3,Glycos_transf_2
LDZ24_RS16625	PIG-L deacetylase family protein	WP_248323280.1					-	PFAM LmbE family protein	-	-	-	-	-	PIG-L
LDZ24_RS16630	hypothetical protein	WP_248323281.1					-	-	-	-	-	-	-	-
LDZ24_RS16640	hypothetical protein	WP_248323283.1					-	galactosyl transferase GMA12/MNN10 family	-	-	-	-	-	Glyco_transf_34
LDZ24_RS16645	hypothetical protein	WP_248323284.1					-	-	-	-	-	-	-	-
LDZ24_RS16650	four-helix bundle copper-binding protein	WP_248323285.1					-	Ferredoxin	-	-	-	-	-	DUF326
LDZ24_RS16655	hypothetical protein	WP_248323286.1					-	-	-	-	-	-	-	-
LDZ24_RS16660	glycoside hydrolase family 15 protein	WP_248323287.1					-	Glycosyl hydrolases family 15	-	-	-	-	-	Glyco_hydro_15
LDZ24_RS16670	FAD-binding oxidoreductase	WP_248323289.1	flavin adenine dinucleotide binding|0050660||IEA				-	PFAM FAD linked oxidase domain protein	-	-	-	-	-	FAD-oxidase_C,FAD_binding_4
LDZ24_RS16675	anti-sigma factor	WP_248323290.1					-	transmembrane transcriptional regulator (Anti-sigma factor)	-	-	-	-	-	zf-HC2
LDZ24_RS16680	sigma-70 family RNA polymerase sigma factor	WP_206469523.1	sigma factor activity|0016987||IEA	regulation of DNA-templated transcription|0006355||IEA			-	Belongs to the sigma-70 factor family. ECF subfamily	ko:K03088	-	ko00000,ko03021	-	-	Sigma70_r2,Sigma70_r4_2
LDZ24_RS16685	anti-sigma factor	WP_248323291.1					-	AntiSigma factor	-	-	-	-	-	-
LDZ24_RS16690	DUF4148 domain-containing protein	WP_248323292.1					-	Domain of unknown function (DUF4148)	-	-	-	-	-	DUF4148
LDZ24_RS16700	cytochrome b	WP_248323293.1	metal ion binding|0046872||IEA	respiratory electron transport chain|0022904||IEA	membrane|0016020||IEA		-	Cytochrome B561	ko:K12262	-	ko00000	-	-	Ni_hydr_CYTB
LDZ24_RS16705	3-deoxy-D-arabino-heptulosonate 7-phosphate synthase	WP_371747455.1					-	-	-	-	-	-	-	-
LDZ24_RS16740	alpha/beta fold hydrolase	WP_248322378.1					-	Serine aminopeptidase, S33	-	-	-	-	-	Hydrolase_4
LDZ24_RS16745	hypothetical protein	WP_248322379.1					-	-	-	-	-	-	-	-
LDZ24_RS16750	DUF4148 domain-containing protein	WP_248322380.1					-	Domain of unknown function (DUF4148)	-	-	-	-	-	DUF4148
LDZ24_RS16760	FadR/GntR family transcriptional regulator	WP_248322382.1	DNA-binding transcription factor activity|0003700||IEA				-	FCD	-	-	-	-	-	FCD,GntR
LDZ24_RS16770	peroxiredoxin	WP_175941559.1	thioredoxin peroxidase activity|0008379||IEA				-	PFAM alkyl hydroperoxide reductase Thiol specific antioxidant Mal allergen	-	-	-	-	-	1-cysPrx_C,AhpC-TSA
LDZ24_RS16785	anti-sigma factor	WP_248322385.1					-	Putative zinc-finger	-	-	-	-	-	zf-HC2
LDZ24_RS16795	metallophosphoesterase	WP_248323329.1	metal ion binding|0046872||IEA				-	Metallophosphoesterase	-	-	-	-	-	Metallophos
LDZ24_RS16800	cupredoxin family copper-binding protein	WP_248322387.1					-	PFAM blue (type 1) copper domain protein	-	-	-	-	-	Copper-bind,Cupredoxin_1
LDZ24_RS16810	hypothetical protein	WP_248322389.1					-	-	-	-	-	-	-	-
LDZ24_RS16815	lecithin retinol acyltransferase family protein	WP_248322390.1					-	Lecithin retinol acyltransferase	-	-	-	-	-	LRAT
LDZ24_RS16820	hypothetical protein	WP_175941576.1					-	-	-	-	-	-	-	-
LDZ24_RS16825	PP2C family serine/threonine-protein phosphatase	WP_248322391.1	metal ion binding|0046872||IEA	protein dephosphorylation|0006470||IEA			-	SMART protein phosphatase 2C domain protein	ko:K01090	-	ko00000,ko01000	-	-	PP2C_2
LDZ24_RS16840	peptidylprolyl isomerase	WP_248322394.1	peptidyl-prolyl cis-trans isomerase activity|0003755||IEA				-	peptidylprolyl isomerase	ko:K01802	-	ko00000,ko01000	-	-	Rotamase,SurA_N_3
LDZ24_RS16845	HlyD family efflux transporter periplasmic adaptor subunit	WP_248322395.1					-	PFAM secretion protein HlyD family protein	ko:K02022	-	ko00000	-	-	Biotin_lipoyl_2,HlyD,HlyD_3
LDZ24_RS16850	FHA domain-containing protein	WP_248322396.1					-	Forkhead-associated protein	-	-	-	-	-	FHA
LDZ24_RS16855	efflux transporter outer membrane subunit	WP_248323330.1	porin activity|0015288||IEA	transport|0006810||IEA	cell outer membrane|0009279||IEA		-	TIGRFAM RND efflux system, outer membrane lipoprotein, NodT family	-	-	-	-	-	OEP
LDZ24_RS16860	hypothetical protein	WP_248322397.1					-	-	-	-	-	-	-	-
LDZ24_RS16865	hypothetical protein	WP_248322398.1					-	-	-	-	-	-	-	-
LDZ24_RS16870	DUF4399 domain-containing protein	WP_175941597.1					-	Domain of unknown function (DUF4399)	-	-	-	-	-	DUF4399
LDZ24_RS16875	DUF4399 domain-containing protein	WP_248322399.1					-	Domain of unknown function (DUF4399)	-	-	-	-	-	DUF4399
LDZ24_RS16880	SUMF1/EgtB/PvdO family nonheme iron enzyme	WP_371747424.1					-	peptidase C14 caspase catalytic subunit p20	-	-	-	-	-	FGE-sulfatase,Peptidase_C14
LDZ24_RS16885	DUF3857 and transglutaminase domain-containing protein	WP_248322401.1					-	Domain of Unknown Function with PDB structure (DUF3857)	-	-	-	-	-	DUF3857,Transglut_core
LDZ24_RS16890	HPP family protein	WP_248323331.1					-	CBS domain containing protein	ko:K07168	-	ko00000	-	-	CBS,HPP
LDZ24_RS16895	MarR family winged helix-turn-helix transcriptional regulator	WP_248322402.1	DNA-binding transcription factor activity|0003700||IEA	regulation of DNA-templated transcription|0006355||IEA			-	Regulatory protein MarR	-	-	-	-	-	MarR_2
LDZ24_RS16900	chloride channel protein	WP_248322403.1	voltage-gated chloride channel activity|0005247||IEA	transmembrane transport|0055085||IEA	membrane|0016020||IEA		-	CBS domain containing protein	-	-	-	-	-	CBS,Voltage_CLC
LDZ24_RS16905	hypothetical protein	WP_248322404.1					-	COG0457 FOG TPR repeat	-	-	-	-	-	Glyco_transf_9,Methyltransf_23
LDZ24_RS16910	hypothetical protein	WP_248322405.1					-	-	-	-	-	-	-	-
LDZ24_RS16915	winged helix-turn-helix domain-containing protein	WP_175941611.1					-	Transcriptional regulator	-	-	-	-	-	-
LDZ24_RS16920	aldo/keto reductase	WP_248322406.1					-	aldo keto reductase	-	-	-	-	-	Aldo_ket_red
LDZ24_RS16925	DUF1810 domain-containing protein	WP_248322407.1					-	Protein of unknown function (DUF1810)	-	-	-	-	-	DUF1810
LDZ24_RS16930	DUF2945 domain-containing protein	WP_159833678.1					-	Protein of unknown function (DUF2945)	-	-	-	-	-	DUF2945
LDZ24_RS16935	PRC-barrel domain-containing protein	WP_248322408.1	bacteriochlorophyll binding|0042314||IEA	photosynthesis, light reaction|0019684||IEA			-	PRC-barrel domain	-	-	-	-	-	PRC
LDZ24_RS16945	methyl-accepting chemotaxis protein	WP_248322410.1		signal transduction|0007165||IEA	membrane|0016020||IEA		-	Chemotaxis sensory transducer	ko:K03406,ko:K05874	-	ko00000,ko00001,ko02035	-	-	4HB_MCP_1,HAMP,MCPsignal
LDZ24_RS16955	aminotransferase class V-fold PLP-dependent enzyme	WP_248322412.1					-	Aminotransferase class-V	-	-	-	-	-	Aminotran_5
LDZ24_RS16970	GFA family protein	WP_248322414.1	metal ion binding|0046872||IEA				-	Glutathione-dependent formaldehyde-activating enzyme	-	-	-	-	-	GFA
LDZ24_RS16975	hypothetical protein	WP_248322415.1					-	-	-	-	-	-	-	-
LDZ24_RS16985	hypothetical protein	WP_248322417.1					-	-	-	-	-	-	-	-
LDZ24_RS16990	hypothetical protein	WP_248322418.1					-	-	-	-	-	-	-	-
LDZ24_RS16995	extensin family protein	WP_248322419.1					-	Extensin-like protein C-terminus	-	-	-	-	-	Extensin-like_C
LDZ24_RS17000	NAD(P)/FAD-dependent oxidoreductase	WP_248322420.1	flavin adenine dinucleotide binding|0050660||IEA				-	Ferredoxin--NADP reductase	ko:K00384	-	ko00000,ko00001,ko01000	-	-	Pyr_redox_2,Pyr_redox_3
LDZ24_RS17005	cytochrome c	WP_248322421.1					-	Cytochrome c class I	-	-	-	-	-	Cytochrom_C,Cytochrome_CBB3
LDZ24_RS17020	hypothetical protein	WP_175941648.1					-	-	-	-	-	-	-	-
LDZ24_RS17025	cytochrome c	WP_371747425.1					-	PFAM cytochrome c, class I	-	-	-	-	-	Cytochrom_C,Cytochrome_CBB3
LDZ24_RS17030	c-type cytochrome	WP_175942426.1					-	Cytochrome c	-	-	-	-	-	Cytochrom_C
LDZ24_RS17050	immunity 50 family protein	WP_248322426.1					-	Immunity protein 50	-	-	-	-	-	Imm50
LDZ24_RS17055	OprD family outer membrane porin	WP_248322427.1			membrane|0016020||IEA		-	outer membrane porin, OprD family	-	-	-	-	-	OprD
LDZ24_RS17090	VOC family protein	WP_248322434.1					-	glyoxalase bleomycin resistance protein dioxygenase	ko:K04750	-	ko00000	-	-	Glyoxalase
LDZ24_RS17115	succinylglutamate desuccinylase/aspartoacylase family protein	WP_248322438.1	hydrolase activity, acting on ester bonds|0016788||IEA				-	Succinylglutamate desuccinylase / Aspartoacylase family	ko:K06987	-	ko00000	-	-	AstE_AspA
LDZ24_RS17135	FAD-binding oxidoreductase	WP_248322441.1	oxidoreductase activity|0016491||IEA				-	fad dependent oxidoreductase	-	-	-	-	-	DAO
LDZ24_RS17140	DsbA family protein	WP_248322442.1					-	DSBA-like thioredoxin domain	-	-	-	-	-	DSBA
LDZ24_RS17145	flagellar brake protein	WP_248322443.1					-	type IV pilus assembly PilZ	-	-	-	-	-	PilZ,YcgR_2
LDZ24_RS17175	tRNA 2-selenouridine(34) synthase MnmH	WP_248322448.1	tRNA 2-selenouridine synthase activity|0043828||IEA	tRNA wobble uridine modification|0002098||IEA		mnmH	-	Catalyzes the transfer of selenium from selenophosphate for conversion of 2-thiouridine to 2-selenouridine at the wobble position in tRNA	ko:K06917	-	ko00000,ko01000,ko03016	-	-	Rhodanese
LDZ24_RS17195	OpgC domain-containing protein	WP_248322451.1					-	PFAM Uncharacterised conserved protein UCP028704, OpgC	-	-	-	-	-	OpgC_C
LDZ24_RS17210	precorrin-4 C(11)-methyltransferase	WP_248322453.1	precorrin-4 C11-methyltransferase activity|0046026||IEA	cobalamin biosynthetic process|0009236||IEA		cobM	-	Precorrin-4 C(11)-methyltransferase	ko:K05936	-	ko00000,ko00001,ko01000	-	-	TP_methylase
LDZ24_RS17220	cobalt-precorrin-5B (C(1))-methyltransferase	WP_248322455.1	methyltransferase activity|0008168||IEA	cobalamin biosynthetic process|0009236||IEA			-	Catalyzes the methylation of C-1 in cobalt-precorrin-5B to form cobalt-precorrin-6A	ko:K02188	-	ko00000,ko00001,ko01000	-	-	CbiD
LDZ24_RS17230	precorrin-3B synthase	WP_248322457.1	oxidoreductase activity, acting on paired donors, with incorporation or reduction of molecular oxygen, NAD(P)H as one donor, and incorporation of one atom of oxygen|0016709||IEA	aerobic cobalamin biosynthetic process|0019250||IEA		cobG	-	nitrite sulfite reductase hemoprotein beta-component ferrodoxin domain protein	ko:K02229	-	ko00000,ko00001,ko01000	-	-	NIR_SIR,NIR_SIR_ferr
LDZ24_RS17235	precorrin-8X methylmutase	WP_248322458.1	precorrin-8X methylmutase activity|0016993||IEA	cobalamin biosynthetic process|0009236||IEA			-	PFAM Precorrin-8X methylmutase CbiC CobH	ko:K06042	-	ko00000,ko00001,ko01000	-	-	CbiC
LDZ24_RS17240	precorrin-2 C(20)-methyltransferase	WP_248322459.1	precorrin-2 C20-methyltransferase activity|0030788||IEA	cobalamin biosynthetic process|0009236||IEA			-	PFAM Uroporphyrin-III C tetrapyrrole (Corrin Porphyrin) methyltransferase	ko:K03394	-	ko00000,ko00001,ko01000	-	-	TP_methylase
LDZ24_RS17245	precorrin-3B C(17)-methyltransferase	WP_248322460.1	precorrin-3B C17-methyltransferase activity|0030789||IEA	cobalamin biosynthetic process|0009236||IEA		cobJ	-	precorrin-3B C17-methyltransferase	ko:K05934,ko:K13541	-	ko00000,ko00001,ko01000	-	-	CbiG_N,CbiJ,TP_methylase
LDZ24_RS17250	VWA domain-containing protein	WP_248322461.1					-	von Willebrand factor (vWF) type A domain	ko:K13580	-	ko00000	-	-	VWA_2
LDZ24_RS17255	ATP-binding protein	WP_248322462.1					-	magnesium chelatase	ko:K03404,ko:K03405	-	ko00000,ko00001,ko01000	-	-	AAA_5,Mg_chelatase,VWA_2
LDZ24_RS17260	cobaltochelatase subunit CobN	WP_248322463.1	cobaltochelatase activity|0051116||IEA	cobalamin biosynthetic process|0009236||IEA		cobN	-	Cobaltochelatase CobN subunit	ko:K02230	-	ko00000,ko00001,ko01000	-	-	CobN-Mg_chel
LDZ24_RS17265	cobalamin biosynthesis protein CobW	WP_248322464.1		cobalamin biosynthetic process|0009236||IEA		cobW	-	cobalamin biosynthesis protein CobW	ko:K02234	-	ko00000,ko00001	-	-	CobW_C,cobW
LDZ24_RS17270	cobalamin biosynthesis protein	WP_248322465.1					-	Cobalamin synthesis G C-terminus	ko:K02189	-	ko00000,ko00001,ko01000	-	-	CbiG_C
LDZ24_RS17280	cobyrinate a,c-diamide synthase	WP_248322467.1	cobyrinic acid a,c-diamide synthase activity|0042242||IEA				-	Catalyzes the ATP-dependent amidation of the two carboxylate groups at positions a and c of cobyrinate, using either L-glutamine or ammonia as the nitrogen source	ko:K02224	-	ko00000,ko00001,ko01000	-	-	CbiA,GATase_3
LDZ24_RS17285	DUF1289 domain-containing protein	WP_206469483.1					-	Protein of unknown function (DUF1289)	ko:K06938	-	ko00000	-	-	DUF1289
LDZ24_RS17290	CbtA family protein	WP_248322468.1					-	Probable cobalt transporter subunit (CbtA)	-	-	-	-	-	CbtA
LDZ24_RS17295	CbtB-domain containing protein	WP_248322469.1					-	Probable cobalt transporter subunit (CbtB)	-	-	-	-	-	CbtB
LDZ24_RS17300	histidine phosphatase family protein	WP_371747427.1	phosphatase activity|0016791||IEA				-	Phosphoglycerate mutase	-	-	-	-	-	His_Phos_1
LDZ24_RS17310	antibiotic biosynthesis monooxygenase	WP_175941445.1	monooxygenase activity|0004497||IEA				-	Antibiotic biosynthesis monooxygenase	-	-	-	-	-	ABM
LDZ24_RS17315	hypothetical protein	WP_244140097.1					-	-	-	-	-	-	-	-
LDZ24_RS17325	polyphosphate kinase 2	WP_175941441.1	polyphosphate kinase activity|0008976||IEA	phosphorus metabolic process|0006793||IEA		ppk2	-	Polyphosphate kinase 2 (PPK2)	ko:K22468	-	ko00000,ko00001,ko01000,ko03019	-	-	PPK2
LDZ24_RS17330	hypothetical protein	WP_175941439.1					-	-	-	-	-	-	-	-
LDZ24_RS17350	alpha/beta hydrolase	WP_175941431.1	hydrolase activity|0016787||IEA				-	Alpha beta hydrolase	-	-	-	-	-	Abhydrolase_3
LDZ24_RS17360	DUF4148 domain-containing protein	WP_248322476.1					-	Domain of unknown function (DUF4148)	-	-	-	-	-	DUF4148
LDZ24_RS17370	DUF3331 domain-containing protein	WP_206469470.1					-	Domain of unknown function (DUF3331)	-	-	-	-	-	DUF3331
LDZ24_RS17375	NAD(P)-dependent oxidoreductase	WP_175941421.1					-	PFAM NAD-dependent epimerase dehydratase	ko:K07118	-	ko00000	-	-	NAD_binding_10
LDZ24_RS17380	hypothetical protein	WP_159833576.1					-	-	-	-	-	-	-	-
LDZ24_RS17385	phosphoribosyltransferase	WP_248322478.1					-	phosphoribosyltransferase	ko:K07100	-	ko00000	-	-	Pribosyltran
LDZ24_RS17415	DUF2628 domain-containing protein	WP_248322484.1					-	Protein of unknown function (DUF2628)	-	-	-	-	-	DUF2628
LDZ24_RS17420	response regulator transcription factor	WP_206469465.1	DNA binding|0003677||IEA	regulation of DNA-templated transcription|0006355||IEA			-	Transcriptional regulator	-	-	-	-	-	Response_reg,Trans_reg_C
LDZ24_RS17425	MFS transporter	WP_248322485.1	transmembrane transporter activity|0022857||IEA	transmembrane transport|0055085||IEA			-	Major facilitator superfamily MFS_1	-	-	-	-	-	MFS_1
LDZ24_RS17440	hypothetical protein	WP_206469460.1					-	-	-	-	-	-	-	-
LDZ24_RS17445	helix-turn-helix domain-containing protein	WP_248322487.1	DNA-binding transcription factor activity|0003700||IEA	regulation of DNA-templated transcription|0006355||IEA			-	PFAM helix-turn-helix domain protein	-	-	-	-	-	HTH_3,HTH_31
LDZ24_RS17465	DUF4148 domain-containing protein	WP_248322491.1					-	Domain of unknown function (DUF4148)	-	-	-	-	-	DUF4148
LDZ24_RS17470	DUF4148 domain-containing protein	WP_248322492.1					-	Domain of unknown function (DUF4148)	-	-	-	-	-	DUF4148
LDZ24_RS17475	efflux RND transporter permease subunit	WP_248322493.1	transmembrane transporter activity|0022857||IEA		membrane|0016020||IEA		-	Belongs to the resistance-nodulation-cell division (RND) (TC 2.A.6) family	-	-	-	-	-	ACR_tran
LDZ24_RS17480	efflux RND transporter periplasmic adaptor subunit	WP_248322494.1	identical protein binding|0042802||IEA	transmembrane transport|0055085||IEA	membrane|0016020||IEA		-	Belongs to the membrane fusion protein (MFP) (TC 8.A.1) family	-	-	-	-	-	HlyD_D23
LDZ24_RS17485	efflux transporter outer membrane subunit	WP_248322495.1	porin activity|0015288||IEA	transport|0006810||IEA	cell outer membrane|0009279||IEA		-	RND efflux system, outer membrane lipoprotein	-	-	-	-	-	OEP
LDZ24_RS17495	heavy metal sensor histidine kinase	WP_256465396.1	transferase activity, transferring phosphorus-containing groups|0016772||IEA	phosphorylation|0016310||IEA	membrane|0016020||IEA		-	Member of a two-component regulatory system	ko:K07644	M00452,M00745	ko00000,ko00001,ko00002,ko01000,ko01001,ko01504,ko02022	-	-	HATPase_c,HisKA
LDZ24_RS17500	nitrate reductase	WP_248322496.1	oxidoreductase activity|0016491||IEA				-	Belongs to the prokaryotic molybdopterin-containing oxidoreductase family	ko:K00372	M00531	ko00000,ko00001,ko00002,ko01000	-	-	Fer2_BFD,Molybdop_Fe4S4,Molybdopterin,Molydop_binding
LDZ24_RS17525	uroporphyrinogen-III C-methyltransferase	WP_248322501.1	uroporphyrin-III C-methyltransferase activity|0004851||IEA	siroheme biosynthetic process|0019354||IEA		cobA	-	PFAM Uroporphyrin-III C tetrapyrrole (Corrin Porphyrin) methyltransferase	ko:K02303	M00121	ko00000,ko00001,ko00002,ko01000	-	-	TP_methylase
LDZ24_RS17530	ANTAR domain-containing response regulator	WP_248322502.1					-	response regulator	ko:K07183	-	ko00000,ko02022	-	-	ANTAR,Response_reg
LDZ24_RS17540	DUF2760 domain-containing protein	WP_248322504.1					-	Domain of unknown function (DUF2760)	-	-	-	-	-	DUF2760
LDZ24_RS17545	Hsp70 family protein	WP_248322505.1	ATP-dependent protein folding chaperone|0140662||IEA				-	Belongs to the heat shock protein 70 family	-	-	-	-	-	HSP70
LDZ24_RS17550	Hsp70 family protein	WP_248322506.1	ATP-dependent protein folding chaperone|0140662||IEA				-	Belongs to the heat shock protein 70 family	-	-	-	-	-	DUF3731,HSP70
LDZ24_RS17560	hybrid sensor histidine kinase/response regulator	WP_248322508.1					-	His Kinase A (phosphoacceptor) domain	-	-	-	-	-	HATPase_c,HisKA,Response_reg
LDZ24_RS17565	alpha/beta hydrolase	WP_248322509.1					-	Carboxylesterase	ko:K06999	-	ko00000	-	-	Abhydrolase_2
LDZ24_RS17570	MAPEG family protein	WP_248322510.1					-	MAPEG family	-	-	-	-	-	MAPEG
LDZ24_RS17575	metallophosphoesterase	WP_248322511.1	metal ion binding|0046872||IEA				-	Calcineurin-like phosphoesterase superfamily domain	-	-	-	-	-	Metallophos
LDZ24_RS17580	diacylglycerol kinase family protein	WP_248322512.1	ATP binding|0005524||IEA	phospholipid biosynthetic process|0008654||IEA			-	Diacylglycerol kinase catalytic domain	-	-	-	-	-	DAGK_cat
LDZ24_RS17585	CBS domain-containing protein	WP_175941349.1					-	PFAM CBS domain containing protein	-	-	-	-	-	CBS
LDZ24_RS17590	chemotaxis protein	WP_248322513.1	phosphorelay response regulator activity|0000156||IEA	chemotaxis|0006935||IEA			-	response regulator	ko:K03415	M00506	ko00000,ko00001,ko00002,ko02022,ko02035	-	-	CheW,Response_reg
LDZ24_RS17595	hypothetical protein	WP_248322514.1					-	-	-	-	-	-	-	-
LDZ24_RS17600	response regulator	WP_175941343.1					-	Response regulator receiver	-	-	-	-	-	Response_reg
LDZ24_RS17605	hypothetical protein	WP_248322515.1					-	-	-	-	-	-	-	-
LDZ24_RS17615	nuclear transport factor 2 family protein	WP_248322517.1					-	50S ribosomal protein L21	ko:K09958	-	ko00000	-	-	DUF1348
LDZ24_RS17620	TetR/AcrR family transcriptional regulator	WP_248322518.1	DNA-binding transcription factor activity|0003700||IEA	regulation of DNA-templated transcription|0006355||IEA			-	regulatory protein TetR	-	-	-	-	-	TetR_N
LDZ24_RS17640	hypothetical protein	WP_248322522.1					-	Kdo2-lipid A biosynthetic process	-	-	-	-	-	-
LDZ24_RS17650	fimbrial protein	WP_248322524.1		cell adhesion|0007155||IEA	pilus|0009289||IEA		-	Fimbrial protein	-	-	-	-	-	-
LDZ24_RS17655	fimbrial protein	WP_248322525.1		cell adhesion|0007155||IEA	pilus|0009289||IEA		-	Fimbrial protein	ko:K07345	-	ko00000,ko00001,ko02035,ko02044	-	-	Fimbrial
LDZ24_RS17670	fimbrial protein	WP_248322527.1		cell adhesion|0007155||IEA	pilus|0009289||IEA		-	Type-1 fimbrial protein, A	ko:K07345	-	ko00000,ko00001,ko02035,ko02044	-	-	FimA
LDZ24_RS17675	adenosylcobalamin-dependent ribonucleoside-diphosphate reductase	WP_248322528.1	cobalamin binding|0031419||IEA				-	Catalyzes the reduction of ribonucleotides to deoxyribonucleotides. May function to provide a pool of deoxyribonucleotide precursors for DNA repair during oxygen limitation and or for immediate growth after restoration of oxygen	ko:K00525	M00053	ko00000,ko00001,ko00002,ko01000,ko03400	-	-	LAGLIDADG_3,Ribonuc_red_lgC
LDZ24_RS17685	cupin domain-containing protein	WP_248322530.1	metal ion binding|0046872||IEA				-	Cupin superfamily (DUF985)	ko:K09705	-	ko00000	-	-	Cupin_5
LDZ24_RS17695	N-acetyltransferase	WP_248322532.1	N-acetyltransferase activity|0008080||IEA				-	Acetyltransferase (GNAT) family	-	-	-	-	-	Acetyltransf_1
LDZ24_RS17700	DJ-1/PfpI family protein	WP_248322533.1	lyase activity|0016829||IEA				-	PFAM ThiJ PfpI domain protein	ko:K18199	-	ko00000,ko00001,ko01000,ko01002	-	-	DJ-1_PfpI
LDZ24_RS17705	GlxA family transcriptional regulator	WP_248322534.1	DNA-binding transcription factor activity|0003700||IEA				-	Transcriptional regulator	-	-	-	-	-	DJ-1_PfpI,HTH_18
LDZ24_RS17710	EAL domain-containing protein	WP_248322535.1					-	GAF domain	-	-	-	-	-	EAL,GAF_2,GGDEF
LDZ24_RS17715	hypothetical protein	WP_248322536.1					-	-	-	-	-	-	-	-
LDZ24_RS17720	DUF2795 domain-containing protein	WP_175941298.1					-	Protein of unknown function (DUF2795)	-	-	-	-	-	DUF2795
LDZ24_RS17725	pyrroloquinoline quinone precursor peptide PqqA	WP_008353049.1	catalytic activity|0003824||IEA	pyrroloquinoline quinone biosynthetic process|0018189||IEA		pqqA	-	Required for coenzyme pyrroloquinoline quinone (PQQ) biosynthesis. PQQ is probably formed by cross-linking a specific glutamate to a specific tyrosine residue and excising these residues from the peptide	ko:K06135	-	ko00000	-	-	PqqA
LDZ24_RS17730	hypothetical protein	WP_175941294.1					-	-	-	-	-	-	-	-
LDZ24_RS17735	UdgX family uracil-DNA binding protein	WP_248322537.1					-	Uracil DNA glycosylase superfamily	ko:K21929	-	ko00000,ko00001,ko01000,ko03400	-	-	UDG
LDZ24_RS17740	DUF3175 domain-containing protein	WP_248322538.1					-	Protein of unknown function (DUF3175)	-	-	-	-	-	DUF3175
LDZ24_RS17745	hypothetical protein	WP_175941287.1					-	-	-	-	-	-	-	-
LDZ24_RS17750	sorbosone dehydrogenase family protein	WP_248323335.1					-	Dehydrogenase	-	-	-	-	-	GSDH
LDZ24_RS17755	hypothetical protein	WP_248322539.1					-	-	-	-	-	-	-	-
LDZ24_RS17760	hybrid sensor histidine kinase/response regulator	WP_248322540.1					-	Histidine kinase	-	-	-	-	-	GAF_2,HATPase_c,HisKA,PAS_3,PAS_9,Response_reg,dCache_1
LDZ24_RS17785	host attachment protein	WP_248322544.1					-	Protein required for attachment to host cells	-	-	-	-	-	Host_attach
LDZ24_RS17790	FAD-binding oxidoreductase	WP_248322545.1	flavin adenine dinucleotide binding|0050660||IEA				-	PFAM FAD linked oxidase domain protein	-	-	-	-	-	BBE,FAD_binding_4
LDZ24_RS17795	IS5 family transposase	WP_248320663.1	transposase activity|0004803||IEA				-	transposase	-	-	-	-	-	DDE_Tnp_1,DUF4096
LDZ24_RS17795	IS5 family transposase	WP_248320663.1	transposase activity|0004803||IEA				-	transposase	-	-	-	-	-	DDE_Tnp_1,DUF4096
LDZ24_RS17795	IS5 family transposase	WP_248320663.1	transposase activity|0004803||IEA				-	transposase	-	-	-	-	-	DDE_Tnp_1,DUF4096
LDZ24_RS17795	IS5 family transposase	WP_248320663.1	transposase activity|0004803||IEA				-	transposase	-	-	-	-	-	DDE_Tnp_1,DUF4096
LDZ24_RS17795	IS5 family transposase	WP_248320663.1	transposase activity|0004803||IEA				-	transposase	-	-	-	-	-	DDE_Tnp_1,DUF4096
LDZ24_RS17795	IS5 family transposase	WP_248320663.1	transposase activity|0004803||IEA				-	transposase	-	-	-	-	-	DDE_Tnp_1,DUF4096
LDZ24_RS17795	IS5 family transposase	WP_248320663.1	transposase activity|0004803||IEA				-	transposase	-	-	-	-	-	DDE_Tnp_1,DUF4096
LDZ24_RS17795	IS5 family transposase	WP_248320663.1	transposase activity|0004803||IEA				-	transposase	-	-	-	-	-	DDE_Tnp_1,DUF4096
LDZ24_RS17805	LEA type 2 family protein	WP_248322547.1					-	Water Stress and Hypersensitive response	-	-	-	-	-	LEA_2
LDZ24_RS17810	metal-dependent hydrolase	WP_248322548.1					-	Membrane-bound metal-dependent hydrolase	-	-	-	-	-	YdjM
LDZ24_RS17820	4'-phosphopantetheinyl transferase superfamily protein	WP_248322549.1					-	Belongs to the P-Pant transferase superfamily	ko:K06133	-	ko00000,ko00001,ko01000	-	-	ACPS
LDZ24_RS17825	ShlB/FhaC/HecB family hemolysin secretion/activation protein	WP_248322550.1	porin activity|0015288||IEA	protein transport|0015031||IEA	pore complex|0046930||IEA		-	Hemolysin activator HlyB domain protein	ko:K07326	-	ko00000,ko00001	-	-	POTRA_2,POTRA_3,ShlB
LDZ24_RS17830	DUF2489 domain-containing protein	WP_248322551.1					-	Protein of unknown function (DUF2489)	-	-	-	-	-	DUF2489
LDZ24_RS17835	hypothetical protein	WP_248322552.1					-	-	-	-	-	-	-	-
LDZ24_RS17845	colicin immunity protein	WP_248322554.1					-	Colicin-E5 Imm protein	-	-	-	-	-	ImmE5
LDZ24_RS17850	colicin E5-related ribonuclease	WP_248322555.1	RNA nuclease activity|0004540||IEA				-	TIGRFAM filamentous haemagglutinin family outer membrane protein	ko:K15125	-	ko00000,ko00001,ko00536	-	-	ESPR,Fil_haemagg,Fil_haemagg_2,Haemagg_act
LDZ24_RS17860	DUF3293 domain-containing protein	WP_248322557.1					-	Protein of unknown function (DUF3293)	-	-	-	-	-	DUF3293
LDZ24_RS17865	DUF1059 domain-containing protein	WP_248322558.1					-	Protein of unknown function (DUF1059)	-	-	-	-	-	DUF1059
LDZ24_RS17870	hypothetical protein	WP_248322559.1					-	-	-	-	-	-	-	-
LDZ24_RS17875	DUF4148 domain-containing protein	WP_175941240.1					-	Domain of unknown function (DUF4148)	-	-	-	-	-	DUF4148
LDZ24_RS17885	nucleotide pyrophosphohydrolase	WP_248322561.1					-	MazG-like family	-	-	-	-	-	MazG-like
LDZ24_RS17895	Hsp20/alpha crystallin family protein	WP_175941236.1					-	Belongs to the small heat shock protein (HSP20) family	ko:K13993	-	ko00000,ko00001,ko03110	-	-	HSP20
LDZ24_RS17900	Hsp20/alpha crystallin family protein	WP_248322562.1					-	Belongs to the small heat shock protein (HSP20) family	-	-	-	-	-	HSP20
LDZ24_RS17910	hypothetical protein	WP_248322563.1					-	-	-	-	-	-	-	-
LDZ24_RS17915	PLP-dependent aminotransferase family protein	WP_248322564.1	pyridoxal phosphate binding|0030170||IEA				-	aminotransferase class I and II	-	-	-	-	-	Aminotran_1_2,GntR
LDZ24_RS17925	carboxymuconolactone decarboxylase family protein	WP_175941223.1					-	Antioxidant protein with alkyl hydroperoxidase activity. Required for the reduction of the AhpC active site cysteine residues and for the regeneration of the AhpC enzyme activity	-	-	-	-	-	CMD
LDZ24_RS17930	slipin family protein	WP_175941221.1			membrane|0016020||IEA		-	PFAM band 7 protein	-	-	-	-	-	Band_7
LDZ24_RS17935	nodulation protein NfeD	WP_371747466.1					-	serine protease	ko:K07403	-	ko00000	-	-	NfeD
LDZ24_RS17940	BON domain-containing protein	WP_248322567.1					-	Periplasmic or secreted lipoprotein	-	-	-	-	-	BON
LDZ24_RS17955	DUF4148 domain-containing protein	WP_248323337.1					-	Domain of unknown function (DUF4148)	-	-	-	-	-	DUF4148
LDZ24_RS17970	HutD family protein	WP_248322571.1					-	HutD	ko:K09975	-	ko00000	-	-	HutD
LDZ24_RS17975	histidine utilization repressor	WP_248322572.1	DNA-binding transcription factor activity|0003700||IEA	negative regulation of DNA-templated transcription|0045892||IEA		hutC	-	histidine utilization repressor	ko:K05836	-	ko00000,ko03000	-	-	GntR,UTRA
LDZ24_RS17980	histidine ammonia-lyase	WP_248322573.1	histidine ammonia-lyase activity|0004397||IEA	L-histidine catabolic process|0006548||IEA	cytoplasm|0005737||IEA	hutH	-	Histidine ammonia-lyase	ko:K01745	M00045	ko00000,ko00001,ko00002,ko01000	-	-	Lyase_aromatic
LDZ24_RS17995	hypothetical protein	WP_248322575.1					-	-	-	-	-	-	-	-
LDZ24_RS18005	P1 family peptidase	WP_248322577.1					-	PFAM peptidase S58, DmpA	ko:K01266	-	ko00000,ko01000,ko01002	-	-	Peptidase_S58
LDZ24_RS18035	MurR/RpiR family transcriptional regulator	WP_248322582.1	DNA-binding transcription factor activity|0003700||IEA	regulation of DNA-templated transcription|0006355||IEA			-	Transcriptional regulator	-	-	-	-	-	HTH_6,SIS
LDZ24_RS18050	YciI-like protein	WP_248322585.1					-	YciI from Haemophilus influenzae presents crystal structure similarity to a muconolactone isomerase, but does not seem to catalyze any of the	ko:K09780	-	ko00000	-	-	YCII
LDZ24_RS18055	hypothetical protein	WP_248322586.1					-	-	-	-	-	-	-	-
LDZ24_RS18060	OmpA family protein	WP_248322587.1					-	OmpA family	-	-	-	-	-	DUF937,OmpA
LDZ24_RS18065	hypothetical protein	WP_175941174.1					-	-	-	-	-	-	-	-
LDZ24_RS18070	GlsB/YeaQ/YmgE family stress response membrane protein	WP_248322588.1			membrane|0016020||IEA		-	PFAM Transglycosylase-associated protein	-	-	-	-	-	Transgly_assoc
LDZ24_RS18075	imidazolonepropionase	WP_248322589.1	imidazolonepropionase activity|0050480||IEA	L-histidine catabolic process to glutamate and formamide|0019556||IEA	cytoplasm|0005737||IEA	hutI	-	Imidazolone-5-propionate hydrolase	ko:K01468	M00045	ko00000,ko00001,ko00002,ko01000	-	-	Amidohydro_1,Amidohydro_3
LDZ24_RS18080	urocanate hydratase	WP_248322590.1	urocanate hydratase activity|0016153||IEA	L-histidine catabolic process|0006548||IEA		hutU	-	Catalyzes the conversion of urocanate to 4-imidazolone- 5-propionate	ko:K01712	M00045	ko00000,ko00001,ko00002,ko01000	-	-	Urocanase,Urocanase_C,Urocanase_N
LDZ24_RS18085	hypothetical protein	WP_248322591.1					-	-	-	-	-	-	-	-
LDZ24_RS18090	bifunctional diguanylate cyclase/phosphodiesterase	WP_248322592.1					-	domain protein	-	-	-	-	-	7TMR-DISM_7TM,EAL,GGDEF,HAMP,PAS,PAS_4,PAS_8,PAS_9,dCache_3
LDZ24_RS18095	hypothetical protein	WP_371747428.1					-	-	-	-	-	-	-	-
LDZ24_RS18100	hypothetical protein	WP_159834340.1					-	-	-	-	-	-	-	-
LDZ24_RS18105	EAL domain-containing protein	WP_248322593.1					-	GGDEF domain containing protein	-	-	-	-	-	EAL
LDZ24_RS18110	prolyl aminopeptidase	WP_248322594.1	aminopeptidase activity|0004177||IEA	protein catabolic process|0030163||IEA	cytoplasm|0005737||IEA	pip	-	Serine aminopeptidase, S33	ko:K01259	-	ko00000,ko00001,ko01000,ko01002	-	-	Abhydrolase_1
LDZ24_RS18115	1-acyl-sn-glycerol-3-phosphate acyltransferase	WP_248322595.1					-	Glycerol acyltransferase	ko:K00655	M00089	ko00000,ko00001,ko00002,ko01000,ko01004	-	-	Acyltransferase
LDZ24_RS18120	PleD family two-component system response regulator	WP_206469330.1					-	Response regulator receiver	-	-	-	-	-	Response_reg
LDZ24_RS18140	DUF2288 domain-containing protein	WP_206469326.1					-	Protein of unknown function (DUF2288)	-	-	-	-	-	DUF2288
LDZ24_RS18145	AI-2E family transporter	WP_248322599.1	efflux transmembrane transporter activity|0015562||IEA	autoinducer AI-2 transmembrane transport|1905887||IEA			-	AI-2E family transporter	-	-	-	-	-	AI-2E_transport
LDZ24_RS18150	OmpA family protein	WP_175941142.1	peptidoglycan binding|0042834||IEA				-	OmpA family	-	-	-	-	-	OmpA
LDZ24_RS18170	TetR/AcrR family transcriptional regulator	WP_248322603.1	DNA-binding transcription factor activity|0003700||IEA	regulation of DNA-templated transcription|0006355||IEA			-	PFAM regulatory protein TetR	-	-	-	-	-	TetR_C_4,TetR_N
LDZ24_RS18175	ferritin-like domain-containing protein	WP_248322604.1					-	Catalyzes the formation of the isocyclic ring in chlorophyll biosynthesis. Mediates the cyclase reaction, which results in the formation of divinylprotochlorophyllide (Pchlide) characteristic of all chlorophylls from magnesium-protoporphyrin IX 13-monomethyl ester (MgPMME)	-	-	-	-	-	-
LDZ24_RS18190	succinylglutamate desuccinylase/aspartoacylase family protein	WP_248322607.1	hydrolase activity, acting on ester bonds|0016788||IEA				-	PFAM Succinylglutamate desuccinylase aspartoacylase	ko:K06987	-	ko00000	-	-	AstE_AspA
LDZ24_RS18195	nuclear transport factor 2 family protein	WP_248322608.1					-	Protein involved in calmodulin-dependent protein kinase activity and protein amino acid phosphorylation	-	-	-	-	-	DUF4440
LDZ24_RS18200	porin	WP_248322609.1	porin activity|0015288||IEA		cell outer membrane|0009279||IEA		-	PFAM porin Gram-negative type	-	-	-	-	-	Porin_4
LDZ24_RS18220	helix-turn-helix transcriptional regulator	WP_248322613.1	DNA-binding transcription factor activity|0003700||IEA				-	Regulatory protein ArsR	-	-	-	-	-	HTH_20
LDZ24_RS18240	paraquat-inducible protein A	WP_248322617.1					-	paraquat-inducible protein A	ko:K03808	-	ko00000	-	-	PqiA
LDZ24_RS18245	intermembrane transport protein PqiB	WP_248322618.1					-	Mammalian cell entry	ko:K06192	-	ko00000	-	-	MlaD
LDZ24_RS18250	membrane integrity-associated transporter subunit PqiC	WP_248322619.1					-	ABC-type transport auxiliary lipoprotein component	ko:K09857	-	ko00000	-	-	ABC_trans_aux
LDZ24_RS18255	YMGG-like glycine zipper-containing protein	WP_248323338.1					-	YMGG-like Gly-zipper	-	-	-	-	-	Gly-zipper_YMGG
LDZ24_RS18260	DUF6232 family protein	WP_248322620.1					-	-	-	-	-	-	-	-
LDZ24_RS18290	DMT family transporter	WP_248322625.1	transmembrane transporter activity|0022857||IEA	transmembrane transport|0055085||IEA	membrane|0016020||IEA		-	EamA-like transporter family	-	-	-	-	-	EamA
LDZ24_RS28150	L,D-transpeptidase	WP_371747429.1	peptidoglycan L,D-transpeptidase activity|0071972||IEA				-	ErfK ybiS ycfS ynhG family protein	-	-	-	-	-	-
LDZ24_RS18300	hypothetical protein	WP_248322626.1					-	-	-	-	-	-	-	-
LDZ24_RS18305	ATP-binding protein	WP_248322627.1					-	Histidine kinase	ko:K07679	M00477	ko00000,ko00001,ko00002,ko01000,ko01001,ko02022	-	-	HATPase_c,HisKA,Hpt,PAS,PAS_4,Response_reg,SBP_bac_3
LDZ24_RS18310	S10 family peptidase	WP_248322628.1					-	PFAM peptidase S10 serine carboxypeptidase	-	-	-	-	-	Peptidase_S10
LDZ24_RS18315	protease pro-enzyme activation domain-containing protein	WP_248322629.1	serine-type peptidase activity|0008236||IEA				-	peptidase S8 and S53, subtilisin, kexin, sedolisin	ko:K08677	-	ko00000,ko01002	-	-	Peptidase_S8,Pro-kuma_activ
LDZ24_RS18320	DUF72 domain-containing protein	WP_248322630.1					-	Protein of unknown function DUF72	-	-	-	-	-	DUF72
LDZ24_RS18325	GFA family protein	WP_248322631.1	metal ion binding|0046872||IEA				-	PFAM glutathione-dependent formaldehyde-activating GFA	-	-	-	-	-	GFA
LDZ24_RS18330	GNAT family N-acetyltransferase	WP_248322632.1					-	-	-	-	-	-	-	-
LDZ24_RS18335	tetratricopeptide repeat protein	WP_248322633.1					-	repeat-containing protein	-	-	-	-	-	Glyco_transf_9,TPR_1,TPR_11,TPR_16,TPR_2,TPR_8
LDZ24_RS18360	UdgX family uracil-DNA binding protein	WP_248322638.1					-	PFAM Uracil-DNA glycosylase superfamily	ko:K21929	-	ko00000,ko00001,ko01000,ko03400	-	-	DUF4130,UDG
LDZ24_RS18365	hypothetical protein	WP_248322639.1					-	-	-	-	-	-	-	-
LDZ24_RS18370	glycosyltransferase family 9 protein	WP_248322640.1					-	Glycosyltransferase family 9 (heptosyltransferase)	-	-	-	-	-	Glyco_transf_9
LDZ24_RS18375	hypothetical protein	WP_175941075.1					-	-	-	-	-	-	-	-
LDZ24_RS18380	methyl-accepting chemotaxis protein	WP_248323341.1		signal transduction|0007165||IEA	membrane|0016020||IEA		-	Cache type 2 domain protein	ko:K03406	-	ko00000,ko00001,ko02035	-	-	4HB_MCP_1,HAMP,MCPsignal,TarH,dCache_2,sCache_2
LDZ24_RS18390	metallophosphoesterase	WP_248322642.1					-	PFAM metallophosphoesterase	ko:K07098	-	ko00000	-	-	Metallophos
LDZ24_RS18410	2,4'-dihydroxyacetophenone dioxygenase family protein	WP_248322646.1					-	ChrR Cupin-like domain	-	-	-	-	-	Cupin_7
LDZ24_RS18415	DUF2827 domain-containing protein	WP_248322647.1					-	Protein of unknown function (DUF2827)	-	-	-	-	-	DUF2827
LDZ24_RS18420	DUF2827 domain-containing protein	WP_248322648.1					-	Protein of unknown function (DUF2827)	-	-	-	-	-	DUF2827
LDZ24_RS18435	DUF6572 domain-containing protein	WP_248322651.1					-	-	-	-	-	-	-	-
LDZ24_RS18440	hypothetical protein	WP_248322652.1					-	-	-	-	-	-	-	-
LDZ24_RS18450	acyl-CoA dehydrogenase family protein	WP_175942376.1	oxidoreductase activity, acting on the CH-CH group of donors|0016627||IEA				-	acyl-CoA dehydrogenase	-	-	-	-	-	Acyl-CoA_dh_1,Acyl-CoA_dh_M,Acyl-CoA_dh_N
LDZ24_RS18455	AraC family transcriptional regulator	WP_371747430.1	DNA-binding transcription factor activity|0003700||IEA				-	Transcriptional regulator	-	-	-	-	-	Arabinose_bd,HTH_18
LDZ24_RS18460	hypothetical protein	WP_248322655.1					-	-	-	-	-	-	-	-
LDZ24_RS18465	hypothetical protein	WP_248322656.1					-	-	-	-	-	-	-	-
LDZ24_RS18475	DUF2891 domain-containing protein	WP_248322658.1					-	Protein of unknown function (DUF2891)	-	-	-	-	-	DUF2891
LDZ24_RS18490	alpha/beta fold hydrolase	WP_371747433.1					-	Alpha beta hydrolase	-	-	-	-	-	Abhydrolase_1,Abhydrolase_6
LDZ24_RS18495	hypothetical protein	WP_248322661.1					-	-	-	-	-	-	-	-
LDZ24_RS18500	AAA family ATPase	WP_248322662.1					-	ATPase MipZ	-	-	-	-	-	AAA_31
LDZ24_RS18505	alpha/beta fold hydrolase	WP_371747434.1					-	Alpha beta hydrolase	-	-	-	-	-	Abhydrolase_1,Abhydrolase_6
LDZ24_RS18510	DNA/RNA non-specific endonuclease	WP_248322663.1					-	DNA RNA non-specific endonuclease	ko:K01173	-	ko00000,ko00001,ko03029	-	-	Endonuclease_NS
LDZ24_RS18515	hypothetical protein	WP_175941054.1					-	-	-	-	-	-	-	-
LDZ24_RS18520	methylated-DNA--[protein]-cysteine S-methyltransferase	WP_248322664.1	methylated-DNA-[protein]-cysteine S-methyltransferase activity|0003908||IEA				-	Involved in the cellular defense against the biological effects of O6-methylguanine (O6-MeG) and O4-methylthymine (O4-MeT) in DNA. Repairs the methylated nucleobase in DNA by stoichiometrically transferring the methyl group to a cysteine residue in the enzyme. This is a suicide reaction the enzyme is irreversibly inactivated	ko:K00567	-	ko00000,ko01000,ko03400	-	-	DNA_binding_1,Methyltransf_1N
LDZ24_RS18525	OmpA family protein	WP_248323343.1	peptidoglycan binding|0042834||IEA				-	Belongs to the ompA family	-	-	-	-	-	OmpA
LDZ24_RS18530	DUF2968 domain-containing protein	WP_248322665.1					-	Protein of unknown function (DUF2968)	-	-	-	-	-	DUF2968
LDZ24_RS18540	ATPase domain-containing protein	WP_248322667.1					-	KaiC	ko:K08482	-	ko00000	-	-	ATPase
LDZ24_RS18545	response regulator	WP_248322668.1					-	cheY-homologous receiver domain	-	-	-	-	-	Response_reg
LDZ24_RS18555	fumarylacetoacetate hydrolase family protein	WP_248322670.1	hydrolase activity|0016787||IEA				-	fumarylacetoacetate (FAA) hydrolase	-	-	-	-	-	DUF2437,FAA_hydrolase
LDZ24_RS18560	acetate--CoA ligase family protein	WP_248322671.1					-	CoA-binding domain protein	-	-	-	-	-	ATP-grasp_5,Acetyltransf_3,Acetyltransf_4,CoA_binding_2,Succ_CoA_lig
LDZ24_RS18585	GntR family transcriptional regulator	WP_175941041.1	DNA-binding transcription factor activity|0003700||IEA				-	Transcriptional regulator	-	-	-	-	-	FCD,GntR
LDZ24_RS18590	hypothetical protein	WP_248322674.1					-	-	-	-	-	-	-	-
LDZ24_RS18610	LysR family transcriptional regulator	WP_248323344.1					-	Transcriptional regulator	ko:K21703	-	ko00000,ko03000	-	-	HTH_1,LysR_substrate
LDZ24_RS18615	hypothetical protein	WP_248322676.1					-	-	-	-	-	-	-	-
LDZ24_RS18625	RcnB family protein	WP_248322678.1					-	Nickel/cobalt transporter regulator	-	-	-	-	-	RcnB
LDZ24_RS18630	H-NS family nucleoid-associated regulatory protein	WP_248322679.1	structural constituent of chromatin|0030527||IEA	regulation of DNA-templated transcription|0006355||IEA			-	H-NS histone family	ko:K03746	-	ko00000,ko03036,ko03400	-	-	Histone_HNS
LDZ24_RS18640	lipopolysaccharide biosynthesis protein	WP_371747435.1					-	6-phospho-beta-galactosidase activity	-	-	-	-	-	Glyco_hydro_cc
LDZ24_RS18645	hypothetical protein	WP_248322682.1					-	-	-	-	-	-	-	-
LDZ24_RS18655	glycosyltransferase family 87 protein	WP_248322684.1	glycosyltransferase activity|0016757||IEA				-	Pfam:DUF2029	-	-	-	-	-	GT87
LDZ24_RS18665	DedA family protein	WP_248322685.1		transmembrane transport|0055085||IEA			-	SNARE associated Golgi protein	-	-	-	-	-	Rhodanese,SNARE_assoc
LDZ24_RS18670	VTT domain-containing protein	WP_248322686.1					-	Phosphoesterase PA-phosphatase related	ko:K19302	-	ko00000,ko00001,ko01000,ko01011	-	-	LssY_C,PAP2,SNARE_assoc
LDZ24_RS18705	YihY/virulence factor BrkB family protein	WP_248322692.1			membrane|0016020||IEA		-	ribonuclease BN	ko:K07058	-	ko00000	-	-	Virul_fac_BrkB
LDZ24_RS18720	proteasome-type protease	WP_248322695.1					-	PFAM 20S proteasome, A and B subunits	ko:K07395	-	ko00000	-	-	Proteasome
LDZ24_RS18725	3'-5' exonuclease family protein	WP_248322696.1	exonuclease activity|0004527||IEA				-	DNA polymerase III, epsilon subunit	ko:K02342	M00260	ko00000,ko00001,ko00002,ko01000,ko03032,ko03400	-	-	GIY-YIG,RNase_T
LDZ24_RS18740	HU family DNA-binding protein	WP_248322701.1	DNA binding|0003677||IEA	chromosome condensation|0030261||IEA			-	Bacterial DNA-binding protein	-	-	-	-	-	Bac_DNA_binding
LDZ24_RS18745	endonuclease/exonuclease/phosphatase family protein	WP_248322702.1	catalytic activity|0003824||IEA				-	Endonuclease/Exonuclease/phosphatase family	-	-	-	-	-	Exo_endo_phos
LDZ24_RS18750	VTT domain-containing protein	WP_371747436.1					-	phospholipase D	ko:K01115	-	ko00000,ko00001,ko01000,ko04131	-	-	PLDc,PLDc_2,SNARE_assoc
LDZ24_RS18760	LysE family translocator	WP_248322704.1					-	LysE type translocator	-	-	-	-	-	LysE
LDZ24_RS18770	DUF1328 family protein	WP_044042785.1			plasma membrane|0005886||IEA		-	UPF0391 membrane protein	-	-	-	-	-	DUF1328
LDZ24_RS18775	MBL fold metallo-hydrolase	WP_248323346.1					-	Beta-lactamase superfamily domain	-	-	-	-	-	Lactamase_B_2
LDZ24_RS18780	hypothetical protein	WP_175942286.1					-	-	-	-	-	-	-	-
LDZ24_RS18790	LacI family DNA-binding transcriptional regulator	WP_248323347.1	sequence-specific DNA binding|0043565||IEA	negative regulation of DNA-templated transcription|0045892||IEA			-	periplasmic binding protein LacI transcriptional regulator	ko:K06145	-	ko00000,ko03000	-	-	LacI,Peripla_BP_3
LDZ24_RS18795	hypothetical protein	WP_248322706.1					-	-	-	-	-	-	-	-
LDZ24_RS18825	DUF4148 domain-containing protein	WP_248322707.1					-	Domain of unknown function (DUF4148)	-	-	-	-	-	DUF4148
LDZ24_RS18830	response regulator	WP_248322708.1		phosphorelay signal transduction system|0000160||IEA			-	His Kinase A (phospho-acceptor) domain	-	-	-	-	-	HATPase_c,HisKA,Response_reg
LDZ24_RS18835	ATP-binding protein	WP_248322709.1					-	His Kinase A (phosphoacceptor) domain	-	-	-	-	-	HATPase_c,HisKA,Response_reg
LDZ24_RS18840	ATP-binding SpoIIE family protein phosphatase	WP_248322710.1	metal ion binding|0046872||IEA	protein dephosphorylation|0006470||IEA			-	anti-sigma regulatory factor	-	-	-	-	-	HATPase_c_2,SpoIIE
LDZ24_RS18845	anti-sigma regulatory factor	WP_248322711.1					-	Histidine kinase-like ATPases	ko:K17752	-	ko00000,ko01000,ko01001,ko03021	-	-	HATPase_c,HATPase_c_2
LDZ24_RS18850	STAS domain-containing protein	WP_248322713.1					-	PFAM Sulfate transporter antisigma-factor antagonist STAS	ko:K17762	-	ko00000,ko03021	-	-	STAS
LDZ24_RS18855	STAS domain-containing protein	WP_248322715.1					-	RsbT co-antagonist protein rsbRD N-terminal domain	ko:K17763	-	ko00000,ko03021	-	-	Protoglobin,RsbRD_N,STAS
LDZ24_RS18865	alpha/beta hydrolase	WP_248322718.1	hydrolase activity|0016787||IEA				-	Serine aminopeptidase, S33	ko:K06889	-	ko00000	-	-	Hydrolase_4
LDZ24_RS18870	phasin family protein	WP_248322719.1					-	Phasin protein	-	-	-	-	-	Phasin_2
LDZ24_RS18875	exodeoxyribonuclease III	WP_248322720.1	double-stranded DNA 3'-5' DNA exonuclease activity|0008311||IEA	DNA repair|0006281||IEA		xth	-	Exodeoxyribonuclease III	ko:K01142	-	ko00000,ko00001,ko01000,ko03400	-	-	Exo_endo_phos
LDZ24_RS18900	DNA polymerase IV	WP_256465397.1	DNA-directed DNA polymerase activity|0003887||IEA	DNA repair|0006281||IEA		dinB	GO:0000731,GO:0003674,GO:0003824,GO:0003887,GO:0005575,GO:0005622,GO:0005623,GO:0005634,GO:0005654,GO:0005737,GO:0006139,GO:0006259,GO:0006281,GO:0006301,GO:0006725,GO:0006807,GO:0006950,GO:0006974,GO:0008150,GO:0008152,GO:0009058,GO:0009059,GO:0009987,GO:0016604,GO:0016607,GO:0016740,GO:0016772,GO:0016779,GO:0018130,GO:0019438,GO:0019985,GO:0031974,GO:0031981,GO:0032991,GO:0033554,GO:0034061,GO:0034641,GO:0034645,GO:0034654,GO:0035770,GO:0036464,GO:0042276,GO:0043170,GO:0043226,GO:0043227,GO:0043228,GO:0043229,GO:0043231,GO:0043232,GO:0043233,GO:0044237,GO:0044238,GO:0044249,GO:0044260,GO:0044271,GO:0044422,GO:0044424,GO:0044428,GO:0044444,GO:0044446,GO:0044451,GO:0044464,GO:0046483,GO:0050896,GO:0051716,GO:0070013,GO:0071704,GO:0071897,GO:0090304,GO:0140097,GO:1901360,GO:1901362,GO:1901576,GO:1990904	Poorly processive, error-prone DNA polymerase involved in untargeted mutagenesis. Copies undamaged DNA at stalled replication forks, which arise in vivo from mismatched or misaligned primer ends. These misaligned primers can be extended by PolIV. Exhibits no 3'-5' exonuclease (proofreading) activity. May be involved in translesional synthesis, in conjunction with the beta clamp from PolIII	ko:K02346,ko:K03502	-	ko00000,ko01000,ko03400	-	-	IMS,IMS_C,IMS_HHH
LDZ24_RS18905	hypothetical protein	WP_248322725.1					-	-	-	-	-	-	-	-
LDZ24_RS18910	MDR family MFS transporter	WP_256465398.1	transmembrane transporter activity|0022857||IEA	transmembrane transport|0055085||IEA			-	Major facilitator superfamily	-	-	-	-	-	MFS_1
LDZ24_RS18915	hypothetical protein	WP_248322728.1					-	-	-	-	-	-	-	-
LDZ24_RS18925	FUSC family protein	WP_248322731.1					-	Fusaric acid resistance protein-like	-	-	-	-	-	FUSC_2
LDZ24_RS18930	LysR family transcriptional regulator	WP_248322732.1					-	LysR family transcriptional regulator	-	-	-	-	-	HTH_1,LysR_substrate
LDZ24_RS18935	VOC family protein	WP_248322733.1					-	glyoxalase bleomycin resistance protein dioxygenase	ko:K06991	-	ko00000	-	-	Glyoxalase
LDZ24_RS18940	hypothetical protein	WP_206468832.1					-	-	-	-	-	-	-	-
LDZ24_RS18955	Pr6Pr family membrane protein	WP_248322736.1			membrane|0016020||IEA		-	COG2141 Coenzyme F420-dependent N5,N10-methylene tetrahydromethanopterin reductase and related flavin-dependent oxidoreductases	-	-	-	-	-	-
LDZ24_RS18960	EthD family reductase	WP_248322737.1	oxidoreductase activity|0016491||IEA				-	EthD domain	-	-	-	-	-	EthD
LDZ24_RS18965	MBL fold metallo-hydrolase	WP_248322738.1	hydrolase activity|0016787||IEA				-	PFAM beta-lactamase domain protein	-	-	-	-	-	Lactamase_B
LDZ24_RS18970	quinoprotein dehydrogenase-associated SoxYZ-like carrier	WP_248322740.1					-	Sulfur oxidation protein SoxY	ko:K17226	M00595	ko00000,ko00001,ko00002	-	-	SoxY,SoxZ
LDZ24_RS18975	quinoprotein relay system zinc metallohydrolase 2	WP_248322741.1					-	Metallo-beta-lactamase superfamily	-	-	-	-	-	Lactamase_B
LDZ24_RS18980	hypothetical protein	WP_371747437.1					-	-	-	-	-	-	-	-
LDZ24_RS18985	substrate-binding domain-containing protein	WP_248322742.1					-	SMART extracellular solute-binding protein, family 3	-	-	-	-	-	Ank_2,SBP_bac_3
LDZ24_RS18990	c-type cytochrome	WP_248322743.1	heme binding|0020037||IEA				-	Cytochrome C oxidase, cbb3-type, subunit III	-	-	-	-	-	Cytochrome_CBB3
LDZ24_RS18995	methanol/ethanol family PQQ-dependent dehydrogenase	WP_248322745.1					-	PQQ-dependent dehydrogenase, methanol ethanol family	ko:K00114	-	ko00000,ko00001,ko01000	-	-	PQQ
LDZ24_RS19005	beta-ribofuranosylaminobenzene 5'-phosphate synthase family protein	WP_248322748.1					-	Beta-ribofuranosylaminobenzene 5-phosphate synthase	-	-	-	-	-	GHMP_kinases_C,GHMP_kinases_N
LDZ24_RS19010	NAD(P)-dependent methylenetetrahydromethanopterin dehydrogenase	WP_248322749.1	NAD+ binding|0070403||IEA	one-carbon metabolic process|0006730||IEA			-	Methylene-tetrahydromethanopterin dehydrogenase	ko:K10714	-	ko00000,ko00001,ko01000	-	-	Mpt_N
LDZ24_RS19015	ATP-grasp domain-containing protein	WP_248323350.1	metal ion binding|0046872||IEA				-	ATP-grasp domain	-	-	-	-	-	ATP-grasp_3
LDZ24_RS19025	RimK family alpha-L-glutamate ligase	WP_371747438.1					-	Belongs to the RimK family	-	-	-	-	-	RimK
LDZ24_RS19035	formaldehyde-activating enzyme	WP_206468853.1	carbon-nitrogen lyase activity|0016840||IEA	carbohydrate biosynthetic process|0016051||IEA		fae	-	formaldehyde-activating enzyme	ko:K10713	-	ko00000,ko00001,ko01000	-	-	Fae
LDZ24_RS19040	hypothetical protein	WP_248322754.1					-	-	-	-	-	-	-	-
LDZ24_RS19050	sigma-54-dependent Fis family transcriptional regulator	WP_248322755.1	sequence-specific DNA binding|0043565||IEA	regulation of DNA-templated transcription|0006355||IEA			-	PFAM sigma-54 factor interaction domain-containing protein	ko:K21405	-	ko00000,ko03000	-	-	GAF,HTH_8,Sigma54_activat
LDZ24_RS19055	flavoprotein	WP_248322756.1	catalytic activity|0003824||IEA				-	Flavoprotein	-	-	-	-	-	Flavoprotein
LDZ24_RS19060	DUF6513 domain-containing protein	WP_248322757.1					-	dihydropteroate synthase	-	-	-	-	-	-
LDZ24_RS19065	pyrroloquinoline quinone precursor peptide PqqA	WP_008354335.1	catalytic activity|0003824||IEA	pyrroloquinoline quinone biosynthetic process|0018189||IEA		pqqA	-	Required for coenzyme pyrroloquinoline quinone (PQQ) biosynthesis. PQQ is probably formed by cross-linking a specific glutamate to a specific tyrosine residue and excising these residues from the peptide	ko:K06135	-	ko00000	-	-	PqqA
LDZ24_RS19070	DUF447 domain-containing protein	WP_248322758.1					-	Protein of unknown function (DUF447)	ko:K09154	-	ko00000	-	-	DUF447
LDZ24_RS19075	(5-formylfuran-3-yl)methyl phosphate synthase	WP_248322759.1					-	4-HFC-P synthase	-	-	-	-	-	4HFCP_synth
LDZ24_RS19080	aspartate kinase	WP_248322760.1					-	aspartate glutamate uridylate kinase	-	-	-	-	-	AA_kinase
LDZ24_RS19085	hydantoinase/oxoprolinase family protein	WP_248322761.1	hydrolase activity|0016787||IEA				-	H4MPT-linked C1 transfer pathway protein	-	-	-	-	-	Hydantoinase_A
LDZ24_RS19090	ATP-grasp domain-containing protein	WP_248322762.1	metal ion binding|0046872||IEA				-	ATP-grasp domain	-	-	-	-	-	ATP-grasp_3
LDZ24_RS19100	formylmethanofuran dehydrogenase	WP_248322764.1					-	formylmethanofuran dehydrogenase	ko:K00201	M00567	ko00000,ko00001,ko00002,ko01000	-	-	-
LDZ24_RS19105	formylmethanofuran dehydrogenase subunit A	WP_248322765.1	hydrolase activity, acting on carbon-nitrogen (but not peptide) bonds|0016810||IEA				-	Formylmethanofuran dehydrogenase	ko:K00200	M00567	ko00000,ko00001,ko00002,ko01000	-	-	Amidohydro_3
LDZ24_RS19110	formylmethanofuran--tetrahydromethanopterin N-formyltransferase	WP_248323352.1	formylmethanofuran-tetrahydromethanopterin N-formyltransferase activity|0030270||IEA	one-carbon metabolic process|0006730||IEA		fhcD	-	Catalyzes the transfer of a formyl group from 5-formyl tetrahydromethanopterin (5-formyl-H(4)MPT) to methanofuran (MFR) so as to produce formylmethanofuran (formyl-MFR) and tetrahydromethanopterin (H(4)MPT)	ko:K00672	M00567	ko00000,ko00001,ko00002,ko01000	-	-	FTR,FTR_C
LDZ24_RS19115	formylmethanofuran dehydrogenase subunit C	WP_248322766.1	transition metal ion binding|0046914||IEA	methanogenesis|0015948||IEA			-	Formylmethanofuran dehydrogenase	ko:K00202	M00567	ko00000,ko00001,ko00002,ko01000	-	-	GXGXG
LDZ24_RS19120	cytochrome b	WP_248322767.1	metal ion binding|0046872||IEA	respiratory electron transport chain|0022904||IEA	membrane|0016020||IEA		-	Prokaryotic cytochrome b561	ko:K12262	-	ko00000	-	-	Ni_hydr_CYTB
LDZ24_RS19125	pyrroloquinoline quinone biosynthesis protein PqqB	WP_248322768.1		pyrroloquinoline quinone biosynthetic process|0018189||IEA		pqqB	-	May be involved in the transport of PQQ or its precursor to the periplasm	ko:K06136	-	ko00000	-	-	Lactamase_B_2
LDZ24_RS19130	pyrroloquinoline-quinone synthase PqqC	WP_175942307.1		pyrroloquinoline quinone biosynthetic process|0018189||IEA		pqqC	-	Ring cyclization and eight-electron oxidation of 3a-(2- amino-2-carboxyethyl)-4,5-dioxo-4,5,6,7,8,9-hexahydroquinoline- 7,9-dicarboxylic-acid to PQQ	ko:K06137	-	ko00000,ko01000	-	-	TENA_THI-4
LDZ24_RS19135	pyrroloquinoline quinone biosynthesis peptide chaperone PqqD	WP_241270018.1	quinone binding|0048038||IEA	pyrroloquinoline quinone biosynthetic process|0018189||IEA		pqqD	-	PFAM coenzyme PQQ synthesis D	ko:K06138	-	ko00000	-	-	PqqD
LDZ24_RS19140	pyrroloquinoline quinone biosynthesis protein PqqE	WP_248322769.1	4 iron, 4 sulfur cluster binding|0051539||IEA	pyrroloquinoline quinone biosynthetic process|0018189||IEA		pqqE	-	biosynthesis protein E	ko:K06139	-	ko00000	-	-	Fer4_12,Fer4_14,Radical_SAM,SPASM
LDZ24_RS19150	ATP-binding protein	WP_248322771.1					-	Histidine kinase	-	-	-	-	-	HATPase_c,HisKA_3
LDZ24_RS19160	beta-propeller fold lactonase family protein	WP_248322773.1					-	TIGRFAM 40-residue YVTN family beta-propeller repeat	-	-	-	-	-	Cytochrom_D1,Glu_cyclase_2,Lactonase
LDZ24_RS19165	DUF3280 domain-containing protein	WP_371747439.1					-	Protein of unknown function (DUF2380)	-	-	-	-	-	DUF3280
LDZ24_RS19170	hypothetical protein	WP_248322774.1					-	-	-	-	-	-	-	-
LDZ24_RS19175	VOC family protein	WP_248322775.1					-	glyoxalase bleomycin resistance protein dioxygenase	-	-	-	-	-	Glyoxalase
LDZ24_RS19180	hypothetical protein	WP_175940735.1					-	-	-	-	-	-	-	-
LDZ24_RS19185	J domain-containing protein	WP_248322776.1		protein folding|0006457||IEA			-	heat shock protein DnaJ	-	-	-	-	-	DnaJ
LDZ24_RS19190	hypothetical protein	WP_248322778.1					-	-	-	-	-	-	-	-
LDZ24_RS19195	phosphonate degradation HD-domain oxygenase	WP_248322779.1					-	Metal dependent phosphohydrolases with conserved 'HD' motif.	ko:K21196	-	ko00000,ko00001,ko01000	-	-	HD
LDZ24_RS19200	hypothetical protein	WP_248322780.1					-	-	-	-	-	-	-	-
LDZ24_RS19205	DUF3592 domain-containing protein	WP_256465401.1					-	Protein of unknown function (DUF3592)	-	-	-	-	-	DUF3592
LDZ24_RS19210	DUF3592 domain-containing protein	WP_248322782.1					-	Protein of unknown function (DUF3592)	-	-	-	-	-	DUF3592
LDZ24_RS19225	transglycosylase SLT domain-containing protein	WP_248322784.1					-	PFAM Lytic transglycosylase catalytic	-	-	-	-	-	SLT
LDZ24_RS19235	hypothetical protein	WP_248322786.1					-	-	-	-	-	-	-	-
LDZ24_RS19245	putative bifunctional diguanylate cyclase/phosphodiesterase	WP_371747440.1					-	EAL domain protein	-	-	-	-	-	EAL,GAF_2,GGDEF,MASE3,PAS,PAS_8
LDZ24_RS19250	hypothetical protein	WP_248322789.1					-	-	-	-	-	-	-	-
LDZ24_RS19255	LysR substrate-binding domain-containing protein	WP_248322790.1					-	transcriptional Regulator, LysR family	-	-	-	-	-	HTH_1,LysR_substrate
LDZ24_RS19275	hypothetical protein	WP_248322793.1					-	Involved in the tonB-independent uptake of proteins	-	-	-	-	-	-
LDZ24_RS19280	LysR substrate-binding domain-containing protein	WP_248322794.1					-	transcriptional Regulator, LysR family	-	-	-	-	-	HTH_1,LysR_substrate
LDZ24_RS19290	L-histidine N(alpha)-methyltransferase	WP_248322797.1	dimethylhistidine N-methyltransferase activity|0030745||IEA	ergothioneine biosynthetic process|0052699||IEA		egtD	-	Methyltransferase	-	-	-	-	-	Methyltransf_33
LDZ24_RS19300	hybrid sensor histidine kinase/response regulator	WP_248322798.1					-	His Kinase A (phosphoacceptor) domain	-	-	-	-	-	HATPase_c,HisKA,Response_reg
LDZ24_RS19305	chemotaxis protein CheB	WP_248322799.1					-	CheB methylesterase	ko:K03412	M00506	ko00000,ko00001,ko00002,ko01000,ko02022,ko02035	-	-	CheB_methylest
LDZ24_RS19310	protein-glutamate O-methyltransferase CheR	WP_248322801.1	transferase activity|0016740||IEA	methylation|0032259||IEA			-	Methyltransferase, chemotaxis proteins	ko:K00575	-	ko00000,ko00001,ko01000,ko02035	-	-	CheR,CheR_N
LDZ24_RS19315	response regulator	WP_248322802.1		phosphorelay signal transduction system|0000160||IEA			-	GAF domain	-	-	-	-	-	CHASE3,GAF_2,HATPase_c,HisKA,Response_reg
LDZ24_RS19320	hopanoid-associated sugar epimerase	WP_248322804.1	glycosyltransferase activity|0016757||IEA	carbohydrate metabolic process|0005975||IEA		hpnA	-	PFAM NAD-dependent epimerase dehydratase	ko:K00091	-	ko00000,ko01000	-	-	Epimerase
LDZ24_RS19330	hypothetical protein	WP_248322806.1					-	PFAM secretion protein HlyD family protein	-	-	-	-	-	-
LDZ24_RS19335	glycosyltransferase	WP_248322807.1					-	glycosyl transferase family 2	-	-	-	-	-	Glyco_tranf_2_3,Glycos_transf_2
LDZ24_RS19345	adenosyl-hopene transferase HpnH	WP_248322809.1	iron-sulfur cluster binding|0051536||IEA			hpnH	-	Hopanoid biosynthesis associated radical SAM protein HpnH	-	-	-	-	-	DUF3463,Fer4_14,Radical_SAM
LDZ24_RS19350	type II toxin-antitoxin system VapC family toxin	WP_244850324.1					-	PIN domain	-	-	-	-	-	PIN
LDZ24_RS19355	type II toxin-antitoxin system Phd/YefM family antitoxin	WP_175942317.1					-	Antitoxin component of a toxin-antitoxin (TA) module	-	-	-	-	-	PhdYeFM_antitox
LDZ24_RS19370	cache domain-containing protein	WP_248322812.1					-	Histidine kinase	ko:K02480	-	ko00000,ko01000,ko01001,ko02022	-	-	HATPase_c,HisKA_3,sCache_2
LDZ24_RS19385	MMPL family transporter	WP_248322815.1			membrane|0016020||IEA		-	TIGRFAM hopanoid biosynthesis associated RND transporter like protein HpnN	ko:K07003	-	ko00000	-	-	MMPL
LDZ24_RS19395	acyl-CoA thioesterase	WP_248322816.1	fatty acyl-CoA hydrolase activity|0047617||IEA				-	PFAM thioesterase superfamily protein	-	-	-	-	-	4HBT
LDZ24_RS19400	phosphorylase	WP_371747442.1	catalytic activity|0003824||IEA				-	Phosphorylase superfamily	-	-	-	-	-	PNP_UDP_1
LDZ24_RS19405	squalene--hopene cyclase	WP_248322817.1	squalene-hopene cyclase activity|0051007||IEA	hopanoid biosynthetic process|0019746||IEA		shc	-	Squalene--hopene cyclase	ko:K06045	-	ko00000,ko00001,ko01000	-	-	SQHop_cyclase_C,SQHop_cyclase_N
LDZ24_RS19410	hydroxysqualene dehydroxylase HpnE	WP_248322818.1	oxidoreductase activity|0016491||IEA			hpnE	-	PFAM amine oxidase	ko:K21677	-	ko00000,ko01000	-	-	Amino_oxidase
LDZ24_RS19415	presqualene diphosphate synthase HpnD	WP_248322819.1	geranylgeranyl-diphosphate geranylgeranyltransferase activity|0016767||IEA	carotenoid biosynthetic process|0016117||IEA		hpnD	-	phytoene synthase	ko:K21678	-	ko00000,ko01000	-	-	SQS_PSY
LDZ24_RS19420	GGDEF domain-containing protein	WP_248322820.1	cyclase activity|0009975||IEA	regulation of signal transduction|0009966||IEA			-	Diguanylate cyclase with PAS PAC sensor	-	-	-	-	-	GGDEF,PAS,PAS_4
LDZ24_RS19425	chemotaxis protein CheC	WP_175940774.1	hydrolase activity|0016787||IEA				-	CheC-like family	ko:K03410	-	ko00000,ko00001,ko02035	-	-	CheC
LDZ24_RS19430	response regulator	WP_175940775.1	phosphorelay response regulator activity|0000156||IEA	phosphorelay signal transduction system|0000160||IEA			-	Pfam Response regulator receiver	-	-	-	-	-	Response_reg
LDZ24_RS19435	hybrid sensor histidine kinase/response regulator	WP_248322821.1					-	Histidine kinase	-	-	-	-	-	HATPase_c,HisKA,PAS_9,Response_reg
LDZ24_RS19440	hypothetical protein	WP_248322822.1					-	electron transporter, transferring electrons within the cyclic electron transport pathway of photosynthesis activity	-	-	-	-	-	-
LDZ24_RS19450	AEC family transporter	WP_248322825.1		transmembrane transport|0055085||IEA			-	Membrane transport protein	ko:K07088	-	ko00000	-	-	Mem_trans
LDZ24_RS19460	hypothetical protein	WP_175940781.1					-	-	-	-	-	-	-	-
LDZ24_RS19470	GntP family permease	WP_248322827.1	transmembrane transporter activity|0022857||IEA	transmembrane transport|0055085||IEA			-	PFAM Citrate transporter	-	-	-	-	-	-
LDZ24_RS19475	GNAT family N-acetyltransferase	WP_248322828.1					-	Acetyltransferase (GNAT) domain	-	-	-	-	-	Acetyltransf_6
LDZ24_RS19485	hypothetical protein	WP_159839271.1					-	-	-	-	-	-	-	-
LDZ24_RS19490	AI-2E family transporter	WP_248322830.1	efflux transmembrane transporter activity|0015562||IEA	autoinducer AI-2 transmembrane transport|1905887||IEA			-	AI-2E family transporter	-	-	-	-	-	AI-2E_transport,GAF,GAF_2
LDZ24_RS19500	pyridoxamine 5'-phosphate oxidase family protein	WP_248322832.1					-	oxidoreductase FAD NAD(P)-binding domain protein	ko:K07006	-	ko00000	-	-	FAD_binding_6,Fer2,NAD_binding_1,Putative_PNPOx
LDZ24_RS19505	LysR family transcriptional regulator	WP_248322833.1					-	LysR family transcriptional regulator	-	-	-	-	-	HTH_1,LysR_substrate
LDZ24_RS19515	FUSC family protein	WP_248322835.1					-	Fusaric acid resistance protein-like	-	-	-	-	-	FUSC,FUSC_2
LDZ24_RS19525	nucleoside deaminase	WP_248322837.1	deaminase activity|0019239||IEA	nucleoside metabolic process|0009116||IEA			-	MafB19-like deaminase	-	-	-	-	-	dCMP_cyt_deam_1
LDZ24_RS19530	IclR family transcriptional regulator C-terminal domain-containing protein	WP_248322838.1					-	regulatory protein IclR	ko:K02624	-	ko00000,ko03000	-	-	HTH_IclR,IclR
LDZ24_RS19535	MFS transporter	WP_248322839.1	transmembrane transporter activity|0022857||IEA	transmembrane transport|0055085||IEA			-	Major facilitator superfamily MFS_1	-	-	-	-	-	MFS_1,Sugar_tr
LDZ24_RS19540	LysR family transcriptional regulator	WP_248322840.1	DNA-binding transcription activator activity|0001216||IEA				-	Transcriptional regulator, LysR family	-	-	-	-	-	HTH_1,LysR_substrate
LDZ24_RS19545	ATP-binding protein	WP_248322841.1					-	Histidine kinase	ko:K02484,ko:K07645	M00453	ko00000,ko00001,ko00002,ko01000,ko01001,ko02022	-	-	2CSK_N,HATPase_c,HisKA
LDZ24_RS19555	hypothetical protein	WP_248322842.1					-	-	-	-	-	-	-	-
LDZ24_RS19560	YceI family protein	WP_248322843.1			periplasmic space|0042597||IEA		-	Belongs to the UPF0312 family	-	-	-	-	-	YceI
LDZ24_RS19575	helix-turn-helix domain-containing protein	WP_248322846.1	DNA-binding transcription factor activity|0003700||IEA	regulation of DNA-templated transcription|0006355||IEA			-	Cupin 2, conserved barrel domain protein	-	-	-	-	-	Cupin_2,HTH_3
LDZ24_RS19585	DUF2471 family protein	WP_248322847.1					-	Protein of unknown function (DUF2471)	-	-	-	-	-	DUF2471
LDZ24_RS19590	tyrosine-type recombinase/integrase	WP_248322849.1					-	Belongs to the 'phage' integrase family	-	-	-	-	-	Phage_integrase
LDZ24_RS19595	DNA-binding protein	WP_248322851.1					-	Plasmid replication region DNA-binding N-term	-	-	-	-	-	KfrA_N
LDZ24_RS19605	AI-2E family transporter	WP_248323783.1	efflux transmembrane transporter activity|0015562||IEA	autoinducer AI-2 transmembrane transport|1905887||IEA			-	AI-2E family transporter	-	-	-	-	-	AI-2E_transport
LDZ24_RS19610	universal stress protein	WP_248323784.1					-	Belongs to the universal stress protein A family	-	-	-	-	-	Usp
LDZ24_RS19620	hypothetical protein	WP_248323786.1					-	FMN binding	-	-	-	-	-	Flavodoxin_4
LDZ24_RS19630	universal stress protein	WP_248323788.1					-	Belongs to the universal stress protein A family	-	-	-	-	-	Usp
LDZ24_RS19640	AI-2E family transporter	WP_248323790.1	efflux transmembrane transporter activity|0015562||IEA	autoinducer AI-2 transmembrane transport|1905887||IEA			-	AI-2E family transporter	-	-	-	-	-	AI-2E_transport
LDZ24_RS19645	heavy metal translocating P-type ATPase	WP_248323791.1	metal ion binding|0046872||IEA				-	p-type atpase	-	-	-	-	-	E1-E2_ATPase,Hemerythrin,Hydrolase
LDZ24_RS19650	hypothetical protein	WP_248323792.1					-	-	-	-	-	-	-	-
LDZ24_RS19655	hypothetical protein	WP_248323793.1					-	-	-	-	-	-	-	-
LDZ24_RS19660	DUF3564 family protein	WP_248323794.1					-	Protein of unknown function (DUF3564)	-	-	-	-	-	DUF3564
LDZ24_RS19665	c-type cytochrome	WP_248323795.1	heme binding|0020037||IEA				-	Cytochrome c, class I	-	-	-	-	-	Cytochrom_C
LDZ24_RS28155	DUF1488 domain-containing protein	WP_371747480.1					-	Protein of unknown function (DUF1488)	-	-	-	-	-	DUF1488
LDZ24_RS19690	PAS domain-containing sensor histidine kinase	WP_248323798.1					-	Histidine kinase	-	-	-	-	-	HATPase_c,HisKA_3,PAS,PAS_3,PAS_4,PAS_9,dCache_1
LDZ24_RS19695	universal stress protein	WP_248323799.1					-	Universal stress protein	-	-	-	-	-	Usp
LDZ24_RS19700	hypothetical protein	WP_248323800.1					-	-	-	-	-	-	-	-
LDZ24_RS19705	PAS domain-containing sensor histidine kinase	WP_248323801.1					-	PFAM ATP-binding region, ATPase domain protein	ko:K02486	-	ko00000,ko01000,ko01001,ko02022	-	-	CHASE5,HAMP,HATPase_c,HisKA_3,PAS,PAS_4,PAS_8,PAS_9,Response_reg
LDZ24_RS19710	nitroreductase family protein	WP_248323802.1					-	Nitroreductase family	-	-	-	-	-	Nitroreductase
LDZ24_RS19715	Hsp20/alpha crystallin family protein	WP_248323803.1					-	Belongs to the small heat shock protein (HSP20) family	ko:K13993	-	ko00000,ko00001,ko03110	-	-	HSP20
LDZ24_RS19720	BON domain-containing protein	WP_248323804.1					-	SMART Transport-associated and nodulation region	ko:K04065	-	ko00000	-	-	BON
LDZ24_RS19725	CBS domain-containing protein	WP_248324229.1					-	PFAM CBS domain containing protein	-	-	-	-	-	BON,CBS
LDZ24_RS19735	c-type cytochrome	WP_248323806.1	heme binding|0020037||IEA				-	Cytochrome c	-	-	-	-	-	Cytochrom_C
LDZ24_RS19740	hemerythrin domain-containing protein	WP_248323807.1					-	Hemerythrin HHE cation binding domain	-	-	-	-	-	Hemerythrin
LDZ24_RS19745	TraR/DksA family transcriptional regulator	WP_248323808.1					-	PFAM zinc finger DksA TraR C4-type	-	-	-	-	-	zf-dskA_traR
LDZ24_RS19750	CBS domain-containing protein	WP_248323809.1					-	PFAM CBS domain containing protein	-	-	-	-	-	BON,CBS
LDZ24_RS19755	CBS domain-containing protein	WP_248323810.1					-	PFAM CBS domain containing protein	-	-	-	-	-	CBS
LDZ24_RS19760	sigma-54-dependent Fis family transcriptional regulator	WP_248323811.1	sequence-specific DNA binding|0043565||IEA	regulation of DNA-templated transcription|0006355||IEA			-	PFAM sigma-54 factor interaction domain-containing protein	ko:K21405	-	ko00000,ko03000	-	-	GAF,HTH_8,Sigma54_activat
LDZ24_RS19775	alpha-ketoacid dehydrogenase subunit beta	WP_248323814.1	oxidoreductase activity|0016491||IEA				-	PFAM Transketolase central region	ko:K21417	-	ko00000,ko01000	-	-	Transket_pyr,Transketolase_C
LDZ24_RS19785	cupin domain-containing protein	WP_248323816.1					-	PFAM Cupin 2 conserved barrel domain protein	-	-	-	-	-	Cupin_2
LDZ24_RS19790	carboxymuconolactone decarboxylase family protein	WP_248323817.1					-	Antioxidant protein with alkyl hydroperoxidase activity. Required for the reduction of the AhpC active site cysteine residues and for the regeneration of the AhpC enzyme activity	-	-	-	-	-	CMD
LDZ24_RS19795	SDR family oxidoreductase	WP_248323818.1					-	NmrA family	-	-	-	-	-	NAD_binding_10,NmrA
LDZ24_RS19800	PLP-dependent aminotransferase family protein	WP_248323819.1	pyridoxal phosphate binding|0030170||IEA				-	aminotransferase class I and II	ko:K00375	-	ko00000,ko03000	-	-	Aminotran_1_2,GntR
LDZ24_RS19810	oxalate/formate MFS antiporter	WP_248323821.1	oxalate transmembrane transporter activity|0019531||IEA	oxalate transport|0019532||IEA	membrane|0016020||IEA	oxlT	-	PFAM major facilitator superfamily MFS_1	-	-	-	-	-	MFS_1
LDZ24_RS19815	glycosyltransferase	WP_248323822.1					-	COG0457 FOG TPR repeat	-	-	-	-	-	-
LDZ24_RS19820	ATP-binding protein	WP_248323823.1					-	protein histidine kinase activity	-	-	-	-	-	DUF4118,GAF,GAF_2,HATPase_c,HisKA,PAS,PAS_3,PAS_4,PAS_9,Response_reg
LDZ24_RS19825	AMP-binding protein	WP_248323824.1					-	AMP-binding enzyme C-terminal domain	-	-	-	-	-	AMP-binding,AMP-binding_C,FabA
LDZ24_RS19830	phosphonate transporter	WP_248323825.1					-	transmembrane signaling receptor activity	-	-	-	-	-	-
LDZ24_RS19835	sensor domain-containing diguanylate cyclase	WP_248324230.1					-	PFAM GGDEF domain containing protein	-	-	-	-	-	GGDEF,PAS,PAS_9
LDZ24_RS19840	bifunctional diguanylate cyclase/phosphodiesterase	WP_248323826.1					-	GGDEF domain	-	-	-	-	-	EAL,GGDEF,HAMP,PAS,PAS_3
LDZ24_RS19845	DUF1326 domain-containing protein	WP_248323827.1					-	Protein of unknown function (DUF1326)	-	-	-	-	-	DUF1326
LDZ24_RS19850	DUF2182 domain-containing protein	WP_248323828.1					-	Predicted metal-binding integral membrane protein (DUF2182)	-	-	-	-	-	DUF2182
LDZ24_RS19855	GNAT family N-acetyltransferase	WP_248323829.1					-	Acetyltransferase (GNAT) domain	-	-	-	-	-	Acetyltransf_1,Acetyltransf_10
LDZ24_RS19860	chemotaxis protein CheW	WP_248323830.1		signal transduction|0007165||IEA			-	Two component signalling adaptor domain	ko:K03408	-	ko00000,ko00001,ko02035	-	-	CheW
LDZ24_RS19865	PAS domain-containing methyl-accepting chemotaxis protein	WP_248323831.1	protein binding|0005515||IEA				-	chemotaxis protein	ko:K03406	-	ko00000,ko00001,ko02035	-	-	4HB_MCP_1,HAMP,MCPsignal,PAS_3,PAS_4,PAS_9,TarH,sCache_2
LDZ24_RS19870	GAF domain-containing protein	WP_248323832.1					-	Gaf domain	-	-	-	-	-	GAF,HWE_HK
LDZ24_RS19880	amidohydrolase	WP_248323834.1					-	Amidohydrolase	ko:K18982	-	ko00000,ko00001,ko01000	-	-	Amidohydro_2
LDZ24_RS19890	LacI family DNA-binding transcriptional regulator	WP_248323836.1	DNA-binding transcription factor activity|0003700||IEA	regulation of DNA-templated transcription|0006355||IEA			-	helix_turn _helix lactose operon repressor	ko:K02529	-	ko00000,ko03000	-	-	LacI,Peripla_BP_3
LDZ24_RS19895	TRAP transporter large permease subunit	WP_248323837.1	C4-dicarboxylate transmembrane transporter activity|0015556||IEA	C4-dicarboxylate transport|0015740||IEA	tripartite ATP-independent periplasmic transporter complex|0031317||IEA		-	Tripartite ATP-independent periplasmic transporters, DctQ component	-	-	-	-	-	DctM,DctQ
LDZ24_RS19900	TRAP transporter substrate-binding protein	WP_248323838.1					-	Bacterial extracellular solute-binding protein, family 7	-	-	-	-	-	DctP
LDZ24_RS19905	GntR family transcriptional regulator	WP_248323839.1	DNA-binding transcription factor activity|0003700||IEA				-	FCD	-	-	-	-	-	FCD,GntR
LDZ24_RS19915	3-keto-5-aminohexanoate cleavage protein	WP_175942647.1					-	beta-keto acid cleavage enzyme	ko:K18013	-	ko00000,ko00001,ko01000	-	-	BKACE
LDZ24_RS19920	N-acyl homoserine lactonase family protein	WP_248323841.1					-	Metallo-beta-lactamase superfamily	ko:K13075	-	ko00000,ko00001,ko01000	-	-	Lactamase_B
LDZ24_RS19940	3-hydroxyacyl-CoA dehydrogenase	WP_248323844.1					-	3-hydroxyacyl-CoA dehydrogenase, NAD binding domain	-	-	-	-	-	3HCDH,3HCDH_N
LDZ24_RS19945	SMP-30/gluconolactonase/LRE family protein	WP_248323845.1	metal ion binding|0046872||IEA				-	SMP-30/Gluconolaconase/LRE-like region	ko:K13874	-	ko00000,ko00001,ko01000	-	-	SGL
LDZ24_RS19950	response regulator transcription factor	WP_248323846.1	DNA binding|0003677||IEA	regulation of DNA-templated transcription|0006355||IEA			-	helix_turn_helix, Lux Regulon	-	-	-	-	-	GerE
LDZ24_RS19955	hypothetical protein	WP_248323847.1					-	-	-	-	-	-	-	-
LDZ24_RS19960	hypothetical protein	WP_248323848.1					-	-	-	-	-	-	-	-
LDZ24_RS19965	hypothetical protein	WP_248323849.1					-	-	-	-	-	-	-	-
LDZ24_RS19970	hypothetical protein	WP_248323850.1					-	-	-	-	-	-	-	-
LDZ24_RS19980	hypothetical protein	WP_244851529.1					-	-	-	-	-	-	-	-
LDZ24_RS19985	hypothetical protein	WP_248323852.1					-	-	-	-	-	-	-	-
LDZ24_RS19990	DUF4438 domain-containing protein	WP_248323853.1					-	Domain of unknown function (DUF4438)	-	-	-	-	-	DUF4438
LDZ24_RS19995	NAD(P)-dependent oxidoreductase	WP_206469995.1	oxidoreductase activity|0016491||IEA				-	3-beta hydroxysteroid dehydrogenase/isomerase family	-	-	-	-	-	Epimerase
LDZ24_RS20015	aspartate/glutamate racemase family protein	WP_248323856.1	racemase activity, acting on amino acids and derivatives|0036361||IEA	metabolic process|0008152||IEA			-	Asp Glu Hydantoin racemase	-	-	-	-	-	Asp_Glu_race
LDZ24_RS20020	Crp/Fnr family transcriptional regulator	WP_248323857.1	cAMP binding|0030552||IEA	regulation of DNA-templated transcription|0006355||IEA			-	helix_turn_helix, cAMP Regulatory protein	-	-	-	-	-	HTH_Crp_2,cNMP_binding
LDZ24_RS20025	GntR family transcriptional regulator	WP_244140150.1	DNA-binding transcription factor activity|0003700||IEA				-	UTRA	ko:K03710	-	ko00000,ko03000	-	-	GntR,UTRA
LDZ24_RS20070	IclR family transcriptional regulator	WP_248323866.1	DNA-binding transcription factor activity|0003700||IEA	regulation of DNA-templated transcription|0006355||IEA			-	Bacterial transcriptional regulator	-	-	-	-	-	HTH_IclR,IclR
LDZ24_RS28160	DUF3253 domain-containing protein	WP_350029453.1					-	Protein of unknown function (DUF3253)	-	-	-	-	-	DUF3253
LDZ24_RS20100	ferritin-like domain-containing protein	WP_248323872.1					-	Catalyzes the formation of the isocyclic ring in chlorophyll biosynthesis. Mediates the cyclase reaction, which results in the formation of divinylprotochlorophyllide (Pchlide) characteristic of all chlorophylls from magnesium-protoporphyrin IX 13-monomethyl ester (MgPMME)	-	-	-	-	-	-
LDZ24_RS20120	DUF3141 domain-containing protein	WP_248323876.1					-	Protein of unknown function (DUF3141)	-	-	-	-	-	DUF3141
LDZ24_RS20125	hypothetical protein	WP_248323877.1					-	-	-	-	-	-	-	-
LDZ24_RS20130	TIGR03118 family protein	WP_248323878.1					-	amine dehydrogenase activity	-	-	-	-	-	-
LDZ24_RS20135	hypothetical protein	WP_248323879.1					-	Copper binding proteins, plastocyanin/azurin family	-	-	-	-	-	Copper-bind,Cupredoxin_1
LDZ24_RS20140	IS5 family transposase	WP_248320663.1	transposase activity|0004803||IEA				-	transposase	-	-	-	-	-	DDE_Tnp_1,DUF4096
LDZ24_RS20140	IS5 family transposase	WP_248320663.1	transposase activity|0004803||IEA				-	transposase	-	-	-	-	-	DDE_Tnp_1,DUF4096
LDZ24_RS20140	IS5 family transposase	WP_248320663.1	transposase activity|0004803||IEA				-	transposase	-	-	-	-	-	DDE_Tnp_1,DUF4096
LDZ24_RS20140	IS5 family transposase	WP_248320663.1	transposase activity|0004803||IEA				-	transposase	-	-	-	-	-	DDE_Tnp_1,DUF4096
LDZ24_RS20140	IS5 family transposase	WP_248320663.1	transposase activity|0004803||IEA				-	transposase	-	-	-	-	-	DDE_Tnp_1,DUF4096
LDZ24_RS20140	IS5 family transposase	WP_248320663.1	transposase activity|0004803||IEA				-	transposase	-	-	-	-	-	DDE_Tnp_1,DUF4096
LDZ24_RS20140	IS5 family transposase	WP_248320663.1	transposase activity|0004803||IEA				-	transposase	-	-	-	-	-	DDE_Tnp_1,DUF4096
LDZ24_RS20140	IS5 family transposase	WP_248320663.1	transposase activity|0004803||IEA				-	transposase	-	-	-	-	-	DDE_Tnp_1,DUF4096
LDZ24_RS20145	anti-sigma factor	WP_248323880.1					-	transmembrane transcriptional regulator (Anti-sigma factor)	-	-	-	-	-	zf-HC2
LDZ24_RS20150	RNA polymerase sigma factor	WP_248324232.1	sigma factor activity|0016987||IEA	DNA-templated transcription initiation|0006352||IEA			-	Sigma-70 region 2	-	-	-	-	-	Sigma70_r2,Sigma70_r4_2
LDZ24_RS20155	type VI secretion system tube protein Hcp	WP_248323881.1					-	Type VI secretion system effector, Hcp	ko:K11903	M00334	ko00000,ko00001,ko00002,ko02044	-	-	T6SS_HCP
LDZ24_RS20160	type VI secretion system protein TssA	WP_248323882.1				tssA	-	ImpA, N-terminal, type VI secretion system	ko:K11902	M00334	ko00000,ko00001,ko00002,ko02044	-	-	ImpA_N
LDZ24_RS20175	type VI secretion system baseplate subunit TssE	WP_248323885.1		protein secretion by the type VI secretion system|0033103||IEA		tssE	-	Gene 25-like lysozyme	ko:K11897	M00334	ko00000,ko00002,ko02044	-	-	GPW_gp25
LDZ24_RS20195	DUF4280 domain-containing protein	WP_248323889.1					-	Domain of unknown function (DUF4280)	-	-	-	-	-	DUF4280
LDZ24_RS20205	type VI secretion system-associated FHA domain protein TagH	WP_248323891.1		protein secretion by the type VI secretion system|0033103||IEA		tagH	-	conserved protein contains FHA domain	-	-	-	-	-	-
LDZ24_RS20225	type VI secretion system-associated protein TagF	WP_248323895.1				tagF	-	Uncharacterized protein conserved in bacteria (DUF2094)	ko:K11890	-	ko00000,ko00001,ko02044	-	-	DUF2094
LDZ24_RS20235	PP2C family serine/threonine-protein phosphatase	WP_248323897.1	metal ion binding|0046872||IEA	protein dephosphorylation|0006470||IEA			-	Serine/threonine phosphatases, family 2C, catalytic domain	ko:K20074	-	ko00000,ko01000,ko01009	-	-	PP2C_2
LDZ24_RS20240	serine/threonine-protein kinase	WP_248323898.1	ATP binding|0005524||IEA	protein phosphorylation|0006468||IEA			-	Protein tyrosine kinase	ko:K12132	-	ko00000,ko01000,ko01001	-	-	Pkinase
LDZ24_RS20245	DUF3365 domain-containing protein	WP_248323899.1					-	Protein of unknown function (DUF3365)	-	-	-	-	-	DUF3365,HAMP
LDZ24_RS20250	FecR domain-containing protein	WP_248323900.1					-	-	-	-	-	-	-	FecR
LDZ24_RS20255	hypothetical protein	WP_248323901.1					-	-	-	-	-	-	-	-
LDZ24_RS20265	VOC family protein	WP_248323903.1					-	glyoxalase bleomycin resistance protein dioxygenase	-	-	-	-	-	Glyoxalase,Glyoxalase_4
LDZ24_RS20270	MaoC family dehydratase	WP_206470018.1					-	PFAM MaoC domain protein dehydratase	-	-	-	-	-	MaoC_dehydratas
LDZ24_RS20275	CaiB/BaiF CoA-transferase family protein	WP_248323904.1					-	PFAM L-carnitine dehydratase bile acid-inducible protein F	ko:K07749	-	ko00000,ko01000	-	-	CoA_transf_3
LDZ24_RS20285	Gfo/Idh/MocA family protein	WP_248323906.1	oxidoreductase activity, acting on NAD(P)H|0016651||IEA				-	PFAM oxidoreductase domain protein	ko:K19181	-	ko00000,ko01000	-	-	GFO_IDH_MocA,GFO_IDH_MocA_C
LDZ24_RS20295	LysR family transcriptional regulator	WP_248323908.1					-	LysR family transcriptional regulator	-	-	-	-	-	HTH_1,LysR_substrate
LDZ24_RS20305	FUSC family protein	WP_248323910.1		transport|0006810||IEA	plasma membrane|0005886||IEA		-	Fusaric acid resistance protein	-	-	-	-	-	FUSC
LDZ24_RS20310	LysR family transcriptional regulator	WP_248323911.1	DNA-binding transcription activator activity|0001216||IEA				-	Transcriptional regulator, LysR family	-	-	-	-	-	HTH_1,LysR_substrate
LDZ24_RS20315	helix-turn-helix domain-containing protein	WP_248323912.1	sequence-specific DNA binding|0043565||IEA	regulation of DNA-templated transcription|0006355||IEA			-	PFAM helix-turn-helix- domain containing protein AraC type	-	-	-	-	-	AraC_binding,HTH_18
LDZ24_RS20330	aldo/keto reductase	WP_248323915.1					-	Aldo/keto reductase family	ko:K00064	M00114	ko00000,ko00001,ko00002,ko01000	-	-	Aldo_ket_red
LDZ24_RS20335	NAD(P)/FAD-dependent oxidoreductase	WP_248323916.1	flavin adenine dinucleotide binding|0050660||IEA				-	Thioredoxin reductase	ko:K00384	-	ko00000,ko00001,ko01000	-	-	Pyr_redox_2
LDZ24_RS20345	LysR substrate-binding domain-containing protein	WP_248323918.1					-	LysR substrate binding domain	-	-	-	-	-	HTH_1,LysR_substrate
LDZ24_RS20355	putative quinol monooxygenase	WP_248323920.1	monooxygenase activity|0004497||IEA				-	Antibiotic biosynthesis monooxygenase	-	-	-	-	-	ABM
LDZ24_RS20360	antibiotic biosynthesis monooxygenase	WP_248323921.1	monooxygenase activity|0004497||IEA				-	Antibiotic biosynthesis monooxygenase	-	-	-	-	-	ABM
LDZ24_RS20365	HAMP domain-containing sensor histidine kinase	WP_248323922.1					-	Histidine kinase	-	-	-	-	-	HATPase_c,HisKA
LDZ24_RS20375	hypothetical protein	WP_248323924.1					-	-	-	-	-	-	-	-
LDZ24_RS20380	hypothetical protein	WP_248323925.1					-	-	-	-	-	-	-	-
LDZ24_RS20385	metallophosphoesterase	WP_250501235.1	metal ion binding|0046872||IEA				-	Calcineurin-like phosphoesterase superfamily domain	-	-	-	-	-	Metallophos
LDZ24_RS20390	MFS transporter	WP_248323927.1	transmembrane transporter activity|0022857||IEA	transmembrane transport|0055085||IEA			-	Major Facilitator	-	-	-	-	-	MFS_1
LDZ24_RS20405	ATP-binding protein	WP_248323930.1					-	Histidine kinase	-	-	-	-	-	HATPase_c,HisKA,MEDS,PAS_4,PAS_9,Response_reg
LDZ24_RS20415	intradiol ring-cleavage dioxygenase	WP_248323932.1					-	Dioxygenase	-	-	-	-	-	Dioxygenase_C
LDZ24_RS20420	SMP-30/gluconolactonase/LRE family protein	WP_248323933.1	hydrolase activity|0016787||IEA				-	Major royal jelly protein	-	-	-	-	-	Abhydrolase_1,MRJP
LDZ24_RS20430	SRPBCC family protein	WP_248323935.1					-	Polyketide cyclase / dehydrase and lipid transport	-	-	-	-	-	Polyketide_cyc
LDZ24_RS20460	LLM class flavin-dependent oxidoreductase	WP_248323940.1	oxidoreductase activity|0016491||IEA				-	Nitrilotriacetate monooxygenase	-	-	-	-	-	Bac_luciferase
LDZ24_RS20475	histidine kinase	WP_248323943.1					-	RESPONSE REGULATOR receiver	-	-	-	-	-	-
LDZ24_RS20480	pyridoxamine 5'-phosphate oxidase family protein	WP_248323944.1					-	stress protein (general stress protein 26)	-	-	-	-	-	Pyrid_ox_like
LDZ24_RS20485	GAF domain-containing protein	WP_248323945.1	protein binding|0005515||IEA				-	PAS fold	-	-	-	-	-	GAF,HATPase_c,HisKA,PAS_2,PHY
LDZ24_RS20490	hypothetical protein	WP_248323946.1					-	Forms passive diffusion pores that allow small molecular weight hydrophilic materials across the outer membrane	-	-	-	-	-	-
LDZ24_RS20495	phosphate ABC transporter substrate-binding protein	WP_248323947.1					-	ABC-type phosphate transport system, periplasmic component	-	-	-	-	-	-
LDZ24_RS20500	EAL domain-containing protein	WP_248323948.1					-	Putative diguanylate phosphodiesterase	-	-	-	-	-	EAL,GAF_2,GGDEF,PAS_4
LDZ24_RS20505	MFS transporter	WP_248323949.1					-	Major Facilitator Superfamily	-	-	-	-	-	MFS_1
LDZ24_RS20510	nuclear transport factor 2 family protein	WP_248323950.1					-	SnoaL-like domain	-	-	-	-	-	SnoaL_4
LDZ24_RS20515	TetR/AcrR family transcriptional regulator	WP_248323951.1	DNA-binding transcription factor activity|0003700||IEA	regulation of DNA-templated transcription|0006355||IEA			-	Bacterial regulatory proteins, tetR family	-	-	-	-	-	TetR_N
LDZ24_RS20520	hypothetical protein	WP_248323952.1					-	-	-	-	-	-	-	-
LDZ24_RS20525	hybrid sensor histidine kinase/response regulator	WP_248323953.1					-	Histidine kinase	-	-	-	-	-	HATPase_c,HisKA,Response_reg
LDZ24_RS20530	hypothetical protein	WP_248323954.1					-	Glycosyl transferase, family 2	-	-	-	-	-	-
LDZ24_RS20535	response regulator transcription factor	WP_248323955.1		regulation of DNA-templated transcription|0006355||IEA			-	regulator	-	-	-	-	-	GerE,Response_reg
LDZ24_RS20540	murein transglycosylase A	WP_248323956.1	hydrolase activity, hydrolyzing O-glycosyl compounds|0004553||IEA				-	MltA specific insert domain	ko:K08304	-	ko00000,ko01000,ko01011	-	GH102	3D,MltA
LDZ24_RS20545	serine/threonine-protein kinase	WP_248323957.1					-	Protein tyrosine kinase	ko:K08282	-	ko00000,ko01000	-	-	DUF4384,Pkinase
LDZ24_RS20550	type VI secretion system-associated protein TagF	WP_248323958.1				tagF	-	Uncharacterized protein conserved in bacteria (DUF2094)	ko:K11890	-	ko00000,ko00001,ko02044	-	-	DUF2094
LDZ24_RS20575	CHAT domain-containing protein	WP_248323963.1					-	CHAT domain	-	-	-	-	-	CHAT,TPR_12,TPR_16
LDZ24_RS20580	ShlB/FhaC/HecB family hemolysin secretion/activation protein	WP_248323964.1	porin activity|0015288||IEA	protein transport|0015031||IEA	pore complex|0046930||IEA		-	Polypeptide-transport-associated domain protein ShlB-type	-	-	-	-	-	POTRA_2,ShlB
LDZ24_RS20585	filamentous hemagglutinin N-terminal domain-containing protein	WP_248323965.1					-	family outer membrane protein	-	-	-	-	-	ESPR,Haemagg_act
LDZ24_RS20590	type VI secretion system protein TssA	WP_248323966.1				tssA	-	ImpA, N-terminal, type VI secretion system	ko:K11902	M00334	ko00000,ko00001,ko00002,ko02044	-	-	ImpA_N
LDZ24_RS20595	DUF6484 domain-containing protein	WP_248323967.1					-	-	-	-	-	-	-	-
LDZ24_RS20600	DUF2169 domain-containing protein	WP_248323968.1					-	Uncharacterized protein conserved in bacteria (DUF2169)	-	-	-	-	-	DUF2169
LDZ24_RS20605	hypothetical protein	WP_248323969.1					-	Catalyzes the condensation reaction of fatty acid synthesis by the addition to an acyl acceptor of two carbons from malonyl-ACP. Catalyzes the first condensation reaction which initiates fatty acid synthesis and may therefore play a role in governing the total rate of fatty acid production. Possesses both acetoacetyl-ACP synthase and acetyl transacylase activities. Its substrate specificity determines the biosynthesis of branched- chain and or straight-chain of fatty acids	ko:K00647	M00083,M00572	ko00000,ko00001,ko00002,ko01000,ko01004	-	-	-
LDZ24_RS28055	DUF4150 domain-containing protein	WP_305854733.1					-	GHH signature containing HNH/Endo VII superfamily nuclease toxin  2	-	-	-	-	-	DUF4150,Tox-GHH2
LDZ24_RS20620	TIGR02270 family protein	WP_248323971.1					-	lyase activity	-	-	-	-	-	HEAT_2
LDZ24_RS20635	PP2C family serine/threonine-protein phosphatase	WP_248323974.1	metal ion binding|0046872||IEA	protein dephosphorylation|0006470||IEA			-	Serine/threonine phosphatases, family 2C, catalytic domain	ko:K20074	-	ko00000,ko01000,ko01009	-	-	PP2C_2
LDZ24_RS20640	type VI secretion system-associated FHA domain protein TagH	WP_248323975.1		protein secretion by the type VI secretion system|0033103||IEA		tagH	-	Forkhead associated domain	ko:K07169,ko:K11913	-	ko00000,ko00001,ko02044	-	-	FHA
LDZ24_RS20660	type VI secretion system baseplate subunit TssE	WP_248323979.1		protein secretion by the type VI secretion system|0033103||IEA		tssE	-	Gene 25-like lysozyme	ko:K11897	M00334	ko00000,ko00002,ko02044	-	-	GPW_gp25
LDZ24_RS20665	type VI secretion system tube protein Hcp	WP_248323980.1					-	Type VI secretion system effector, Hcp	-	-	-	-	-	T6SS_HCP
LDZ24_RS20670	type VI secretion system tube protein Hcp	WP_248323981.1					-	Type VI secretion system effector, Hcp	-	-	-	-	-	T6SS_HCP
LDZ24_RS20680	hypothetical protein	WP_248323983.1					-	Catalyzes the condensation reaction of fatty acid synthesis by the addition to an acyl acceptor of two carbons from malonyl-ACP. Catalyzes the first condensation reaction which initiates fatty acid synthesis and may therefore play a role in governing the total rate of fatty acid production. Possesses both acetoacetyl-ACP synthase and acetyl transacylase activities. Its substrate specificity determines the biosynthesis of branched- chain and or straight-chain of fatty acids	ko:K00647	M00083,M00572	ko00000,ko00001,ko00002,ko01000,ko01004	-	-	-
LDZ24_RS20685	PAAR-like domain-containing protein	WP_248323984.1					-	chromosome segregation	-	-	-	-	-	DUF4150,Tox-GHH2
LDZ24_RS20690	hypothetical protein	WP_248323985.1					-	cellulose binding	-	-	-	-	-	-
LDZ24_RS20705	methyl-accepting chemotaxis protein	WP_248323988.1		signal transduction|0007165||IEA	membrane|0016020||IEA		-	Cache type 2 domain protein	ko:K03406	-	ko00000,ko00001,ko02035	-	-	4HB_MCP_1,HAMP,MCPsignal,PAS_3,TarH,sCache_2
LDZ24_RS20710	hypothetical protein	WP_248323989.1					-	Glycosyl hydrolases family 35	-	-	-	-	-	Glyco_hydro_35
LDZ24_RS20715	cation diffusion facilitator family transporter	WP_248323990.1	monoatomic cation transmembrane transporter activity|0008324||IEA				-	Cation efflux family	-	-	-	-	-	Cation_efflux
LDZ24_RS20735	cysteine hydrolase family protein	WP_248323994.1					-	Isochorismatase family	-	-	-	-	-	Isochorismatase
LDZ24_RS20750	cysteine hydrolase family protein	WP_248323997.1					-	Isochorismatase family	-	-	-	-	-	Isochorismatase
LDZ24_RS20755	oxalurate catabolism protein HpxZ	WP_248324233.1				hpxZ	-	Protein of unknown function (DUF3225)	-	-	-	-	-	DUF3225
LDZ24_RS20760	GntR family transcriptional regulator	WP_248323998.1	DNA-binding transcription factor activity|0003700||IEA				-	FCD	-	-	-	-	-	FCD,GntR
LDZ24_RS20765	DUF1993 family protein	WP_248324234.1					-	Domain of unknown function (DUF1993)	ko:K09983	-	ko00000	-	-	DUF1993
LDZ24_RS20770	FAD-binding oxidoreductase	WP_248323999.1	oxidoreductase activity|0016491||IEA				-	PFAM FAD dependent oxidoreductase	ko:K00285	-	ko00000,ko00001,ko01000	-	-	DAO
LDZ24_RS20780	ProQ/FinO family protein	WP_248324001.1					-	ProQ activator of osmoprotectant transporter ProP	ko:K03607	-	ko00000	-	-	ProQ
LDZ24_RS20790	Rieske 2Fe-2S domain-containing protein	WP_248324003.1					-	PFAM Rieske 2Fe-2S	-	-	-	-	-	Rieske
LDZ24_RS20795	YciI family protein	WP_248324004.1					-	YCII-related domain	ko:K09780	-	ko00000	-	-	YCII
LDZ24_RS20800	intradiol ring-cleavage dioxygenase	WP_248324005.1					-	PFAM intradiol ring-cleavage dioxygenase	ko:K03381	M00568	ko00000,ko00001,ko00002,ko01000	-	-	Dioxygenase_C,Dioxygenase_N
LDZ24_RS20805	maleylacetate reductase	WP_248324006.1	metal ion binding|0046872||IEA				-	maleylacetate reductase	ko:K00217	-	ko00000,ko00001,ko01000	-	-	Fe-ADH
LDZ24_RS20815	hydroxyquinol 1,2-dioxygenase	WP_248324008.1					-	-	-	-	-	-	-	-
LDZ24_RS20820	hydroxyquinol 1,2-dioxygenase	WP_248324009.1					-	-	-	-	-	-	-	-
LDZ24_RS20825	LysR family transcriptional regulator	WP_248324010.1					-	Transcriptional regulator	-	-	-	-	-	HTH_1,LysR_substrate
LDZ24_RS20830	MFS transporter	WP_248324011.1					-	Major facilitator superfamily	-	-	-	-	-	MFS_1,Sugar_tr
LDZ24_RS20835	hypothetical protein	WP_248324012.1					-	-	-	-	-	-	-	-
LDZ24_RS20860	DUF2160 domain-containing protein	WP_175942871.1					-	Predicted small integral membrane protein (DUF2160)	-	-	-	-	-	DUF2160
LDZ24_RS20885	PRTRC system protein D	WP_248324019.1					-	Plasmid segregation protein ParM	ko:K18640	-	ko00000,ko04812	-	-	StbA
LDZ24_RS20895	phage integrase N-terminal domain-containing protein	WP_248324021.1					-	-	-	-	-	-	-	-
LDZ24_RS20900	class I SAM-dependent methyltransferase	WP_248324022.1					-	SNF2 family N-terminal domain	-	-	-	-	-	Helicase_C,SNF2_N
LDZ24_RS20905	PRTRC system protein A	WP_248324023.1					-	Domain of unknown function (DUF2016)	-	-	-	-	-	DUF2016,Prok-JAB
LDZ24_RS20910	PRTRC system ThiF family protein	WP_248324235.1					-	PFAM UBA THIF-type NAD FAD binding protein	-	-	-	-	-	ThiF
LDZ24_RS20920	hypothetical protein	WP_248324025.1					-	-	-	-	-	-	-	-
LDZ24_RS20925	hypothetical protein	WP_248324026.1					-	COG0175 3-phosphoadenosine 5-phosphosulfate sulfotransferase (PAPS reductase) FAD synthetase and related enzymes	-	-	-	-	-	PAPS_reduct
LDZ24_RS20930	hypothetical protein	WP_248324027.1					-	COG0175 3-phosphoadenosine 5-phosphosulfate sulfotransferase (PAPS reductase) FAD synthetase and related enzymes	-	-	-	-	-	PAPS_reduct
LDZ24_RS20940	EAL domain-containing protein	WP_248324029.1					-	PFAM EAL domain protein	-	-	-	-	-	CSS-motif,EAL
LDZ24_RS20960	hypothetical protein	WP_248324033.1					-	-	-	-	-	-	-	-
LDZ24_RS20965	hypothetical protein	WP_248324034.1					-	-	-	-	-	-	-	-
LDZ24_RS28165	hypothetical protein	WP_371747483.1					-	-	-	-	-	-	-	-
LDZ24_RS20975	translesion DNA synthesis-associated protein ImuA	WP_248324035.1		negative regulation of cell division|0051782||IEA		imuA	-	Component of the SOS system and an inhibitor of cell division. Accumulation of SulA causes rapid cessation of cell division and the appearance of long, non-septate filaments. In the presence of GTP, binds a polymerization-competent form of FtsZ in a 1 1 ratio, thus inhibiting FtsZ polymerization and therefore preventing it from participating in the assembly of the Z ring. This mechanism prevents the premature segregation of damaged DNA to daughter cells during cell division	ko:K14160	-	ko00000,ko03400	-	-	-
LDZ24_RS20985	monooxygenase family protein	WP_248324037.1					-	Domain of unknown function (DUF4188)	-	-	-	-	-	DUF4188
LDZ24_RS20990	3'-5' exonuclease	WP_248324038.1	hydrolase activity|0016787||IEA				-	UvrD-like helicase C-terminal domain	-	-	-	-	-	AAA_19,UvrD-helicase,UvrD_C,UvrD_C_2
LDZ24_RS20995	hypothetical protein	WP_248324039.1					-	-	-	-	-	-	-	-
LDZ24_RS21000	hypothetical protein	WP_248324040.1					-	-	-	-	-	-	-	-
LDZ24_RS21005	hypothetical protein	WP_248324041.1					-	-	-	-	-	-	-	-
LDZ24_RS21010	GAF domain-containing protein	WP_248324042.1					-	Gaf domain	-	-	-	-	-	GAF,HWE_HK
LDZ24_RS21015	PAS domain-containing methyl-accepting chemotaxis protein	WP_248324043.1	protein binding|0005515||IEA				-	chemotaxis protein	ko:K03406	-	ko00000,ko00001,ko02035	-	-	4HB_MCP_1,HAMP,MCPsignal,PAS_3,PAS_4,PAS_9,TarH,sCache_2
LDZ24_RS21020	chemotaxis protein CheW	WP_248324044.1		signal transduction|0007165||IEA			-	Two component signalling adaptor domain	ko:K03408	-	ko00000,ko00001,ko02035	-	-	CheW
LDZ24_RS21025	TetR family transcriptional regulator	WP_248324045.1	DNA binding|0003677||IEA				-	TetR family transcriptional regulator	-	-	-	-	-	TetR_N
LDZ24_RS21035	TMEM175 family protein	WP_248324047.1		potassium ion transmembrane transport|0071805||IEA			GO:0003674,GO:0005215,GO:0005216,GO:0005261,GO:0005267,GO:0006810,GO:0006811,GO:0006812,GO:0006813,GO:0008150,GO:0008324,GO:0009987,GO:0015075,GO:0015077,GO:0015079,GO:0015267,GO:0015318,GO:0015672,GO:0016043,GO:0022607,GO:0022803,GO:0022838,GO:0022840,GO:0022841,GO:0022842,GO:0022857,GO:0022890,GO:0030001,GO:0034220,GO:0043933,GO:0044085,GO:0046873,GO:0051179,GO:0051234,GO:0051259,GO:0051260,GO:0051262,GO:0051289,GO:0055085,GO:0065003,GO:0071804,GO:0071805,GO:0071840,GO:0098655,GO:0098660,GO:0098662	protein homotetramerization	-	-	-	-	-	DUF1211
LDZ24_RS21040	tyrosine-type recombinase/integrase	WP_248324048.1					-	Belongs to the 'phage' integrase family	-	-	-	-	-	Phage_integrase
LDZ24_RS21045	nucleoside 2-deoxyribosyltransferase	WP_350029455.1					-	Nucleoside 2-deoxyribosyltransferase	ko:K08728	-	ko00000,ko00001,ko01000	-	-	Nuc_deoxyrib_tr
LDZ24_RS21050	hypothetical protein	WP_248324049.1					-	-	-	-	-	-	-	-
LDZ24_RS21055	hypothetical protein	WP_248324050.1					-	-	-	-	-	-	-	-
LDZ24_RS21060	hypothetical protein	WP_248324051.1					-	-	-	-	-	-	-	-
LDZ24_RS28005	hypothetical protein	WP_256465429.1					-	-	-	-	-	-	-	-
LDZ24_RS21065	hypothetical protein	WP_248324052.1					-	AAA domain (dynein-related subfamily)	ko:K07452	-	ko00000,ko01000,ko02048	-	-	AAA_5
LDZ24_RS21075	hypothetical protein	WP_248324054.1					-	-	-	-	-	-	-	-
LDZ24_RS21080	Crp/Fnr family transcriptional regulator	WP_248324055.1	cAMP binding|0030552||IEA	regulation of DNA-templated transcription|0006355||IEA			-	CRP FNR family	-	-	-	-	-	HTH_Crp_2
LDZ24_RS21085	methyl-accepting chemotaxis protein	WP_248324056.1		signal transduction|0007165||IEA	membrane|0016020||IEA		-	Cache type 2 domain protein	ko:K03406	-	ko00000,ko00001,ko02035	-	-	4HB_MCP_1,HAMP,MCPsignal,PAS_3,TarH,sCache_2
LDZ24_RS21095	3-alpha domain-containing protein	WP_248324238.1					-	3-alpha domain	-	-	-	-	-	3-alpha,FAD_binding_6,Fer2,MOSC,NAD_binding_1
LDZ24_RS21105	lipocalin-like domain-containing protein	WP_248324058.1					-	Lipocalin-like domain	-	-	-	-	-	Lipocalin_5
LDZ24_RS21115	polyhydroxyalkanoate depolymerase	WP_248324239.1					-	depolymerase	ko:K05973	-	ko00000,ko00001,ko01000	-	-	PHB_depo_C
LDZ24_RS21120	hypothetical protein	WP_248324060.1					-	HAMP (Histidine kinases, Adenylyl cyclases, Methyl binding proteins, Phosphatases) domain	ko:K07638	M00445,M00742,M00743	ko00000,ko00001,ko00002,ko01000,ko01001,ko02022	-	-	HAMP,HATPase_c,HisKA
LDZ24_RS21125	hybrid sensor histidine kinase/response regulator	WP_248324061.1					-	Histidine kinase	-	-	-	-	-	GAF_2,HATPase_c,HisKA,PAS_3,PAS_9,Response_reg
LDZ24_RS21130	hypothetical protein	WP_248324062.1					-	-	-	-	-	-	-	-
LDZ24_RS21135	hypothetical protein	WP_248324240.1					-	-	-	-	-	-	-	-
LDZ24_RS21140	ATP-binding protein	WP_248324063.1					-	histidine kinase A domain protein	-	-	-	-	-	HATPase_c,HisKA,PAS_4,Response_reg
LDZ24_RS21145	ATP-binding protein	WP_248324064.1					-	His Kinase A (phosphoacceptor) domain	-	-	-	-	-	GAF_2,HATPase_c,HisKA,PAS_3,PAS_4,Response_reg
LDZ24_RS21150	MHYT domain-containing protein	WP_248324065.1					-	Histidine kinase-, DNA gyrase B-, and HSP90-like ATPase	-	-	-	-	-	GAF,HATPase_c,HisKA,PAS_3,PAS_4,PAS_9,Response_reg
LDZ24_RS21160	alpha/beta fold hydrolase	WP_248324067.1					-	alpha/beta hydrolase fold	ko:K01561	-	ko00000,ko00001,ko01000	-	-	Abhydrolase_1
LDZ24_RS21180	hypothetical protein	WP_248324241.1					-	-	-	-	-	-	-	-
LDZ24_RS21185	DHCW motif cupin fold protein	WP_248324071.1					-	Cupin 2, conserved barrel domain protein	-	-	-	-	-	-
LDZ24_RS21200	hypothetical protein	WP_248324072.1					-	Polyketide cyclase / dehydrase and lipid transport	-	-	-	-	-	Polyketide_cyc2
LDZ24_RS21210	IS66 family transposase	WP_248320381.1	transposase activity|0004803||IEA				-	transposase	-	-	-	-	-	DDE_Tnp_IS66,DDE_Tnp_IS66_C,LZ_Tnp_IS66,zf-IS66
LDZ24_RS21210	IS66 family transposase	WP_248320381.1	transposase activity|0004803||IEA				-	transposase	-	-	-	-	-	DDE_Tnp_IS66,DDE_Tnp_IS66_C,LZ_Tnp_IS66,zf-IS66
LDZ24_RS21210	IS66 family transposase	WP_248320381.1	transposase activity|0004803||IEA				-	transposase	-	-	-	-	-	DDE_Tnp_IS66,DDE_Tnp_IS66_C,LZ_Tnp_IS66,zf-IS66
LDZ24_RS21210	IS66 family transposase	WP_248320381.1	transposase activity|0004803||IEA				-	transposase	-	-	-	-	-	DDE_Tnp_IS66,DDE_Tnp_IS66_C,LZ_Tnp_IS66,zf-IS66
LDZ24_RS21210	IS66 family transposase	WP_248320381.1	transposase activity|0004803||IEA				-	transposase	-	-	-	-	-	DDE_Tnp_IS66,DDE_Tnp_IS66_C,LZ_Tnp_IS66,zf-IS66
LDZ24_RS21210	IS66 family transposase	WP_248320381.1	transposase activity|0004803||IEA				-	transposase	-	-	-	-	-	DDE_Tnp_IS66,DDE_Tnp_IS66_C,LZ_Tnp_IS66,zf-IS66
LDZ24_RS21210	IS66 family transposase	WP_248320381.1	transposase activity|0004803||IEA				-	transposase	-	-	-	-	-	DDE_Tnp_IS66,DDE_Tnp_IS66_C,LZ_Tnp_IS66,zf-IS66
LDZ24_RS21215	IS66 family insertion sequence element accessory protein TnpB	WP_045463971.1				tnpB	-	Evidence 2b Function of strongly homologous gene	-	-	-	-	-	TnpB_IS66
LDZ24_RS21215	IS66 family insertion sequence element accessory protein TnpB	WP_045463971.1				tnpB	-	Evidence 2b Function of strongly homologous gene	-	-	-	-	-	TnpB_IS66
LDZ24_RS21215	IS66 family insertion sequence element accessory protein TnpB	WP_045463971.1				tnpB	-	Evidence 2b Function of strongly homologous gene	-	-	-	-	-	TnpB_IS66
LDZ24_RS21215	IS66 family insertion sequence element accessory protein TnpB	WP_045463971.1				tnpB	-	Evidence 2b Function of strongly homologous gene	-	-	-	-	-	TnpB_IS66
LDZ24_RS21215	IS66 family insertion sequence element accessory protein TnpB	WP_045463971.1				tnpB	-	Evidence 2b Function of strongly homologous gene	-	-	-	-	-	TnpB_IS66
LDZ24_RS21215	IS66 family insertion sequence element accessory protein TnpB	WP_045463971.1				tnpB	-	Evidence 2b Function of strongly homologous gene	-	-	-	-	-	TnpB_IS66
LDZ24_RS21215	IS66 family insertion sequence element accessory protein TnpB	WP_045463971.1				tnpB	-	Evidence 2b Function of strongly homologous gene	-	-	-	-	-	TnpB_IS66
LDZ24_RS21215	IS66 family insertion sequence element accessory protein TnpB	WP_045463971.1				tnpB	-	Evidence 2b Function of strongly homologous gene	-	-	-	-	-	TnpB_IS66
LDZ24_RS21215	IS66 family insertion sequence element accessory protein TnpB	WP_045463971.1				tnpB	-	Evidence 2b Function of strongly homologous gene	-	-	-	-	-	TnpB_IS66
LDZ24_RS21220	transposase	WP_248320380.1	transposase activity|0004803||IEA	DNA transposition|0006313||IEA			-	Transposase	-	-	-	-	-	HTH_Tnp_1
LDZ24_RS21220	transposase	WP_248320380.1	transposase activity|0004803||IEA	DNA transposition|0006313||IEA			-	Transposase	-	-	-	-	-	HTH_Tnp_1
LDZ24_RS21220	transposase	WP_248320380.1	transposase activity|0004803||IEA	DNA transposition|0006313||IEA			-	Transposase	-	-	-	-	-	HTH_Tnp_1
LDZ24_RS21220	transposase	WP_248320380.1	transposase activity|0004803||IEA	DNA transposition|0006313||IEA			-	Transposase	-	-	-	-	-	HTH_Tnp_1
LDZ24_RS21220	transposase	WP_248320380.1	transposase activity|0004803||IEA	DNA transposition|0006313||IEA			-	Transposase	-	-	-	-	-	HTH_Tnp_1
LDZ24_RS21220	transposase	WP_248320380.1	transposase activity|0004803||IEA	DNA transposition|0006313||IEA			-	Transposase	-	-	-	-	-	HTH_Tnp_1
LDZ24_RS21220	transposase	WP_248320380.1	transposase activity|0004803||IEA	DNA transposition|0006313||IEA			-	Transposase	-	-	-	-	-	HTH_Tnp_1
LDZ24_RS21230	IS66 family insertion sequence element accessory protein TnpB	WP_248324074.1				tnpB	-	IS66 Orf2 like protein	-	-	-	-	-	TnpB_IS66
LDZ24_RS21235	transposase	WP_248324075.1	transposase activity|0004803||IEA	DNA transposition|0006313||IEA			-	Helix-turn-helix domain of transposase family ISL3	ko:K07483	-	ko00000	-	-	HTH_Tnp_1,HTH_Tnp_ISL3
LDZ24_RS21240	phosphate-starvation-inducible PsiE family protein	WP_248324076.1					-	Phosphate-starvation-inducible E	-	-	-	-	-	PsiE
LDZ24_RS21255	glycosyltransferase family 4 protein	WP_248324078.1					-	PFAM glycosyl transferase group 1	-	-	-	-	-	Glyco_trans_4_4,Glyco_transf_4,Glycos_transf_1
LDZ24_RS21260	NRAMP family divalent metal transporter	WP_248324243.1	metal ion transmembrane transporter activity|0046873||IEA	metal ion transport|0030001||IEA			-	Natural resistance-associated macrophage protein	-	-	-	-	-	Nramp
LDZ24_RS21265	hypothetical protein	WP_248324079.1					-	-	-	-	-	-	-	-
LDZ24_RS21275	hypothetical protein	WP_248324080.1					-	-	-	-	-	-	-	-
LDZ24_RS21285	IS66 family transposase	WP_248320381.1	transposase activity|0004803||IEA				-	transposase	-	-	-	-	-	DDE_Tnp_IS66,DDE_Tnp_IS66_C,LZ_Tnp_IS66,zf-IS66
LDZ24_RS21285	IS66 family transposase	WP_248320381.1	transposase activity|0004803||IEA				-	transposase	-	-	-	-	-	DDE_Tnp_IS66,DDE_Tnp_IS66_C,LZ_Tnp_IS66,zf-IS66
LDZ24_RS21285	IS66 family transposase	WP_248320381.1	transposase activity|0004803||IEA				-	transposase	-	-	-	-	-	DDE_Tnp_IS66,DDE_Tnp_IS66_C,LZ_Tnp_IS66,zf-IS66
LDZ24_RS21285	IS66 family transposase	WP_248320381.1	transposase activity|0004803||IEA				-	transposase	-	-	-	-	-	DDE_Tnp_IS66,DDE_Tnp_IS66_C,LZ_Tnp_IS66,zf-IS66
LDZ24_RS21285	IS66 family transposase	WP_248320381.1	transposase activity|0004803||IEA				-	transposase	-	-	-	-	-	DDE_Tnp_IS66,DDE_Tnp_IS66_C,LZ_Tnp_IS66,zf-IS66
LDZ24_RS21285	IS66 family transposase	WP_248320381.1	transposase activity|0004803||IEA				-	transposase	-	-	-	-	-	DDE_Tnp_IS66,DDE_Tnp_IS66_C,LZ_Tnp_IS66,zf-IS66
LDZ24_RS21285	IS66 family transposase	WP_248320381.1	transposase activity|0004803||IEA				-	transposase	-	-	-	-	-	DDE_Tnp_IS66,DDE_Tnp_IS66_C,LZ_Tnp_IS66,zf-IS66
LDZ24_RS21290	IS66 family insertion sequence element accessory protein TnpB	WP_045463971.1				tnpB	-	Evidence 2b Function of strongly homologous gene	-	-	-	-	-	TnpB_IS66
LDZ24_RS21290	IS66 family insertion sequence element accessory protein TnpB	WP_045463971.1				tnpB	-	Evidence 2b Function of strongly homologous gene	-	-	-	-	-	TnpB_IS66
LDZ24_RS21290	IS66 family insertion sequence element accessory protein TnpB	WP_045463971.1				tnpB	-	Evidence 2b Function of strongly homologous gene	-	-	-	-	-	TnpB_IS66
LDZ24_RS21290	IS66 family insertion sequence element accessory protein TnpB	WP_045463971.1				tnpB	-	Evidence 2b Function of strongly homologous gene	-	-	-	-	-	TnpB_IS66
LDZ24_RS21290	IS66 family insertion sequence element accessory protein TnpB	WP_045463971.1				tnpB	-	Evidence 2b Function of strongly homologous gene	-	-	-	-	-	TnpB_IS66
LDZ24_RS21290	IS66 family insertion sequence element accessory protein TnpB	WP_045463971.1				tnpB	-	Evidence 2b Function of strongly homologous gene	-	-	-	-	-	TnpB_IS66
LDZ24_RS21290	IS66 family insertion sequence element accessory protein TnpB	WP_045463971.1				tnpB	-	Evidence 2b Function of strongly homologous gene	-	-	-	-	-	TnpB_IS66
LDZ24_RS21290	IS66 family insertion sequence element accessory protein TnpB	WP_045463971.1				tnpB	-	Evidence 2b Function of strongly homologous gene	-	-	-	-	-	TnpB_IS66
LDZ24_RS21290	IS66 family insertion sequence element accessory protein TnpB	WP_045463971.1				tnpB	-	Evidence 2b Function of strongly homologous gene	-	-	-	-	-	TnpB_IS66
LDZ24_RS21295	transposase	WP_248320380.1	transposase activity|0004803||IEA	DNA transposition|0006313||IEA			-	Transposase	-	-	-	-	-	HTH_Tnp_1
LDZ24_RS21295	transposase	WP_248320380.1	transposase activity|0004803||IEA	DNA transposition|0006313||IEA			-	Transposase	-	-	-	-	-	HTH_Tnp_1
LDZ24_RS21295	transposase	WP_248320380.1	transposase activity|0004803||IEA	DNA transposition|0006313||IEA			-	Transposase	-	-	-	-	-	HTH_Tnp_1
LDZ24_RS21295	transposase	WP_248320380.1	transposase activity|0004803||IEA	DNA transposition|0006313||IEA			-	Transposase	-	-	-	-	-	HTH_Tnp_1
LDZ24_RS21295	transposase	WP_248320380.1	transposase activity|0004803||IEA	DNA transposition|0006313||IEA			-	Transposase	-	-	-	-	-	HTH_Tnp_1
LDZ24_RS21295	transposase	WP_248320380.1	transposase activity|0004803||IEA	DNA transposition|0006313||IEA			-	Transposase	-	-	-	-	-	HTH_Tnp_1
LDZ24_RS21295	transposase	WP_248320380.1	transposase activity|0004803||IEA	DNA transposition|0006313||IEA			-	Transposase	-	-	-	-	-	HTH_Tnp_1
LDZ24_RS21305	polyhydroxyalkanoate depolymerase	WP_248324245.1					-	depolymerase	ko:K05973	-	ko00000,ko00001,ko01000	-	-	PHB_depo_C
LDZ24_RS21315	GNAT family N-acetyltransferase	WP_171800337.1	acyltransferase activity, transferring groups other than amino-acyl groups|0016747||IEA				-	Acetyltransferase (GNAT) family	-	-	-	-	-	Acetyltransf_1
LDZ24_RS21320	FMN-dependent NADH-azoreductase	WP_248324084.1					-	Catalyzes the reductive cleavage of azo bond in aromatic azo compounds to the corresponding amines. Requires NADH, but not NADPH, as an electron donor for its activity	ko:K01118	-	ko00000,ko01000	-	-	Flavodoxin_2
LDZ24_RS21325	PLP-dependent aminotransferase family protein	WP_248324085.1	pyridoxal phosphate binding|0030170||IEA				-	aminotransferase class I and II	ko:K00375	-	ko00000,ko03000	-	-	Aminotran_1_2,GntR
LDZ24_RS21330	SDR family oxidoreductase	WP_248324086.1					-	NmrA family	-	-	-	-	-	NAD_binding_10,NmrA
LDZ24_RS21335	carboxymuconolactone decarboxylase family protein	WP_248324087.1					-	Antioxidant protein with alkyl hydroperoxidase activity. Required for the reduction of the AhpC active site cysteine residues and for the regeneration of the AhpC enzyme activity	-	-	-	-	-	CMD
LDZ24_RS21340	TetR/AcrR family transcriptional regulator	WP_248324088.1	DNA-binding transcription factor activity|0003700||IEA	regulation of DNA-templated transcription|0006355||IEA			-	transcriptional regulator	-	-	-	-	-	TetR_N
LDZ24_RS21345	NAD(P)H-binding protein	WP_248324089.1					GO:0003674,GO:0003824,GO:0005575,GO:0005622,GO:0005623,GO:0005737,GO:0005829,GO:0008150,GO:0008152,GO:0016491,GO:0016651,GO:0016655,GO:0044424,GO:0044444,GO:0044464,GO:0055114	NmrA-like family	ko:K19267	-	ko00000,ko00001,ko01000	-	-	NAD_binding_10,NmrA
LDZ24_RS21365	hypothetical protein	WP_063786808.1					-	-	-	-	-	-	-	-
LDZ24_RS28170	hypothetical protein	WP_371747485.1					-	Trypsin-like peptidase domain	-	-	-	-	-	Trypsin_2
LDZ24_RS21380	hypothetical protein	WP_248324093.1					-	-	-	-	-	-	-	-
LDZ24_RS21385	hypothetical protein	WP_244818733.1					-	-	-	-	-	-	-	-
LDZ24_RS21390	hypothetical protein	WP_248324094.1					-	-	-	-	-	-	-	-
LDZ24_RS21395	transglutaminase family protein	WP_248324095.1					-	Transglutaminase/protease-like homologues	-	-	-	-	-	Transglut_core
LDZ24_RS21400	tyrosine-type recombinase/integrase	WP_248324096.1	DNA binding|0003677||IEA	DNA integration|0015074||IEA			-	PFAM integrase family protein	-	-	-	-	-	Phage_integrase
LDZ24_RS21405	winged helix-turn-helix domain-containing protein	WP_248324097.1	DNA binding|0003677||IEA	regulation of DNA-templated transcription|0006355||IEA			-	Transcriptional regulatory protein, C terminal	-	-	-	-	-	TPR_19,TPR_8,Trans_reg_C
LDZ24_RS21410	MFS transporter	WP_248324098.1	transmembrane transporter activity|0022857||IEA	transmembrane transport|0055085||IEA			-	Transcriptional regulatory protein, C terminal	-	-	-	-	-	TPR_19,TPR_8,Trans_reg_C
LDZ24_RS21415	hypothetical protein	WP_248324099.1					-	-	-	-	-	-	-	-
LDZ24_RS21425	tyrosine-type recombinase/integrase	WP_248324100.1	DNA binding|0003677||IEA	DNA integration|0015074||IEA			-	Belongs to the 'phage' integrase family	-	-	-	-	-	Phage_integrase
LDZ24_RS28175	hypothetical protein	WP_350029459.1					-	Type III restriction enzyme, res subunit	-	-	-	-	-	Helicase_C,ResIII
LDZ24_RS28185	DEAD/DEAH box helicase	WP_371747496.1	ATP binding|0005524||IEA				-	Type III restriction enzyme, res subunit	-	-	-	-	-	Helicase_C,ResIII
LDZ24_RS21440	PIN domain nuclease	WP_248324102.1					-	Toxic component of a toxin-antitoxin (TA) module. An RNase	-	-	-	-	-	PIN
LDZ24_RS21445	type II toxin-antitoxin system VapB family antitoxin	WP_248324103.1					-	Bacterial antitoxin of type II TA system, VapB	-	-	-	-	-	VapB_antitoxin
LDZ24_RS21450	DNA-binding protein	WP_248324104.1					-	Plasmid replication region DNA-binding N-term	-	-	-	-	-	KfrA_N
LDZ24_RS21455	hypothetical protein	WP_248324105.1					-	Plasmid replication region DNA-binding N-term	-	-	-	-	-	KfrA_N
LDZ24_RS21460	ATPase domain-containing protein	WP_248324106.1					-	KaiC	ko:K08482	-	ko00000	-	-	ATPase
LDZ24_RS21465	response regulator	WP_248324107.1					-	cheY-homologous receiver domain	-	-	-	-	-	Response_reg
LDZ24_RS21470	hypothetical protein	WP_248324108.1					-	-	-	-	-	-	-	-
LDZ24_RS21480	hypothetical protein	WP_248324110.1					-	-	-	-	-	-	-	-
LDZ24_RS21485	3'-5' exoribonuclease	WP_248324111.1					-	3' exoribonuclease, RNase T-like	-	-	-	-	-	DUF5051
LDZ24_RS21515	error-prone DNA polymerase	WP_248324116.1					-	DNA polymerase involved in damage-induced mutagenesis and translesion synthesis (TLS). It is not the major replicative DNA polymerase	ko:K14162	-	ko00000,ko01000,ko03400	-	-	DNA_pol3_alpha,HHH_6,PHP,tRNA_anti-codon
LDZ24_RS21520	DNA polymerase Y family protein	WP_248324117.1					-	DNA polymerase	ko:K14161	-	ko00000,ko03400	-	-	IMS
LDZ24_RS21525	translesion DNA synthesis-associated protein ImuA	WP_248324118.1		negative regulation of cell division|0051782||IEA		imuA	-	Component of the SOS system and an inhibitor of cell division. Accumulation of SulA causes rapid cessation of cell division and the appearance of long, non-septate filaments. In the presence of GTP, binds a polymerization-competent form of FtsZ in a 1 1 ratio, thus inhibiting FtsZ polymerization and therefore preventing it from participating in the assembly of the Z ring. This mechanism prevents the premature segregation of damaged DNA to daughter cells during cell division	ko:K14160	-	ko00000,ko03400	-	-	-
LDZ24_RS28195	hypothetical protein	WP_350029463.1					-	-	-	-	-	-	-	-
LDZ24_RS21535	SOS response-associated peptidase family protein	WP_248324120.1	single-stranded DNA binding|0003697||IEA	DNA damage response|0006974||IEA			-	Belongs to the SOS response-associated peptidase family	-	-	-	-	-	SRAP
LDZ24_RS21540	hypothetical protein	WP_206466678.1					-	-	-	-	-	-	-	-
LDZ24_RS21545	DNA ligase D	WP_248324121.1		double-strand break repair via nonhomologous end joining|0006303||IEA		ligD	-	DNA polymerase	ko:K01971	-	ko00000,ko00001,ko01000,ko03400	-	-	DNA_ligase_A_C,DNA_ligase_A_M,DNA_primase_S
LDZ24_RS21550	hypothetical protein	WP_206466676.1					-	-	-	-	-	-	-	-
LDZ24_RS28200	membrane protein insertion efficiency factor YidD	WP_350029464.1				yidD	-	Haemolytic	-	-	-	-	-	Haemolytic
LDZ24_RS21560	oxidoreductase	WP_248324123.1	oxidoreductase activity|0016491||IEA				-	Belongs to the short-chain dehydrogenases reductases (SDR) family	-	-	-	-	-	adh_short
LDZ24_RS21565	LLM class flavin-dependent oxidoreductase	WP_248324124.1	oxidoreductase activity|0016491||IEA				-	Luciferase-like monooxygenase	-	-	-	-	-	Bac_luciferase
LDZ24_RS21575	SDR family oxidoreductase	WP_248324126.1	oxidoreductase activity|0016491||IEA				-	Belongs to the short-chain dehydrogenases reductases (SDR) family	-	-	-	-	-	adh_short
LDZ24_RS21585	haloacid dehalogenase type II	WP_248324128.1	hydrolase activity, acting on acid halide bonds, in C-halide compounds|0019120||IEA				-	Haloacid dehalogenase, type II	ko:K01560	-	ko00000,ko00001,ko01000	-	-	HAD_2,Hydrolase
LDZ24_RS21590	MEDS domain-containing protein	WP_248324129.1					-	MEDS: MEthanogen/methylotroph, DcmR Sensory domain	-	-	-	-	-	HATPase_c,HisKA,MEDS
LDZ24_RS21595	hypothetical protein	WP_248324130.1					-	-	-	-	-	-	-	-
LDZ24_RS21600	hypothetical protein	WP_248324131.1					-	-	-	-	-	-	-	-
LDZ24_RS21615	IS66 family insertion sequence element accessory protein TnpB	WP_248324132.1				tnpB	-	PFAM IS66 Orf2 family protein	ko:K07484	-	ko00000	-	-	TnpB_IS66
LDZ24_RS21620	transposase	WP_241484933.1	transposase activity|0004803||IEA	DNA transposition|0006313||IEA			-	transposase	ko:K07483	-	ko00000	-	-	HTH_Tnp_1
LDZ24_RS21630	DUF3717 domain-containing protein	WP_248324133.1					-	Protein of unknown function (DUF3717)	-	-	-	-	-	DUF3717
LDZ24_RS21635	hypothetical protein	WP_248324134.1					-	-	-	-	-	-	-	-
LDZ24_RS21640	hypothetical protein	WP_248324135.1					-	-	-	-	-	-	-	-
LDZ24_RS21645	type II toxin-antitoxin system RelE/ParE family toxin	WP_284506682.1	protein homodimerization activity|0042803||IEA	protein heterotetramerization|0051290||IEA			-	Plasmid stabilization system	-	-	-	-	-	ParE_toxin
LDZ24_RS21650	antitoxin	WP_248324136.1					-	-	-	-	-	-	-	-
LDZ24_RS21660	DNA-binding protein	WP_248324138.1					-	nuclear chromosome segregation	-	-	-	-	-	KfrA_N
LDZ24_RS21665	type II toxin-antitoxin system RelE/ParE family toxin	WP_248324139.1	protein homodimerization activity|0042803||IEA	protein heterotetramerization|0051290||IEA			-	ParE toxin of type II toxin-antitoxin system, parDE	-	-	-	-	-	ParE_toxin
LDZ24_RS21670	CopG family ribbon-helix-helix protein	WP_248324140.1					-	PFAM CopG domain protein DNA-binding domain protein	-	-	-	-	-	RHH_1
LDZ24_RS21685	hypothetical protein	WP_248324143.1					-	PFAM NADH flavin oxidoreductase NADH oxidase	-	-	-	-	-	Oxidored_FMN
LDZ24_RS21695	helix-turn-helix domain-containing protein	WP_248324145.1	DNA binding|0003677||IEA				-	HxlR-like helix-turn-helix	-	-	-	-	-	HxlR
LDZ24_RS21705	LysR family transcriptional regulator	WP_248324147.1	DNA-binding transcription factor activity|0003700||IEA	regulation of DNA-templated transcription|0006355||IEA			-	LysR family	-	-	-	-	-	HTH_1,LysR_substrate
LDZ24_RS21710	zinc-dependent alcohol dehydrogenase family protein	WP_248324148.1					-	Zinc-binding dehydrogenase	ko:K00344	-	ko00000,ko01000	-	-	ADH_N,ADH_zinc_N,ADH_zinc_N_2
LDZ24_RS21715	hypothetical protein	WP_248324149.1					-	-	-	-	-	-	-	-
LDZ24_RS21720	TetR/AcrR family transcriptional regulator	WP_248324150.1	DNA-binding transcription factor activity|0003700||IEA	regulation of DNA-templated transcription|0006355||IEA			-	PFAM regulatory protein TetR	-	-	-	-	-	TetR_N
LDZ24_RS21735	porin	WP_248324247.1	porin activity|0015288||IEA		cell outer membrane|0009279||IEA		-	Gram-negative porin	-	-	-	-	-	Porin_4
LDZ24_RS21760	type II toxin-antitoxin system RelE/ParE family toxin	WP_248324156.1	protein homodimerization activity|0042803||IEA	protein heterotetramerization|0051290||IEA			-	Plasmid stabilization	-	-	-	-	-	ParE_toxin
LDZ24_RS21765	type II toxin-antitoxin system ParD family antitoxin	WP_248324157.1		regulation of chromosome segregation|0051983||IEA			-	Addiction module	ko:K07746	-	ko00000,ko02048	-	-	ParD_antitoxin
LDZ24_RS21775	FGGY-family carbohydrate kinase	WP_248324159.1	carbohydrate kinase activity|0019200||IEA	phosphorylation|0016310||IEA			-	Belongs to the FGGY kinase family	ko:K00854	M00014	ko00000,ko00001,ko00002,ko01000	-	-	FGGY_C,FGGY_N
LDZ24_RS21800	AraC family transcriptional regulator	WP_248324163.1	sequence-specific DNA binding|0043565||IEA	regulation of DNA-templated transcription|0006355||IEA			-	transcriptional regulator Arac family	-	-	-	-	-	AraC_binding,HTH_18
LDZ24_RS21805	protease pro-enzyme activation domain-containing protein	WP_248324164.1	serine-type peptidase activity|0008236||IEA				-	peptidase S8 and S53, subtilisin, kexin, sedolisin	-	-	-	-	-	Peptidase_S8,Pro-kuma_activ
LDZ24_RS21810	DUF4148 domain-containing protein	WP_248324165.1					-	Domain of unknown function (DUF4148)	-	-	-	-	-	DUF4148
LDZ24_RS21815	hypothetical protein	WP_248324166.1					-	-	-	-	-	-	-	-
LDZ24_RS21825	RNA-binding protein	WP_248324168.1					-	-	-	-	-	-	-	-
LDZ24_RS21830	DUF3141 domain-containing protein	WP_248324169.1					-	Protein of unknown function (DUF3141)	-	-	-	-	-	DUF3141
LDZ24_RS21835	efflux transporter outer membrane subunit	WP_248324170.1	porin activity|0015288||IEA	transport|0006810||IEA	cell outer membrane|0009279||IEA		-	Outer membrane efflux protein	-	-	-	-	-	OEP
LDZ24_RS21840	efflux RND transporter periplasmic adaptor subunit	WP_248324248.1	identical protein binding|0042802||IEA	transmembrane transport|0055085||IEA	membrane|0016020||IEA		-	Barrel-sandwich domain of CusB or HlyD membrane-fusion	-	-	-	-	-	HlyD_D23
LDZ24_RS21845	efflux RND transporter permease subunit	WP_248324171.1	transmembrane transporter activity|0022857||IEA		membrane|0016020||IEA		-	Belongs to the resistance-nodulation-cell division (RND) (TC 2.A.6) family	-	-	-	-	-	ACR_tran
LDZ24_RS21850	SRPBCC family protein	WP_248324249.1					-	Polyketide cyclase / dehydrase and lipid transport	-	-	-	-	-	Polyketide_cyc,Polyketide_cyc2
LDZ24_RS21855	hypothetical protein	WP_248324172.1					-	-	-	-	-	-	-	-
LDZ24_RS21860	IclR family transcriptional regulator	WP_175943157.1	DNA-binding transcription factor activity|0003700||IEA	regulation of DNA-templated transcription|0006355||IEA			-	Transcriptional regulator	ko:K13641	-	ko00000,ko03000	-	-	HTH_IclR,IclR
LDZ24_RS21865	MFS transporter	WP_248324250.1	transmembrane transporter activity|0022857||IEA	transmembrane transport|0055085||IEA			-	Sugar (and other) transporter	-	-	-	-	-	MFS_1,Sugar_tr
LDZ24_RS21895	CoA-binding protein	WP_248324178.1					-	Succinyl-CoA ligase like flavodoxin domain	-	-	-	-	-	CoA_binding,Succ_CoA_lig
LDZ24_RS21900	ATP citrate lyase citrate-binding domain-containing protein	WP_248324179.1					-	ATP citrate lyase citrate-binding	-	-	-	-	-	ATP-grasp_2,Citrate_bind
LDZ24_RS21905	hypothetical protein	WP_248324180.1					-	-	-	-	-	-	-	-
LDZ24_RS21910	TetR/AcrR family transcriptional regulator	WP_248324181.1	DNA-binding transcription factor activity|0003700||IEA	regulation of DNA-templated transcription|0006355||IEA			-	PFAM regulatory protein TetR	-	-	-	-	-	TetR_N
LDZ24_RS21915	MFS transporter	WP_248324182.1					-	Major facilitator Superfamily	-	-	-	-	-	MFS_1
LDZ24_RS21940	amidase	WP_248324187.1	hydrolase activity, acting on carbon-nitrogen (but not peptide) bonds|0016810||IEA				-	Amidase	-	-	-	-	-	Amidase
LDZ24_RS21950	ANTAR domain-containing response regulator	WP_248324189.1					-	ANTAR	-	-	-	-	-	ANTAR
LDZ24_RS21990	FadR/GntR family transcriptional regulator	WP_248324193.1	DNA-binding transcription factor activity|0003700||IEA				-	Regulatory protein GntR HTH	-	-	-	-	-	FCD,GntR
LDZ24_RS22025	M81 family metallopeptidase	WP_248324199.1					-	Involved in peptidolytic degradation of cyclic heptapeptide hepatotoxin microcystin (MC)	-	-	-	-	-	DUF1485,MlrC_C
LDZ24_RS22030	HAD family hydrolase	WP_248324200.1	hydrolase activity|0016787||IEA				-	HAD-hyrolase-like	-	-	-	-	-	HAD_2
LDZ24_RS22035	erythromycin esterase family protein	WP_371747492.1		response to antibiotic|0046677||IEA			-	Catalyzes the methyl esterification of L-isoaspartyl residues in peptides and proteins that result from spontaneous decomposition of normal L-aspartyl and L-asparaginyl residues. It plays a role in the repair and or degradation of damaged proteins	-	-	-	-	-	Erythro_esteras,PCMT
LDZ24_RS22045	DUF4148 domain-containing protein	WP_248324202.1					-	Domain of unknown function (DUF4148)	-	-	-	-	-	DUF4148
LDZ24_RS22070	sigma-54-dependent Fis family transcriptional regulator	WP_248324207.1	sequence-specific DNA binding|0043565||IEA	regulation of DNA-templated transcription|0006355||IEA			-	PFAM sigma-54 factor interaction domain-containing protein	ko:K21405	-	ko00000,ko03000	-	-	GAF,HTH_8,Sigma54_activat
LDZ24_RS22075	pyrroloquinoline quinone precursor peptide PqqA	WP_157695699.1	catalytic activity|0003824||IEA	pyrroloquinoline quinone biosynthetic process|0018189||IEA		pqqA	-	Required for coenzyme pyrroloquinoline quinone (PQQ) biosynthesis. PQQ is probably formed by cross-linking a specific glutamate to a specific tyrosine residue and excising these residues from the peptide	ko:K06135	-	ko00000	-	-	PqqA
LDZ24_RS22080	methanol/ethanol family PQQ-dependent dehydrogenase	WP_248324208.1					-	PQQ-dependent dehydrogenase, methanol ethanol family	ko:K00114	-	ko00000,ko00001,ko01000	-	-	PQQ,PQQ_2,PQQ_3
LDZ24_RS22125	alpha/beta hydrolase-fold protein	WP_248323367.1					-	alpha beta	-	-	-	-	-	-
LDZ24_RS22130	SGNH/GDSL hydrolase family protein	WP_248323368.1	hydrolase activity, acting on ester bonds|0016788||IEA				-	PFAM lipolytic protein G-D-S-L family	-	-	-	-	-	Lipase_GDSL
LDZ24_RS22135	sensor domain-containing diguanylate cyclase	WP_248323369.1					-	Diguanylate cyclase	-	-	-	-	-	GGDEF,MASE4
LDZ24_RS22140	hypothetical protein	WP_248323370.1					-	-	-	-	-	-	-	-
LDZ24_RS22145	ATP-binding protein	WP_248323371.1					-	histidine kinase A domain protein	-	-	-	-	-	HATPase_c,HisKA,PAS_4,Response_reg
LDZ24_RS22150	multicopper oxidase family protein	WP_248323372.1					-	Multicopper oxidase	-	-	-	-	-	Cu-oxidase_2,Cu-oxidase_3
LDZ24_RS28015	hypothetical protein	WP_256465417.1					-	-	-	-	-	-	-	-
LDZ24_RS22160	polyhydroxyalkanoate depolymerase	WP_248323374.1				phaZ	-	Polyhydroxyalkanoate depolymerase, intracellular	-	-	-	-	-	PHB_depo_C
LDZ24_RS22180	urea amidolyase associated protein UAAP1	WP_248323378.1					-	Domain of unknown function (DUF1989)	ko:K09967	-	ko00000	-	-	DUF1989
LDZ24_RS22185	urea amidolyase associated protein UAAP2	WP_248323379.1					-	urea carboxylase-associated protein 1	ko:K09967	-	ko00000	-	-	DUF1989
LDZ24_RS22200	AraC family transcriptional regulator	WP_248323382.1					-	Cupin	-	-	-	-	-	Cupin_6,HTH_18
LDZ24_RS22205	GFA family protein	WP_248323383.1	metal ion binding|0046872||IEA				-	Glutathione-dependent formaldehyde-activating enzyme	-	-	-	-	-	GFA
LDZ24_RS22210	class I SAM-dependent methyltransferase	WP_248323384.1	S-adenosyl-L-methionine binding|1904047||IEA				-	Methionine biosynthesis protein MetW	-	-	-	-	-	Methyltransf_11,Methyltransf_25
LDZ24_RS22220	DUF3563 family protein	WP_248323386.1					-	Protein of unknown function (DUF3563)	-	-	-	-	-	DUF3563
LDZ24_RS22225	alpha/beta fold hydrolase	WP_248323387.1					-	alpha/beta hydrolase fold	-	-	-	-	-	Abhydrolase_6
LDZ24_RS22250	right-handed parallel beta-helix repeat-containing protein	WP_248323392.1					-	Belongs to the glycosyl hydrolase 28 family	-	-	-	-	-	Beta_helix
LDZ24_RS22255	DUF1330 domain-containing protein	WP_248323393.1					-	Domain of unknown function (DUF1330)	-	-	-	-	-	DUF1330
LDZ24_RS22260	dihydrodipicolinate synthase family protein	WP_248323394.1		obsolete organic substance metabolic process|0071704||IEA			-	Belongs to the DapA family	ko:K21062	-	ko00000,ko00001,ko01000	-	-	DHDPS
LDZ24_RS22265	FAD-dependent oxidoreductase	WP_248323395.1	oxidoreductase activity|0016491||IEA				-	Pyridine nucleotide-disulphide oxidoreductase	-	-	-	-	-	Pyr_redox_2
LDZ24_RS22270	2Fe-2S iron-sulfur cluster-binding protein	WP_248323396.1					-	2Fe-2S iron-sulfur cluster binding domain	-	-	-	-	-	Fer2_4
LDZ24_RS22275	FAD-binding oxidoreductase	WP_248323397.1	oxidoreductase activity|0016491||IEA				-	FAD dependent oxidoreductase	ko:K21061	-	ko00000,ko00001,ko01000	-	-	DAO
LDZ24_RS22280	4-hydroxyproline epimerase	WP_305854729.1					GO:0003674,GO:0003824,GO:0016853,GO:0016854,GO:0016855,GO:0036361,GO:0047580,GO:0047661	Belongs to the proline racemase family	ko:K12658	-	ko00000,ko00001,ko01000	-	-	Pro_racemase
LDZ24_RS22300	2-hydroxychromene-2-carboxylate isomerase	WP_248323401.1					-	2-hydroxychromene-2-carboxylate isomerase	-	-	-	-	-	DSBA
LDZ24_RS22310	EAL and HDOD domain-containing protein	WP_248323403.1					-	PFAM EAL domain protein	-	-	-	-	-	EAL,HDOD
LDZ24_RS22315	hypothetical protein	WP_248323404.1					-	-	-	-	-	-	-	-
LDZ24_RS22325	DUF1028 domain-containing protein	WP_248323406.1					-	Family of unknown function (DUF1028)	-	-	-	-	-	DUF1028
LDZ24_RS22330	RidA family protein	WP_248323407.1	hydrolase activity|0016787||IEA				-	endoribonuclease L-PSP	-	-	-	-	-	Ribonuc_L-PSP
LDZ24_RS22335	NAD(P)/FAD-dependent oxidoreductase	WP_248323408.1	NADP binding|0050661||IEA				-	oxidoreductase	ko:K07222	-	ko00000	-	-	Pyr_redox_3
LDZ24_RS22340	LysR family transcriptional regulator	WP_248323409.1					-	Transcriptional regulator	-	-	-	-	-	HTH_1,LysR_substrate
LDZ24_RS22345	SRPBCC family protein	WP_248323410.1	2 iron, 2 sulfur cluster binding|0051537||IEA	cellular metabolic process|0044237||IEA			-	rieske 2fe-2s	-	-	-	-	-	Rieske,Ring_hydroxyl_A
LDZ24_RS22370	SDR family oxidoreductase	WP_248323415.1	NAD+ binding|0070403||IEA				-	NAD dependent epimerase/dehydratase family	-	-	-	-	-	Epimerase,NAD_binding_10
LDZ24_RS22375	muconolactone Delta-isomerase	WP_248323416.1	muconolactone delta-isomerase activity|0016159||IEA	beta-ketoadipate pathway|0042952||IEA		catC	-	Belongs to the muconolactone Delta-isomerase family	ko:K03464	M00568	ko00000,ko00001,ko00002,ko01000	-	-	MIase
LDZ24_RS22380	muconate/chloromuconate family cycloisomerase	WP_248323417.1	manganese ion binding|0030145||IEA				-	mandelate racemase muconate lactonizing	ko:K01856,ko:K02549	M00116,M00568	ko00000,ko00001,ko00002,ko01000	-	-	MR_MLE_C,MR_MLE_N
LDZ24_RS22390	catechol 1,2-dioxygenase	WP_248323419.1	catechol 1,2-dioxygenase activity|0018576||IEA	catechol catabolic process, ortho-cleavage|0019615||IEA		catA	-	catechol 1,2-dioxygenase	ko:K03381	M00568	ko00000,ko00001,ko00002,ko01000	-	-	Dioxygenase_C,Dioxygenase_N
LDZ24_RS22415	LacI family DNA-binding transcriptional regulator	WP_248323424.1					-	Bacterial regulatory proteins, lacI family	ko:K02529	-	ko00000,ko03000	-	-	LacI,Peripla_BP_4
LDZ24_RS22420	phytanoyl-CoA dioxygenase family protein	WP_248323425.1					-	Phytanoyl-CoA dioxygenase	-	-	-	-	-	PhyH
LDZ24_RS22425	oxidoreductase	WP_248323426.1					-	Belongs to the short-chain dehydrogenases reductases (SDR) family	-	-	-	-	-	adh_short
LDZ24_RS22440	sulfite dehydrogenase	WP_248323429.1	molybdenum ion binding|0030151||IEA			soxC	-	Mo-co oxidoreductase dimerisation domain	ko:K17225	M00595	ko00000,ko00001,ko00002	-	-	Mo-co_dimer,Oxidored_molyb
LDZ24_RS22465	DUF2291 family protein	WP_248323433.1					-	Predicted periplasmic lipoprotein (DUF2291)	-	-	-	-	-	DUF2291
LDZ24_RS22470	D-ribose ABC transporter substrate-binding protein	WP_248323434.1					-	Periplasmic binding proteins and sugar binding domain of LacI family	-	-	-	-	-	Peripla_BP_4
LDZ24_RS22480	transketolase family protein	WP_248323436.1					-	Transketolase, pyrimidine binding domain	ko:K00615	M00004,M00007,M00165,M00167	ko00000,ko00001,ko00002,ko01000	-	-	Transket_pyr,Transketolase_C
LDZ24_RS22485	transketolase	WP_244851035.1					-	Transketolase, thiamine diphosphate binding domain	ko:K00615	M00004,M00007,M00165,M00167	ko00000,ko00001,ko00002,ko01000	-	-	Transketolase_N
LDZ24_RS22490	DeoR/GlpR family DNA-binding transcription regulator	WP_248323437.1	DNA-binding transcription factor activity|0003700||IEA				-	DeoR C terminal sensor domain	-	-	-	-	-	DeoRC,HTH_DeoR
LDZ24_RS22500	SMP-30/gluconolactonase/LRE family protein	WP_248323439.1	hydrolase activity|0016787||IEA				-	Gluconolactonase	ko:K01053	M00129	ko00000,ko00001,ko00002,ko01000,ko04147	-	-	SGL
LDZ24_RS22525	sensor histidine kinase	WP_248323442.1	ATP binding|0005524||IEA	signal transduction|0007165||IEA			-	Histidine kinase	-	-	-	-	-	GAF_2,HisKA_2,PAS_4
LDZ24_RS22530	hypothetical protein	WP_248323443.1					-	-	-	-	-	-	-	-
LDZ24_RS22540	methyl-accepting chemotaxis protein	WP_248323445.1		signal transduction|0007165||IEA	membrane|0016020||IEA		-	Cache type 2 domain protein	ko:K03406	-	ko00000,ko00001,ko02035	-	-	4HB_MCP_1,HAMP,MCPsignal,PAS_3,TarH,sCache_2
LDZ24_RS22545	glycosyltransferase family 2 protein	WP_248323446.1					-	Glycosyltransferase like family 2	ko:K16555	-	ko00000,ko01000,ko01003	-	GT2	Glycos_transf_2
LDZ24_RS22550	tautomerase family protein	WP_248323447.1	isomerase activity|0016853||IEA				-	4-oxalocrotonate tautomerase	-	-	-	-	-	Tautomerase_2
LDZ24_RS22555	LysR substrate-binding domain-containing protein	WP_248323448.1					-	Transcriptional regulator	-	-	-	-	-	HTH_1,LysR_substrate
LDZ24_RS22560	tautomerase family protein	WP_248323449.1					-	PFAM 4-oxalocrotonate tautomerase	ko:K01821	M00569	ko00000,ko00001,ko00002,ko01000	-	-	Tautomerase
LDZ24_RS22595	FAD-binding oxidoreductase	WP_248323455.1	oxidoreductase activity|0016491||IEA				-	fad dependent oxidoreductase	-	-	-	-	-	DAO
LDZ24_RS22600	(2Fe-2S)-binding protein	WP_248323456.1					-	2Fe-2S iron-sulfur cluster binding domain	-	-	-	-	-	Fer2_4
LDZ24_RS22605	FAD-dependent oxidoreductase	WP_248323457.1	oxidoreductase activity|0016491||IEA				-	BFD domain protein 2Fe-2S -binding domain protein	-	-	-	-	-	Fer2_BFD,Pyr_redox_2
LDZ24_RS22625	amidohydrolase	WP_248323461.1					-	amidohydrolase 2	-	-	-	-	-	Amidohydro_2
LDZ24_RS22630	MFS transporter	WP_248323462.1					-	Major facilitator superfamily	-	-	-	-	-	MFS_1
LDZ24_RS22635	GntR family transcriptional regulator	WP_248324211.1	DNA-binding transcription factor activity|0003700||IEA				-	Transcriptional regulator	ko:K03710	-	ko00000,ko03000	-	-	GntR,UTRA
LDZ24_RS28060	methyl-accepting chemotaxis protein	WP_284506666.1		signal transduction|0007165||IEA	membrane|0016020||IEA		-	Chemotaxis sensory transducer	ko:K03406	-	ko00000,ko00001,ko02035	-	-	4HB_MCP_1,HAMP,MCPsignal,TarH,sCache_2
LDZ24_RS22650	HAD family phosphatase	WP_248323463.1	metal ion binding|0046872||IEA				-	Haloacid dehalogenase-like hydrolase	-	-	-	-	-	HAD_2
LDZ24_RS22655	FGGY-family carbohydrate kinase	WP_248323464.1					-	FGGY family of carbohydrate kinases, N-terminal domain	-	-	-	-	-	FGGY_C,FGGY_N
LDZ24_RS22660	shikimate dehydrogenase	WP_248323465.1					-	Involved in the biosynthesis of the chorismate, which leads to the biosynthesis of aromatic amino acids. Catalyzes the reversible NADPH linked reduction of 3-dehydroshikimate (DHSA) to yield shikimate (SA)	-	-	-	-	-	-
LDZ24_RS22665	glucose-6-phosphate isomerase	WP_248323466.1					-	Glucose-6-phosphate isomerase (GPI)	-	-	-	-	-	GPI
LDZ24_RS22670	FAD-binding oxidoreductase	WP_248323467.1	flavin adenine dinucleotide binding|0050660||IEA				-	PFAM FAD linked oxidase domain protein	-	-	-	-	-	FAD-oxidase_C,FAD_binding_4
LDZ24_RS22685	MurR/RpiR family transcriptional regulator	WP_248323470.1	DNA-binding transcription factor activity|0003700||IEA	regulation of DNA-templated transcription|0006355||IEA			-	Helix-turn-helix domain, rpiR family	-	-	-	-	-	HTH_6,SIS
LDZ24_RS22720	spherulation-specific family 4 protein	WP_248323477.1					-	Spherulation-specific family 4	-	-	-	-	-	Spherulin4
LDZ24_RS22725	hypothetical protein	WP_248323478.1					-	Cupin 2, conserved barrel domain protein	-	-	-	-	-	-
LDZ24_RS22730	filamentous hemagglutinin N-terminal domain-containing protein	WP_248323479.1					-	TIGRFAM filamentous haemagglutinin family outer membrane protein	-	-	-	-	-	Glug,Haemagg_act
LDZ24_RS22745	PAS domain-containing protein	WP_248323480.1	protein binding|0005515||IEA				-	catalyzes the demethylation of specific methylglutamate residues introduced into the chemoreceptors (methyl-accepting chemotaxis proteins) by CheR	-	-	-	-	-	DUF4118,GerE,HATPase_c,HisKA,PAS,PAS_10,PAS_3,PAS_4,Response_reg
LDZ24_RS22750	hypothetical protein	WP_248323481.1					-	pathogenesis	-	-	-	-	-	-
LDZ24_RS22755	hypothetical protein	WP_248323482.1					-	-	-	-	-	-	-	-
LDZ24_RS22760	MFS transporter	WP_248323483.1	transmembrane transporter activity|0022857||IEA	transmembrane transport|0055085||IEA	membrane|0016020||IEA		-	PFAM major facilitator superfamily MFS_1	-	-	-	-	-	MFS_1
LDZ24_RS22765	MBL fold metallo-hydrolase	WP_248323484.1					-	Beta-lactamase superfamily domain	-	-	-	-	-	Lactamase_B_3
LDZ24_RS22770	hypothetical protein	WP_248323485.1					-	-	-	-	-	-	-	Polyketide_cyc
LDZ24_RS22775	GlxA family transcriptional regulator	WP_248323486.1	DNA-binding transcription factor activity|0003700||IEA				-	helix-turn-helix- domain containing protein, AraC type	-	-	-	-	-	DJ-1_PfpI,HTH_18
LDZ24_RS22780	HD domain-containing protein	WP_248323487.1					-	Metal dependent phosphohydrolases with conserved 'HD' motif.	-	-	-	-	-	HD
LDZ24_RS22790	ATP-binding protein	WP_248323489.1					-	Histidine kinase	-	-	-	-	-	HATPase_c,HisKA,PAS_4,Response_reg
LDZ24_RS22795	thioesterase family protein	WP_248323490.1					-	Thioesterase-like superfamily	ko:K07107	-	ko00000,ko01000	-	-	4HBT_2
LDZ24_RS22800	L-carnitine dehydrogenase	WP_248323491.1	NAD+ binding|0070403||IEA	fatty acid metabolic process|0006631||IEA			-	Catalyzes the NAD( )-dependent oxidation of L-carnitine to 3-dehydrocarnitine	ko:K17735	-	ko00000,ko01000	-	-	3HCDH,3HCDH_N
LDZ24_RS22805	3-keto-5-aminohexanoate cleavage protein	WP_248323492.1					-	beta-keto acid cleavage enzyme	-	-	-	-	-	BKACE
LDZ24_RS22815	GlxA family transcriptional regulator	WP_248323494.1	DNA-binding transcription factor activity|0003700||IEA				-	PFAM helix-turn-helix- domain containing protein AraC type	ko:K17736	-	ko00000,ko03000	-	-	DJ-1_PfpI,HTH_18
LDZ24_RS22830	choline-sulfatase	WP_248323497.1	sulfuric ester hydrolase activity|0008484||IEA			betC	-	Pfam Sulfatase	ko:K01133	-	ko00000,ko01000	-	-	Choline_sulf_C,DUF4976,Sulfatase
LDZ24_RS22835	LysR family transcriptional regulator	WP_248323498.1					-	LysR family	-	-	-	-	-	HTH_1,LysR_substrate
LDZ24_RS22865	cytochrome b	WP_248323502.1	metal ion binding|0046872||IEA	respiratory electron transport chain|0022904||IEA	membrane|0016020||IEA		-	Cytochrome b561	ko:K12262	-	ko00000	-	-	Ni_hydr_CYTB
LDZ24_RS22870	VIT1/CCC1 transporter family protein	WP_248323503.1					-	membrane	-	-	-	-	-	VIT1
LDZ24_RS22875	ankyrin repeat domain-containing protein	WP_371747493.1	protein binding|0005515||IEA				-	Ankyrin repeats (3 copies)	ko:K06867,ko:K21440	-	ko00000,ko04131	-	-	Ank_2,Ank_4,Ank_5
LDZ24_RS22880	cytochrome c	WP_248323504.1					-	Cytochrome C oxidase, cbb3-type, subunit III	-	-	-	-	-	Cytochrom_C,Cytochrome_CBB3
LDZ24_RS22885	PQQ-binding-like beta-propeller repeat protein	WP_248323505.1					-	PQQ enzyme repeat	-	-	-	-	-	PQQ,PQQ_2,PQQ_3
LDZ24_RS22895	thiamine pyrophosphate-requiring protein	WP_248323507.1	thiamine pyrophosphate binding|0030976||IEA				-	Belongs to the TPP enzyme family	ko:K00156	-	ko00000,ko00001,ko01000	-	-	TPP_enzyme_C,TPP_enzyme_M,TPP_enzyme_N
LDZ24_RS22900	enolase C-terminal domain-like protein	WP_248323508.1					-	mandelate racemase muconate lactonizing	-	-	-	-	-	MR_MLE_C,MR_MLE_N
LDZ24_RS22905	hypothetical protein	WP_248323509.1					-	-	-	-	-	-	-	-
LDZ24_RS22910	gluconate 2-dehydrogenase subunit 3 family protein	WP_248323510.1					-	Gluconate 2-dehydrogenase subunit 3	-	-	-	-	-	Gluconate_2-dh3
LDZ24_RS22915	GMC family oxidoreductase	WP_248323511.1	oxidoreductase activity|0016491||IEA				-	PFAM glucose-methanol-choline oxidoreductase	ko:K03333	-	ko00000,ko00001,ko01000	-	-	GMC_oxred_C,GMC_oxred_N,NAD_binding_8
LDZ24_RS22920	DUF421 domain-containing protein	WP_248323512.1			membrane|0016020||IEA		-	Protein of unknown function (DUF421)	-	-	-	-	-	DUF421
LDZ24_RS22930	cytochrome c	WP_371747494.1					-	PFAM cytochrome c, class I	-	-	-	-	-	Cytochrom_C,Cytochrome_CBB3
LDZ24_RS22935	hypothetical protein	WP_175943486.1					-	-	-	-	-	-	-	-
LDZ24_RS22950	DUF4396 domain-containing protein	WP_248323517.1					-	Domain of unknown function (DUF4396)	-	-	-	-	-	DUF4396
LDZ24_RS22955	MarR family winged helix-turn-helix transcriptional regulator	WP_175943997.1	DNA-binding transcription factor activity|0003700||IEA	regulation of DNA-templated transcription|0006355||IEA			-	Winged helix DNA-binding domain	-	-	-	-	-	MarR_2
LDZ24_RS22960	SDR family oxidoreductase	WP_248323518.1					-	Belongs to the short-chain dehydrogenases reductases (SDR) family	-	-	-	-	-	adh_short
LDZ24_RS22965	glycoside hydrolase family 15 protein	WP_248323519.1					-	PFAM glycoside hydrolase 15-related	-	-	-	-	-	Glyco_hydro_15
LDZ24_RS22970	multicopper oxidase family protein	WP_248323520.1					-	Multicopper oxidase	-	-	-	-	-	Cu-oxidase_2,Cu-oxidase_3
LDZ24_RS22990	ABC transporter substrate-binding protein	WP_248323524.1					-	Periplasmic binding protein domain	-	-	-	-	-	Peripla_BP_4
LDZ24_RS22995	amidohydrolase family protein	WP_248323525.1	hydrolase activity|0016787||IEA				-	PFAM amidohydrolase	-	-	-	-	-	Amidohydro_1
LDZ24_RS23000	alpha/beta fold hydrolase	WP_248323526.1					-	Serine aminopeptidase, S33	-	-	-	-	-	Abhydrolase_1
LDZ24_RS23005	fumarylacetoacetate hydrolase family protein	WP_248323527.1	catalytic activity|0003824||IEA				-	Fumarylacetoacetate (FAA) hydrolase family	-	-	-	-	-	FAA_hydrolase
LDZ24_RS23010	FadR/GntR family transcriptional regulator	WP_248323528.1	DNA-binding transcription factor activity|0003700||IEA				-	GntR family transcriptional regulator	-	-	-	-	-	FCD,GntR
LDZ24_RS23030	tannase/feruloyl esterase family alpha/beta hydrolase	WP_248323532.1					-	Feruloyl esterase	-	-	-	-	-	Tannase
LDZ24_RS23035	H-NS family nucleoid-associated regulatory protein	WP_248323533.1	structural constituent of chromatin|0030527||IEA	regulation of DNA-templated transcription|0006355||IEA			-	Histone family protein nucleoid-structuring protein H-NS	ko:K03746	-	ko00000,ko03036,ko03400	-	-	Histone_HNS
LDZ24_RS23040	hypothetical protein	WP_248323534.1					-	-	-	-	-	-	-	-
LDZ24_RS23045	NAD(P)H-binding protein	WP_248323535.1					-	NAD(P)H-binding	-	-	-	-	-	Epimerase,NAD_binding_10
LDZ24_RS23050	LysR family transcriptional regulator	WP_248323536.1	DNA-binding transcription factor activity|0003700||IEA	regulation of DNA-templated transcription|0006355||IEA			-	Transcriptional regulator	-	-	-	-	-	HTH_1,LysR_substrate
LDZ24_RS23055	oxaloacetate decarboxylase	WP_248323537.1					-	Phosphoenolpyruvate phosphomutase	-	-	-	-	-	PEP_mutase
LDZ24_RS23060	RidA family protein	WP_248323538.1	hydrolase activity|0016787||IEA				-	Endoribonuclease L-PSP	ko:K09022	-	ko00000,ko01000	-	-	Ribonuc_L-PSP
LDZ24_RS23070	SLATT domain-containing protein	WP_248323540.1					-	-	-	-	-	-	-	-
LDZ24_RS23075	cytochrome-c peroxidase	WP_248323541.1					-	cytochrome c peroxidase	ko:K00428	-	ko00000,ko01000	-	-	CCP_MauG,Cytochrom_C
LDZ24_RS23080	phospholipase C	WP_248323542.1					-	PFAM phosphoesterase	ko:K01114	-	ko00000,ko00001,ko01000,ko02042	-	-	Phosphoesterase
LDZ24_RS23085	sensor domain-containing diguanylate cyclase	WP_248323543.1					-	MASE2 domain	-	-	-	-	-	EAL,GAF,GGDEF,HAMP,MASE2,PAS_9,dCache_3
LDZ24_RS23100	NAD(P)-dependent alcohol dehydrogenase	WP_248323545.1	adenyl nucleotide binding|0030554||IEA				-	alcohol dehydrogenase	-	-	-	-	-	ADH_N,ADH_zinc_N
LDZ24_RS23105	aldo/keto reductase	WP_248323546.1					-	aldo keto reductase	-	-	-	-	-	Aldo_ket_red
LDZ24_RS23115	glycosyl hydrolase	WP_248323548.1					-	6-phospho-beta-galactosidase activity	-	-	-	-	-	Glyco_hydro_cc
LDZ24_RS23125	GlpM family protein	WP_248323550.1					GO:0005575,GO:0005623,GO:0005886,GO:0016020,GO:0044464,GO:0071944	membrane protein required for alginate biosynthesis	ko:K02442	-	ko00000	-	-	GlpM
LDZ24_RS23130	diguanylate cyclase	WP_248323551.1	cyclase activity|0009975||IEA	regulation of signal transduction|0009966||IEA			-	Diguanylate cyclase	-	-	-	-	-	GGDEF
LDZ24_RS23135	LysR family transcriptional regulator	WP_248323552.1	DNA-binding transcription factor activity|0003700||IEA	regulation of DNA-templated transcription|0006355||IEA			-	LysR substrate binding domain	-	-	-	-	-	HTH_1,LysR_substrate
LDZ24_RS23140	sterol desaturase family protein	WP_248323553.1	oxidoreductase activity|0016491||IEA	lipid biosynthetic process|0008610||IEA			-	Fatty acid hydroxylase	-	-	-	-	-	FA_hydroxylase,Polyketide_cyc2
LDZ24_RS23145	MFS transporter	WP_248323554.1	transmembrane transporter activity|0022857||IEA	transmembrane transport|0055085||IEA			-	Major Facilitator Superfamily	-	-	-	-	-	MFS_1,Sugar_tr
LDZ24_RS23150	GMC family oxidoreductase	WP_248323555.1	oxidoreductase activity|0016491||IEA				-	glucose-methanol-choline oxidoreductase	ko:K00108,ko:K16873	M00555	ko00000,ko00001,ko00002,ko01000	-	-	GMC_oxred_C,GMC_oxred_N,Lycopene_cycl
LDZ24_RS23155	enoyl-CoA hydratase/isomerase family protein	WP_175943563.1					-	enoyl-CoA hydratase isomerase	ko:K16880	-	ko00000,ko00001	-	-	ECH_1
LDZ24_RS23160	AMP-binding protein	WP_248323556.1					-	amp-dependent synthetase and ligase	ko:K16876	-	ko00000,ko00001,ko01000	-	-	AMP-binding,AMP-binding_C
LDZ24_RS23170	xanthine dehydrogenase family protein subunit M	WP_248323558.1					-	Dehydrogenase	ko:K03519,ko:K16878	-	ko00000,ko00001,ko01000	-	-	CO_deh_flav_C,FAD_binding_5
LDZ24_RS23175	molybdopterin cofactor-binding domain-containing protein	WP_248323559.1					-	carbon monoxide dehydrogenase	ko:K16877	-	ko00000,ko00001,ko01000	-	-	Ald_Xan_dh_C,Ald_Xan_dh_C2,COXG
LDZ24_RS23185	UbiD family decarboxylase	WP_248323560.1	metal ion binding|0046872||IEA				-	Belongs to the UbiD family	ko:K16874	-	ko00000,ko00001	-	-	UbiD
LDZ24_RS23190	LysR family transcriptional regulator	WP_248323561.1	DNA-binding transcription factor activity|0003700||IEA	regulation of DNA-templated transcription|0006355||IEA			-	Transcriptional regulator	-	-	-	-	-	HTH_1,LysR_substrate
LDZ24_RS23200	hypothetical protein	WP_248323563.1					-	Repeat of Unknown Function (DUF347)	-	-	-	-	-	DUF347
LDZ24_RS23205	lysylphosphatidylglycerol synthase domain-containing protein	WP_248323564.1					-	membrane	-	-	-	-	-	LPG_synthase_TM
LDZ24_RS23210	hopanoid biosynthesis-associated protein HpnK	WP_248323565.1	catalytic activity|0003824||IEA	carbohydrate metabolic process|0005975||IEA		hpnK	-	PFAM YdjC family protein	ko:K03478	-	ko00000,ko01000	-	-	YdjC
LDZ24_RS23215	hopanoid biosynthesis associated radical SAM protein HpnJ	WP_248323566.1	iron-sulfur cluster binding|0051536||IEA			hpnJ	-	radical SAM protein	-	-	-	-	-	Radical_SAM
LDZ24_RS23230	diguanylate cyclase	WP_248323569.1	cyclase activity|0009975||IEA	regulation of signal transduction|0009966||IEA			-	Diguanylate cyclase	-	-	-	-	-	GAF,GGDEF
LDZ24_RS23250	dihydrodipicolinate synthase family protein	WP_248323573.1					-	Belongs to the DapA family	ko:K13876	-	ko00000,ko00001,ko01000	-	-	DHDPS
LDZ24_RS23260	LysR family transcriptional regulator	WP_241270080.1	DNA-binding transcription activator activity|0001216||IEA				-	Transcriptional regulator	-	-	-	-	-	HTH_1,LysR_substrate
LDZ24_RS23265	GNAT family N-acetyltransferase	WP_248323575.1					-	Acetyltransferase (GNAT) family	-	-	-	-	-	Acetyltransf_1
LDZ24_RS23270	organic hydroperoxide resistance protein	WP_248323576.1					-	OsmC-like protein	-	-	-	-	-	OsmC
LDZ24_RS23275	SDR family NAD(P)-dependent oxidoreductase	WP_248323577.1	NAD+ binding|0070403||IEA				-	Short-chain dehydrogenase reductase SDR	-	-	-	-	-	adh_short_C2
LDZ24_RS23280	4-oxalocrotonate tautomerase family protein	WP_248323578.1					-	4-oxalocrotonate tautomerase	ko:K01821	M00569	ko00000,ko00001,ko00002,ko01000	-	-	Tautomerase
LDZ24_RS23290	MarR family winged helix-turn-helix transcriptional regulator	WP_248323580.1	DNA-binding transcription factor activity|0003700||IEA	regulation of DNA-templated transcription|0006355||IEA			-	PFAM regulatory protein, MarR	-	-	-	-	-	MarR
LDZ24_RS23295	6,7-dimethyl-8-ribityllumazine synthase	WP_248323581.1	6,7-dimethyl-8-ribityllumazine synthase activity|0000906||IEA		riboflavin synthase complex|0009349||IEA		-	Catalyzes the formation of 6,7-dimethyl-8- ribityllumazine by condensation of 5-amino-6-(D- ribitylamino)uracil with 3,4-dihydroxy-2-butanone 4-phosphate. This is the penultimate step in the biosynthesis of riboflavin	ko:K00794	M00125	ko00000,ko00001,ko00002,ko01000	-	-	DMRL_synthase
LDZ24_RS28070	rubredoxin	WP_248323583.1					-	Belongs to the rubredoxin family	-	-	-	-	-	Rubredoxin
LDZ24_RS23310	TetR/AcrR family transcriptional regulator	WP_248323584.1	DNA-binding transcription factor activity|0003700||IEA	regulation of DNA-templated transcription|0006355||IEA			-	transcriptional regulator	-	-	-	-	-	TetR_C_6,TetR_N
LDZ24_RS23320	DUF2244 domain-containing protein	WP_248323586.1					-	Integral membrane protein (DUF2244)	-	-	-	-	-	DUF2244
LDZ24_RS23330	DUF2934 domain-containing protein	WP_244140179.1					-	Protein of unknown function (DUF2934)	-	-	-	-	-	DUF2934
LDZ24_RS23335	hypothetical protein	WP_175943622.1					-	-	-	-	-	-	-	-
LDZ24_RS23345	phosphocholine-specific phospholipase C	WP_248323589.1	phosphatidylcholine phospholipase C activity|0034480||IEA				-	phospholipase C	ko:K01114	-	ko00000,ko00001,ko01000,ko02042	-	-	DUF756,Phosphoesterase
LDZ24_RS23355	DUF421 domain-containing protein	WP_248323591.1			membrane|0016020||IEA		-	membrane	-	-	-	-	-	DUF421
LDZ24_RS23360	DUF421 domain-containing protein	WP_248323592.1			membrane|0016020||IEA		-	membrane	-	-	-	-	-	DUF421
LDZ24_RS23365	DUF2252 domain-containing protein	WP_248323593.1					-	Uncharacterized protein conserved in bacteria (DUF2252)	-	-	-	-	-	DUF2252
LDZ24_RS23370	DUF3005 domain-containing protein	WP_248323594.1					-	Protein of unknown function (DUF3005)	-	-	-	-	-	DUF3005
LDZ24_RS23375	DUF3460 family protein	WP_244851245.1					-	Protein of unknown function (DUF3460)	-	-	-	-	-	DUF3460
LDZ24_RS23380	PAS domain S-box protein	WP_371747495.1					-	Histidine kinase	-	-	-	-	-	HATPase_c,HisKA,PAS_3,PAS_9,Response_reg
LDZ24_RS23385	Hsp20/alpha crystallin family protein	WP_248323596.1					-	Belongs to the small heat shock protein (HSP20) family	-	-	-	-	-	HSP20
LDZ24_RS23390	Hsp20/alpha crystallin family protein	WP_248323597.1					-	Belongs to the small heat shock protein (HSP20) family	ko:K13993	-	ko00000,ko00001,ko03110	-	-	HSP20
LDZ24_RS23395	hypothetical protein	WP_175943644.1					-	-	-	-	-	-	-	-
LDZ24_RS23400	YsnF/AvaK domain-containing protein	WP_248323598.1					-	Domain of unknown function (DUF2382)	-	-	-	-	-	DUF2382
LDZ24_RS23405	YsnF/AvaK domain-containing protein	WP_248323599.1					-	Domain of unknown function (DUF2382)	-	-	-	-	-	DUF2382
LDZ24_RS23415	hypothetical protein	WP_248323600.1					-	-	-	-	-	-	-	-
LDZ24_RS23425	TenA family transcriptional regulator	WP_206469728.1					-	Iron-containing redox enzyme	-	-	-	-	-	Haem_oxygenas_2
LDZ24_RS23430	OmpW family protein	WP_248323602.1					-	Outer membrane protein beta-barrel domain	ko:K07275	-	ko00000	-	-	OmpW
LDZ24_RS23435	DUF3072 domain-containing protein	WP_248323603.1					-	Protein of unknown function (DUF3072)	-	-	-	-	-	DUF3072
LDZ24_RS23440	hypothetical protein	WP_248323604.1					-	-	-	-	-	-	-	-
LDZ24_RS23445	alpha/beta fold hydrolase	WP_248323605.1					-	TAP-like protein	-	-	-	-	-	Abhydrolase_1,Abhydrolase_4
LDZ24_RS23450	MBL fold metallo-hydrolase	WP_248323606.1					-	Metallo-beta-lactamase superfamily	-	-	-	-	-	Lactamase_B
LDZ24_RS23455	hypothetical protein	WP_248323607.1					-	-	-	-	-	-	-	-
LDZ24_RS23460	OBAP family protein	WP_248323608.1					-	Protein of unknown function (DUF1264)	-	-	-	-	-	DUF1264
LDZ24_RS23470	DUF2795 domain-containing protein	WP_248323610.1					-	Protein of unknown function (DUF2795)	-	-	-	-	-	DUF2795
LDZ24_RS23475	DUF3597 domain-containing protein	WP_206469734.1					-	Domain of unknown function (DUF3597)	-	-	-	-	-	DUF3597
LDZ24_RS23480	DUF6723 family protein	WP_241270027.1					-	-	-	-	-	-	-	-
LDZ24_RS23490	major royal jelly family protein	WP_248323612.1					-	Major royal jelly protein	-	-	-	-	-	MRJP
LDZ24_RS23495	SDR family oxidoreductase	WP_248323613.1	oxidoreductase activity|0016491||IEA				-	Belongs to the short-chain dehydrogenases reductases (SDR) family	-	-	-	-	-	adh_short
LDZ24_RS23500	LysR substrate-binding domain-containing protein	WP_248323614.1					-	Transcriptional regulator	-	-	-	-	-	HTH_1,LysR_substrate
LDZ24_RS23505	FAD-binding oxidoreductase	WP_248323615.1	oxidoreductase activity|0016491||IEA				-	fad dependent oxidoreductase	-	-	-	-	-	DAO
LDZ24_RS23510	(2Fe-2S)-binding protein	WP_248323616.1					-	NAD(FAD)-dependent dehydrogenase	-	-	-	-	-	Fer2_4
LDZ24_RS23515	NAD(P)/FAD-dependent oxidoreductase	WP_248323617.1					-	BFD domain protein 2Fe-2S -binding domain protein	-	-	-	-	-	Fer2_BFD,Pyr_redox_2
LDZ24_RS23525	NUDIX domain-containing protein	WP_248323619.1	hydrolase activity|0016787||IEA				-	Nudix hydrolase	ko:K03574	-	ko00000,ko01000,ko03400	-	-	NUDIX
LDZ24_RS23535	hypothetical protein	WP_248323621.1					-	-	-	-	-	-	-	-
LDZ24_RS23550	manganese catalase family protein	WP_248323623.1					-	Pfam Manganese containing catalase	ko:K07217	-	ko00000	-	-	Mn_catalase
LDZ24_RS23555	DUF378 domain-containing protein	WP_175943701.1					-	Domain of unknown function (DUF378)	ko:K09779	-	ko00000	-	-	DUF378
LDZ24_RS23560	phosphatidylserine decarboxylase family protein	WP_248323624.1					-	Belongs to the phosphatidylserine decarboxylase family	ko:K01613	M00093	ko00000,ko00001,ko00002,ko01000	-	-	PSDC,PS_Dcarbxylase
LDZ24_RS23565	MmgE/PrpD family protein	WP_248323625.1					-	MmgE PrpD family protein	ko:K01720	-	ko00000,ko00001,ko01000	-	-	MmgE_PrpD
LDZ24_RS23570	hypothetical protein	WP_241270029.1					-	Cyclase dehydrase	-	-	-	-	-	-
LDZ24_RS23575	hemerythrin domain-containing protein	WP_248324213.1					-	Hemerythrin HHE cation binding domain	-	-	-	-	-	Hemerythrin
LDZ24_RS23605	cytochrome c oxidase subunit 3	WP_248323629.1	cytochrome-c oxidase activity|0004129||IEA		membrane|0016020||IEA		-	Cytochrome c oxidase subunit III	-	-	-	-	-	COX3
LDZ24_RS23610	hypothetical protein	WP_248323630.1					-	-	-	-	-	-	-	-
LDZ24_RS23615	cytochrome c oxidase assembly protein	WP_248323631.1			plasma membrane|0005886||IEA		-	Cytochrome c oxidase caa3-type, assembly factor	ko:K02351	-	ko00000	-	-	Caa3_CtaG
LDZ24_RS23620	cytochrome c	WP_371747474.1					-	PFAM cytochrome c, class I	-	-	-	-	-	Cytochrom_C,Cytochrome_CBB3
LDZ24_RS23625	glycosyltransferase family 4 protein	WP_248323632.1					-	glycosyl transferase	-	-	-	-	-	Glyco_trans_4_4,Glycos_transf_1
LDZ24_RS23630	nucleoside hydrolase	WP_248323633.1					-	Inosine uridine-preferring nucleoside hydrolase	-	-	-	-	-	IU_nuc_hydro
LDZ24_RS23650	Nramp family divalent metal transporter	WP_248323637.1	transmembrane transporter activity|0022857||IEA	transmembrane transport|0055085||IEA	membrane|0016020||IEA		-	Natural resistance-associated macrophage protein	-	-	-	-	-	Nramp
LDZ24_RS23655	hypothetical protein	WP_248323638.1					-	PFAM PRC-barrel domain	-	-	-	-	-	-
LDZ24_RS23660	PRC-barrel domain-containing protein	WP_248323639.1	bacteriochlorophyll binding|0042314||IEA	photosynthesis, light reaction|0019684||IEA			-	-	-	-	-	-	-	-
LDZ24_RS23665	alpha/beta fold hydrolase	WP_248323640.1					-	Alpha beta hydrolase	-	-	-	-	-	Abhydrolase_1
LDZ24_RS23670	MARCKS-like protein	WP_248323641.1					-	-	-	-	-	-	-	-
LDZ24_RS23675	CBS domain-containing protein	WP_175943742.1					-	Domain in cystathionine beta-synthase and other proteins.	-	-	-	-	-	CBS
LDZ24_RS23680	glycosyltransferase family 4 protein	WP_248323642.1					-	PFAM glycosyl transferase group 1	-	-	-	-	-	Glyco_trans_1_4,Glyco_transf_4,Glycos_transf_1
LDZ24_RS23685	glycosyltransferase family 4 protein	WP_248323643.1					-	PFAM glycosyl transferase group 1	-	-	-	-	-	Glyco_transf_4,Glycos_transf_1
LDZ24_RS23690	HAD family hydrolase	WP_248323644.1					-	PFAM Haloacid dehalogenase domain protein hydrolase type 3	-	-	-	-	-	Hydrolase_3
LDZ24_RS23700	YihY/virulence factor BrkB family protein	WP_248323646.1			membrane|0016020||IEA		-	ribonuclease BN	ko:K07058	-	ko00000	-	-	Virul_fac_BrkB
LDZ24_RS23705	hypothetical protein	WP_248323647.1					-	-	-	-	-	-	-	-
LDZ24_RS23715	glycosyl hydrolase	WP_248324215.1					-	6-phospho-beta-galactosidase activity	-	-	-	-	-	Glyco_hydro_cc
LDZ24_RS23720	YbfB/YjiJ family MFS transporter	WP_371747475.1					-	Major facilitator superfamily MFS_1	-	-	-	-	-	MFS_4
LDZ24_RS23725	RepB family plasmid replication initiator protein	WP_248323648.1					-	Initiator replication protein B	-	-	-	-	-	Rep_3
LDZ24_RS23730	ParA family protein	WP_244851785.1	ATP binding|0005524||IEA				-	Plasmid partition protein A	ko:K03496	-	ko00000,ko03036,ko04812	-	-	AAA_31,MerR_1
LDZ24_RS23735	ParB/RepB/Spo0J family partition protein	WP_248323649.1					-	Belongs to the ParB family	ko:K03497	-	ko00000,ko03000,ko03036,ko04812	-	-	ParBc
LDZ24_RS23740	hypothetical protein	WP_371747476.1					-	-	-	-	-	-	-	-
LDZ24_RS23745	serine hydrolase	WP_248323650.1	hydrolase activity|0016787||IEA				-	Beta-lactamase	-	-	-	-	-	Beta-lactamase
LDZ24_RS23755	M20 family metallopeptidase	WP_248323652.1					-	peptidase dimerisation domain protein	-	-	-	-	-	M20_dimer,Peptidase_M20
LDZ24_RS23760	LysR family transcriptional regulator	WP_248323653.1	DNA-binding transcription activator activity|0001216||IEA				-	regulatory protein LysR	-	-	-	-	-	HTH_1,LysR_substrate
LDZ24_RS23765	Gfo/Idh/MocA family protein	WP_248323654.1	oxidoreductase activity|0016491||IEA				-	PFAM oxidoreductase domain protein	-	-	-	-	-	GFO_IDH_MocA,GFO_IDH_MocA_C
LDZ24_RS23790	DUF1330 domain-containing protein	WP_248323659.1					-	Domain of unknown function (DUF1330)	-	-	-	-	-	DUF1330
LDZ24_RS23800	NAD(P)-dependent oxidoreductase	WP_248323660.1					-	Dehydrogenase	-	-	-	-	-	DUF1932,F420_oxidored,NAD_binding_2
LDZ24_RS23815	lysophospholipid acyltransferase family protein	WP_248323662.1					-	Acyl-transferase	ko:K00655	M00089	ko00000,ko00001,ko00002,ko01000,ko01004	-	-	Acyltransferase
LDZ24_RS23825	glycosyltransferase family 2 protein	WP_248323664.1					-	Glycosyltransferase like family 2	-	-	-	-	-	Glycos_transf_2
LDZ24_RS23840	thioesterase family protein	WP_248323666.1					-	PFAM thioesterase superfamily protein	ko:K07107	-	ko00000,ko01000	-	-	4HBT,4HBT_2
LDZ24_RS23855	LacI family DNA-binding transcriptional regulator	WP_248323669.1	DNA-binding transcription factor activity|0003700||IEA	regulation of DNA-templated transcription|0006355||IEA			-	Transcriptional regulator	ko:K02529	-	ko00000,ko03000	-	-	LacI,Peripla_BP_3
LDZ24_RS23860	response regulator	WP_248323670.1		phosphorelay signal transduction system|0000160||IEA			-	Histidine kinase	-	-	-	-	-	HATPase_c,HisKA,PAS_3,Response_reg
LDZ24_RS23865	ATPase domain-containing protein	WP_248323671.1					-	Circadian clock protein KaiC	ko:K08482	-	ko00000	-	-	ATPase
LDZ24_RS23885	nuclear transport factor 2 family protein	WP_248323675.1					-	SnoaL-like domain	-	-	-	-	-	SnoaL_2
LDZ24_RS23895	ATP-binding protein	WP_248323677.1					-	histidine kinase A domain protein	-	-	-	-	-	HATPase_c,HisKA,PAS_4,Response_reg
LDZ24_RS23900	sensor domain-containing diguanylate cyclase	WP_248323678.1					-	Diguanylate cyclase	-	-	-	-	-	GGDEF,MASE4
LDZ24_RS23905	hypothetical protein	WP_248323679.1					-	HAD superfamily, subfamily IIIB (Acid phosphatase)	-	-	-	-	-	-
LDZ24_RS23915	hypothetical protein	WP_248323681.1					-	-	-	-	-	-	-	-
LDZ24_RS23920	patatin-like phospholipase family protein	WP_248323682.1					-	PFAM Patatin	ko:K07001	-	ko00000	-	-	DUF3734,Patatin
LDZ24_RS23925	DUF4148 domain-containing protein	WP_248323683.1					-	Domain of unknown function (DUF4148)	-	-	-	-	-	DUF4148
LDZ24_RS23960	flagellar biosynthesis anti-sigma factor FlgM	WP_248323688.1		negative regulation of DNA-templated transcription|0045892||IEA		flgM	-	Anti-sigma-28 factor, FlgM	-	-	-	-	-	FlgM
LDZ24_RS23970	methyl-accepting chemotaxis protein	WP_248323690.1		signal transduction|0007165||IEA	membrane|0016020||IEA		-	Chemotaxis sensory transducer	ko:K03406	-	ko00000,ko00001,ko02035	-	-	4HB_MCP_1,HAMP,MCPsignal,TarH,sCache_2
LDZ24_RS23975	hypothetical protein	WP_248324218.1					-	CopG domain protein DNA-binding domain protein	ko:K18918	-	ko00000,ko02048,ko03000	-	-	-
LDZ24_RS23980	ATP-grasp fold amidoligase family protein	WP_350029470.1					-	TupA-like ATPgrasp	-	-	-	-	-	ATPgrasp_TupA
LDZ24_RS23985	glycosyltransferase family 4 protein	WP_248323692.1	glycosyltransferase activity|0016757||IEA				-	glycosyl transferase	-	-	-	-	-	Glyco_trans_1_4
LDZ24_RS23990	hypothetical protein	WP_248323693.1					-	-	-	-	-	-	-	-
LDZ24_RS23995	ATP-grasp fold amidoligase family protein	WP_248323694.1					-	TupA-like ATPgrasp	-	-	-	-	-	ATPgrasp_TupA
LDZ24_RS24000	DUF4142 domain-containing protein	WP_248323695.1					-	Domain of unknown function (DUF4142)	ko:K08995	-	ko00000	-	-	DUF4142
LDZ24_RS24005	hypothetical protein	WP_248323696.1					-	-	-	-	-	-	-	-
LDZ24_RS24020	CHAD domain-containing protein	WP_248323699.1					-	PFAM CHAD domain containing protein	-	-	-	-	-	CHAD
LDZ24_RS24025	metallophosphoesterase family protein	WP_248323700.1	metal ion binding|0046872||IEA				-	Purple acid Phosphatase, N-terminal domain	-	-	-	-	-	Metallophos,Pur_ac_phosph_N
LDZ24_RS24045	L-fuconate dehydratase	WP_248323704.1					-	mandelate racemase muconate lactonizing	ko:K18334	-	ko00000,ko00001,ko01000	-	-	MR_MLE_C,MR_MLE_N
LDZ24_RS24050	GntR family transcriptional regulator	WP_248323705.1	DNA-binding transcription factor activity|0003700||IEA				-	GntR family transcriptional regulator	ko:K22293	-	ko00000,ko03000	-	-	FCD,GntR
LDZ24_RS24085	succinate dehydrogenase, hydrophobic membrane anchor protein	WP_175940907.1	heme binding|0020037||IEA	tricarboxylic acid cycle|0006099||IEA	respiratory chain complex II (succinate dehydrogenase)|0045273||IEA	sdhD	-	succinate dehydrogenase, hydrophobic membrane anchor protein	ko:K00242	M00009,M00011,M00149,M00173	ko00000,ko00001,ko00002	-	-	Sdh_cyt
LDZ24_RS24100	LysR family transcriptional regulator	WP_248323710.1	DNA-binding transcription factor activity|0003700||IEA	regulation of DNA-templated transcription|0006355||IEA			-	regulatory protein LysR	-	-	-	-	-	HTH_1,LysR_substrate
LDZ24_RS24105	AraC family transcriptional regulator	WP_248323711.1	DNA-binding transcription factor activity|0003700||IEA				-	PFAM helix-turn-helix- domain containing protein AraC type	-	-	-	-	-	Arabinose_bd,HTH_18
LDZ24_RS24110	3-keto-5-aminohexanoate cleavage protein	WP_248323712.1					-	beta-keto acid cleavage enzyme	ko:K18013	-	ko00000,ko00001,ko01000	-	-	BKACE
LDZ24_RS24130	thioredoxin family protein	WP_248323715.1					-	Thioredoxin-like	-	-	-	-	-	AhpC-TSA,Redoxin
LDZ24_RS24140	cytochrome c biogenesis protein DipZ	WP_248323717.1	disulfide oxidoreductase activity|0015036||IEA	cytochrome complex assembly|0017004||IEA			-	cytochrome c biogenesis protein	-	-	-	-	-	AhpC-TSA,DsbD,Redoxin
LDZ24_RS24145	DUF4148 domain-containing protein	WP_248323718.1					-	Domain of unknown function (DUF4148)	-	-	-	-	-	DUF4148
LDZ24_RS24150	HAMP domain-containing sensor histidine kinase	WP_248323719.1	ATP binding|0005524||IEA	signal transduction|0007165||IEA			-	histidine kinase HAMP region domain protein	ko:K05962	-	ko00000,ko01000	-	-	HAMP,HATPase_c,HisKA
LDZ24_RS28025	hypothetical protein	WP_256465420.1					-	-	-	-	-	-	-	-
LDZ24_RS24160	DUF4148 domain-containing protein	WP_206470525.1					-	Domain of unknown function (DUF4148)	-	-	-	-	-	DUF4148
LDZ24_RS24165	organic hydroperoxide resistance protein	WP_284506683.1					-	PFAM OsmC family protein	-	-	-	-	-	OsmC
LDZ24_RS24170	DUF2934 domain-containing protein	WP_248323721.1					-	Protein of unknown function (DUF2934)	-	-	-	-	-	DUF2934
LDZ24_RS24175	YbfB/YjiJ family MFS transporter	WP_248323722.1					-	Major facilitator superfamily MFS_1	-	-	-	-	-	MFS_4
LDZ24_RS24185	TetR/AcrR family transcriptional regulator	WP_248323723.1	DNA-binding transcription factor activity|0003700||IEA	regulation of DNA-templated transcription|0006355||IEA			-	WHG domain	-	-	-	-	-	TetR_N,WHG
LDZ24_RS24190	hypothetical protein	WP_371747477.1					-	-	-	-	-	-	-	-
LDZ24_RS24195	hypothetical protein	WP_248323724.1					-	-	-	-	-	-	-	-
LDZ24_RS24200	serine protease	WP_350029450.1	serine-type peptidase activity|0008236||IEA	proteolysis|0006508||IEA			-	Trypsin-like peptidase domain	-	-	-	-	-	Trypsin_2
LDZ24_RS24210	hypothetical protein	WP_248323726.1					-	-	-	-	-	-	-	-
LDZ24_RS24215	DUF2946 domain-containing protein	WP_248323727.1					-	Protein of unknown function (DUF2946)	-	-	-	-	-	DUF2946
LDZ24_RS24220	hypothetical protein	WP_371747478.1					-	-	-	-	-	-	-	-
LDZ24_RS24230	PleD family two-component system response regulator	WP_248323729.1					-	cheY-homologous receiver domain	-	-	-	-	-	Response_reg
LDZ24_RS24235	SDR family NAD(P)-dependent oxidoreductase	WP_248323730.1					-	Enoyl-(Acyl carrier protein) reductase	-	-	-	-	-	adh_short
LDZ24_RS24245	YfiR family protein	WP_248323731.1					-	Domain of unknown function (DUF4154)	-	-	-	-	-	DUF4154
LDZ24_RS24250	bifunctional diguanylate cyclase/phosphodiesterase	WP_248323732.1					-	Diguanylate cyclase	-	-	-	-	-	CHASE8,EAL,GGDEF
LDZ24_RS24255	hypothetical protein	WP_248323733.1					-	-	-	-	-	-	-	-
LDZ24_RS24260	polysaccharide biosynthesis tyrosine autokinase	WP_248323734.1		extracellular polysaccharide biosynthetic process|0045226||IEA			-	PFAM lipopolysaccharide biosynthesis	ko:K08252,ko:K16692	-	ko00000,ko01000,ko01001	-	-	AAA_31,CBP_BcsQ,CbiA,GNVR,ParA,Wzz
LDZ24_RS24265	beta-glucosidase	WP_248323735.1					-	PFAM glycoside hydrolase family 39	-	-	-	-	-	-
LDZ24_RS24270	glycosyl hydrolase	WP_248323736.1	hydrolase activity, acting on glycosyl bonds|0016798||IEA				-	6-phospho-beta-galactosidase activity	-	-	-	-	-	-
LDZ24_RS24275	CpsD/CapB family tyrosine-protein kinase	WP_248323737.1	ATP binding|0005524||IEA				-	-	-	-	-	-	-	-
LDZ24_RS24280	carboxymuconolactone decarboxylase family protein	WP_248323738.1					-	Antioxidant protein with alkyl hydroperoxidase activity. Required for the reduction of the AhpC active site cysteine residues and for the regeneration of the AhpC enzyme activity	-	-	-	-	-	CMD
LDZ24_RS24285	cupin domain-containing protein	WP_248323739.1					-	Cupin domain	-	-	-	-	-	Cupin_2
LDZ24_RS24290	PLP-dependent aminotransferase family protein	WP_248323740.1	pyridoxal phosphate binding|0030170||IEA				-	aminotransferase class I and II	ko:K00375	-	ko00000,ko03000	-	-	Aminotran_1_2,GntR
LDZ24_RS24295	HD domain-containing protein	WP_248323741.1					-	PFAM metal-dependent phosphohydrolase, HD sub domain	-	-	-	-	-	HD
LDZ24_RS24300	histidine kinase	WP_248323742.1					-	RESPONSE REGULATOR receiver	-	-	-	-	-	-
LDZ24_RS24305	CheR family methyltransferase	WP_248323743.1					-	catalyzes the demethylation of specific methylglutamate residues introduced into the chemoreceptors (methyl-accepting chemotaxis proteins) by CheR	ko:K13924	M00506	ko00000,ko00001,ko00002,ko01000,ko02022,ko02035	-	-	CheB_methylest,CheR,CheR_N,HATPase_c,HisKA,PAS,PAS_10,Response_reg
LDZ24_RS24310	chemotaxis protein CheB	WP_248324223.1					-	methylesterase	ko:K03412	M00506	ko00000,ko00001,ko00002,ko01000,ko02022,ko02035	-	-	CheB_methylest
LDZ24_RS24330	hypothetical protein	WP_248323745.1					-	lipid catabolic process	-	-	-	-	-	-
LDZ24_RS24340	hypothetical protein	WP_248324224.1					-	-	-	-	-	-	-	-
LDZ24_RS24345	MipA/OmpV family protein	WP_248323747.1	protein-macromolecule adaptor activity|0030674||IEA	peptidoglycan biosynthetic process|0009252||IEA	cell outer membrane|0009279||IEA		-	MltA-interacting protein MipA	-	-	-	-	-	MipA
LDZ24_RS24360	hypothetical protein	WP_248323750.1					-	-	-	-	-	-	-	-
LDZ24_RS24365	SDR family oxidoreductase	WP_248323751.1					-	short-chain dehydrogenase	-	-	-	-	-	adh_short_C2
LDZ24_RS24370	LysR family transcriptional regulator	WP_248323752.1	DNA-binding transcription activator activity|0001216||IEA				-	Transcriptional regulator	-	-	-	-	-	HTH_1,LysR_substrate
LDZ24_RS24375	TetR/AcrR family transcriptional regulator	WP_248323753.1	DNA-binding transcription factor activity|0003700||IEA	regulation of DNA-templated transcription|0006355||IEA			-	PFAM regulatory protein TetR	ko:K16137	-	ko00000,ko03000	-	-	TetR_N
LDZ24_RS24380	NmrA family NAD(P)-binding protein	WP_248323754.1					-	NmrA-like family	-	-	-	-	-	NmrA
LDZ24_RS24390	hypothetical protein	WP_248323755.1					-	PFAM SMP-30 Gluconolaconase	-	-	-	-	-	-
LDZ24_RS24410	nuclear transport factor 2 family protein	WP_248323759.1					-	SnoaL-like domain	-	-	-	-	-	SnoaL_4
LDZ24_RS24415	hypothetical protein	WP_248323760.1					-	-	-	-	-	-	-	-
LDZ24_RS24420	tautomerase family protein	WP_248323761.1					-	Tautomerase enzyme	ko:K01821	M00569	ko00000,ko00001,ko00002,ko01000	-	-	Tautomerase
LDZ24_RS24425	aromatic-ring-hydroxylating dioxygenase subunit beta	WP_248323762.1		metabolic process|0008152||IEA			-	PFAM aromatic-ring-hydroxylating dioxygenase beta subunit	-	-	-	-	-	Ring_hydroxyl_B
LDZ24_RS24430	Rieske 2Fe-2S domain-containing protein	WP_248323763.1	2 iron, 2 sulfur cluster binding|0051537||IEA				-	rieske 2fe-2s	ko:K00479	-	ko00000	-	-	Rieske,Ring_hydroxyl_A
LDZ24_RS24435	LysR family transcriptional regulator	WP_248323764.1					-	LysR substrate binding domain	-	-	-	-	-	HTH_1,LysR_substrate
LDZ24_RS24450	LysR family transcriptional regulator	WP_248323767.1					-	regulatory protein LysR	-	-	-	-	-	HTH_1,LysR_substrate
LDZ24_RS24455	EthD family reductase	WP_248323768.1	oxidoreductase activity|0016491||IEA				-	-	-	-	-	-	-	-
LDZ24_RS24460	acyl-CoA dehydrogenase family protein	WP_248323769.1	oxidoreductase activity, acting on the CH-CH group of donors|0016627||IEA				-	Acyl-CoA dehydrogenase type 2 domain	ko:K20942,ko:K22027	-	ko00000,ko00001,ko01000	-	-	Acyl-CoA_dh_2,Acyl-CoA_dh_N
LDZ24_RS24480	muconolactone Delta-isomerase	WP_248323771.1	muconolactone delta-isomerase activity|0016159||IEA	beta-ketoadipate pathway|0042952||IEA		catC	-	Belongs to the muconolactone Delta-isomerase family	ko:K03464	M00568	ko00000,ko00001,ko00002,ko01000	-	-	MIase
LDZ24_RS24485	catechol 1,2-dioxygenase	WP_248323772.1	catechol 1,2-dioxygenase activity|0018576||IEA	catechol catabolic process, ortho-cleavage|0019615||IEA		catA	-	catechol 1,2-dioxygenase	ko:K03381	M00568	ko00000,ko00001,ko00002,ko01000	-	-	Dioxygenase_C,Dioxygenase_N
LDZ24_RS24495	4Fe-4S dicluster domain-containing protein	WP_248323774.1					-	4Fe-4S dicluster domain	-	-	-	-	-	Fer4_11
LDZ24_RS24505	OmpW family protein	WP_248323776.1					-	PFAM OmpW family protein	ko:K07275	-	ko00000	-	-	OmpW
LDZ24_RS24515	fumarylacetoacetate hydrolase family protein	WP_248323778.1	catalytic activity|0003824||IEA				-	fumarylacetoacetate (FAA) hydrolase	-	-	-	-	-	DUF2437,FAA_hydrolase
LDZ24_RS24520	VOC family protein	WP_248323779.1					-	glyoxalase bleomycin resistance protein dioxygenase	-	-	-	-	-	Glyoxalase
LDZ24_RS24525	TetR/AcrR family transcriptional regulator	WP_248324226.1	DNA-binding transcription factor activity|0003700||IEA	regulation of DNA-templated transcription|0006355||IEA			-	regulatory protein TetR	-	-	-	-	-	TetR_N
LDZ24_RS24530	TetR/AcrR family transcriptional regulator	WP_248323780.1	DNA binding|0003677||IEA	regulation of DNA-templated transcription|0006355||IEA			-	AefR-like transcriptional repressor, C-terminal region	ko:K18301	M00642	ko00000,ko00002,ko01504,ko03000	-	-	TetR_C_7,TetR_N
LDZ24_RS24535	efflux transporter outer membrane subunit	WP_248323781.1	porin activity|0015288||IEA	transport|0006810||IEA	cell outer membrane|0009279||IEA		-	Outer membrane efflux protein	-	-	-	-	-	OEP
LDZ24_RS24555	DUF4148 domain-containing protein	WP_248324507.1					-	-	-	-	-	-	-	-
LDZ24_RS24565	hypothetical protein	WP_248324508.1					-	-	-	-	-	-	-	-
LDZ24_RS24570	hypothetical protein	WP_248324509.1					-	-	-	-	-	-	-	-
LDZ24_RS24585	cytochrome P450/oxidoreductase	WP_248324512.1					-	Belongs to the cytochrome P450 family	-	-	-	-	-	FAD_binding_6,Fer2,NAD_binding_1,p450
LDZ24_RS24590	dienelactone hydrolase family protein	WP_248324513.1	hydrolase activity|0016787||IEA				-	Carboxymethylenebutenolidase	ko:K01061	-	ko00000,ko00001,ko01000	-	-	DLH,SnoaL
LDZ24_RS24605	phage integrase family protein	WP_248324516.1					-	Belongs to the 'phage' integrase family	-	-	-	-	-	DUF3701,Phage_integrase
LDZ24_RS24610	ParA family protein	WP_248324517.1	ATP binding|0005524||IEA				-	Cobyrinic acid ac-diamide synthase	ko:K03496	-	ko00000,ko03036,ko04812	-	-	AAA_31
LDZ24_RS24615	ParB/RepB/Spo0J family partition protein	WP_248324518.1					-	Belongs to the ParB family	ko:K03497	-	ko00000,ko03000,ko03036,ko04812	-	-	ParBc
LDZ24_RS24620	replication protein O	WP_371747505.1					-	Replication protein	-	-	-	-	-	-
LDZ24_RS24630	hypothetical protein	WP_248324521.1					-	-	-	-	-	-	-	-
LDZ24_RS24640	hypothetical protein	WP_248324523.1					-	-	-	-	-	-	-	-
LDZ24_RS24645	SDR family oxidoreductase	WP_248324524.1	oxidoreductase activity|0016491||IEA				-	Belongs to the short-chain dehydrogenases reductases (SDR) family	-	-	-	-	-	adh_short
LDZ24_RS24650	hypothetical protein	WP_175945753.1					-	-	-	-	-	-	-	-
LDZ24_RS24655	lipoate--protein ligase family protein	WP_248324525.1					-	lipoate-protein ligase A	-	-	-	-	-	BPL_LplA_LipB
LDZ24_RS24660	hypothetical protein	WP_248324526.1					-	-	-	-	-	-	-	-
LDZ24_RS24665	glycine zipper family protein	WP_248324527.1					-	Glycine-zipper domain	-	-	-	-	-	Gly-zipper_OmpA,Gly-zipper_YMGG
LDZ24_RS24670	hypothetical protein	WP_248324528.1					-	-	-	-	-	-	-	-
LDZ24_RS24700	glutathione S-transferase family protein	WP_248324531.1	protein binding|0005515||IEA	glutathione metabolic process|0006749||IEA			-	Glutathione S-transferase	-	-	-	-	-	GST_C,GST_C_3,GST_N,GST_N_3
LDZ24_RS24705	hypothetical protein	WP_248324532.1					-	-	-	-	-	-	-	-
LDZ24_RS24710	cytochrome c	WP_248324768.1					-	Pfam cytochrome c	-	-	-	-	-	Cytochrom_C,Cytochrome_CBB3
LDZ24_RS24715	sorbosone dehydrogenase family protein	WP_248324533.1					-	sorbosone dehydrogenase	-	-	-	-	-	GSDH,SGL
LDZ24_RS24720	hypothetical protein	WP_248324534.1					-	-	-	-	-	-	-	-
LDZ24_RS24725	polysaccharide pyruvyl transferase family protein	WP_248324535.1					-	Polysaccharide pyruvyl transferase	-	-	-	-	-	PS_pyruv_trans
LDZ24_RS24730	SET domain-containing protein	WP_175945733.1	S-adenosyl-L-methionine binding|1904047||IEA				-	SET (Su(var)3-9, Enhancer-of-zeste, Trithorax) domain	ko:K07117	-	ko00000	-	-	SET
LDZ24_RS24735	cupin domain-containing protein	WP_248324536.1					-	Cupin domain	-	-	-	-	-	Cupin_2
LDZ24_RS28210	DUF6723 family protein	WP_371747506.1					-	-	-	-	-	-	-	-
LDZ24_RS24745	hypothetical protein	WP_248324537.1					-	-	-	-	-	-	-	-
LDZ24_RS24750	hypothetical protein	WP_175945727.1					-	-	-	-	-	-	-	-
LDZ24_RS24755	ATP-dependent DNA helicase RecQ	WP_248324538.1	3'-5' DNA helicase activity|0043138||IEA				-	TIGRFAM ATP-dependent DNA helicase, RecQ family	ko:K03654	-	ko00000,ko00001,ko01000,ko03400	-	-	DEAD,Helicase_C,RecQ_Zn_bind
LDZ24_RS24760	CsbD family protein	WP_244850679.1					-	CsbD-like	-	-	-	-	-	-
LDZ24_RS24770	porin	WP_248324540.1	porin activity|0015288||IEA		cell outer membrane|0009279||IEA		-	PFAM porin Gram-negative type	-	-	-	-	-	Porin_4
LDZ24_RS24775	manganese catalase family protein	WP_175945721.1					-	Pfam Manganese containing catalase	ko:K07217	-	ko00000	-	-	Mn_catalase
LDZ24_RS24785	ShlB/FhaC/HecB family hemolysin secretion/activation protein	WP_248324770.1	porin activity|0015288||IEA	protein transport|0015031||IEA	pore complex|0046930||IEA		-	Haemolysin secretion/activation protein ShlB/FhaC/HecB	-	-	-	-	-	POTRA_2,ShlB
LDZ24_RS24790	filamentous hemagglutinin N-terminal domain-containing protein	WP_248324541.1					-	TIGRFAM filamentous haemagglutinin family outer membrane protein	-	-	-	-	-	Glug,Haemagg_act
LDZ24_RS24795	hypothetical protein	WP_244850673.1					-	-	-	-	-	-	-	-
LDZ24_RS24800	NADH:flavin oxidoreductase/NADH oxidase	WP_248324542.1					-	NADH:flavin oxidoreductase / NADH oxidase family	ko:K00219	-	ko00000,ko01000	-	-	Oxidored_FMN
LDZ24_RS24805	hypothetical protein	WP_248324543.1					-	-	-	-	-	-	-	-
LDZ24_RS24810	YdcF family protein	WP_248324544.1					-	DUF218 domain	-	-	-	-	-	DUF218
LDZ24_RS24815	bifunctional 2-polyprenyl-6-hydroxyphenol methylase/3-demethylubiquinol 3-O-methyltransferase UbiG	WP_248324545.1	2-polyprenyl-6-hydroxyphenol methylase activity|0102208||IEA	methylation|0032259||IEA			-	Methyltransferase domain	-	-	-	-	-	-
LDZ24_RS24830	carotenoid 1,2-hydratase	WP_248324772.1					-	Lipocalin-like domain	-	-	-	-	-	CrtC,Lipocalin_9
LDZ24_RS24835	YeeE/YedE family protein	WP_248324548.1					-	Sulphur transport	ko:K07112	-	ko00000	-	-	Sulf_transp
LDZ24_RS24840	5,6-dimethylbenzimidazole synthase	WP_248324549.1	oxidoreductase activity, acting on metal ions|0016722||IEA	FMN catabolic process|0032363||IEA		bluB	-	Cob(II)yrinic acid a,c-diamide reductase	ko:K02303,ko:K04719	M00121	ko00000,ko00001,ko00002,ko01000	-	-	Nitroreductase
LDZ24_RS24845	hypothetical protein	WP_248324550.1					-	-	-	-	-	-	-	-
LDZ24_RS24850	polysaccharide deacetylase family protein	WP_248324551.1	hydrolase activity, acting on carbon-nitrogen (but not peptide) bonds|0016810||IEA	carbohydrate metabolic process|0005975||IEA			-	Polysaccharide deacetylase	-	-	-	-	-	Polysacc_deac_1
LDZ24_RS24855	glycosyltransferase	WP_248324552.1					-	Glycosyl transferase family 4	ko:K02851	-	ko00000,ko01000,ko01003,ko01005	-	-	Glycos_transf_4
LDZ24_RS24860	serine O-acetyltransferase	WP_248324553.1	serine O-acetyltransferase activity|0009001||IEA	cysteine biosynthetic process from serine|0006535||IEA			-	Hexapeptide repeat of succinyl-transferase	-	-	-	-	-	Hexapep
LDZ24_RS24865	right-handed parallel beta-helix repeat-containing protein	WP_248324554.1					-	Belongs to the glycosyl hydrolase 28 family	-	-	-	-	-	Beta_helix
LDZ24_RS24870	EpsG family protein	WP_248324555.1					-	-	-	-	-	-	-	EpsG
LDZ24_RS24875	GNAT family N-acetyltransferase	WP_248324556.1					-	Acetyltransferase (GNAT) domain	-	-	-	-	-	Acetyltransf_6
LDZ24_RS24880	GNAT family N-acetyltransferase	WP_248324557.1					-	Acetyltransferase (GNAT) domain	-	-	-	-	-	Acetyltransf_6
LDZ24_RS24885	hypothetical protein	WP_248324558.1					-	Belongs to the glycosyl hydrolase 28 family	-	-	-	-	-	-
LDZ24_RS24895	glycosyltransferase	WP_248324560.1					-	Glycosyl transferase 4-like domain	ko:K21011	-	ko00000,ko00001,ko01003	-	GT4	Glyco_trans_1_4,Glyco_transf_4,Glycos_transf_1
LDZ24_RS24900	glycosyltransferase family 4 protein	WP_248324561.1					-	Glycosyl transferase 4-like	-	-	-	-	-	Glyco_trans_1_4,Glyco_trans_4_2,Glyco_transf_4,Glycos_transf_1
LDZ24_RS24905	glycosyltransferase family 4 protein	WP_248324562.1	glycosyltransferase activity|0016757||IEA				-	glycosyl transferase	-	-	-	-	-	Glyco_transf_4,Glycos_transf_1
LDZ24_RS24910	murein biosynthesis integral membrane protein MurJ	WP_248324563.1	lipid-linked peptidoglycan transporter activity|0015648||IEA	cell wall organization|0071555||IEA		murJ	-	MviN-like protein	-	-	-	-	-	MVIN
LDZ24_RS24920	Vi polysaccharide biosynthesis UDP-N-acetylglucosamine C-6 dehydrogenase TviB	WP_248324565.1	NAD binding|0051287||IEA	polysaccharide biosynthetic process|0000271||IEA		tviB	-	Belongs to the UDP-glucose GDP-mannose dehydrogenase family	ko:K02474,ko:K13015	-	ko00000,ko00001,ko01000,ko01005	-	-	UDPG_MGDP_dh,UDPG_MGDP_dh_C,UDPG_MGDP_dh_N
LDZ24_RS24925	polysaccharide biosynthesis tyrosine autokinase	WP_248324566.1		extracellular polysaccharide biosynthetic process|0045226||IEA			-	TIGRFAM exopolysaccharide transport protein family	ko:K16692	-	ko00000,ko01000,ko01001	-	-	AAA_31,CbiA,GNVR,Wzz
LDZ24_RS24930	DJ-1/PfpI family protein	WP_248324567.1					-	DJ-1/PfpI family	-	-	-	-	-	DJ-1_PfpI
LDZ24_RS24935	NUDIX domain-containing protein	WP_248324568.1	hydrolase activity|0016787||IEA				-	NUDIX domain	ko:K03574	-	ko00000,ko01000,ko03400	-	-	NUDIX
LDZ24_RS24940	YhcG family protein	WP_248324569.1					-	Protein of unknown function (DUF1016)	-	-	-	-	-	DUF1016
LDZ24_RS24945	DNA-binding protein	WP_248324570.1					-	Plasmid replication region DNA-binding N-term	-	-	-	-	-	KfrA_N
LDZ24_RS24950	ester cyclase	WP_248324571.1					-	SnoaL-like polyketide cyclase	-	-	-	-	-	SnoaL
LDZ24_RS24955	GFA family protein	WP_248324572.1	metal ion binding|0046872||IEA				-	Glutathione-dependent formaldehyde-activating	-	-	-	-	-	GFA
LDZ24_RS24960	MFS transporter	WP_248324573.1	transmembrane transporter activity|0022857||IEA	transmembrane transport|0055085||IEA			-	Pfam Major Facilitator Superfamily	-	-	-	-	-	MFS_1
LDZ24_RS24970	CDP-diacylglycerol--serine O-phosphatidyltransferase	WP_248324574.1	CDP-diacylglycerol-serine O-phosphatidyltransferase activity|0003882||IEA	phospholipid biosynthetic process|0008654||IEA		pssA	-	Belongs to the CDP-alcohol phosphatidyltransferase class-I family	ko:K17103	M00093	ko00000,ko00001,ko00002,ko01000	-	-	CDP-OH_P_transf
LDZ24_RS24975	DUF3034 family protein	WP_248324575.1					-	Protein of unknown function (DUF3034)	-	-	-	-	-	DUF3034
LDZ24_RS24980	group 1 truncated hemoglobin	WP_248324576.1					-	Bacterial-like globin	ko:K06886	-	ko00000	-	-	Bac_globin
LDZ24_RS24985	methylamine utilization protein	WP_248324577.1					-	PFAM blue (type 1) copper domain protein	-	-	-	-	-	-
LDZ24_RS24990	EAL domain-containing protein	WP_248324578.1					-	GGDEF domain containing protein	-	-	-	-	-	EAL,GAF,GAF_2,GGDEF,HAMP,PAS,PAS_4,PAS_8,PAS_9,dCache_3
LDZ24_RS24995	response regulator transcription factor	WP_248324579.1		phosphorelay signal transduction system|0000160||IEA			-	response regulator	ko:K07687	M00474	ko00000,ko00001,ko00002,ko02022	-	-	GerE,Response_reg
LDZ24_RS25000	response regulator transcription factor	WP_248324580.1					-	response regulator	-	-	-	-	-	GerE,Response_reg
LDZ24_RS28080	filamentous hemagglutinin N-terminal domain-containing protein	WP_305854739.1					-	family outer membrane protein	-	-	-	-	-	ESPR,Haemagg_act,PATR
LDZ24_RS25015	peptide transporter	WP_248324581.1					-	O-linked N-acetylglucosamine transferase SPINDLY family	-	-	-	-	-	-
LDZ24_RS25020	methyltransferase domain-containing protein	WP_248324582.1					-	Glycosyltransferase family 9 (heptosyltransferase)	-	-	-	-	-	Glyco_transf_9,Methyltransf_23
LDZ24_RS25035	ATP-binding protein	WP_248324585.1					-	Histidine kinase	ko:K07677	M00474	ko00000,ko00001,ko00002,ko01000,ko01001,ko02022	-	-	HATPase_c,HisKA,Hpt,Response_reg
LDZ24_RS25040	sensor domain-containing diguanylate cyclase	WP_248324586.1					-	Diguanylate cyclase	-	-	-	-	-	GGDEF,PAS_7
LDZ24_RS25055	hypothetical protein	WP_248324588.1					-	-	-	-	-	-	-	-
LDZ24_RS25070	hypothetical protein	WP_248324591.1					-	-	-	-	-	-	-	-
LDZ24_RS25075	hypothetical protein	WP_248324592.1					-	-	-	-	-	-	-	-
LDZ24_RS25080	hypothetical protein	WP_248324593.1					-	-	-	-	-	-	-	-
LDZ24_RS25090	PQQ-binding-like beta-propeller repeat protein	WP_248324594.1					-	Pyrrolo-quinoline quinone	-	-	-	-	-	PQQ,PQQ_2,PQQ_3
LDZ24_RS25095	DUF1801 domain-containing protein	WP_248324595.1					-	Domain of unknown function (DU1801)	-	-	-	-	-	DUF1801
LDZ24_RS25100	CoA transferase	WP_248324596.1	CoA-transferase activity|0008410||IEA				-	L-carnitine dehydratase bile acid-inducible protein F	-	-	-	-	-	CoA_transf_3
LDZ24_RS25110	four-carbon acid sugar kinase family protein	WP_248324598.1	kinase activity|0016301||IEA				-	type III effector	ko:K22129	-	ko00000,ko01000	-	-	DUF1357_C,DUF1537
LDZ24_RS25120	DeoR/GlpR family DNA-binding transcription regulator	WP_248324600.1	DNA-binding transcription factor activity|0003700||IEA				-	Transcriptional regulator	-	-	-	-	-	DeoRC,HTH_DeoR
LDZ24_RS25125	PAS domain S-box protein	WP_248324601.1					-	histidine kinase A domain protein	-	-	-	-	-	GAF_2,HATPase_c,HisKA,PAS,PAS_9,Response_reg
LDZ24_RS25130	LysR family transcriptional regulator	WP_248324602.1	DNA-binding transcription activator activity|0001216||IEA				-	LysR family transcriptional regulator	-	-	-	-	-	HTH_1,LysR_substrate
LDZ24_RS25140	hypothetical protein	WP_248324604.1					-	-	-	-	-	-	-	-
LDZ24_RS25150	class II aldolase/adducin family protein	WP_248324606.1					-	Class II aldolase adducin family protein	-	-	-	-	-	Aldolase_II
LDZ24_RS25155	4-oxalocrotonate tautomerase	WP_175945609.1					-	4-oxalocrotonate tautomerase	ko:K01821	M00569	ko00000,ko00001,ko00002,ko01000	-	-	Tautomerase
LDZ24_RS25180	nitroreductase	WP_248324611.1	obsolete oxidoreductase activity, acting on NAD(P)H, nitrogenous group as acceptor|0016657||IEA				-	nitroreductase	-	-	-	-	-	Nitroreductase
LDZ24_RS25190	LysR substrate-binding domain-containing protein	WP_248324613.1					-	Transcriptional regulator	-	-	-	-	-	HTH_1,LysR_substrate
LDZ24_RS25195	M20 aminoacylase family protein	WP_248324614.1	hydrolase activity, acting on carbon-nitrogen (but not peptide) bonds|0016810||IEA				-	amidohydrolase	-	-	-	-	-	M20_dimer,Peptidase_M20
LDZ24_RS25200	endonuclease/exonuclease/phosphatase family protein	WP_248324615.1	catalytic activity|0003824||IEA				-	endonuclease	-	-	-	-	-	Exo_endo_phos
LDZ24_RS25205	DUF4019 domain-containing protein	WP_241270126.1					-	Protein of unknown function (DUF4019)	-	-	-	-	-	DUF4019
LDZ24_RS25210	high-potential iron-sulfur protein	WP_206470772.1					-	Specific class of high-redox-potential 4Fe-4S ferredoxins. Functions in anaerobic electron transport in most purple and in some other photosynthetic bacteria and in at least one genus (Paracoccus) of halophilic, denitrifying bacteria	-	-	-	-	-	HIPIP
LDZ24_RS25215	oxalate:formate antiporter	WP_159834252.1					-	-	-	-	-	-	-	-
LDZ24_RS25220	OFA family MFS transporter	WP_175945578.1	transmembrane transporter activity|0022857||IEA	transmembrane transport|0055085||IEA			-	Major facilitator superfamily	-	-	-	-	-	MFS_1
LDZ24_RS25225	enoyl-CoA hydratase	WP_248324616.1	catalytic activity|0003824||IEA				-	enoyl-CoA hydratase	-	-	-	-	-	ECH_1
LDZ24_RS25230	acyl-CoA synthetase	WP_248324617.1					-	PFAM AMP-dependent synthetase and ligase	ko:K00666	-	ko00000,ko01000,ko01004	-	-	AMP-binding,AMP-binding_C
LDZ24_RS25265	porin	WP_248324624.1					-	PFAM porin Gram-negative type	-	-	-	-	-	Porin_4
LDZ24_RS25270	hypothetical protein	WP_248324625.1					-	-	-	-	-	-	-	-
LDZ24_RS25285	hypothetical protein	WP_248324627.1					-	-	-	-	-	-	-	-
LDZ24_RS25290	HAD family hydrolase	WP_248324628.1	hydrolase activity|0016787||IEA				-	TIGRFAM HAD-superfamily hydrolase, subfamily IA, variant 3	-	-	-	-	-	HAD_2
LDZ24_RS25300	phosphodiesterase	WP_248324630.1					-	GGDEF domain containing protein	-	-	-	-	-	CBS,EAL,GGDEF
LDZ24_RS25305	response regulator	WP_248324631.1		phosphorelay signal transduction system|0000160||IEA			-	Histidine kinase	-	-	-	-	-	GAF_2,HATPase_c,HisKA,PAS_3,PAS_4,PAS_9,Response_reg
LDZ24_RS25315	low affinity iron permease family protein	WP_248324633.1		transmembrane transport|0055085||IEA			-	Low affinity iron permease	-	-	-	-	-	Iron_permease
LDZ24_RS25340	LacI family DNA-binding transcriptional regulator	WP_244140237.1					-	Bacterial regulatory proteins, lacI family	ko:K02529	-	ko00000,ko03000	-	-	LacI,Peripla_BP_3
LDZ24_RS25345	phytanoyl-CoA dioxygenase family protein	WP_248324638.1					-	Phytanoyl-CoA dioxygenase (PhyH)	-	-	-	-	-	PhyH
LDZ24_RS25355	hypothetical protein	WP_248324640.1					-	-	-	-	-	-	-	-
LDZ24_RS25365	hypothetical protein	WP_248324641.1					-	-	-	-	-	-	-	-
LDZ24_RS25370	DUF3140 domain-containing protein	WP_248324774.1					-	Protein of unknown function (DUF3140)	-	-	-	-	-	DUF3140
LDZ24_RS25375	putative DNA modification/repair radical SAM protein	WP_175945527.1	S-adenosyl-L-methionine binding|1904047||IEA				-	PFAM Radical SAM domain protein	-	-	-	-	-	Radical_SAM
LDZ24_RS25380	UdgX family uracil-DNA binding protein	WP_248324642.1					-	PFAM Uracil-DNA glycosylase superfamily	ko:K21929	-	ko00000,ko00001,ko01000,ko03400	-	-	DUF4130,UDG
LDZ24_RS25385	SDR family NAD(P)-dependent oxidoreductase	WP_248324643.1	NAD+ binding|0070403||IEA				-	Short-chain dehydrogenase reductase sdr	-	-	-	-	-	adh_short_C2
LDZ24_RS25390	DUF4410 domain-containing protein	WP_248324644.1					-	Domain of unknown function (DUF4410)	-	-	-	-	-	DUF4410
LDZ24_RS25395	cardiolipin synthase	WP_248324645.1	phosphotransferase activity, for other substituted phosphate groups|0016780||IEA	cardiolipin biosynthetic process|0032049||IEA		cls	-	Catalyzes the reversible phosphatidyl group transfer from one phosphatidylglycerol molecule to another to form cardiolipin (CL) (diphosphatidylglycerol) and glycerol	ko:K06131	-	ko00000,ko00001,ko01000	-	-	PLDc_2
LDZ24_RS25400	bifunctional diguanylate cyclase/phosphodiesterase	WP_248324646.1					-	GGDEF domain containing protein	ko:K21023	-	ko00000,ko00001,ko01000	-	-	EAL,GGDEF,MHYT
LDZ24_RS25405	MarR family winged helix-turn-helix transcriptional regulator	WP_248324647.1	DNA-binding transcription factor activity|0003700||IEA	regulation of DNA-templated transcription|0006355||IEA			-	PFAM regulatory protein, MarR	-	-	-	-	-	MarR
LDZ24_RS25410	DUF4148 domain-containing protein	WP_248324648.1					-	-	-	-	-	-	-	DUF4148
LDZ24_RS25415	EAL domain-containing protein	WP_248324649.1					-	Diguanylate phosphodiesterase	-	-	-	-	-	DUF3330,EAL,PTS_EIIC
LDZ24_RS25430	carbohydrate ABC transporter permease	WP_248324651.1	ABC-type transporter activity|0140359||IEA	transmembrane transport|0055085||IEA			-	Binding-protein-dependent transport system inner membrane component	-	-	-	-	-	BPD_transp_1
LDZ24_RS25440	sugar-binding transcriptional regulator	WP_248324653.1	carbohydrate binding|0030246||IEA				-	Putative sugar-binding domain	-	-	-	-	-	Sugar-bind
LDZ24_RS25470	xanthine dehydrogenase family protein molybdopterin-binding subunit	WP_248324657.1					-	PFAM aldehyde oxidase and xanthine dehydrogenase molybdopterin binding	ko:K00256,ko:K07303	-	ko00000,ko01000	-	-	Ald_Xan_dh_C,Ald_Xan_dh_C2
LDZ24_RS25475	cytochrome c	WP_248324658.1	heme binding|0020037||IEA				-	PFAM cytochrome c, class I	-	-	-	-	-	Cytochrom_C
LDZ24_RS25480	DUF1488 family protein	WP_175945490.1					-	Protein of unknown function (DUF1488)	-	-	-	-	-	DUF1488
LDZ24_RS25485	DUF3331 domain-containing protein	WP_248324659.1					-	Domain of unknown function (DUF3331)	-	-	-	-	-	DUF3331
LDZ24_RS25505	circularly permuted type 2 ATP-grasp protein	WP_248324662.1					-	Circularly permuted ATP-grasp type 2	-	-	-	-	-	CP_ATPgrasp_2
LDZ24_RS25510	alpha-E domain-containing protein	WP_248324663.1					-	A predicted alpha-helical domain with a conserved ER motif.	-	-	-	-	-	Alpha-E
LDZ24_RS25515	putative zinc-binding metallopeptidase	WP_248324664.1					-	Putative zinc-binding metallo-peptidase	-	-	-	-	-	Peptidase_Mx,zinc-ribbon_6
LDZ24_RS25520	DUF2126 domain-containing protein	WP_248324665.1					-	transglutaminase domain protein	-	-	-	-	-	Bact_transglu_N,DUF2126,Transglut_core
LDZ24_RS25525	circularly permuted type 2 ATP-grasp protein	WP_248324666.1					-	A predicted alpha-helical domain with a conserved ER motif.	-	-	-	-	-	Alpha-E,CP_ATPgrasp_2
LDZ24_RS25530	transglutaminase family protein	WP_248324667.1					-	transglutaminase domain protein	-	-	-	-	-	Bact_transglu_N,Transglut_core
LDZ24_RS25535	dihydrofolate reductase family protein	WP_248324668.1	5-amino-6-(5-phosphoribosylamino)uracil reductase activity|0008703||IEA				-	RibD C-terminal domain	-	-	-	-	-	RibD_C
LDZ24_RS25540	hypothetical protein	WP_248324669.1					-	-	-	-	-	-	-	-
LDZ24_RS25550	PilZ domain-containing protein	WP_248324671.1	cyclic-di-GMP binding|0035438||IEA				-	PilZ domain	-	-	-	-	-	PilZ,YcgR_2
LDZ24_RS25555	tyrosinase family protein	WP_248324672.1	metal ion binding|0046872||IEA				-	Common central domain of tyrosinase	-	-	-	-	-	PPO1_DWL,PPO1_KFDV,Tyrosinase
LDZ24_RS25565	SDR family oxidoreductase	WP_248324674.1	NAD+ binding|0070403||IEA				-	NAD(P)H-binding	-	-	-	-	-	Epimerase,NAD_binding_10
LDZ24_RS25570	response regulator	WP_248324675.1		phosphorelay signal transduction system|0000160||IEA			-	Histidine kinase	-	-	-	-	-	HATPase_c,HisKA,PAS_3,PAS_4,PAS_9,Response_reg
LDZ24_RS25585	sugar-transfer associated ATP-grasp domain-containing protein	WP_248324678.1					-	Sugar-transfer associated ATP-grasp	-	-	-	-	-	ATPgrasp_ST
LDZ24_RS25600	sorbosone dehydrogenase family protein	WP_371747512.1					-	Dehydrogenase	-	-	-	-	-	GSDH
LDZ24_RS25605	DUF2231 domain-containing protein	WP_175945446.1					-	membrane	-	-	-	-	-	-
LDZ24_RS25615	LysR family transcriptional regulator	WP_206470829.1	DNA-binding transcription activator activity|0001216||IEA				-	Transcriptional regulator	-	-	-	-	-	HTH_1,LysR_substrate
LDZ24_RS25620	exopolysaccharide Pel transporter PelG	WP_206470830.1				pelG	-	Putative exopolysaccharide Exporter (EPS-E)	ko:K21012	-	ko00000,ko00001	-	-	PelG
LDZ24_RS25625	GT4 family glycosyltransferase PelF	WP_248324682.1	glycosyltransferase activity|0016757||IEA			pelF	-	glycosyl transferase	ko:K21011	-	ko00000,ko00001,ko01003	-	GT4	DUF3492,Glyco_trans_1_4,Glycos_transf_1
LDZ24_RS25630	lipopolysaccharide N-acetylglucosaminyl transferase	WP_371747513.1					-	Tetratricopeptide repeat	ko:K21010	-	ko00000,ko00001	-	-	-
LDZ24_RS25635	PelD GGDEF domain-containing protein	WP_248324684.1					-	PelD GGDEF domain	ko:K21009	-	ko00000,ko00001	-	-	GAF_3,PelD_GGDEF
LDZ24_RS25640	penicillin-binding protein activator LpoB	WP_248324685.1					-	cAMP biosynthetic process	ko:K21008	-	ko00000,ko00001	-	-	LpoB
LDZ24_RS25645	tetratricopeptide repeat protein	WP_248324686.1					-	Tetratricopeptide repeat	ko:K21007	-	ko00000,ko00001	-	-	TPR_15,TPR_19
LDZ24_RS25650	bifunctional glycoside hydrolase 114/ polysaccharide deacetylase family protein	WP_248324687.1					-	signal peptide protein	ko:K21006	-	ko00000,ko00001	-	-	Glyco_hydro_114,Polysacc_deac_1
LDZ24_RS25655	response regulator	WP_248324688.1		phosphorelay signal transduction system|0000160||IEA			-	response regulator	ko:K11443	M00511	ko00000,ko00001,ko00002,ko02022	-	-	Response_reg
LDZ24_RS25660	CsbD family protein	WP_248324689.1					-	Belongs to the UPF0337 (CsbD) family	-	-	-	-	-	CsbD
LDZ24_RS25665	chemotaxis protein CheB	WP_248324690.1	protein-glutamate methylesterase activity|0008984||IEA	chemotaxis|0006935||IEA	cytoplasm|0005737||IEA		-	catalyzes the demethylation of specific methylglutamate residues introduced into the chemoreceptors (methyl-accepting chemotaxis proteins) by CheR	ko:K13924	M00506	ko00000,ko00001,ko00002,ko01000,ko02022,ko02035	-	-	CheB_methylest,CheR,CheR_N,HATPase_c,HisKA,PAS,PAS_10,Response_reg
LDZ24_RS25675	NmrA family NAD(P)-binding protein	WP_248324692.1					-	NmrA family	-	-	-	-	-	NmrA
LDZ24_RS25680	SGNH/GDSL hydrolase family protein	WP_248324693.1					-	PFAM lipolytic protein G-D-S-L family	-	-	-	-	-	Lipase_GDSL_2
LDZ24_RS25690	hypothetical protein	WP_248324695.1					-	-	-	-	-	-	-	-
LDZ24_RS25700	NRAMP family divalent metal transporter	WP_248324696.1	metal ion transmembrane transporter activity|0046873||IEA	metal ion transport|0030001||IEA			-	Natural resistance-associated macrophage protein	-	-	-	-	-	Nramp
LDZ24_RS25710	NADH:flavin oxidoreductase/NADH oxidase	WP_248324697.1					-	NADH flavin oxidoreductase	ko:K00219	-	ko00000,ko01000	-	-	Oxidored_FMN
LDZ24_RS25715	helix-turn-helix transcriptional regulator	WP_248324698.1	DNA-binding transcription factor activity|0003700||IEA				-	helix_turn_helix, Arsenical Resistance Operon Repressor	-	-	-	-	-	HTH_20
LDZ24_RS25725	helix-turn-helix domain-containing protein	WP_248324700.1	sequence-specific DNA binding|0043565||IEA	regulation of DNA-templated transcription|0006355||IEA			GO:0003674,GO:0003700,GO:0005575,GO:0005622,GO:0005623,GO:0005737,GO:0006355,GO:0008150,GO:0009889,GO:0010468,GO:0010556,GO:0019219,GO:0019222,GO:0031323,GO:0031326,GO:0044424,GO:0044464,GO:0050789,GO:0050794,GO:0051171,GO:0051252,GO:0060255,GO:0065007,GO:0080090,GO:0140110,GO:1903506,GO:2000112,GO:2001141	Activates expression of the rhaBAD and rhaT operons	ko:K02855,ko:K17736	-	ko00000,ko03000	-	-	AraC_binding,DJ-1_PfpI,HTH_18
LDZ24_RS25730	FAD-binding oxidoreductase	WP_248324701.1	oxidoreductase activity|0016491||IEA				-	PFAM FAD dependent oxidoreductase	ko:K00285	-	ko00000,ko00001,ko01000	-	-	DAO
LDZ24_RS25740	ornithine cyclodeaminase family protein	WP_248324703.1					-	ornithine cyclodeaminase	ko:K19744	-	ko00000,ko00001,ko01000	-	-	OCD_Mu_crystall
LDZ24_RS25745	transcriptional regulator	WP_248324704.1	transcription regulator activity|0140110||IEA				-	PFAM YheO domain protein	ko:K21829	-	ko00000,ko03000	-	-	HTH_22,PAS_6
LDZ24_RS25780	LysR family transcriptional regulator	WP_248324708.1					-	Transcriptional regulator	-	-	-	-	-	HTH_1,LysR_substrate
LDZ24_RS25785	NmrA family NAD(P)-binding protein	WP_248324709.1					-	NmrA-like family	-	-	-	-	-	NmrA
LDZ24_RS25790	MarR family winged helix-turn-helix transcriptional regulator	WP_248324710.1	DNA-binding transcription factor activity|0003700||IEA	regulation of DNA-templated transcription|0006355||IEA			-	helix_turn_helix multiple antibiotic resistance protein	-	-	-	-	-	MarR
LDZ24_RS25795	DUF378 domain-containing protein	WP_248324711.1					-	Domain of unknown function (DUF378)	ko:K09779	-	ko00000	-	-	DUF378
LDZ24_RS25800	DUF4397 domain-containing protein	WP_248324712.1					-	TIGRFAM LPXTG-motif cell wall anchor domain	-	-	-	-	-	DUF4397
LDZ24_RS25805	MerR family transcriptional regulator	WP_248324713.1	DNA binding|0003677||IEA	regulation of DNA-templated transcription|0006355||IEA			-	PFAM regulatory protein, MerR	ko:K22491	-	ko00000,ko03000	-	-	B12-binding,B12-binding_2,MerR_1
LDZ24_RS25810	hypothetical protein	WP_248324714.1					-	Polyketide cyclase / dehydrase and lipid transport	-	-	-	-	-	Polyketide_cyc,Polyketide_cyc2
LDZ24_RS25815	cysteine hydrolase	WP_248324715.1					-	Isochorismatase family	-	-	-	-	-	Isochorismatase
LDZ24_RS25840	hypothetical protein	WP_248324717.1					-	-	-	-	-	-	-	-
LDZ24_RS25850	response regulator transcription factor	WP_248324718.1					-	Response regulator receiver	-	-	-	-	-	GerE,Response_reg
LDZ24_RS25855	sensor histidine kinase	WP_248324719.1					-	histidine kinase A domain protein	-	-	-	-	-	DUF4118,HATPase_c,HisKA,PAS,PAS_3,PAS_4
LDZ24_RS25860	response regulator transcription factor	WP_371747509.1					-	Response regulator receiver	-	-	-	-	-	Response_reg
LDZ24_RS25865	DUF4148 domain-containing protein	WP_248324721.1					-	Domain of unknown function (DUF4148)	-	-	-	-	-	DUF4148
LDZ24_RS25870	alpha/beta fold hydrolase	WP_248324723.1					-	Alpha/beta hydrolase family	-	-	-	-	-	Abhydrolase_6
LDZ24_RS25875	tannase/feruloyl esterase family alpha/beta hydrolase	WP_248324725.1					-	Feruloyl esterase	-	-	-	-	-	Tannase
LDZ24_RS25885	MFS transporter	WP_248324728.1	transmembrane transporter activity|0022857||IEA	transmembrane transport|0055085||IEA			-	Major facilitator superfamily	-	-	-	-	-	MFS_1
LDZ24_RS25890	hypothetical protein	WP_248324730.1					-	-	-	-	-	-	-	DUF4410
LDZ24_RS25895	transposase	WP_248320380.1	transposase activity|0004803||IEA	DNA transposition|0006313||IEA			-	Transposase	-	-	-	-	-	HTH_Tnp_1
LDZ24_RS25895	transposase	WP_248320380.1	transposase activity|0004803||IEA	DNA transposition|0006313||IEA			-	Transposase	-	-	-	-	-	HTH_Tnp_1
LDZ24_RS25895	transposase	WP_248320380.1	transposase activity|0004803||IEA	DNA transposition|0006313||IEA			-	Transposase	-	-	-	-	-	HTH_Tnp_1
LDZ24_RS25895	transposase	WP_248320380.1	transposase activity|0004803||IEA	DNA transposition|0006313||IEA			-	Transposase	-	-	-	-	-	HTH_Tnp_1
LDZ24_RS25895	transposase	WP_248320380.1	transposase activity|0004803||IEA	DNA transposition|0006313||IEA			-	Transposase	-	-	-	-	-	HTH_Tnp_1
LDZ24_RS25895	transposase	WP_248320380.1	transposase activity|0004803||IEA	DNA transposition|0006313||IEA			-	Transposase	-	-	-	-	-	HTH_Tnp_1
LDZ24_RS25895	transposase	WP_248320380.1	transposase activity|0004803||IEA	DNA transposition|0006313||IEA			-	Transposase	-	-	-	-	-	HTH_Tnp_1
LDZ24_RS25900	IS66 family insertion sequence element accessory protein TnpB	WP_045463971.1				tnpB	-	Evidence 2b Function of strongly homologous gene	-	-	-	-	-	TnpB_IS66
LDZ24_RS25900	IS66 family insertion sequence element accessory protein TnpB	WP_045463971.1				tnpB	-	Evidence 2b Function of strongly homologous gene	-	-	-	-	-	TnpB_IS66
LDZ24_RS25900	IS66 family insertion sequence element accessory protein TnpB	WP_045463971.1				tnpB	-	Evidence 2b Function of strongly homologous gene	-	-	-	-	-	TnpB_IS66
LDZ24_RS25900	IS66 family insertion sequence element accessory protein TnpB	WP_045463971.1				tnpB	-	Evidence 2b Function of strongly homologous gene	-	-	-	-	-	TnpB_IS66
LDZ24_RS25900	IS66 family insertion sequence element accessory protein TnpB	WP_045463971.1				tnpB	-	Evidence 2b Function of strongly homologous gene	-	-	-	-	-	TnpB_IS66
LDZ24_RS25900	IS66 family insertion sequence element accessory protein TnpB	WP_045463971.1				tnpB	-	Evidence 2b Function of strongly homologous gene	-	-	-	-	-	TnpB_IS66
LDZ24_RS25900	IS66 family insertion sequence element accessory protein TnpB	WP_045463971.1				tnpB	-	Evidence 2b Function of strongly homologous gene	-	-	-	-	-	TnpB_IS66
LDZ24_RS25900	IS66 family insertion sequence element accessory protein TnpB	WP_045463971.1				tnpB	-	Evidence 2b Function of strongly homologous gene	-	-	-	-	-	TnpB_IS66
LDZ24_RS25900	IS66 family insertion sequence element accessory protein TnpB	WP_045463971.1				tnpB	-	Evidence 2b Function of strongly homologous gene	-	-	-	-	-	TnpB_IS66
LDZ24_RS25905	IS66 family transposase	WP_248320381.1	transposase activity|0004803||IEA				-	transposase	-	-	-	-	-	DDE_Tnp_IS66,DDE_Tnp_IS66_C,LZ_Tnp_IS66,zf-IS66
LDZ24_RS25905	IS66 family transposase	WP_248320381.1	transposase activity|0004803||IEA				-	transposase	-	-	-	-	-	DDE_Tnp_IS66,DDE_Tnp_IS66_C,LZ_Tnp_IS66,zf-IS66
LDZ24_RS25905	IS66 family transposase	WP_248320381.1	transposase activity|0004803||IEA				-	transposase	-	-	-	-	-	DDE_Tnp_IS66,DDE_Tnp_IS66_C,LZ_Tnp_IS66,zf-IS66
LDZ24_RS25905	IS66 family transposase	WP_248320381.1	transposase activity|0004803||IEA				-	transposase	-	-	-	-	-	DDE_Tnp_IS66,DDE_Tnp_IS66_C,LZ_Tnp_IS66,zf-IS66
LDZ24_RS25905	IS66 family transposase	WP_248320381.1	transposase activity|0004803||IEA				-	transposase	-	-	-	-	-	DDE_Tnp_IS66,DDE_Tnp_IS66_C,LZ_Tnp_IS66,zf-IS66
LDZ24_RS25905	IS66 family transposase	WP_248320381.1	transposase activity|0004803||IEA				-	transposase	-	-	-	-	-	DDE_Tnp_IS66,DDE_Tnp_IS66_C,LZ_Tnp_IS66,zf-IS66
LDZ24_RS25905	IS66 family transposase	WP_248320381.1	transposase activity|0004803||IEA				-	transposase	-	-	-	-	-	DDE_Tnp_IS66,DDE_Tnp_IS66_C,LZ_Tnp_IS66,zf-IS66
LDZ24_RS25910	MBL fold metallo-hydrolase	WP_248324732.1					-	Metallo-beta-lactamase superfamily	-	-	-	-	-	Lactamase_B
LDZ24_RS25945	dienelactone hydrolase family protein	WP_248324738.1	hydrolase activity|0016787||IEA				-	Carboxymethylenebutenolidase	ko:K01061	-	ko00000,ko00001,ko01000	-	-	DLH,SnoaL
LDZ24_RS25950	SDR family NAD(P)-dependent oxidoreductase	WP_248324739.1					-	Enoyl-(Acyl carrier protein) reductase	-	-	-	-	-	adh_short
LDZ24_RS25965	RidA family protein	WP_248324745.1	hydrolase activity|0016787||IEA				-	2-aminomuconate deaminase	ko:K15067	-	ko00000,ko00001,ko01000	-	-	Ribonuc_L-PSP
LDZ24_RS25975	Zn-ribbon domain-containing OB-fold protein	WP_248324746.1					-	Rubredoxin-like zinc ribbon domain (DUF35_N)	ko:K07068	-	ko00000	-	-	DUF35_N
LDZ24_RS25980	thiolase family protein	WP_248324748.1	acyltransferase activity|0016746||IEA				-	acetyl-coa acetyltransferase	-	-	-	-	-	-
LDZ24_RS25990	ATP-dependent acyl-CoA ligase	WP_248324752.1	long-chain fatty acid transmembrane transporter activity|0005324||IEA	fatty acid biosynthetic process|0006633||IEA			-	AMP-binding enzyme	ko:K02182	-	ko00000,ko01000	-	-	AMP-binding,AMP-binding_C
LDZ24_RS25995	LysR family transcriptional regulator	WP_248324781.1					-	Transcriptional regulator	-	-	-	-	-	HTH_1,LysR_substrate
LDZ24_RS26005	acyl-CoA dehydrogenase family protein	WP_248324755.1	oxidoreductase activity, acting on the CH-CH group of donors|0016627||IEA				-	Acyl-CoA dehydrogenase type 2 domain	ko:K20942,ko:K22027	-	ko00000,ko00001,ko01000	-	-	Acyl-CoA_dh_2,Acyl-CoA_dh_N
LDZ24_RS26020	carboxylesterase/lipase family protein	WP_248324783.1					-	Belongs to the type-B carboxylesterase lipase family	ko:K03929	-	ko00000,ko01000	-	CE10	COesterase
LDZ24_RS26035	SDR family NAD(P)-dependent oxidoreductase	WP_248324252.1	NAD+ binding|0070403||IEA				-	Short-chain dehydrogenase reductase SDR	-	-	-	-	-	adh_short_C2
LDZ24_RS26040	LysR family transcriptional regulator	WP_248324253.1	DNA-binding transcription factor activity|0003700||IEA	regulation of DNA-templated transcription|0006355||IEA			-	LysR substrate binding domain	-	-	-	-	-	HTH_1,LysR_substrate
LDZ24_RS26045	M81 family metallopeptidase	WP_248324254.1					-	Involved in peptidolytic degradation of cyclic heptapeptide hepatotoxin microcystin (MC)	-	-	-	-	-	DUF1485,MlrC_C,YjgF_endoribonc
LDZ24_RS26060	alkaline phosphatase family protein	WP_248324785.1					-	Type I phosphodiesterase / nucleotide pyrophosphatase	-	-	-	-	-	Phosphodiest
LDZ24_RS26065	hypothetical protein	WP_248324256.1					-	-	-	-	-	-	-	-
LDZ24_RS26070	tyrosinase family protein	WP_248324257.1	metal ion binding|0046872||IEA				-	Common central domain of tyrosinase	-	-	-	-	-	PPO1_DWL,PPO1_KFDV,Tyrosinase
LDZ24_RS26075	BON domain-containing protein	WP_248324258.1					-	BON domain	-	-	-	-	-	BON
LDZ24_RS26080	helix-turn-helix domain-containing protein	WP_248324259.1	DNA binding|0003677||IEA				-	transcriptional regulator	-	-	-	-	-	TetR_N
LDZ24_RS26085	acyl-CoA dehydrogenase	WP_248324260.1	flavin adenine dinucleotide binding|0050660||IEA	fatty acid metabolic process|0006631||IEA			-	Acyl-CoA dehydrogenase N terminal	ko:K20035	-	ko00000,ko00001,ko01000	-	-	Acyl-CoA_dh_1,Acyl-CoA_dh_C,Acyl-CoA_dh_M,Acyl-CoA_dh_N,AcylCoA_DH_N
LDZ24_RS26095	formylglycine-generating enzyme family protein	WP_248324262.1	metal ion binding|0046872||IEA				-	Sulfatase-modifying factor enzyme 1	-	-	-	-	-	FGE-sulfatase
LDZ24_RS26100	hypothetical protein	WP_284506630.1					-	Catalyzes the activation of phenylacetic acid (PA) to phenylacetyl-CoA (PA-CoA)	-	-	-	-	-	-
LDZ24_RS26105	acyl-CoA reductase	WP_248324263.1	acyl-CoA dehydrogenase activity|0003995||IEA	bioluminescence|0008218||IEA			-	LuxC is the fatty acid reductase enzyme responsible for synthesis of the aldehyde substrate for the luminescent reaction catalyzed by luciferase	ko:K03400	-	ko00000,ko00001,ko01000	-	-	LuxC
LDZ24_RS26120	alpha/beta fold hydrolase	WP_248324266.1					-	PFAM alpha beta hydrolase fold	ko:K00433	-	ko00000,ko01000	-	-	Abhydrolase_1,Hydrolase_4
LDZ24_RS26125	MOSC domain-containing protein	WP_248324267.1	molybdopterin cofactor binding|0043546||IEA				-	MOSC domain	-	-	-	-	-	MOSC
LDZ24_RS26130	hypothetical protein	WP_248324268.1					-	-	-	-	-	-	-	-
LDZ24_RS26135	MFS transporter	WP_248324269.1	transmembrane transporter activity|0022857||IEA	transmembrane transport|0055085||IEA			-	Major facilitator superfamily	-	-	-	-	-	MFS_1
LDZ24_RS26140	wax ester/triacylglycerol synthase family O-acyltransferase	WP_248324270.1	O-acyltransferase activity|0008374||IEA				-	Wax ester synthase-like Acyl-CoA acyltransferase domain	-	-	-	-	-	WES_acyltransf
LDZ24_RS26145	phasin family protein	WP_248324271.1					-	Phasin protein	-	-	-	-	-	Phasin_2
LDZ24_RS26150	triacylglycerol lipase	WP_248324272.1					-	Alpha beta hydrolase	-	-	-	-	-	Abhydrolase_1,Abhydrolase_6,PGAP1
LDZ24_RS26160	class II glutamine amidotransferase	WP_248324274.1	transferase activity|0016740||IEA	glutamine metabolic process|0006541||IEA			-	glutamine amidotransferase	-	-	-	-	-	GATase_4
LDZ24_RS26170	acyl-CoA dehydrogenase	WP_248324276.1	flavin adenine dinucleotide binding|0050660||IEA	fatty acid metabolic process|0006631||IEA			-	acyl-CoA dehydrogenase	ko:K20035	-	ko00000,ko00001,ko01000	-	-	Acyl-CoA_dh_1,Acyl-CoA_dh_C,Acyl-CoA_dh_M,Acyl-CoA_dh_N,AcylCoA_DH_N
LDZ24_RS26175	BON domain-containing protein	WP_248324277.1					-	BON domain	-	-	-	-	-	BON
LDZ24_RS26180	porin	WP_248324278.1	porin activity|0015288||IEA		cell outer membrane|0009279||IEA		-	Outer membrane porin	-	-	-	-	-	Porin_4
LDZ24_RS26185	3-(methylthio)propionyl-CoA ligase	WP_248324279.1	ligase activity|0016874||IEA				-	Activates fatty acids by binding to coenzyme A	ko:K20034	-	ko00000,ko00001,ko01000	-	-	AMP-binding,AMP-binding_C
LDZ24_RS26190	alpha/beta hydrolase	WP_248324280.1					-	Alpha beta hydrolase	ko:K07002	-	ko00000	-	-	Ser_hydrolase
LDZ24_RS26205	MFS transporter	WP_248324283.1					-	Multidrug DMT transporter permease	-	-	-	-	-	MFS_1
LDZ24_RS26210	AraC family transcriptional regulator	WP_248324284.1	DNA-binding transcription factor activity|0003700||IEA				-	Arabinose-binding domain of AraC transcription regulator, N-term	-	-	-	-	-	Arabinose_bd,HTH_18
LDZ24_RS26215	3-keto-5-aminohexanoate cleavage protein	WP_248324285.1					-	beta-keto acid cleavage enzyme	-	-	-	-	-	BKACE
LDZ24_RS26220	AI-2E family transporter	WP_248324286.1					-	AI-2E family transporter	-	-	-	-	-	AI-2E_transport
LDZ24_RS26225	YSC84-related protein	WP_248324788.1					-	Las17-binding protein actin regulator	-	-	-	-	-	Ysc84
LDZ24_RS26240	SulP family inorganic anion transporter	WP_248324288.1	inorganic anion transmembrane transporter activity|0015103||IEA		membrane|0016020||IEA		-	Sulfate transporter antisigma-factor antagonist STAS	-	-	-	-	-	STAS,Sulfate_transp
LDZ24_RS26245	polyphosphate kinase 2	WP_248324289.1	polyphosphate kinase activity|0008976||IEA	phosphorus metabolic process|0006793||IEA		ppk2	-	Polyphosphate kinase 2 (PPK2)	ko:K22468	-	ko00000,ko00001,ko01000,ko03019	-	-	PPK2
LDZ24_RS26250	RNA-binding protein	WP_248324290.1	RNA binding|0003723||IEA				-	-	-	-	-	-	-	-
LDZ24_RS26255	DUF2964 family protein	WP_248324291.1					-	Protein of unknown function (DUF2964)	-	-	-	-	-	DUF2964
LDZ24_RS26260	hypothetical protein	WP_248324790.1					-	-	-	-	-	-	-	-
LDZ24_RS26265	RT0821/Lpp0805 family surface protein	WP_371747497.1					-	17 kDa outer membrane surface antigen	-	-	-	-	-	17kDa_Anti_2
LDZ24_RS26270	hypothetical protein	WP_248324292.1					-	Part of the outer membrane protein assembly complex, which is involved in assembly and insertion of beta-barrel proteins into the outer membrane	-	-	-	-	-	SmpA_OmlA
LDZ24_RS26275	hypothetical protein	WP_248324293.1					-	-	-	-	-	-	-	DUF1344
LDZ24_RS26280	glycine zipper family protein	WP_248324294.1					-	YMGG-like Gly-zipper	-	-	-	-	-	Gly-zipper_YMGG
LDZ24_RS26285	DUF2950 domain-containing protein	WP_248324295.1					-	Protein of unknown function (DUF2950)	-	-	-	-	-	DUF2950
LDZ24_RS26290	DUF3300 domain-containing protein	WP_248324296.1					-	Protein of unknown function (DUF3300)	-	-	-	-	-	DUF3300
LDZ24_RS26295	hypothetical protein	WP_248324297.1					-	membrane	-	-	-	-	-	VIT1
LDZ24_RS26325	SLC13 family permease	WP_248324302.1		transmembrane transport|0055085||IEA	membrane|0016020||IEA		-	Citrate transporter	-	-	-	-	-	CitMHS
LDZ24_RS26330	response regulator	WP_248324303.1					-	cheY-homologous receiver domain	-	-	-	-	-	Response_reg
LDZ24_RS26335	histidine kinase famiy protein	WP_248324304.1					-	Motif C-terminal to PAS motifs (likely to contribute to PAS structural domain)	-	-	-	-	-	HATPase_c,HisKA,PAS_3,PAS_4,PAS_9,Response_reg
LDZ24_RS26340	MFS transporter	WP_248324305.1	transmembrane transporter activity|0022857||IEA	transmembrane transport|0055085||IEA	membrane|0016020||IEA		-	Sugar-tranasporters, 12 TM	-	-	-	-	-	MFS_1
LDZ24_RS26345	PadR family transcriptional regulator	WP_248324306.1	DNA binding|0003677||IEA				-	Transcriptional regulator	-	-	-	-	-	PadR
LDZ24_RS26355	LysR family transcriptional regulator	WP_248324308.1	DNA-binding transcription activator activity|0001216||IEA				-	Transcriptional regulator	ko:K16516	-	ko00000,ko03000	-	-	HTH_1,LysR_substrate
LDZ24_RS26360	alpha/beta fold hydrolase	WP_248324794.1					-	Alpha beta hydrolase	-	-	-	-	-	Abhydrolase_1
LDZ24_RS26365	hypothetical protein	WP_248324309.1					-	-	-	-	-	-	-	-
LDZ24_RS26415	LLM class flavin-dependent oxidoreductase	WP_248324316.1	oxidoreductase activity|0016491||IEA				-	Nitrilotriacetate monooxygenase	-	-	-	-	-	Bac_luciferase
LDZ24_RS26420	acyl-CoA dehydrogenase family protein	WP_248324317.1					-	acyl-CoA dehydrogenase	-	-	-	-	-	Acyl-CoA_dh_2,Acyl-CoA_dh_M,Acyl-CoA_dh_N
LDZ24_RS26445	glycosyltransferase	WP_248324322.1	hexosyltransferase activity|0016758||IEA				-	Monogalactosyldiacylglycerol synthase	ko:K03429,ko:K03715	-	ko00000,ko00001,ko01000,ko01003	-	GT28	Glyco_tran_28_C,MGDG_synth
LDZ24_RS26450	hypothetical protein	WP_248324323.1					-	-	-	-	-	-	-	-
LDZ24_RS26455	dual specificity protein phosphatase family protein	WP_248324324.1					-	Tyrosine phosphatase family	-	-	-	-	-	DSPc,Y_phosphatase2,Y_phosphatase3
LDZ24_RS26460	YdcF family protein	WP_248324325.1					-	DUF218 domain	-	-	-	-	-	DUF218
LDZ24_RS26465	propionate catabolism operon regulatory protein PrpR	WP_248324326.1	sequence-specific DNA binding|0043565||IEA	propionate catabolic process, 2-methylcitrate cycle|0019629||IEA	cytoplasm|0005737||IEA	prpR	-	propionate catabolism operon regulatory protein	ko:K02688	-	ko00000,ko03000	-	-	HTH_8,PAS,PAS_4,PAS_8,PrpR_N,Sigma54_activat
LDZ24_RS26485	2-methylaconitate cis-trans isomerase PrpF	WP_248324330.1	isomerase activity|0016853||IEA	propionate catabolic process, 2-methylcitrate cycle|0019629||IEA		prpF	-	AcnD-accessory protein PrpF	ko:K09788	-	ko00000,ko00001,ko01000	-	-	PrpF
LDZ24_RS26495	LysR family transcriptional regulator	WP_248324332.1	DNA-binding transcription factor activity|0003700||IEA				-	LysR substrate binding domain	-	-	-	-	-	HTH_1,LysR_substrate
LDZ24_RS26505	amidohydrolase family protein	WP_248324334.1	hydrolase activity|0016787||IEA				-	PFAM amidohydrolase	-	-	-	-	-	Amidohydro_1
LDZ24_RS26510	hypothetical protein	WP_248324335.1					-	-	-	-	-	-	-	-
LDZ24_RS26515	FadR/GntR family transcriptional regulator	WP_248324336.1	DNA-binding transcription factor activity|0003700||IEA				-	Regulatory protein GntR HTH	ko:K05799	-	ko00000,ko03000	-	-	FCD,GntR
LDZ24_RS26520	hypothetical protein	WP_248324337.1					-	-	-	-	-	-	-	-
LDZ24_RS28230	hypothetical protein	WP_371747499.1					-	-	-	-	-	-	-	-
LDZ24_RS26530	acyl carrier protein	WP_206470911.1					-	Acyl carrier protein	-	-	-	-	-	PP-binding
LDZ24_RS26540	amino acid--[acyl-carrier-protein] ligase	WP_248324339.1					-	seryl-tRNA synthetase	-	-	-	-	-	-
LDZ24_RS26545	DUF1839 family protein	WP_248324340.1					-	Domain of unknown function (DUF1839)	-	-	-	-	-	DUF1839
LDZ24_RS26550	glycoside hydrolase family 2 protein	WP_248324341.1					-	beta-mannosidase	ko:K01192	-	ko00000,ko00001,ko01000	-	-	Glyco_hydro_2,Glyco_hydro_2_C
LDZ24_RS26565	DUF2278 family protein	WP_248324344.1					-	Uncharacterized conserved protein (DUF2278)	-	-	-	-	-	DUF2278
LDZ24_RS26585	efflux RND transporter periplasmic adaptor subunit	WP_248324798.1	identical protein binding|0042802||IEA	transmembrane transport|0055085||IEA	membrane|0016020||IEA		-	Belongs to the membrane fusion protein (MFP) (TC 8.A.1) family	-	-	-	-	-	HlyD_D23
LDZ24_RS26590	hypothetical protein	WP_248324348.1					-	-	-	-	-	-	-	-
LDZ24_RS26595	diguanylate cyclase	WP_248324349.1	cyclase activity|0009975||IEA	regulation of signal transduction|0009966||IEA			-	Diguanylate cyclase	-	-	-	-	-	GGDEF,dCache_1
LDZ24_RS26600	LysE family translocator	WP_248324350.1					-	PFAM Lysine exporter protein (LYSE YGGA)	-	-	-	-	-	LysE
LDZ24_RS26605	aromatic acid exporter family protein	WP_248324351.1					-	Aromatic acid exporter family member 1	-	-	-	-	-	FUSC_2
LDZ24_RS26610	DSD1 family PLP-dependent enzyme	WP_248324352.1					-	Alanine racemase	ko:K19967	-	ko00000,ko01000	-	-	Ala_racemase_N,D-ser_dehydrat
LDZ24_RS26615	CaiB/BaiF CoA-transferase family protein	WP_248324353.1					-	L-carnitine dehydratase bile acid-inducible protein F	ko:K07749	-	ko00000,ko01000	-	-	CoA_transf_3
LDZ24_RS26620	enoyl-CoA hydratase/isomerase family protein	WP_248324800.1					-	Enoyl-CoA hydratase/isomerase	-	-	-	-	-	ECH_1
LDZ24_RS26625	MFS transporter	WP_248324354.1	transmembrane transporter activity|0022857||IEA	transmembrane transport|0055085||IEA			-	Major facilitator superfamily	-	-	-	-	-	MFS_1,Sugar_tr
LDZ24_RS26630	FAD-binding and (Fe-S)-binding domain-containing protein	WP_248324355.1	iron-sulfur cluster binding|0051536||IEA				-	FAD linked oxidase domain protein	-	-	-	-	-	CCG,FAD-oxidase_C,FAD_binding_4,Fer4_8
LDZ24_RS26635	2-keto-4-pentenoate hydratase	WP_248324356.1					-	hydratase	ko:K02554	M00545,M00569	br01602,ko00000,ko00001,ko00002,ko01000	-	-	FAA_hydrolase
LDZ24_RS26645	GntR family transcriptional regulator	WP_248324358.1	DNA-binding transcription factor activity|0003700||IEA				-	FCD	-	-	-	-	-	FCD,GntR
LDZ24_RS26655	hypothetical protein	WP_248324360.1					-	-	-	-	-	-	-	-
LDZ24_RS26660	hypothetical protein	WP_248324361.1					-	-	-	-	-	-	-	-
LDZ24_RS26665	TAXI family TRAP transporter solute-binding subunit	WP_248324362.1					-	ABC transporter substrate-binding protein	-	-	-	-	-	NMT1_3
LDZ24_RS26680	SMP-30/gluconolactonase/LRE family protein	WP_248324364.1	metal ion binding|0046872||IEA				-	PFAM SMP-30 Gluconolaconase	ko:K14274	-	ko00000,ko00001,ko01000	-	-	SGL
LDZ24_RS26685	NAD(P)-dependent oxidoreductase	WP_248324365.1	oxidoreductase activity|0016491||IEA				-	PFAM NAD-dependent epimerase dehydratase	ko:K18981	-	ko00000,ko00001,ko01000	-	-	Epimerase
LDZ24_RS26690	LacI family DNA-binding transcriptional regulator	WP_248324366.1	DNA-binding transcription factor activity|0003700||IEA	regulation of DNA-templated transcription|0006355||IEA			-	periplasmic binding protein LacI transcriptional regulator	ko:K02529	-	ko00000,ko03000	-	-	LacI,Peripla_BP_3
LDZ24_RS26700	methyl-accepting chemotaxis protein	WP_248324368.1					-	histidine kinase HAMP region domain protein	ko:K05875	-	ko00000,ko00001,ko02035	-	-	4HB_MCP_1,Cache_3-Cache_2,HAMP,MCPsignal,TarH,sCache_2
LDZ24_RS26705	glycosyltransferase	WP_248324369.1					-	Glycosyltransferase like family 2	-	-	-	-	-	Glycos_transf_2
LDZ24_RS26710	hypothetical protein	WP_248324370.1					-	-	-	-	-	-	-	-
LDZ24_RS26715	response regulator	WP_236572379.1					-	cheY-homologous receiver domain	-	-	-	-	-	Response_reg
LDZ24_RS26720	M48 family metallopeptidase	WP_248324371.1					-	-	-	-	-	-	-	-
LDZ24_RS26725	oxidoreductase	WP_248324372.1	oxidoreductase activity|0016491||IEA				-	Enoyl-(Acyl carrier protein) reductase	-	-	-	-	-	adh_short
LDZ24_RS26735	hypothetical protein	WP_248324373.1					-	-	-	-	-	-	-	-
LDZ24_RS26740	sulfite exporter TauE/SafE family protein	WP_248324374.1					-	membrane transporter protein	ko:K07090	-	ko00000	-	-	TauE
LDZ24_RS26745	LysR substrate-binding domain-containing protein	WP_248324375.1					-	Transcriptional regulator	-	-	-	-	-	HTH_1,LysR_substrate
LDZ24_RS26750	polyphosphate kinase 2	WP_371747515.1	polyphosphate kinase activity|0008976||IEA	phosphorus metabolic process|0006793||IEA		ppk2	-	Polyphosphate kinase 2 (PPK2)	ko:K22468	-	ko00000,ko00001,ko01000,ko03019	-	-	PPK2
LDZ24_RS26755	YdcH family protein	WP_248324377.1					-	Protein of unknown function (DUF465)	ko:K09794	-	ko00000	-	-	DUF465
LDZ24_RS26760	hypothetical protein	WP_248324378.1					-	-	-	-	-	-	-	-
LDZ24_RS26775	amidohydrolase family protein	WP_248324380.1	metal ion binding|0046872||IEA				-	Amidohydrolase	ko:K10220,ko:K14333	-	ko00000,ko00001,ko01000	-	-	Amidohydro_2
LDZ24_RS26780	RraA family protein	WP_248324802.1					-	Aldolase/RraA	-	-	-	-	-	RraA-like
LDZ24_RS26790	alpha/beta fold hydrolase	WP_248324382.1					-	Alpha beta hydrolase	-	-	-	-	-	Abhydrolase_1
LDZ24_RS26800	DUF1330 domain-containing protein	WP_248324384.1					-	Domain of unknown function (DUF1330)	-	-	-	-	-	DUF1330
LDZ24_RS26815	hypothetical protein	WP_248324387.1					-	-	-	-	-	-	-	-
LDZ24_RS26820	PAS domain-containing protein	WP_248324388.1	protein binding|0005515||IEA				-	Histidine kinase	-	-	-	-	-	HATPase_c,HisKA,PAS_3,PAS_4,Response_reg
LDZ24_RS26825	YjzC family protein	WP_248324389.1					-	-	-	-	-	-	-	-
LDZ24_RS26830	hypothetical protein	WP_206470568.1					-	-	-	-	-	-	-	-
LDZ24_RS26840	hypothetical protein	WP_206470570.1					-	-	-	-	-	-	-	-
LDZ24_RS26845	DUF6566 family protein	WP_248324391.1					-	-	-	-	-	-	-	-
LDZ24_RS26855	peroxidase-related enzyme	WP_248324393.1					-	Antioxidant protein with alkyl hydroperoxidase activity. Required for the reduction of the AhpC active site cysteine residues and for the regeneration of the AhpC enzyme activity	ko:K01607	-	ko00000,ko00001,ko01000	-	-	CMD
LDZ24_RS26870	transketolase	WP_248324394.1					-	Transketolase	ko:K00615	M00004,M00007,M00165,M00167	ko00000,ko00001,ko00002,ko01000	-	-	Transketolase_N
LDZ24_RS26875	transketolase family protein	WP_248324395.1					-	Transketolase	ko:K00615	M00004,M00007,M00165,M00167	ko00000,ko00001,ko00002,ko01000	-	-	Transket_pyr,Transketolase_C
LDZ24_RS26880	DUF2894 domain-containing protein	WP_371747501.1					-	Protein of unknown function (DUF2894)	-	-	-	-	-	DUF2894
LDZ24_RS26885	OmpA family protein	WP_175946010.1					-	PFAM OmpA MotB domain protein	-	-	-	-	-	OmpA
LDZ24_RS26890	DUF802 domain-containing protein	WP_248324396.1					-	Domain of unknown function (DUF802)	-	-	-	-	-	DUF802
LDZ24_RS26895	DUF3348 domain-containing protein	WP_248324806.1					-	Protein of unknown function (DUF3348)	-	-	-	-	-	DUF3348
LDZ24_RS26915	Gfo/Idh/MocA family protein	WP_248324397.1	oxidoreductase activity, acting on NAD(P)H|0016651||IEA				-	PFAM oxidoreductase domain protein	ko:K00035,ko:K13873	-	ko00000,ko00001,ko01000	-	-	GFO_IDH_MocA
LDZ24_RS26920	IlvD/Edd family dehydratase	WP_248324398.1	iron-sulfur cluster binding|0051536||IEA				-	Belongs to the IlvD Edd family	ko:K13875	-	ko00000,ko00001,ko01000	-	-	ILVD_EDD
LDZ24_RS26925	LysR substrate-binding domain-containing protein	WP_175945997.1					-	Transcriptional regulator	-	-	-	-	-	HTH_1,LysR_substrate
LDZ24_RS26935	MarR family winged helix-turn-helix transcriptional regulator	WP_248324400.1	DNA-binding transcription factor activity|0003700||IEA	regulation of DNA-templated transcription|0006355||IEA			-	MarR family transcriptional regulator	ko:K06075	-	ko00000,ko03000	-	-	HTH_27,MarR,MarR_2
LDZ24_RS26940	FUSC family protein	WP_248324401.1		transport|0006810||IEA	plasma membrane|0005886||IEA		-	Fusaric acid resistance protein conserved region	-	-	-	-	-	FUSC
LDZ24_RS26945	DUF1656 domain-containing protein	WP_248324402.1			membrane|0016020||IEA		-	Protein of unknown function (DUF1656)	-	-	-	-	-	DUF1656
LDZ24_RS26955	efflux transporter outer membrane subunit	WP_248324404.1	porin activity|0015288||IEA	transport|0006810||IEA	cell outer membrane|0009279||IEA		-	RND efflux system, outer membrane lipoprotein, NodT family	-	-	-	-	-	OEP
LDZ24_RS26960	major royal jelly family protein	WP_248324405.1					-	Major royal jelly protein	-	-	-	-	-	MRJP
LDZ24_RS26970	molybdopterin-dependent oxidoreductase	WP_248324407.1					-	Oxidoreductase molybdopterin binding	-	-	-	-	-	Oxidored_molyb
LDZ24_RS26975	cytochrome b/b6 domain-containing protein	WP_248324408.1					-	cytochrome	-	-	-	-	-	Ni_hydr_CYTB
LDZ24_RS26980	sigma-70 family RNA polymerase sigma factor	WP_248324808.1	sigma factor activity|0016987||IEA	regulation of DNA-templated transcription|0006355||IEA			-	the sigma factor binds with the catalytic core of RNA polymerase to produce the holoenzyme and directs bacterial core RNA polymerase to specific promoter elements to initiate transcription	ko:K03088	-	ko00000,ko03021	-	-	Sigma70_r2,Sigma70_r4_2
LDZ24_RS26985	DUF1109 domain-containing protein	WP_248324409.1					-	Protein of unknown function (DUF1109)	-	-	-	-	-	DUF1109
LDZ24_RS26990	TetR/AcrR family transcriptional regulator	WP_248324410.1	DNA-binding transcription factor activity|0003700||IEA	regulation of DNA-templated transcription|0006355||IEA			-	Bacterial regulatory proteins, tetR family	ko:K16137	-	ko00000,ko03000	-	-	TetR_C_13,TetR_N
LDZ24_RS27000	NmrA family NAD(P)-binding protein	WP_248324411.1					-	NmrA family	-	-	-	-	-	NAD_binding_10,NmrA
LDZ24_RS27015	DUF2322 family protein	WP_248324413.1					-	Uncharacterized protein conserved in bacteria (DUF2322)	-	-	-	-	-	DUF2322
LDZ24_RS27020	porin	WP_248324414.1	porin activity|0015288||IEA		cell outer membrane|0009279||IEA		-	PFAM porin Gram-negative type	-	-	-	-	-	Porin_4
LDZ24_RS27030	hypothetical protein	WP_248324416.1					GO:0003674,GO:0005488,GO:0005515,GO:0005575,GO:0005623,GO:0006807,GO:0007155,GO:0008150,GO:0008152,GO:0009279,GO:0009289,GO:0009987,GO:0016020,GO:0016043,GO:0019538,GO:0019867,GO:0022610,GO:0030312,GO:0030313,GO:0031975,GO:0042710,GO:0042802,GO:0042995,GO:0043170,GO:0044010,GO:0044238,GO:0044462,GO:0044464,GO:0044764,GO:0051704,GO:0071704,GO:0071840,GO:0071944,GO:0097435,GO:1901564,GO:1990000	PFAM Curlin associated repeat	ko:K04335	-	ko00000,ko00001,ko02044	-	-	Curlin_rpt
LDZ24_RS27045	CsgE family curli-type amyloid fiber assembly protein	WP_248324419.1					-	Curli assembly protein CsgE	ko:K04337	-	ko00000,ko02044	-	-	CsgE
LDZ24_RS27050	alpha/beta fold hydrolase	WP_248324420.1					-	Alpha beta hydrolase	-	-	-	-	-	Abhydrolase_1
LDZ24_RS27055	LysR family transcriptional regulator	WP_248324421.1	DNA-binding transcription activator activity|0001216||IEA				-	Transcriptional regulator	-	-	-	-	-	HTH_1,LysR_substrate
LDZ24_RS27060	bifunctional diguanylate cyclase/phosphodiesterase	WP_248324422.1					-	Diguanylate cyclase	-	-	-	-	-	EAL,GGDEF,PAS_3,PAS_4
LDZ24_RS27065	PAS domain-containing sensor histidine kinase	WP_248324423.1					-	Histidine kinase	-	-	-	-	-	HATPase_c,HisKA,PAS_3,PAS_4,PAS_9,Response_reg
LDZ24_RS27070	PQQ-binding-like beta-propeller repeat protein	WP_248324424.1					-	amine dehydrogenase activity	-	-	-	-	-	PQQ_2
LDZ24_RS27075	helix-turn-helix domain-containing protein	WP_248324425.1					-	RESPONSE REGULATOR receiver	-	-	-	-	-	-
LDZ24_RS27080	DUF899 domain-containing protein	WP_248324426.1					-	Bacterial protein of unknown function (DUF899)	-	-	-	-	-	DUF899
LDZ24_RS27085	DUF2182 domain-containing protein	WP_248324427.1					-	Predicted metal-binding integral membrane protein (DUF2182)	-	-	-	-	-	DUF2182
LDZ24_RS27095	polysaccharide lyase family 1 protein	WP_248324429.1					-	Pectate lyase	ko:K01728	-	ko00000,ko00001,ko01000	-	-	Pec_lyase_C
LDZ24_RS27100	SDR family oxidoreductase	WP_248324430.1					-	Male sterility protein	-	-	-	-	-	Epimerase
LDZ24_RS27105	tetratricopeptide repeat protein	WP_248324431.1					-	Vi polysaccharide export protein VexE	-	-	-	-	-	-
LDZ24_RS27120	ABC transporter permease	WP_248324432.1	ABC-type transporter activity|0140359||IEA		ATP-binding cassette (ABC) transporter complex|0043190||IEA		-	ABC-type polysaccharide polyol phosphate export systems, permease component	-	-	-	-	-	ABC2_membrane
LDZ24_RS27130	glycosyltransferase	WP_248324434.1	glycosyltransferase activity|0016757||IEA				-	glycosyltransferase group 1 family	-	-	-	-	-	Glyco_trans_1_4,Glyco_transf_4,Glycos_transf_1,Glycos_transf_2
LDZ24_RS27135	tetratricopeptide repeat protein	WP_248324435.1	protein binding|0005515||IEA				-	Tetratricopeptide repeat	-	-	-	-	-	-
LDZ24_RS27140	nucleotide sugar dehydrogenase	WP_248324813.1					-	Belongs to the UDP-glucose GDP-mannose dehydrogenase family	ko:K02474	-	ko00000,ko00001,ko01000,ko01005	-	-	UDPG_MGDP_dh,UDPG_MGDP_dh_C,UDPG_MGDP_dh_N
LDZ24_RS27150	4-carboxy-4-hydroxy-2-oxoadipate aldolase/oxaloacetate decarboxylase	WP_305854735.1	4-hydroxy-4-methyl-2-oxoglutarate aldolase activity|0047443||IEA			ligK	-	PFAM Dimethylmenaquinone methyltransferase	ko:K10218	-	ko00000,ko00001,ko01000	-	-	RraA-like
LDZ24_RS27155	amidohydrolase family protein	WP_248324438.1	metal ion binding|0046872||IEA				-	Amidohydrolase	ko:K10220,ko:K14333	-	ko00000,ko00001,ko01000	-	-	Amidohydro_2
LDZ24_RS27165	gallate dioxygenase	WP_248324440.1	oxidoreductase activity|0016491||IEA	metabolic process|0008152||IEA			-	PFAM Extradiol ring-cleavage dioxygenase class III protein subunit B	ko:K04099,ko:K04101	-	br01602,ko00000,ko00001,ko01000	-	-	LigA,LigB
LDZ24_RS27180	hypothetical protein	WP_206470620.1					-	-	-	-	-	-	-	-
LDZ24_RS27185	bifunctional diguanylate cyclase/phosphodiesterase	WP_248324442.1					-	Diguanylate cyclase phosphodiesterase	-	-	-	-	-	EAL,GGDEF,PAS_4,PAS_9
LDZ24_RS27190	hypothetical protein	WP_248324443.1					-	-	-	-	-	-	-	-
LDZ24_RS27195	hypothetical protein	WP_248324444.1					-	-	-	-	-	-	-	-
LDZ24_RS27205	carboxylesterase	WP_248324445.1					-	Serine aminopeptidase, S33	ko:K03928	-	ko00000,ko01000	-	-	Hydrolase_4
LDZ24_RS27225	heme-binding protein	WP_241270105.1					-	Haem-degrading	-	-	-	-	-	Haem_degrading
LDZ24_RS27230	TetR/AcrR family transcriptional regulator	WP_248324448.1	DNA-binding transcription factor activity|0003700||IEA	regulation of DNA-templated transcription|0006355||IEA			-	Bacterial regulatory proteins, tetR family	-	-	-	-	-	TetR_N
LDZ24_RS27245	efflux transporter outer membrane subunit	WP_248324451.1	porin activity|0015288||IEA	transport|0006810||IEA	cell outer membrane|0009279||IEA		-	RND efflux system, outer membrane lipoprotein	-	-	-	-	-	OEP
LDZ24_RS27260	penicillin-binding protein 1A	WP_371747504.1					-	penicillin-binding protein	ko:K05366	-	ko00000,ko00001,ko01000,ko01003,ko01011	-	GT51	Transgly,Transpeptidase
LDZ24_RS27290	nitronate monooxygenase family protein	WP_248324459.1	monooxygenase activity|0004497||IEA				GO:0003674,GO:0003824,GO:0008150,GO:0008152,GO:0016491,GO:0055114	2-Nitropropane dioxygenase	ko:K00459	-	ko00000,ko00001,ko01000	-	-	NMO
LDZ24_RS27300	LysR family transcriptional regulator	WP_175946215.1	DNA-binding transcription activator activity|0001216||IEA				-	Transcriptional regulator	-	-	-	-	-	HTH_1,LysR_substrate
LDZ24_RS27315	hypothetical protein	WP_248324463.1					-	-	-	-	-	-	-	-
LDZ24_RS27320	alpha/beta fold hydrolase	WP_248324464.1					-	Alpha beta hydrolase	-	-	-	-	-	Abhydrolase_1,Abhydrolase_6
LDZ24_RS27325	LysR substrate-binding domain-containing protein	WP_248324817.1					-	Transcriptional regulator, LysR family	-	-	-	-	-	HTH_1,LysR_substrate
LDZ24_RS27330	phytoene/squalene synthase family protein	WP_248324465.1	metal ion binding|0046872||IEA	isoprenoid biosynthetic process|0008299||IEA			-	Squalene phytoene synthase	ko:K00801	-	ko00000,ko00001,ko01000,ko01006	-	-	SQS_PSY
LDZ24_RS27335	septal ring lytic transglycosylase RlpA family protein	WP_248324466.1					-	Lytic transglycosylase with a strong preference for naked glycan strands that lack stem peptides	ko:K03642	-	ko00000	-	-	DPBB_1
LDZ24_RS27340	DUF899 family protein	WP_248324467.1					-	Bacterial protein of unknown function (DUF899)	-	-	-	-	-	DUF899
LDZ24_RS27350	response regulator	WP_248324469.1		phosphorelay signal transduction system|0000160||IEA			-	Response regulator receiver domain	-	-	-	-	-	Response_reg
LDZ24_RS27365	LacI family DNA-binding transcriptional regulator	WP_248324472.1	sequence-specific DNA binding|0043565||IEA	negative regulation of DNA-templated transcription|0045892||IEA			-	periplasmic binding protein LacI transcriptional regulator	ko:K06145	-	ko00000,ko03000	-	-	LacI,Peripla_BP_3
LDZ24_RS27375	ribonuclease activity regulator RraA	WP_248324473.1					-	PFAM Dimethylmenaquinone methyltransferase	-	-	-	-	-	RraA-like
LDZ24_RS27390	hypothetical protein	WP_206470655.1					-	-	-	-	-	-	-	-
LDZ24_RS27395	hypothetical protein	WP_248324476.1					-	galactosyl transferase GMA12/MNN10 family	-	-	-	-	-	Glyco_transf_34
LDZ24_RS27400	DUF2000 domain-containing protein	WP_248324477.1					-	Protein of unknown function (DUF2000)	-	-	-	-	-	DUF2000
LDZ24_RS27405	AraC family transcriptional regulator	WP_248324478.1					-	AraC-like ligand binding domain	-	-	-	-	-	AraC_binding,HTH_18
LDZ24_RS27415	hypothetical protein	WP_248324479.1					-	-	-	-	-	-	-	-
LDZ24_RS27420	hypothetical protein	WP_248324480.1					-	-	-	-	-	-	-	-
LDZ24_RS27425	hypothetical protein	WP_248324481.1					-	-	-	-	-	-	-	-
LDZ24_RS27430	DUF3079 domain-containing protein	WP_248324482.1					-	Protein of unknown function (DUF3079)	-	-	-	-	-	DUF3079
LDZ24_RS27435	nitronate monooxygenase family protein	WP_248324483.1	monooxygenase activity|0004497||IEA				-	2-Nitropropane dioxygenase	ko:K00459	-	ko00000,ko00001,ko01000	-	-	NMO
LDZ24_RS27440	LuxR C-terminal-related transcriptional regulator	WP_248324484.1		regulation of DNA-templated transcription|0006355||IEA			-	regulator	ko:K07684	M00471	ko00000,ko00001,ko00002,ko02022	-	-	GerE,Response_reg
LDZ24_RS27445	hypothetical protein	WP_248324485.1					-	-	-	-	-	-	-	-
LDZ24_RS27470	2,4'-dihydroxyacetophenone dioxygenase family protein	WP_175945816.1					-	PFAM Cupin 2 conserved barrel domain protein	ko:K05913	-	ko00000,ko00001,ko01000	-	-	Cupin_7
LDZ24_RS27485	IclR family transcriptional regulator	WP_248324491.1	DNA-binding transcription factor activity|0003700||IEA	regulation of DNA-templated transcription|0006355||IEA			-	Transcriptional regulator	ko:K19333	-	ko00000,ko03000	-	-	HTH_IclR,IclR
LDZ24_RS27490	AarF/UbiB family protein	WP_248324492.1					-	Is probably a protein kinase regulator of UbiI activity which is involved in aerobic coenzyme Q (ubiquinone) biosynthesis	-	-	-	-	-	ABC1
LDZ24_RS27495	serine hydrolase	WP_248324493.1	hydrolase activity|0016787||IEA				-	Beta-lactamase	-	-	-	-	-	Beta-lactamase
LDZ24_RS27505	hypothetical protein	WP_248324495.1					-	-	-	-	-	-	-	-
LDZ24_RS27515	response regulator	WP_248324497.1					-	Response regulator, receiver	-	-	-	-	-	GAF,HATPase_c,HisKA,PAS_4,PAS_9,Response_reg
LDZ24_RS27520	hypothetical protein	WP_206470678.1					-	-	-	-	-	-	-	-
LDZ24_RS27525	efflux transporter outer membrane subunit	WP_248324498.1	porin activity|0015288||IEA	transport|0006810||IEA	cell outer membrane|0009279||IEA		-	TIGRFAM RND efflux system, outer membrane lipoprotein, NodT family	-	-	-	-	-	OEP
LDZ24_RS27540	IclR family transcriptional regulator	WP_248324500.1	DNA-binding transcription factor activity|0003700||IEA	regulation of DNA-templated transcription|0006355||IEA			-	Bacterial transcriptional regulator	-	-	-	-	-	HTH_IclR,IclR
LDZ24_RS27545	fumarylacetoacetate hydrolase family protein	WP_248324501.1					-	fumarylacetoacetate (FAA) hydrolase	-	-	-	-	-	FAA_hydrolase
LDZ24_RS27560	ROK family transcriptional regulator	WP_248324504.1					-	PFAM ROK family protein	-	-	-	-	-	HTH_27,MarR_2,ROK
LDZ24_RS27580	hypothetical protein	WP_248324878.1					-	-	-	-	-	-	-	-
LDZ24_RS27585	site-specific integrase	WP_248324880.1					-	Belongs to the 'phage' integrase family	-	-	-	-	-	DUF3701,Phage_integrase
LDZ24_RS27595	ImmA/IrrE family metallo-endopeptidase	WP_248324883.1					-	IrrE N-terminal-like domain	-	-	-	-	-	HTH_3,HTH_31,Peptidase_M78
LDZ24_RS27600	DUF4411 family protein	WP_248324885.1					-	Domain of unknown function (DUF4411)	-	-	-	-	-	DUF4411
LDZ24_RS27605	zinc-ribbon domain-containing protein	WP_248324887.1					-	-	-	-	-	-	-	-
LDZ24_RS27610	ATP-binding protein	WP_248324889.1					-	Putative DNA-binding domain	ko:K03655	-	ko00000,ko00001,ko01000,ko03400	-	-	AlbA_2,HATPase_c_4
LDZ24_RS28235	response regulator	WP_371747518.1					-	cheY-homologous receiver domain	-	-	-	-	-	Response_reg
LDZ24_RS27615	HAMP domain-containing sensor histidine kinase	WP_248324891.1	ATP binding|0005524||IEA	signal transduction|0007165||IEA			-	His Kinase A (phosphoacceptor) domain	-	-	-	-	-	GAF,HATPase_c,HisKA,MEDS
LDZ24_RS27625	IS21-like element helper ATPase IstB	WP_248324924.1	ATP binding|0005524||IEA			istB	-	IstB-like ATP binding protein	-	-	-	-	-	IstB_IS21
LDZ24_RS27635	IS21 family transposase	WP_087129150.1	transposase activity|0004803||IEA			istA	-	Integrase core domain	-	-	-	-	-	HTH_23,IstB_IS21,rve
LDZ24_RS27640	IS21-like element helper ATPase IstB	WP_248324893.1	ATP binding|0005524||IEA			istB	-	ATP-binding protein	-	-	-	-	-	IstB_IS21
LDZ24_RS27655	type II toxin-antitoxin system VapC family toxin	WP_248324898.1					-	Toxic component of a toxin-antitoxin (TA) module. An RNase	ko:K18828	-	ko00000,ko01000,ko02048,ko03016	-	-	PIN
LDZ24_RS27660	type II toxin-antitoxin system VapB family antitoxin	WP_248324899.1				vapB	-	SpoVT AbrB	ko:K18829	-	ko00000,ko02048	-	-	MazE_antitoxin
LDZ24_RS27670	IS3 family transposase	WP_248324902.1	transposase activity|0004803||IEA				-	Integrase core domain	-	-	-	-	-	HTH_21,rve,rve_3
LDZ24_RS27670	IS3 family transposase	WP_248324902.1	transposase activity|0004803||IEA				-	Integrase core domain	-	-	-	-	-	HTH_21,rve,rve_3
LDZ24_RS27675	response regulator	WP_248324904.1		phosphorelay signal transduction system|0000160||IEA			-	Histidine kinase	-	-	-	-	-	HATPase_c,HisKA,PAS_3,Response_reg
LDZ24_RS27680	ATPase domain-containing protein	WP_248324906.1					-	KaiC	ko:K08482	-	ko00000	-	-	ATPase
LDZ24_RS27685	HigA family addiction module antitoxin	WP_248324908.1	DNA binding|0003677||IEA				-	Helix-turn-helix	-	-	-	-	-	HTH_3
LDZ24_RS27690	transglutaminase family protein	WP_248324910.1					-	Transglutaminase/protease-like homologues	-	-	-	-	-	Transglut_core
LDZ24_RS27695	hypothetical protein	WP_014253392.1					-	-	-	-	-	-	-	-
LDZ24_RS27700	hypothetical protein	WP_035970473.1					-	-	-	-	-	-	-	-
LDZ24_RS27705	hypothetical protein	WP_248324912.1					-	-	-	-	-	-	-	-
LDZ24_RS27710	hypothetical protein	WP_248324914.1					-	-	-	-	-	-	-	-
LDZ24_RS27715	trypsin-like peptidase domain-containing protein	WP_248324926.1					-	Trypsin-like peptidase domain	-	-	-	-	-	Trypsin_2
LDZ24_RS27720	hypothetical protein	WP_033537232.1					-	-	-	-	-	-	-	-
LDZ24_RS27755	IS3 family transposase	WP_248324918.1	transposase activity|0004803||IEA				-	similarity to GP 17427840	ko:K07497	-	ko00000	-	-	HTH_21,rve,rve_3
LDZ24_RS27755	IS3 family transposase	WP_248324918.1	transposase activity|0004803||IEA				-	similarity to GP 17427840	ko:K07497	-	ko00000	-	-	HTH_21,rve,rve_3
LDZ24_RS27765	transposase	WP_248324920.1	transposase activity|0004803||IEA	DNA transposition|0006313||IEA			-	Transposase	ko:K07483	-	ko00000	-	-	HTH_Tnp_1
LDZ24_RS27780	DUF2934 domain-containing protein	WP_248324831.1					-	Protein of unknown function (DUF2934)	-	-	-	-	-	DUF2934
LDZ24_RS27790	response regulator	WP_248324834.1					-	cheY-homologous receiver domain	-	-	-	-	-	Response_reg
LDZ24_RS27795	manganese catalase family protein	WP_248324836.1					-	Pfam Manganese containing catalase	ko:K07217	-	ko00000	-	-	Mn_catalase
LDZ24_RS27800	hypothetical protein	WP_248324838.1					-	-	-	-	-	-	-	-
LDZ24_RS27805	YsnF/AvaK domain-containing protein	WP_248324840.1					-	Domain of unknown function (DUF2382)	-	-	-	-	-	DUF2382
LDZ24_RS27810	YsnF/AvaK domain-containing protein	WP_248324842.1					-	Domain of unknown function (DUF2382)	-	-	-	-	-	DUF2382
LDZ24_RS27815	hypothetical protein	WP_248324844.1					-	nuclear chromosome segregation	-	-	-	-	-	-
LDZ24_RS27820	TIGR01841 family phasin	WP_143754727.1				phaP	-	Phasin protein	-	-	-	-	-	Phasin_2
LDZ24_RS27825	PHB depolymerase family esterase	WP_248324846.1					-	Esterase PHB depolymerase	-	-	-	-	-	Esterase_phd
LDZ24_RS27835	hypothetical protein	WP_248324848.1					-	-	-	-	-	-	-	-
LDZ24_RS27840	hypothetical protein	WP_248324850.1					-	-	-	-	-	-	-	-
LDZ24_RS27850	hypothetical protein	WP_087128447.1					-	-	-	-	-	-	-	-
LDZ24_RS27860	type II toxin-antitoxin system HicB family antitoxin	WP_087128633.1					-	HicB_like antitoxin of bacterial toxin-antitoxin system	-	-	-	-	-	HicB_lk_antitox
LDZ24_RS27880	hypothetical protein	WP_248324852.1					-	-	-	-	-	-	-	-
LDZ24_RS27885	transcriptional regulator	WP_248324854.1					-	Transcriptional regulator	-	-	-	-	-	-
LDZ24_RS28245	DUF6516 family protein	WP_371747516.1					-	-	-	-	-	-	-	-
LDZ24_RS27910	hypothetical protein	WP_248324858.1					-	RNA binding	ko:K06959	-	ko00000	-	-	HHH_3,S1,Tex_N,Tex_YqgF
LDZ24_RS27915	ribbon-helix-helix domain-containing protein	WP_248324860.1					-	Ribbon-helix-helix protein, copG family	-	-	-	-	-	RHH_1
LDZ24_RS27925	hypothetical protein	WP_248324864.1					-	conjugal transfer protein TraL	-	-	-	-	-	CbiA
LDZ24_RS27930	hypothetical protein	WP_248324866.1					-	-	-	-	-	-	-	-
LDZ24_RS27935	helix-turn-helix domain-containing protein	WP_248324868.1	DNA binding|0003677||IEA				-	Transcriptional regulator	-	-	-	-	-	HTH_3
LDZ24_RS27940	plasmid replication initiator TrfA	WP_248324870.1				trfA	-	TrfA protein	-	-	-	-	-	DDE_Tnp_ISL3,TrfA
LDZ24_RS27945	AAA family ATPase	WP_248324872.1					-	Cobyrinic acid ac-diamide synthase	ko:K03496	-	ko00000,ko03036,ko04812	-	-	AAA_31
LDZ24_RS27950	ParB/RepB/Spo0J family partition protein	WP_248324874.1	DNA binding|0003677||IEA	chromosome segregation|0007059||IEA			-	ParB-like nuclease domain	-	-	-	-	-	ParBc
LDZ24_RS27960	transposase	WP_248324876.1	metal ion binding|0046872||IEA	DNA integration|0015074||IEA			-	Integrase, catalytic region	-	-	-	-	-	rve
LDZ24_RS28250	hypothetical protein	WP_371747517.1					-	transposase	ko:K07497	-	ko00000	-	-	HTH_21,rve,rve_3
